"Path","Line","Text"
"src\interpreters\adapter.py","13","Confidence/strength/trace_id ride along in `Signal.meta` as provenance only."
"src\interpreters\adapter.py","66","""trace_id"": reading.trace_id,"
"src\interpreters\contract.py","13","including `trace_id` and `observation_time` (both derived from the last bar —"
"src\interpreters\contract.py","22","{Direction, None}, non-empty trace_id, present observation_time."
"src\interpreters\contract.py","93","trace_id: str                 # hierarchical: {NAME}-v{version}-{YYYYMMDD-HHMMSS}"
"src\interpreters\contract.py","148","def _trace_id(self, ts: datetime) -> str:"
"src\interpreters\contract.py","150","# the same trace_id (replay-safe). seq component = the bar's HHMMSS."
"src\interpreters\contract.py","161","trace_id=self._trace_id(ts),"
"src\interpreters\contract.py","173","if not reading.trace_id:"
"src\interpreters\contract.py","174","raise InterpreterError(""empty trace_id"")"
"src\interpreters\point_and_figure.py","11","Identity is **PNF-v1** (name='pnf' + version()='1' ⇒ trace_id 'PNF-v1-…'); a future PNF-v2 is"
"src\interpreters\point_and_figure.py","78","name = ""pnf""                          # trace_id ⇒ 'PNF-v1-…'"
"src\interpreters\reference.py","91","trace_id, observation_time, explain(), meta opacity, adapter, qualification)"
"src\research\opportunity_bands.py","134","def sidecar_header(*, source_path: str, source_run_id: str, source_trace_id: str) -> dict[str, Any]:"
"src\research\opportunity_bands.py","143","""source_trace_id"": source_trace_id,"
"src\runtime\backtest_v2.py","2638","trace_id=_lt_run_scoped_id, bar_idx=-1, bar_ts=None,"
"src\runtime\backtest_v2.py","2645","trace_id=_lt_run_scoped_id, bar_idx=-1, bar_ts=None,"
"src\runtime\backtest_v2.py","2990","_lt_trace_id = None"
"src\runtime\backtest_v2.py","2992","from runtime.layer_trace import make_trace_id as _lt_make_trace_id"
"src\runtime\backtest_v2.py","2994","_lt_trace_id = _lt_make_trace_id("
"src\runtime\backtest_v2.py","3001","trace_id=_lt_trace_id, bar_idx=candle_idx - 1, bar_ts=candle.timestamp,"
"src\runtime\backtest_v2.py","3007","trace_id=_lt_trace_id, bar_idx=candle_idx - 1, bar_ts=candle.timestamp,"
"src\runtime\backtest_v2.py","3036","if _layer_trace is not None and _lt_trace_id is not None:"
"src\runtime\backtest_v2.py","3039","trace_id=_lt_trace_id, bar_idx=candle_idx - 1, bar_ts=candle.timestamp,"
"src\runtime\backtest_v2.py","3300","if _layer_trace is not None and _lt_trace_id is not None:"
"src\runtime\backtest_v2.py","3302","trace_id=_lt_trace_id, bar_idx=candle_idx - 1, bar_ts=candle.timestamp,"
"src\runtime\backtest_v2.py","3309","trace_id=_lt_trace_id, bar_idx=candle_idx - 1, bar_ts=candle.timestamp,"
"src\runtime\backtest_v2.py","3323","if _layer_trace is not None and _lt_trace_id is not None:"
"src\runtime\backtest_v2.py","3325","trace_id=_lt_trace_id, bar_idx=candle_idx - 1, bar_ts=candle.timestamp,"
"src\runtime\crt_baseline_trace.py","331","""trace_identity"": identity,"
"src\runtime\layer_trace.py","7","answer, but no stream carries one `run_id` + `trace_id` across all of them. `bar_structure_snapshot`"
"src\runtime\layer_trace.py","17","run) and a `trace_id` per bar (`f""{run_id}:{instrument}:{bar_ts_isoformat}""`), and writes one flat"
"src\runtime\layer_trace.py","147","def make_trace_id(run_id: str, instrument: str, bar_timestamp) -> str:"
"src\runtime\layer_trace.py","218","trace_id: str,"
"src\runtime\layer_trace.py","241","rec[""trace_id""] = trace_id"
"src\runtime\layer_trace.py","242","rec[""span_id""] = f""{trace_id}:{layer}"""
"src\runtime\layer_trace.py","263","rec[""trace_id""] = f""{self.run_id}:RUN_SCOPED"""
"scripts\analysis\layer_trace\h2b_synthetic_injection.py","129","l8_trace_ids = {r[""trace_id""] for r in rows if r[""layer""] == ""L8""}"
"scripts\analysis\layer_trace\h2b_synthetic_injection.py","161","""l8_trade_opened_count"": len(l8_trace_ids),"
"scripts\analysis\layer_trace\h2_engine_runner_failsoft.py","27","against whether a trade actually opened on the same `trace_id` (L8 presence) — an EXCEPTION row"
"scripts\analysis\layer_trace\h2_engine_runner_failsoft.py","114","trace_ids_with_trade = {r[""trace_id""] for r in rows if r[""layer""] == ""L8""}"
"scripts\analysis\layer_trace\h2_engine_runner_failsoft.py","117","r for r in exception_rows if r[""trace_id""] in trace_ids_with_trade"
"scripts\analysis\layer_trace\h3_crt_htf_decision_grid.py","19","otherwise — same technique as h2_engine_runner_failsoft.py). For every `trace_id` that has an L8"
"scripts\analysis\layer_trace\h3_crt_htf_decision_grid.py","20","(TRADE_OPENED) row, joins back to that SAME trace_id's L3 (CRT state, `output_hash`) and L4 (HTF"
"scripts\analysis\layer_trace\h3_crt_htf_decision_grid.py","119","by_trace_layer[r[""trace_id""]][r[""layer""]] = r"
"scripts\analysis\layer_trace\h3_crt_htf_decision_grid.py","121","decision_trace_ids = [tid for tid, layers in by_trace_layer.items() if ""L8"" in layers]"
"scripts\analysis\layer_trace\h3_crt_htf_decision_grid.py","125","for tid in decision_trace_ids:"
"scripts\analysis\layer_trace\h3_crt_htf_decision_grid.py","136","total_decisions = len(decision_trace_ids)"
"scripts\analysis\xauusd_crt_baseline_trace.py","312","""timestamp"": r[""trace_identity""][""timestamp""],"
"scripts\analysis\xauusd_crt_transition_trace.py","565","""timestamp"": r[""trace_identity""][""timestamp""],"
"scripts\analysis\xauusd_crt_transition_trace.py","570","""window_role"": r[""trace_identity""][""window_role""],"
"scripts\analysis\xauusd_crt_transition_trace.py","643","""target_start_timestamp"": records[0][""trace_identity""][""timestamp""],"
"scripts\analysis\xauusd_crt_transition_trace.py","644","""target_end_timestamp"": records[-1][""trace_identity""][""timestamp""],"
"scripts\analysis\xauusd_crt_transition_trace.py","668","f""**window:** {records[0]['trace_identity']['timestamp']} → {records[-1]['trace_identity']['timestamp']} """
"scripts\analysis\xauusd_crt_transition_trace.py","682","f""| {r['trace_identity']['trace_sequence']} | {r['trace_identity']['window_role']} | """
"scripts\analysis\xauusd_crt_transition_trace.py","683","f""{r['trace_identity']['timestamp']} | {st['state_before']} | {st['state_after']} | """
"scripts\governance\behavioral_constant_authority_trace.py","35","TRACE_ID = ""behavioral_constant_authority_trace"""
"scripts\governance\behavioral_constant_authority_trace.py","38","JSON_PATH = _REPO / ""docs"" / ""governance"" / f""{TRACE_ID}-{TRACE_DATE}.json"""
"scripts\governance\behavioral_constant_authority_trace.py","39","MD_PATH = _REPO / ""docs"" / ""governance"" / f""{TRACE_ID}-{TRACE_DATE}.md"""
"scripts\governance\behavioral_constant_authority_trace.py","520","""trace_id"": ""RT-001"","
"scripts\governance\behavioral_constant_authority_trace.py","536","""trace_id"": ""RT-002"","
"scripts\governance\behavioral_constant_authority_trace.py","548","""trace_id"": ""RT-003"","
"scripts\governance\behavioral_constant_authority_trace.py","560","""trace_id"": ""RT-004"","
"scripts\governance\behavioral_constant_authority_trace.py","572","""trace_id"": ""RT-005"","
"scripts\governance\behavioral_constant_authority_trace.py","584","""trace_id"": ""RT-011"","
"scripts\governance\behavioral_constant_authority_trace.py","601","""trace_id"": ""RT-012"","
"scripts\governance\behavioral_constant_authority_trace.py","613","""trace_id"": ""RT-013"","
"scripts\governance\behavioral_constant_authority_trace.py","625","""trace_id"": ""RT-006"","
"scripts\governance\behavioral_constant_authority_trace.py","637","""trace_id"": ""RT-007"","
"scripts\governance\behavioral_constant_authority_trace.py","649","""trace_id"": ""RT-008"","
"scripts\governance\behavioral_constant_authority_trace.py","661","""trace_id"": ""RT-009"","
"scripts\governance\behavioral_constant_authority_trace.py","673","""trace_id"": ""RT-010"","
"scripts\governance\behavioral_constant_authority_trace.py","691","c[""deep_trace_ids""] = []"
"scripts\governance\behavioral_constant_authority_trace.py","700","c[""deep_trace_ids""].append(t[""trace_id""])"
"scripts\governance\behavioral_constant_authority_trace.py","703","if c[""scope_status""] == ""IN_SCOPE"" and not c[""deep_trace_ids""]:"
"scripts\governance\behavioral_constant_authority_trace.py","760","traces = c.get(""deep_trace_ids"") or []"
"scripts\governance\behavioral_constant_authority_trace.py","872","""deep_trace_ids"": traces,"
"scripts\governance\behavioral_constant_authority_trace.py","1344","""deep_trace_ids"": c.get(""deep_trace_ids""),"
"scripts\governance\behavioral_constant_authority_trace.py","1355","""trace_id"": TRACE_ID,"
"scripts\research\derive_opportunity_rr_bands.py","103","source_trace_id=record.get(""trace_id"", ""UNKNOWN""),"
"scripts\research\derive_opportunity_rr_bands.py","149","""trace_id"": run_header.get(""trace_id""),"
"scripts\research\derive_opportunity_rr_bands.py","169","logger.info(""wrote %d/%d rows to %s (run_id=%s trace_id=%s)"","
"scripts\research\derive_opportunity_rr_bands.py","171","summary[""run_id""], summary[""trace_id""])"
"scripts\research\opportunity_scanner.py","14","{timestamp, instrument, trace_id, direction, entry, sl, tp, outcome, rr_achieved,"
"scripts\research\opportunity_scanner.py","156","trace_id: str = """", analysis_id: str = """") -> Path:"
"scripts\research\opportunity_scanner.py","162","trace_id is required (campaign TR-*, fail-closed). It is not a run_id."
"scripts\research\opportunity_scanner.py","167","_trace_id = (trace_id or """").strip()"
"scripts\research\opportunity_scanner.py","168","if not _trace_id:"
"scripts\research\opportunity_scanner.py","169","raise SystemExit(""trace_id is required (fail-closed; campaign TraceID, not run_id)"")"
"scripts\research\opportunity_scanner.py","198","""trace_id"":    _trace_id,"
"scripts\research\opportunity_scanner.py","232","""trace_id"": _trace_id,"
"scripts\research\opportunity_scanner.py","249","""OpportunityScanner: wrote %s | run_id=%s | trace_id=%s | long=%d short=%d | TP_HIT=%d SL_HIT=%d TIMEOUT=%d"","
"scripts\research\opportunity_scanner.py","250","out_path, _run_id, _trace_id, counts[""long""], counts[""short""],"
"scripts\research\opportunity_scanner.py","295","trace_id=args.trace_id,"
"scripts\research\opportunity_scanner.py","299","print(f""OUTPUT:trace_id:{args.trace_id}"")"
"scripts\research\qualify_interpreter.py","199","proving trace_id/observation_time/schema_version survive interp→reading."""""""
"scripts\research\qualify_interpreter.py","215","f""impl_v={interp.version()} trace={reading.trace_id} """
"scripts\auto_train_from_opportunities.py","46","trace_id: str = """","
"scripts\auto_train_from_opportunities.py","62","""--trace-id"", trace_id,"
"scripts\auto_train_from_opportunities.py","240","trace_id   = (args.trace_id or """").strip()"
"scripts\auto_train_from_opportunities.py","241","if not trace_id:"
"scripts\auto_train_from_opportunities.py","242","raise SystemExit(""trace_id is required (fail-closed; campaign TraceID, not run_id)"")"
"scripts\auto_train_from_opportunities.py","245","_LOG.info(""Pipeline run_id=%s  trace_id=%s  version=%s"", run_id, trace_id, version)"
"scripts\auto_train_from_opportunities.py","260","trace_id=trace_id,"
"scripts\auto_train_from_opportunities.py","293","""trace_id"":      trace_id,"
"scripts\auto_train_from_opportunities.py","383","""trace_id"":               trace_id,"
"docs\analysis\session-log-archive\session-log-2026-06-13_to_2026-06-14.md","11","Decision/Output: New src/interpreters/ package — contract.py (Interpreter Protocol + BaseInterpreter; InterpreterReading{events,confidence,unknowns,failure_conditions,trace_id,observation_time,schema_version}; InterpreterEvent{kind:EventKind,direction:Optional[Direction],confidence,strength,geometry,meta-opaque}; base VALIDATES confidence/strength∈[0,1], enum types, non-empty trace_id, last-bar observation_time), adapter.py (InterpreterHypothesis — identity-blind bridge to frozen research Hypothesis → forward_walk + QualificationGate; NO new oracle), reference.py (Null + ConstantDirection stubs, NOT real interpreters). Metrics Oracle V3 in metrics_oracle.py (independent capture/giveback/time/adverse efficiency + symbol_attribution + largest_winner/loser). Interpreter≠Hypothesis (event producer vs trade emitter). Purity reconciliation: one pure observe()->reading. 45 tests green: conformance/guards, determinism+observation_time-from-last-bar, test_fusion_is_identity_blind, KEY round-trip (ConstantDirectionInterpreter→InterpreterHypothesis→forward_walk→EdgeReport n==1), Oracle V3 parity, doc-citations/topic-docs/current-findings, oracle independence guard. Plan 3 touched NO hot-loop code → determinism structurally unaffected. Docs: topics/interpreter-contract.md, schemas §2.2b, goal.md Level-4 note, metrics-layer Oracle V3."
"docs\analysis\session-log-archive\session-log-2026-06-13_to_2026-06-14.md","19","Decision/Output: Built ONLY MovingAverageCrossInterpreter (src/interpreters/reference.py; reuses indicators.sma/atr; fast/slow SMA cross -> BREAKOUT long/short; pure/deterministic/no-lookahead; bounded conf/strength) + thin driver scripts/research/qualify_interpreter.py (register adapted instance, mirror qualify_majors gate VERBATIM, chain-observability preview) + tests. NO new architecture/abstractions/schemas (scope guard held). register_hypothesis accepts INSTANCES -> InterpreterHypothesis(MA) runs through UNCHANGED HypothesisRunner+forward_walk+QualificationGate. apply_signal_defaults=False to exercise interpreter geometry. REAL BNBUSDT_M15 result: n=2752, PF=0.547, E[R]=-0.4314, VERDICT REJECT (gate2 expectancy<0; loses to random_uniform E=-0.41) — REJECT is SUCCESS (working chain + honest evidence; PROMOTE never expected). Provenance (trace_id/schema/impl_v/observation_time/dir/conf/strength) preserved through every hop. Tests: 24 interpreter green incl. real-data e2e (sha256 determinism), explain()-inert + meta-opaque invariant guards, MA-cross unit; 54 green with doc-enforcement (topic-docs/doc-citations/current-findings)."
"docs\analysis\session-log-archive\session-log-2026-06-13_to_2026-06-14.md","20","Belief Update / ROI / Goal: Goal: prove the measurement chain works on real data before any real interpreter. Belief: the chain is sound end-to-end — an interpreter is now an EXPERIMENT (REJECT on honest evidence) not a belief. Knowledge ROI: high — flushed the full chain on a trivial deterministic producer (no flaw found in trace_id/observation_time/explain/meta/adapter/qualification) so P&F debugging will be cheap; and the architecture stack is now frozen (further design = negative ROI). Action: STOP architecture (owner directive); next = Plan 5 P&F shadow measured identically — never build a real interpreter before measuring Δ vs baseline/controls."
"docs\governance\xauusd_crt_baseline_trace\xauusd_crt_baseline_trace_v1.jsonl","1","{""trace_identity"": {""trace_schema_version"": ""1.0.0"", ""run_id"": ""xauusd-crt-trace-20260731T184653Z-1f028143"", ""trace_sequence"": 0, ""symbol"": ""XAUUSD"", ""timeframe"": ""M15"", ""bar_index"": 79, ""timestamp"": ""2024-05-22 20:30:00"", ""corpus_path"": ""data/mt5/XAUUSD_M15.csv"", ""corpus_sha256"": ""4d73f5cebe33ec91c5312340337eb62c2cf1f49060c91c42761bf631b26aba56"", ""repository_commit"": ""b48d4d9a7abfb429f2a17c790d4b32083da5dd92"", ""dirty_worktree_status"": ""DIRTY"", ""production_config_path"": ""configs/production/v2_multi_2026_04.json"", ""production_config_sha256"": ""9f8cb382b28cbd969e0a774e1381aa1e115326421729ca9810dd6772f311d8b4"", ""config_id"": ""v2_multi_2026_04"", ""prod_version"": ""v2_multi_2026_04"", ""canonical_schema_hash"": ""c87a1aba7bc79803d04c680e0232389e"", ""feature_order_hash"": ""0edda573414f0a64""}, ""raw_bar"": {""timestamp"": ""2024-05-22 20:30:00"", ""open"": 2389.44, ""high"": 2390.07, ""low"": 2386.79, ""close"": 2387.55, ""volume"": 1935.0}, ""canonical_features"": {""feature_count"": 39, ""feature_names_in_canonical_order"": [""open"", ""high"", ""low"", ""close"", ""volume"", ""volume_ratio"", ""double_sweep"", ""ema_fast"", ""ema_slow"", ""ema_spread"", ""trend_bias"", ""trend_strength"", ""momentum_score"", ""atr"", ""volatility_ratio"", ""rsi_14"", ""macd_line"", ""macd_signal"", ""macd_hist_raw"", ""macd_hist_z"", ""sweep_detected"", ""liquidity_sweep"", ""break_of_structure"", ""swing_high"", ""swing_low"", ""higher_high"", ""lower_low"", ""body_size"", ""candle_range"", ""body_ratio"", ""volatility_regime"", ""session"", ""hour_of_day"", ""disp_strength"", ""retest_depth"", ""candles_since_retest"", ""liquidity_distance"", ""liquidity_pressure_score"", ""volume_spike""], ""values_by_name"": {""open"": 2389.43994140625, ""high"": 2390.070068359375, ""low"": 2386.7900390625, ""close"": 2387.550048828125, ""volume"": 1935.0, ""volume_ratio"": 0.6250807642936707, ""double_sweep"": 1.0, ""ema_fast"": 2391.158935546875, ""ema_slow"": 2395.874755859375, ""ema_spread"": -2230.502197265625, ""trend_bias"": -1.0, ""trend_strength"": -1.726539134979248, ""momentum_score"": -931.7762451171875, ""atr"": 0.0021142414771020412, ""volatility_ratio"": 0.6497806310653687, ""rsi_14"": 38.6295166015625, ""macd_line"": -5.449422359466553, ""macd_signal"": -5.617049694061279, ""macd_hist_raw"": 0.16762718558311462, ""macd_hist_z"": 0.6037610173225403, ""sweep_detected"": 0.0, ""liquidity_sweep"": 0.0, ""break_of_structure"": -1.0, ""swing_high"": 0.0, ""swing_low"": 0.0, ""higher_high"": 0.0, ""lower_low"": 1.0, ""body_size"": 1.8899999856948853, ""candle_range"": 3.2799999713897705, ""body_ratio"": 0.5762194991111755, ""volatility_regime"": 2.0, ""session"": 2.0, ""hour_of_day"": 20.0, ""disp_strength"": 0.3744162917137146, ""retest_depth"": 0.714944064617157, ""candles_since_retest"": 1.0, ""liquidity_distance"": 0.3843214809894562, ""liquidity_pressure_score"": 0.8251742124557495, ""volume_spike"": 0.0}, ""values_in_canonical_order"": [2389.43994140625, 2390.070068359375, 2386.7900390625, 2387.550048828125, 1935.0, 0.6250807642936707, 1.0, 2391.158935546875, 2395.874755859375, -2230.502197265625, -1.0, -1.726539134979248, -931.7762451171875, 0.0021142414771020412, 0.6497806310653687, 38.6295166015625, -5.449422359466553, -5.617049694061279, 0.16762718558311462, 0.6037610173225403, 0.0, 0.0, -1.0, 0.0, 0.0, 0.0, 1.0, 1.8899999856948853, 3.2799999713897705, 0.5762194991111755, 2.0, 2.0, 20.0, 0.3744162917137146, 0.714944064617157, 1.0, 0.3843214809894562, 0.8251742124557495, 0.0], ""schema_hash"": ""c87a1aba7bc79803d04c680e0232389e"", ""feature_order_hash"": ""0edda573414f0a64"", ""feature_vector_index"": 0, ""lookup_miss"": false}, ""crt_inputs"": {""inputs"": [{""name"": ""high"", ""runtime_value"": 2390.07, ""source_class"": ""RAW_OHLC"", ""source_name"": ""candle.high"", ""source_location"": ""process_candle:RANGE"", ""formula_id"": null, ""feature_id"": ""high"", ""config_key"": null, ""provenance_status"": ""PROVEN""}, {""name"": ""low"", ""runtime_value"": 2386.79, ""source_class"": ""RAW_OHLC"", ""source_name"": ""candle.low"", ""source_location"": ""process_candle:RANGE"", ""formula_id"": null, ""feature_id"": ""low"", ""config_key"": null, ""provenance_status"": ""PROVEN""}, {""name"": ""close"", ""runtime_value"": 2387.55, ""source_class"": ""RAW_OHLC"", ""source_name"": ""candle.close"", ""source_location"": ""process_candle:RANGE"", ""formula_id"": null, ""feature_id"": ""close"", ""config_key"": null, ""provenance_status"": ""PROVEN""}, {""name"": ""h_ref"", ""runtime_value"": 2395.09, ""source_class"": ""STATE_MEMORY"", ""source_name"": ""active_range.h_ref"", ""source_location"": ""process_candle:RANGE"", ""formula_id"": null, ""feature_id"": null, ""config_key"": null, ""provenance_status"": ""PROVEN""}, {""name"": ""l_ref"", ""runtime_value"": 2389.49, ""source_class"": ""STATE_MEMORY"", ""source_name"": ""active_range.l_ref"", ""source_location"": ""process_candle:RANGE"", ""formula_id"": null, ""feature_id"": null, ""config_key"": null, ""provenance_status"": ""PROVEN""}]}, ""effective_config"": {""config_file_path"": ""configs/production/v2_multi_2026_04.json"", ""prod_version"": ""v2_multi_2026_04"", ""effective_crt_config"": {""body_ratio_min"": 0.65, ""atr_multiplier_min"": 1.0, ""retest_depth_max"": 0.15, ""atr_period"": 14, ""atr_buffer_multiplier"": 3, ""max_sweep_age_candles"": 20, ""expansion_atr_min_distance"": 0.3, ""retest_atr_depth_fraction"": 0.3, ""retest_min_depth_atr_fraction"": 0.1, ""risk_score_weights"": [0.35, 0.25, 0.2, 0.2], ""score_component_weights"": [0.35, 0.25, 0.2, 0.2], ""max_displacement_strength"": 2.0, ""score_decay_lambda"": 0.05, ""score_threshold"": 0.45, ""max_spread_pct"": 0.05, ""atr_min_displacement"": 1.2, ""confirmation_body_min"": 0.6, ""sl_atr_buffer"": 0.2, ""tp1_atr_multiplier"": 1.0, ""tp2_atr_multiplier"": 2.0, ""exit_model"": ""intrabar_touch"", ""breakout_disp_threshold"": 1.5, ""tp1_atr_multiplier_breakout"": 1.5, ""tp1_atr_multiplier_pullback"": 0.8, ""tp1_atr_multiplier_liq_sweep"": 1.2, ""tp1_atr_multiplier_reversal"": 1.0, ""bitnet_main_threshold"": 0.55, ""use_bitnet"": false, ""session_windows"": {""LONDON"": [""07:00:00"", ""10:00:00""], ""NEWYORK"": [""13:00:00"", ""16:00:00""], ""ASIA"": [""00:00:00"", ""03:00:00""]}, ""allowed_sessions"": [""LONDON"", ""NEWYORK"", ""OVERLAP""], ""retrace_reset_pct"": 0.5, ""extension_reset_fib"": 1.618, ""news_blackout_minutes"": 15, ""conf_alpha"": 0.7, ""conf_beta"": 0.3, ""conf_weights"": [0.35, 0.35, 0.15, 0.15], ""conf_floor"": 0.2, ""weak_link_weight"": 0.3, ""ema_fast"": 2, ""ema_slow"": 5, ""tier_1_threshold"": 0.75, ""tier_2_threshold"": 0.3, ""soft_conf_max_candles"": 3, ""pending_displacement_ttl_candles"": 4, ""max_expansion_age_candles"": 495, ""max_expansion_age_hours"": 124, ""expansion_age_warn_candles"": 342, ""shadow_age_penalty_lambda"": 0.0, ""shadow_age_norm_candles"": 0, ""shadow_advisory_only"": false, ""sizing_bands"": [[0.75, 0.01], [0.55, 0.005]]}, ""constructor_mapping"": ""BacktestConfig.from_prod_config → CRTConfig fields"", ""runtime_overrides"": {}, ""environment_overrides"": {""TRUST_INTRABAR_TOUCH"": null, ""BACKTEST_ENGINE_GATE"": ""1""}, ""post_construction_mutations"": [], ""note"": ""CRT process_candle does not consume the 38-dim FeaturePipeline vector for guards."", ""config_file_sha256"": ""9f8cb382b28cbd969e0a774e1381aa1e115326421729ca9810dd6772f311d8b4""}, ""state_transition"": {""state_before"": ""RANGE"", ""state_after"": ""RANGE"", ""state_changed"": false, ""persistent_state_snapshot_before"": {""current_state"": ""RANGE"", ""current_candle_index"": 3, ""atr"": 3.759999999999915, ""direction"": ""NONE"", ""ema_fast_val"": 0.0, ""ema_slow_val"": 0.0, ""evaluating_soft_conf"": false, ""soft_conf_candles"": 0, ""cached_features"": {}, ""sweep_event"": null, ""active_range"": {""h_ref"": 2395.09, ""l_ref"": 2389.49, ""size"": 5.600000000000364, ""session"": ""UNKNOWN"", ""htf_candle_id"": ""XAUUSD-HTF-000019""}, ""displacement_candle_index"": null, ""retest_candle_index"": null, ""_displacement_entry_idx"": 0, ""_expansion_entry_idx"": 0, ""_came_from_shadow"": false, ""pending_displacement_ttl"": 0, ""active_trade"": null, ""transition_log_len"": 0}, ""persistent_state_snapshot_after"": {""current_state"": ""RANGE"", ""current_candle_index"": 4, ""atr"": 4.127499999999941, ""direction"": ""NONE"", ""ema_fast_val"": 2387.55, ""ema_slow_val"": 2387.55, ""evaluating_soft_conf"": false, ""soft_conf_candles"": 0, ""cached_features"": {}, ""sweep_event"": null, ""active_range"": {""h_ref"": 2395.09, ""l_ref"": 2389.49, ""size"": 5.600000000000364, ""session"": ""UNKNOWN"", ""htf_candle_id"": ""XAUUSD-HTF-000019""}, ""displacement_candle_index"": null, ""retest_candle_index"": null, ""_displacement_entry_idx"": 0, ""_expansion_entry_idx"": 0, ""_came_from_shadow"": false, ""pending_displacement_ttl"": 0, ""active_trade"": null, ""transition_log_len"": 0}, ""guards_evaluated"": [{""evaluation_order"": 1, ""guard_id"": ""G_RANGE_SWEEP_DETECT"", ""guard_name"": ""detect_sweep"", ""source_location"": ""crt_engine_v2.CRTEngine.process_candle:RANGE"", ""from_state"": ""RANGE"", ""candidate_to_state"": ""SWEEP"", ""operands"": [{""name"": ""high"", ""runtime_value"": 2390.07, ""source_class"": ""RAW_OHLC"", ""source_name"": ""candle.high"", ""source_location"": ""process_candle:RANGE"", ""feature_id"": ""high"", ""formula_id"": null, ""config_key"": null, ""provenance_status"": ""PROVEN""}, {""name"": ""low"", ""runtime_value"": 2386.79, ""source_class"": ""RAW_OHLC"", ""source_name"": ""candle.low"", ""source_location"": ""process_candle:RANGE"", ""feature_id"": ""low"", ""formula_id"": null, ""config_key"": null, ""provenance_status"": ""PROVEN""}, {""name"": ""close"", ""runtime_value"": 2387.55, ""source_class"": ""RAW_OHLC"", ""source_name"": ""candle.close"", ""source_location"": ""process_candle:RANGE"", ""feature_id"": ""close"", ""formula_id"": null, ""config_key"": null, ""provenance_status"": ""PROVEN""}, {""name"": ""h_ref"", ""runtime_value"": 2395.09, ""source_class"": ""STATE_MEMORY"", ""source_name"": ""active_range.h_ref"", ""source_location"": ""process_candle:RANGE"", ""feature_id"": null, ""formula_id"": null, ""config_key"": null, ""provenance_status"": ""PROVEN""}, {""name"": ""l_ref"", ""runtime_value"": 2389.49, ""source_class"": ""STATE_MEMORY"", ""source_name"": ""active_range.l_ref"", ""source_location"": ""process_candle:RANGE"", ""feature_id"": null, ""formula_id"": null, ""config_key"": null, ""provenance_status"": ""PROVEN""}], ""operator"": ""RangeDetector.detect_sweep(...)"", ""thresholds"": [], ""result"": false, ""short_circuit_status"": ""NO_SWEEP"", ""failure_reason"": ""no_sweep_detected""}], ""selected_transition"": {""transition_selected"": false, ""from_state"": ""RANGE"", ""to_state"": ""RANGE"", ""selection_location"": ""CRTEngine.process_candle"", ""winning_guard_id"": null, ""selection_reason"": ""NONE""}, ""action"": {""candle"": ""2024-05-22T20:30:00"", ""candle_index"": 4, ""state"": ""RANGE"", ""action"": ""NONE"", ""state_after"": ""RANGE""}}, ""outputs"": {""returned_value"": {""candle"": ""2024-05-22T20:30:00"", ""candle_index"": 4, ""state"": ""RANGE"", ""action"": ""NONE"", ""state_after"": ""RANGE""}, ""events_emitted"": [], ""trade_output"": null, ""rejection"": null, ""diversion"": null, ""output_classification"": ""NO_OUTPUT""}, ""integrity"": {""trace_complete"": false, ""raw_bar_complete"": true, ""canonical_feature_complete"": false, ""canonical_feature_count"": 39, ""crt_input_provenance_complete"": true, ""effective_config_complete"": true, ""state_before_captured"": true, ""guards_complete"": true, ""state_after_captured"": true, ""outputs_complete"": true, ""missing_fields"": [""canonical_features""], ""unknown_provenance"": [], ""nonfinite_features"": [], ""exceptions"": [], ""warnings"": [], ""status"": ""PARTIAL"", ""evaluated_guard_count"": 1, ""true_guard_count"": 0}}"
"docs\governance\xauusd_crt_baseline_trace\xauusd_crt_baseline_trace_v1.jsonl","2","{""trace_identity"": {""trace_schema_version"": ""1.0.0"", ""run_id"": ""xauusd-crt-trace-20260731T184653Z-1f028143"", ""trace_sequence"": 1, ""symbol"": ""XAUUSD"", ""timeframe"": ""M15"", ""bar_index"": 80, ""timestamp"": ""2024-05-22 20:45:00"", ""corpus_path"": ""data/mt5/XAUUSD_M15.csv"", ""corpus_sha256"": ""4d73f5cebe33ec91c5312340337eb62c2cf1f49060c91c42761bf631b26aba56"", ""repository_commit"": ""b48d4d9a7abfb429f2a17c790d4b32083da5dd92"", ""dirty_worktree_status"": ""DIRTY"", ""production_config_path"": ""configs/production/v2_multi_2026_04.json"", ""production_config_sha256"": ""9f8cb382b28cbd969e0a774e1381aa1e115326421729ca9810dd6772f311d8b4"", ""config_id"": ""v2_multi_2026_04"", ""prod_version"": ""v2_multi_2026_04"", ""canonical_schema_hash"": ""c87a1aba7bc79803d04c680e0232389e"", ""feature_order_hash"": ""0edda573414f0a64""}, ""raw_bar"": {""timestamp"": ""2024-05-22 20:45:00"", ""open"": 2387.53, ""high"": 2388.98, ""low"": 2387.01, ""close"": 2388.29, ""volume"": 1622.0}, ""canonical_features"": {""feature_count"": 39, ""feature_names_in_canonical_order"": [""open"", ""high"", ""low"", ""close"", ""volume"", ""volume_ratio"", ""double_sweep"", ""ema_fast"", ""ema_slow"", ""ema_spread"", ""trend_bias"", ""trend_strength"", ""momentum_score"", ""atr"", ""volatility_ratio"", ""rsi_14"", ""macd_line"", ""macd_signal"", ""macd_hist_raw"", ""macd_hist_z"", ""sweep_detected"", ""liquidity_sweep"", ""break_of_structure"", ""swing_high"", ""swing_low"", ""higher_high"", ""lower_low"", ""body_size"", ""candle_range"", ""body_ratio"", ""volatility_regime"", ""session"", ""hour_of_day"", ""disp_strength"", ""retest_depth"", ""candles_since_retest"", ""liquidity_distance"", ""liquidity_pressure_score"", ""volume_spike""], ""values_by_name"": {""open"": 2387.530029296875, ""high"": 2388.97998046875, ""low"": 2387.010009765625, ""close"": 2388.2900390625, ""volume"": 1622.0, ""volume_ratio"": 0.5305508375167847, ""double_sweep"": 1.0, ""ema_fast"": 2390.585205078125, ""ema_slow"": 2395.18505859375, ""ema_spread"": -2515.142822265625, ""trend_bias"": -1.0, ""trend_strength"": -1.619718074798584, ""momentum_score"": 404.622802734375, ""atr"": 0.001828863751143217, ""volatility_ratio"": 0.45102208852767944, ""rsi_14"": 54.890220642089844, ""macd_line"": -5.361690044403076, ""macd_signal"": -5.565978050231934, ""macd_hist_raw"": 0.20428763329982758, ""macd_hist_z"": 0.6259052753448486, ""sweep_detected"": 0.0, ""liquidity_sweep"": 0.0, ""break_of_structure"": -1.0, ""swing_high"": 0.0, ""swing_low"": 0.0, ""higher_high"": 0.0, ""lower_low"": 1.0, ""body_size"": 0.7599999904632568, ""candle_range"": 1.9700000286102295, ""body_ratio"": 0.3857868015766144, ""volatility_regime"": 2.0, ""session"": 2.0, ""hour_of_day"": 20.0, ""disp_strength"": 0.1739983707666397, ""retest_depth"": 0.5254762172698975, ""candles_since_retest"": 2.0, ""liquidity_distance"": 0.2747342586517334, ""liquidity_pressure_score"": 0.8716501593589783, ""volume_spike"": 0.0}, ""values_in_canonical_order"": [2387.530029296875, 2388.97998046875, 2387.010009765625, 2388.2900390625, 1622.0, 0.5305508375167847, 1.0, 2390.585205078125, 2395.18505859375, -2515.142822265625, -1.0, -1.619718074798584, 404.622802734375, 0.001828863751143217, 0.45102208852767944, 54.890220642089844, -5.361690044403076, -5.565978050231934, 0.20428763329982758, 0.6259052753448486, 0.0, 0.0, -1.0, 0.0, 0.0, 0.0, 1.0, 0.7599999904632568, 1.9700000286102295, 0.3857868015766144, 2.0, 2.0, 20.0, 0.1739983707666397, 0.5254762172698975, 2.0, 0.2747342586517334, 0.8716501593589783, 0.0], ""schema_hash"": ""c87a1aba7bc79803d04c680e0232389e"", ""feature_order_hash"": ""0edda573414f0a64"", ""feature_vector_index"": 1, ""lookup_miss"": false}, ""crt_inputs"": {""inputs"": [{""name"": ""high"", ""runtime_value"": 2388.98, ""source_class"": ""RAW_OHLC"", ""source_name"": ""candle.high"", ""source_location"": ""process_candle:RANGE"", ""formula_id"": null, ""feature_id"": ""high"", ""config_key"": null, ""provenance_status"": ""PROVEN""}, {""name"": ""low"", ""runtime_value"": 2387.01, ""source_class"": ""RAW_OHLC"", ""source_name"": ""candle.low"", ""source_location"": ""process_candle:RANGE"", ""formula_id"": null, ""feature_id"": ""low"", ""config_key"": null, ""provenance_status"": ""PROVEN""}, {""name"": ""close"", ""runtime_value"": 2388.29, ""source_class"": ""RAW_OHLC"", ""source_name"": ""candle.close"", ""source_location"": ""process_candle:RANGE"", ""formula_id"": null, ""feature_id"": ""close"", ""config_key"": null, ""provenance_status"": ""PROVEN""}, {""name"": ""h_ref"", ""runtime_value"": 2395.09, ""source_class"": ""STATE_MEMORY"", ""source_name"": ""active_range.h_ref"", ""source_location"": ""process_candle:RANGE"", ""formula_id"": null, ""feature_id"": null, ""config_key"": null, ""provenance_status"": ""PROVEN""}, {""name"": ""l_ref"", ""runtime_value"": 2386.79, ""source_class"": ""STATE_MEMORY"", ""source_name"": ""active_range.l_ref"", ""source_location"": ""process_candle:RANGE"", ""formula_id"": null, ""feature_id"": null, ""config_key"": null, ""provenance_status"": ""PROVEN""}]}, ""effective_config"": {""config_file_path"": ""configs/production/v2_multi_2026_04.json"", ""prod_version"": ""v2_multi_2026_04"", ""effective_crt_config"": {""body_ratio_min"": 0.65, ""atr_multiplier_min"": 1.0, ""retest_depth_max"": 0.15, ""atr_period"": 14, ""atr_buffer_multiplier"": 3, ""max_sweep_age_candles"": 20, ""expansion_atr_min_distance"": 0.3, ""retest_atr_depth_fraction"": 0.3, ""retest_min_depth_atr_fraction"": 0.1, ""risk_score_weights"": [0.35, 0.25, 0.2, 0.2], ""score_component_weights"": [0.35, 0.25, 0.2, 0.2], ""max_displacement_strength"": 2.0, ""score_decay_lambda"": 0.05, ""score_threshold"": 0.45, ""max_spread_pct"": 0.05, ""atr_min_displacement"": 1.2, ""confirmation_body_min"": 0.6, ""sl_atr_buffer"": 0.2, ""tp1_atr_multiplier"": 1.0, ""tp2_atr_multiplier"": 2.0, ""exit_model"": ""intrabar_touch"", ""breakout_disp_threshold"": 1.5, ""tp1_atr_multiplier_breakout"": 1.5, ""tp1_atr_multiplier_pullback"": 0.8, ""tp1_atr_multiplier_liq_sweep"": 1.2, ""tp1_atr_multiplier_reversal"": 1.0, ""bitnet_main_threshold"": 0.55, ""use_bitnet"": false, ""session_windows"": {""LONDON"": [""07:00:00"", ""10:00:00""], ""NEWYORK"": [""13:00:00"", ""16:00:00""], ""ASIA"": [""00:00:00"", ""03:00:00""]}, ""allowed_sessions"": [""LONDON"", ""NEWYORK"", ""OVERLAP""], ""retrace_reset_pct"": 0.5, ""extension_reset_fib"": 1.618, ""news_blackout_minutes"": 15, ""conf_alpha"": 0.7, ""conf_beta"": 0.3, ""conf_weights"": [0.35, 0.35, 0.15, 0.15], ""conf_floor"": 0.2, ""weak_link_weight"": 0.3, ""ema_fast"": 2, ""ema_slow"": 5, ""tier_1_threshold"": 0.75, ""tier_2_threshold"": 0.3, ""soft_conf_max_candles"": 3, ""pending_displacement_ttl_candles"": 4, ""max_expansion_age_candles"": 495, ""max_expansion_age_hours"": 124, ""expansion_age_warn_candles"": 342, ""shadow_age_penalty_lambda"": 0.0, ""shadow_age_norm_candles"": 0, ""shadow_advisory_only"": false, ""sizing_bands"": [[0.75, 0.01], [0.55, 0.005]]}, ""constructor_mapping"": ""BacktestConfig.from_prod_config → CRTConfig fields"", ""runtime_overrides"": {}, ""environment_overrides"": {""TRUST_INTRABAR_TOUCH"": null, ""BACKTEST_ENGINE_GATE"": ""1""}, ""post_construction_mutations"": [], ""note"": ""CRT process_candle does not consume the 38-dim FeaturePipeline vector for guards."", ""config_file_sha256"": ""9f8cb382b28cbd969e0a774e1381aa1e115326421729ca9810dd6772f311d8b4""}, ""state_transition"": {""state_before"": ""RANGE"", ""state_after"": ""RANGE"", ""state_changed"": false, ""persistent_state_snapshot_before"": {""current_state"": ""RANGE"", ""current_candle_index"": 4, ""atr"": 4.127499999999941, ""direction"": ""NONE"", ""ema_fast_val"": 2387.55, ""ema_slow_val"": 2387.55, ""evaluating_soft_conf"": false, ""soft_conf_candles"": 0, ""cached_features"": {}, ""sweep_event"": null, ""active_range"": {""h_ref"": 2395.09, ""l_ref"": 2389.49, ""size"": 5.600000000000364, ""session"": ""UNKNOWN"", ""htf_candle_id"": ""XAUUSD-HTF-000019""}, ""displacement_candle_index"": null, ""retest_candle_index"": null, ""_displacement_entry_idx"": 0, ""_expansion_entry_idx"": 0, ""_came_from_shadow"": false, ""pending_displacement_ttl"": 0, ""active_trade"": null, ""transition_log_len"": 0}, ""persistent_state_snapshot_after"": {""current_state"": ""RANGE"", ""current_candle_index"": 5, ""atr"": 3.6959999999999127, ""direction"": ""NONE"", ""ema_fast_val"": 2388.043333333333, ""ema_slow_val"": 2387.796666666667, ""evaluating_soft_conf"": false, ""soft_conf_candles"": 0, ""cached_features"": {}, ""sweep_event"": null, ""active_range"": {""h_ref"": 2395.09, ""l_ref"": 2386.79, ""size"": 8.300000000000182, ""session"": ""UNKNOWN"", ""htf_candle_id"": ""XAUUSD-HTF-000020""}, ""displacement_candle_index"": null, ""retest_candle_index"": null, ""_displacement_entry_idx"": 0, ""_expansion_entry_idx"": 0, ""_came_from_shadow"": false, ""pending_displacement_ttl"": 0, ""active_trade"": null, ""transition_log_len"": 1}, ""guards_evaluated"": [{""evaluation_order"": 1, ""guard_id"": ""G_RANGE_SWEEP_DETECT"", ""guard_name"": ""detect_sweep"", ""source_location"": ""crt_engine_v2.CRTEngine.process_candle:RANGE"", ""from_state"": ""RANGE"", ""candidate_to_state"": ""SWEEP"", ""operands"": [{""name"": ""high"", ""runtime_value"": 2388.98, ""source_class"": ""RAW_OHLC"", ""source_name"": ""candle.high"", ""source_location"": ""process_candle:RANGE"", ""feature_id"": ""high"", ""formula_id"": null, ""config_key"": null, ""provenance_status"": ""PROVEN""}, {""name"": ""low"", ""runtime_value"": 2387.01, ""source_class"": ""RAW_OHLC"", ""source_name"": ""candle.low"", ""source_location"": ""process_candle:RANGE"", ""feature_id"": ""low"", ""formula_id"": null, ""config_key"": null, ""provenance_status"": ""PROVEN""}, {""name"": ""close"", ""runtime_value"": 2388.29, ""source_class"": ""RAW_OHLC"", ""source_name"": ""candle.close"", ""source_location"": ""process_candle:RANGE"", ""feature_id"": ""close"", ""formula_id"": null, ""config_key"": null, ""provenance_status"": ""PROVEN""}, {""name"": ""h_ref"", ""runtime_value"": 2395.09, ""source_class"": ""STATE_MEMORY"", ""source_name"": ""active_range.h_ref"", ""source_location"": ""process_candle:RANGE"", ""feature_id"": null, ""formula_id"": null, ""config_key"": null, ""provenance_status"": ""PROVEN""}, {""name"": ""l_ref"", ""runtime_value"": 2386.79, ""source_class"": ""STATE_MEMORY"", ""source_name"": ""active_range.l_ref"", ""source_location"": ""process_candle:RANGE"", ""feature_id"": null, ""formula_id"": null, ""config_key"": null, ""provenance_status"": ""PROVEN""}], ""operator"": ""RangeDetector.detect_sweep(...)"", ""thresholds"": [], ""result"": false, ""short_circuit_status"": ""NO_SWEEP"", ""failure_reason"": ""no_sweep_detected""}], ""selected_transition"": {""transition_selected"": false, ""from_state"": ""RANGE"", ""to_state"": ""RANGE"", ""selection_location"": ""CRTEngine.process_candle"", ""winning_guard_id"": null, ""selection_reason"": ""RESET""}, ""action"": {""candle"": ""2024-05-22T20:45:00"", ""candle_index"": 5, ""state"": ""RANGE"", ""action"": ""RESET"", ""reason"": ""HTF changed: XAUUSD-HTF-000019 → XAUUSD-HTF-000020"", ""state_after"": ""RANGE""}}, ""outputs"": {""returned_value"": {""candle"": ""2024-05-22T20:45:00"", ""candle_index"": 5, ""state"": ""RANGE"", ""action"": ""RESET"", ""reason"": ""HTF changed: XAUUSD-HTF-000019 → XAUUSD-HTF-000020"", ""state_after"": ""RANGE""}, ""events_emitted"": [{""event"": ""RESET"", ""timestamp"": ""2024-05-22T20:45:00"", ""candle_index"": 5, ""state_from"": ""RANGE"", ""state_to"": ""RANGE"", ""reason"": ""HTF changed: XAUUSD-HTF-000019 → XAUUSD-HTF-000020"", ""direction"": null, ""price"": null}], ""trade_output"": null, ""rejection"": null, ""diversion"": {""candle"": ""2024-05-22T20:45:00"", ""candle_index"": 5, ""state"": ""RANGE"", ""action"": ""RESET"", ""reason"": ""HTF changed: XAUUSD-HTF-000019 → XAUUSD-HTF-000020"", ""state_after"": ""RANGE""}, ""output_classification"": ""DIVERTED""}, ""integrity"": {""trace_complete"": false, ""raw_bar_complete"": true, ""canonical_feature_complete"": false, ""canonical_feature_count"": 39, ""crt_input_provenance_complete"": true, ""effective_config_complete"": true, ""state_before_captured"": true, ""guards_complete"": true, ""state_after_captured"": true, ""outputs_complete"": true, ""missing_fields"": [""canonical_features""], ""unknown_provenance"": [], ""nonfinite_features"": [], ""exceptions"": [], ""warnings"": [], ""status"": ""PARTIAL"", ""evaluated_guard_count"": 1, ""true_guard_count"": 0}}"
"docs\governance\xauusd_crt_baseline_trace\xauusd_crt_baseline_trace_v1.jsonl","3","{""trace_identity"": {""trace_schema_version"": ""1.0.0"", ""run_id"": ""xauusd-crt-trace-20260731T184653Z-1f028143"", ""trace_sequence"": 2, ""symbol"": ""XAUUSD"", ""timeframe"": ""M15"", ""bar_index"": 81, ""timestamp"": ""2024-05-22 21:00:00"", ""corpus_path"": ""data/mt5/XAUUSD_M15.csv"", ""corpus_sha256"": ""4d73f5cebe33ec91c5312340337eb62c2cf1f49060c91c42761bf631b26aba56"", ""repository_commit"": ""b48d4d9a7abfb429f2a17c790d4b32083da5dd92"", ""dirty_worktree_status"": ""DIRTY"", ""production_config_path"": ""configs/production/v2_multi_2026_04.json"", ""production_config_sha256"": ""9f8cb382b28cbd969e0a774e1381aa1e115326421729ca9810dd6772f311d8b4"", ""config_id"": ""v2_multi_2026_04"", ""prod_version"": ""v2_multi_2026_04"", ""canonical_schema_hash"": ""c87a1aba7bc79803d04c680e0232389e"", ""feature_order_hash"": ""0edda573414f0a64""}, ""raw_bar"": {""timestamp"": ""2024-05-22 21:00:00"", ""open"": 2388.27, ""high"": 2390.76, ""low"": 2385.18, ""close"": 2386.13, ""volume"": 3461.0}, ""canonical_features"": {""feature_count"": 39, ""feature_names_in_canonical_order"": [""open"", ""high"", ""low"", ""close"", ""volume"", ""volume_ratio"", ""double_sweep"", ""ema_fast"", ""ema_slow"", ""ema_spread"", ""trend_bias"", ""trend_strength"", ""momentum_score"", ""atr"", ""volatility_ratio"", ""rsi_14"", ""macd_line"", ""macd_signal"", ""macd_hist_raw"", ""macd_hist_z"", ""sweep_detected"", ""liquidity_sweep"", ""break_of_structure"", ""swing_high"", ""swing_low"", ""higher_high"", ""lower_low"", ""body_size"", ""candle_range"", ""body_ratio"", ""volatility_regime"", ""session"", ""hour_of_day"", ""disp_strength"", ""retest_depth"", ""candles_since_retest"", ""liquidity_distance"", ""liquidity_pressure_score"", ""volume_spike""], ""values_by_name"": {""open"": 2388.27001953125, ""high"": 2390.760009765625, ""low"": 2385.179931640625, ""close"": 2386.1298828125, ""volume"": 3461.0, ""volume_ratio"": 1.1314895153045654, ""double_sweep"": 1.0, ""ema_fast"": 2389.694091796875, ""ema_slow"": 2394.362060546875, ""ema_spread"": -2634.966552734375, ""trend_bias"": -1.0, ""trend_strength"": -1.5078219175338745, ""momentum_score"": -1219.27294921875, ""atr"": 0.0017715475987643003, ""volatility_ratio"": 1.3200405836105347, ""rsi_14"": 42.88628387451172, ""macd_line"": -5.404160022735596, ""macd_signal"": -5.533614158630371, ""macd_hist_raw"": 0.12945440411567688, ""macd_hist_z"": 0.5196670293807983, ""sweep_detected"": 0.0, ""liquidity_sweep"": 0.0, ""break_of_structure"": -1.0, ""swing_high"": 0.0, ""swing_low"": 0.0, ""higher_high"": 0.0, ""lower_low"": 1.0, ""body_size"": 2.140000104904175, ""candle_range"": 5.579999923706055, ""body_ratio"": 0.38351255655288696, ""volatility_regime"": 2.0, ""session"": 4.0, ""hour_of_day"": 21.0, ""disp_strength"": 0.506252110004425, ""retest_depth"": 0.843144416809082, ""candles_since_retest"": 3.0, ""liquidity_distance"": 0.7948631048202515, ""liquidity_pressure_score"": 0.6720439791679382, ""volume_spike"": 0.0}, ""values_in_canonical_order"": [2388.27001953125, 2390.760009765625, 2385.179931640625, 2386.1298828125, 3461.0, 1.1314895153045654, 1.0, 2389.694091796875, 2394.362060546875, -2634.966552734375, -1.0, -1.5078219175338745, -1219.27294921875, 0.0017715475987643003, 1.3200405836105347, 42.88628387451172, -5.404160022735596, -5.533614158630371, 0.12945440411567688, 0.5196670293807983, 0.0, 0.0, -1.0, 0.0, 0.0, 0.0, 1.0, 2.140000104904175, 5.579999923706055, 0.38351255655288696, 2.0, 4.0, 21.0, 0.506252110004425, 0.843144416809082, 3.0, 0.7948631048202515, 0.6720439791679382, 0.0], ""schema_hash"": ""c87a1aba7bc79803d04c680e0232389e"", ""feature_order_hash"": ""0edda573414f0a64"", ""feature_vector_index"": 2, ""lookup_miss"": false}, ""crt_inputs"": {""inputs"": [{""name"": ""high"", ""runtime_value"": 2390.76, ""source_class"": ""RAW_OHLC"", ""source_name"": ""candle.high"", ""source_location"": ""process_candle:RANGE"", ""formula_id"": null, ""feature_id"": ""high"", ""config_key"": null, ""provenance_status"": ""PROVEN""}, {""name"": ""low"", ""runtime_value"": 2385.18, ""source_class"": ""RAW_OHLC"", ""source_name"": ""candle.low"", ""source_location"": ""process_candle:RANGE"", ""formula_id"": null, ""feature_id"": ""low"", ""config_key"": null, ""provenance_status"": ""PROVEN""}, {""name"": ""close"", ""runtime_value"": 2386.13, ""source_class"": ""RAW_OHLC"", ""source_name"": ""candle.close"", ""source_location"": ""process_candle:RANGE"", ""formula_id"": null, ""feature_id"": ""close"", ""config_key"": null, ""provenance_status"": ""PROVEN""}, {""name"": ""h_ref"", ""runtime_value"": 2395.09, ""source_class"": ""STATE_MEMORY"", ""source_name"": ""active_range.h_ref"", ""source_location"": ""process_candle:RANGE"", ""formula_id"": null, ""feature_id"": null, ""config_key"": null, ""provenance_status"": ""PROVEN""}, {""name"": ""l_ref"", ""runtime_value"": 2386.79, ""source_class"": ""STATE_MEMORY"", ""source_name"": ""active_range.l_ref"", ""source_location"": ""process_candle:RANGE"", ""formula_id"": null, ""feature_id"": null, ""config_key"": null, ""provenance_status"": ""PROVEN""}]}, ""effective_config"": {""config_file_path"": ""configs/production/v2_multi_2026_04.json"", ""prod_version"": ""v2_multi_2026_04"", ""effective_crt_config"": {""body_ratio_min"": 0.65, ""atr_multiplier_min"": 1.0, ""retest_depth_max"": 0.15, ""atr_period"": 14, ""atr_buffer_multiplier"": 3, ""max_sweep_age_candles"": 20, ""expansion_atr_min_distance"": 0.3, ""retest_atr_depth_fraction"": 0.3, ""retest_min_depth_atr_fraction"": 0.1, ""risk_score_weights"": [0.35, 0.25, 0.2, 0.2], ""score_component_weights"": [0.35, 0.25, 0.2, 0.2], ""max_displacement_strength"": 2.0, ""score_decay_lambda"": 0.05, ""score_threshold"": 0.45, ""max_spread_pct"": 0.05, ""atr_min_displacement"": 1.2, ""confirmation_body_min"": 0.6, ""sl_atr_buffer"": 0.2, ""tp1_atr_multiplier"": 1.0, ""tp2_atr_multiplier"": 2.0, ""exit_model"": ""intrabar_touch"", ""breakout_disp_threshold"": 1.5, ""tp1_atr_multiplier_breakout"": 1.5, ""tp1_atr_multiplier_pullback"": 0.8, ""tp1_atr_multiplier_liq_sweep"": 1.2, ""tp1_atr_multiplier_reversal"": 1.0, ""bitnet_main_threshold"": 0.55, ""use_bitnet"": false, ""session_windows"": {""LONDON"": [""07:00:00"", ""10:00:00""], ""NEWYORK"": [""13:00:00"", ""16:00:00""], ""ASIA"": [""00:00:00"", ""03:00:00""]}, ""allowed_sessions"": [""LONDON"", ""NEWYORK"", ""OVERLAP""], ""retrace_reset_pct"": 0.5, ""extension_reset_fib"": 1.618, ""news_blackout_minutes"": 15, ""conf_alpha"": 0.7, ""conf_beta"": 0.3, ""conf_weights"": [0.35, 0.35, 0.15, 0.15], ""conf_floor"": 0.2, ""weak_link_weight"": 0.3, ""ema_fast"": 2, ""ema_slow"": 5, ""tier_1_threshold"": 0.75, ""tier_2_threshold"": 0.3, ""soft_conf_max_candles"": 3, ""pending_displacement_ttl_candles"": 4, ""max_expansion_age_candles"": 495, ""max_expansion_age_hours"": 124, ""expansion_age_warn_candles"": 342, ""shadow_age_penalty_lambda"": 0.0, ""shadow_age_norm_candles"": 0, ""shadow_advisory_only"": false, ""sizing_bands"": [[0.75, 0.01], [0.55, 0.005]]}, ""constructor_mapping"": ""BacktestConfig.from_prod_config → CRTConfig fields"", ""runtime_overrides"": {}, ""environment_overrides"": {""TRUST_INTRABAR_TOUCH"": null, ""BACKTEST_ENGINE_GATE"": ""1""}, ""post_construction_mutations"": [], ""note"": ""CRT process_candle does not consume the 38-dim FeaturePipeline vector for guards."", ""config_file_sha256"": ""9f8cb382b28cbd969e0a774e1381aa1e115326421729ca9810dd6772f311d8b4""}, ""state_transition"": {""state_before"": ""RANGE"", ""state_after"": ""RANGE"", ""state_changed"": false, ""persistent_state_snapshot_before"": {""current_state"": ""RANGE"", ""current_candle_index"": 5, ""atr"": 3.6959999999999127, ""direction"": ""NONE"", ""ema_fast_val"": 2388.043333333333, ""ema_slow_val"": 2387.796666666667, ""evaluating_soft_conf"": false, ""soft_conf_candles"": 0, ""cached_features"": {}, ""sweep_event"": null, ""active_range"": {""h_ref"": 2395.09, ""l_ref"": 2386.79, ""size"": 8.300000000000182, ""session"": ""UNKNOWN"", ""htf_candle_id"": ""XAUUSD-HTF-000020""}, ""displacement_candle_index"": null, ""retest_candle_index"": null, ""_displacement_entry_idx"": 0, ""_expansion_entry_idx"": 0, ""_came_from_shadow"": false, ""pending_displacement_ttl"": 0, ""active_trade"": null, ""transition_log_len"": 1}, ""persistent_state_snapshot_after"": {""current_state"": ""RANGE"", ""current_candle_index"": 6, ""atr"": 4.009999999999991, ""direction"": ""NONE"", ""ema_fast_val"": 2386.7677777777776, ""ema_slow_val"": 2387.2411111111114, ""evaluating_soft_conf"": false, ""soft_conf_candles"": 0, ""cached_features"": {}, ""sweep_event"": null, ""active_range"": {""h_ref"": 2395.09, ""l_ref"": 2386.79, ""size"": 8.300000000000182, ""session"": ""UNKNOWN"", ""htf_candle_id"": ""XAUUSD-HTF-000020""}, ""displacement_candle_index"": null, ""retest_candle_index"": null, ""_displacement_entry_idx"": 0, ""_expansion_entry_idx"": 0, ""_came_from_shadow"": false, ""pending_displacement_ttl"": 0, ""active_trade"": null, ""transition_log_len"": 1}, ""guards_evaluated"": [{""evaluation_order"": 1, ""guard_id"": ""G_RANGE_SWEEP_DETECT"", ""guard_name"": ""detect_sweep"", ""source_location"": ""crt_engine_v2.CRTEngine.process_candle:RANGE"", ""from_state"": ""RANGE"", ""candidate_to_state"": ""SWEEP"", ""operands"": [{""name"": ""high"", ""runtime_value"": 2390.76, ""source_class"": ""RAW_OHLC"", ""source_name"": ""candle.high"", ""source_location"": ""process_candle:RANGE"", ""feature_id"": ""high"", ""formula_id"": null, ""config_key"": null, ""provenance_status"": ""PROVEN""}, {""name"": ""low"", ""runtime_value"": 2385.18, ""source_class"": ""RAW_OHLC"", ""source_name"": ""candle.low"", ""source_location"": ""process_candle:RANGE"", ""feature_id"": ""low"", ""formula_id"": null, ""config_key"": null, ""provenance_status"": ""PROVEN""}, {""name"": ""close"", ""runtime_value"": 2386.13, ""source_class"": ""RAW_OHLC"", ""source_name"": ""candle.close"", ""source_location"": ""process_candle:RANGE"", ""feature_id"": ""close"", ""formula_id"": null, ""config_key"": null, ""provenance_status"": ""PROVEN""}, {""name"": ""h_ref"", ""runtime_value"": 2395.09, ""source_class"": ""STATE_MEMORY"", ""source_name"": ""active_range.h_ref"", ""source_location"": ""process_candle:RANGE"", ""feature_id"": null, ""formula_id"": null, ""config_key"": null, ""provenance_status"": ""PROVEN""}, {""name"": ""l_ref"", ""runtime_value"": 2386.79, ""source_class"": ""STATE_MEMORY"", ""source_name"": ""active_range.l_ref"", ""source_location"": ""process_candle:RANGE"", ""feature_id"": null, ""formula_id"": null, ""config_key"": null, ""provenance_status"": ""PROVEN""}], ""operator"": ""RangeDetector.detect_sweep(...)"", ""thresholds"": [], ""result"": false, ""short_circuit_status"": ""NO_SWEEP"", ""failure_reason"": ""no_sweep_detected""}], ""selected_transition"": {""transition_selected"": false, ""from_state"": ""RANGE"", ""to_state"": ""RANGE"", ""selection_location"": ""CRTEngine.process_candle"", ""winning_guard_id"": null, ""selection_reason"": ""NONE""}, ""action"": {""candle"": ""2024-05-22T21:00:00"", ""candle_index"": 6, ""state"": ""RANGE"", ""action"": ""NONE"", ""state_after"": ""RANGE""}}, ""outputs"": {""returned_value"": {""candle"": ""2024-05-22T21:00:00"", ""candle_index"": 6, ""state"": ""RANGE"", ""action"": ""NONE"", ""state_after"": ""RANGE""}, ""events_emitted"": [], ""trade_output"": null, ""rejection"": null, ""diversion"": null, ""output_classification"": ""NO_OUTPUT""}, ""integrity"": {""trace_complete"": false, ""raw_bar_complete"": true, ""canonical_feature_complete"": false, ""canonical_feature_count"": 39, ""crt_input_provenance_complete"": true, ""effective_config_complete"": true, ""state_before_captured"": true, ""guards_complete"": true, ""state_after_captured"": true, ""outputs_complete"": true, ""missing_fields"": [""canonical_features""], ""unknown_provenance"": [], ""nonfinite_features"": [], ""exceptions"": [], ""warnings"": [], ""status"": ""PARTIAL"", ""evaluated_guard_count"": 1, ""true_guard_count"": 0}}"
"docs\governance\xauusd_crt_baseline_trace\xauusd_crt_baseline_trace_v1.jsonl","4","{""trace_identity"": {""trace_schema_version"": ""1.0.0"", ""run_id"": ""xauusd-crt-trace-20260731T184653Z-1f028143"", ""trace_sequence"": 3, ""symbol"": ""XAUUSD"", ""timeframe"": ""M15"", ""bar_index"": 82, ""timestamp"": ""2024-05-22 21:15:00"", ""corpus_path"": ""data/mt5/XAUUSD_M15.csv"", ""corpus_sha256"": ""4d73f5cebe33ec91c5312340337eb62c2cf1f49060c91c42761bf631b26aba56"", ""repository_commit"": ""b48d4d9a7abfb429f2a17c790d4b32083da5dd92"", ""dirty_worktree_status"": ""DIRTY"", ""production_config_path"": ""configs/production/v2_multi_2026_04.json"", ""production_config_sha256"": ""9f8cb382b28cbd969e0a774e1381aa1e115326421729ca9810dd6772f311d8b4"", ""config_id"": ""v2_multi_2026_04"", ""prod_version"": ""v2_multi_2026_04"", ""canonical_schema_hash"": ""c87a1aba7bc79803d04c680e0232389e"", ""feature_order_hash"": ""0edda573414f0a64""}, ""raw_bar"": {""timestamp"": ""2024-05-22 21:15:00"", ""open"": 2386.13, ""high"": 2386.57, ""low"": 2378.62, ""close"": 2379.39, ""volume"": 2969.0}, ""canonical_features"": {""feature_count"": 39, ""feature_names_in_canonical_order"": [""open"", ""high"", ""low"", ""close"", ""volume"", ""volume_ratio"", ""double_sweep"", ""ema_fast"", ""ema_slow"", ""ema_spread"", ""trend_bias"", ""trend_strength"", ""momentum_score"", ""atr"", ""volatility_ratio"", ""rsi_14"", ""macd_line"", ""macd_signal"", ""macd_hist_raw"", ""macd_hist_z"", ""sweep_detected"", ""liquidity_sweep"", ""break_of_structure"", ""swing_high"", ""swing_low"", ""higher_high"", ""lower_low"", ""body_size"", ""candle_range"", ""body_ratio"", ""volatility_regime"", ""session"", ""hour_of_day"", ""disp_strength"", ""retest_depth"", ""candles_since_retest"", ""liquidity_distance"", ""liquidity_pressure_score"", ""volume_spike""], ""values_by_name"": {""open"": 2386.1298828125, ""high"": 2386.570068359375, ""low"": 2378.6201171875, ""close"": 2379.389892578125, ""volume"": 2969.0, ""volume_ratio"": 0.9664556384086609, ""double_sweep"": 0.0, ""ema_fast"": 2387.63330078125, ""ema_slow"": 2393.0009765625, ""ema_spread"": -2861.797607421875, ""trend_bias"": -1.0, ""trend_strength"": -1.5383522510528564, ""momentum_score"": -3593.457763671875, ""atr"": 0.0018756308127194643, ""volatility_ratio"": 1.7813700437545776, ""rsi_14"": 32.197547912597656, ""macd_line"": -5.913511753082275, ""macd_signal"": -5.609593868255615, ""macd_hist_raw"": -0.3039179742336273, ""macd_hist_z"": 0.005921856965869665, ""sweep_detected"": 0.0, ""liquidity_sweep"": 0.0, ""break_of_structure"": -1.0, ""swing_high"": 0.0, ""swing_low"": 0.0, ""higher_high"": 0.0, ""lower_low"": 1.0, ""body_size"": 6.739999771118164, ""candle_range"": 7.949999809265137, ""body_ratio"": 0.847798764705658, ""volatility_regime"": 2.0, ""session"": 4.0, ""hour_of_day"": 21.0, ""disp_strength"": 1.51024329662323, ""retest_depth"": 0.0, ""candles_since_retest"": 4.0, ""liquidity_distance"": 2.2631242275238037, ""liquidity_pressure_score"": 0.32252904772758484, ""volume_spike"": 0.0}, ""values_in_canonical_order"": [2386.1298828125, 2386.570068359375, 2378.6201171875, 2379.389892578125, 2969.0, 0.9664556384086609, 0.0, 2387.63330078125, 2393.0009765625, -2861.797607421875, -1.0, -1.5383522510528564, -3593.457763671875, 0.0018756308127194643, 1.7813700437545776, 32.197547912597656, -5.913511753082275, -5.609593868255615, -0.3039179742336273, 0.005921856965869665, 0.0, 0.0, -1.0, 0.0, 0.0, 0.0, 1.0, 6.739999771118164, 7.949999809265137, 0.847798764705658, 2.0, 4.0, 21.0, 1.51024329662323, 0.0, 4.0, 2.2631242275238037, 0.32252904772758484, 0.0], ""schema_hash"": ""c87a1aba7bc79803d04c680e0232389e"", ""feature_order_hash"": ""0edda573414f0a64"", ""feature_vector_index"": 3, ""lookup_miss"": false}, ""crt_inputs"": {""inputs"": [{""name"": ""high"", ""runtime_value"": 2386.57, ""source_class"": ""RAW_OHLC"", ""source_name"": ""candle.high"", ""source_location"": ""process_candle:RANGE"", ""formula_id"": null, ""feature_id"": ""high"", ""config_key"": null, ""provenance_status"": ""PROVEN""}, {""name"": ""low"", ""runtime_value"": 2378.62, ""source_class"": ""RAW_OHLC"", ""source_name"": ""candle.low"", ""source_location"": ""process_candle:RANGE"", ""formula_id"": null, ""feature_id"": ""low"", ""config_key"": null, ""provenance_status"": ""PROVEN""}, {""name"": ""close"", ""runtime_value"": 2379.39, ""source_class"": ""RAW_OHLC"", ""source_name"": ""candle.close"", ""source_location"": ""process_candle:RANGE"", ""formula_id"": null, ""feature_id"": ""close"", ""config_key"": null, ""provenance_status"": ""PROVEN""}, {""name"": ""h_ref"", ""runtime_value"": 2395.09, ""source_class"": ""STATE_MEMORY"", ""source_name"": ""active_range.h_ref"", ""source_location"": ""process_candle:RANGE"", ""formula_id"": null, ""feature_id"": null, ""config_key"": null, ""provenance_status"": ""PROVEN""}, {""name"": ""l_ref"", ""runtime_value"": 2386.79, ""source_class"": ""STATE_MEMORY"", ""source_name"": ""active_range.l_ref"", ""source_location"": ""process_candle:RANGE"", ""formula_id"": null, ""feature_id"": null, ""config_key"": null, ""provenance_status"": ""PROVEN""}]}, ""effective_config"": {""config_file_path"": ""configs/production/v2_multi_2026_04.json"", ""prod_version"": ""v2_multi_2026_04"", ""effective_crt_config"": {""body_ratio_min"": 0.65, ""atr_multiplier_min"": 1.0, ""retest_depth_max"": 0.15, ""atr_period"": 14, ""atr_buffer_multiplier"": 3, ""max_sweep_age_candles"": 20, ""expansion_atr_min_distance"": 0.3, ""retest_atr_depth_fraction"": 0.3, ""retest_min_depth_atr_fraction"": 0.1, ""risk_score_weights"": [0.35, 0.25, 0.2, 0.2], ""score_component_weights"": [0.35, 0.25, 0.2, 0.2], ""max_displacement_strength"": 2.0, ""score_decay_lambda"": 0.05, ""score_threshold"": 0.45, ""max_spread_pct"": 0.05, ""atr_min_displacement"": 1.2, ""confirmation_body_min"": 0.6, ""sl_atr_buffer"": 0.2, ""tp1_atr_multiplier"": 1.0, ""tp2_atr_multiplier"": 2.0, ""exit_model"": ""intrabar_touch"", ""breakout_disp_threshold"": 1.5, ""tp1_atr_multiplier_breakout"": 1.5, ""tp1_atr_multiplier_pullback"": 0.8, ""tp1_atr_multiplier_liq_sweep"": 1.2, ""tp1_atr_multiplier_reversal"": 1.0, ""bitnet_main_threshold"": 0.55, ""use_bitnet"": false, ""session_windows"": {""LONDON"": [""07:00:00"", ""10:00:00""], ""NEWYORK"": [""13:00:00"", ""16:00:00""], ""ASIA"": [""00:00:00"", ""03:00:00""]}, ""allowed_sessions"": [""LONDON"", ""NEWYORK"", ""OVERLAP""], ""retrace_reset_pct"": 0.5, ""extension_reset_fib"": 1.618, ""news_blackout_minutes"": 15, ""conf_alpha"": 0.7, ""conf_beta"": 0.3, ""conf_weights"": [0.35, 0.35, 0.15, 0.15], ""conf_floor"": 0.2, ""weak_link_weight"": 0.3, ""ema_fast"": 2, ""ema_slow"": 5, ""tier_1_threshold"": 0.75, ""tier_2_threshold"": 0.3, ""soft_conf_max_candles"": 3, ""pending_displacement_ttl_candles"": 4, ""max_expansion_age_candles"": 495, ""max_expansion_age_hours"": 124, ""expansion_age_warn_candles"": 342, ""shadow_age_penalty_lambda"": 0.0, ""shadow_age_norm_candles"": 0, ""shadow_advisory_only"": false, ""sizing_bands"": [[0.75, 0.01], [0.55, 0.005]]}, ""constructor_mapping"": ""BacktestConfig.from_prod_config → CRTConfig fields"", ""runtime_overrides"": {}, ""environment_overrides"": {""TRUST_INTRABAR_TOUCH"": null, ""BACKTEST_ENGINE_GATE"": ""1""}, ""post_construction_mutations"": [], ""note"": ""CRT process_candle does not consume the 38-dim FeaturePipeline vector for guards."", ""config_file_sha256"": ""9f8cb382b28cbd969e0a774e1381aa1e115326421729ca9810dd6772f311d8b4""}, ""state_transition"": {""state_before"": ""RANGE"", ""state_after"": ""RANGE"", ""state_changed"": false, ""persistent_state_snapshot_before"": {""current_state"": ""RANGE"", ""current_candle_index"": 6, ""atr"": 4.009999999999991, ""direction"": ""NONE"", ""ema_fast_val"": 2386.7677777777776, ""ema_slow_val"": 2387.2411111111114, ""evaluating_soft_conf"": false, ""soft_conf_candles"": 0, ""cached_features"": {}, ""sweep_event"": null, ""active_range"": {""h_ref"": 2395.09, ""l_ref"": 2386.79, ""size"": 8.300000000000182, ""session"": ""UNKNOWN"", ""htf_candle_id"": ""XAUUSD-HTF-000020""}, ""displacement_candle_index"": null, ""retest_candle_index"": null, ""_displacement_entry_idx"": 0, ""_expansion_entry_idx"": 0, ""_came_from_shadow"": false, ""pending_displacement_ttl"": 0, ""active_trade"": null, ""transition_log_len"": 1}, ""persistent_state_snapshot_after"": {""current_state"": ""RANGE"", ""current_candle_index"": 7, ""atr"": 4.572857142857174, ""direction"": ""NONE"", ""ema_fast_val"": 2381.8492592592593, ""ema_slow_val"": 2384.624074074074, ""evaluating_soft_conf"": false, ""soft_conf_candles"": 0, ""cached_features"": {}, ""sweep_event"": null, ""active_range"": {""h_ref"": 2395.09, ""l_ref"": 2386.79, ""size"": 8.300000000000182, ""session"": ""UNKNOWN"", ""htf_candle_id"": ""XAUUSD-HTF-000020""}, ""displacement_candle_index"": null, ""retest_candle_index"": null, ""_displacement_entry_idx"": 0, ""_expansion_entry_idx"": 0, ""_came_from_shadow"": false, ""pending_displacement_ttl"": 0, ""active_trade"": null, ""transition_log_len"": 1}, ""guards_evaluated"": [{""evaluation_order"": 1, ""guard_id"": ""G_RANGE_SWEEP_DETECT"", ""guard_name"": ""detect_sweep"", ""source_location"": ""crt_engine_v2.CRTEngine.process_candle:RANGE"", ""from_state"": ""RANGE"", ""candidate_to_state"": ""SWEEP"", ""operands"": [{""name"": ""high"", ""runtime_value"": 2386.57, ""source_class"": ""RAW_OHLC"", ""source_name"": ""candle.high"", ""source_location"": ""process_candle:RANGE"", ""feature_id"": ""high"", ""formula_id"": null, ""config_key"": null, ""provenance_status"": ""PROVEN""}, {""name"": ""low"", ""runtime_value"": 2378.62, ""source_class"": ""RAW_OHLC"", ""source_name"": ""candle.low"", ""source_location"": ""process_candle:RANGE"", ""feature_id"": ""low"", ""formula_id"": null, ""config_key"": null, ""provenance_status"": ""PROVEN""}, {""name"": ""close"", ""runtime_value"": 2379.39, ""source_class"": ""RAW_OHLC"", ""source_name"": ""candle.close"", ""source_location"": ""process_candle:RANGE"", ""feature_id"": ""close"", ""formula_id"": null, ""config_key"": null, ""provenance_status"": ""PROVEN""}, {""name"": ""h_ref"", ""runtime_value"": 2395.09, ""source_class"": ""STATE_MEMORY"", ""source_name"": ""active_range.h_ref"", ""source_location"": ""process_candle:RANGE"", ""feature_id"": null, ""formula_id"": null, ""config_key"": null, ""provenance_status"": ""PROVEN""}, {""name"": ""l_ref"", ""runtime_value"": 2386.79, ""source_class"": ""STATE_MEMORY"", ""source_name"": ""active_range.l_ref"", ""source_location"": ""process_candle:RANGE"", ""feature_id"": null, ""formula_id"": null, ""config_key"": null, ""provenance_status"": ""PROVEN""}], ""operator"": ""RangeDetector.detect_sweep(...)"", ""thresholds"": [], ""result"": false, ""short_circuit_status"": ""NO_SWEEP"", ""failure_reason"": ""no_sweep_detected""}], ""selected_transition"": {""transition_selected"": false, ""from_state"": ""RANGE"", ""to_state"": ""RANGE"", ""selection_location"": ""CRTEngine.process_candle"", ""winning_guard_id"": null, ""selection_reason"": ""NONE""}, ""action"": {""candle"": ""2024-05-22T21:15:00"", ""candle_index"": 7, ""state"": ""RANGE"", ""action"": ""NONE"", ""state_after"": ""RANGE""}}, ""outputs"": {""returned_value"": {""candle"": ""2024-05-22T21:15:00"", ""candle_index"": 7, ""state"": ""RANGE"", ""action"": ""NONE"", ""state_after"": ""RANGE""}, ""events_emitted"": [], ""trade_output"": null, ""rejection"": null, ""diversion"": null, ""output_classification"": ""NO_OUTPUT""}, ""integrity"": {""trace_complete"": false, ""raw_bar_complete"": true, ""canonical_feature_complete"": false, ""canonical_feature_count"": 39, ""crt_input_provenance_complete"": true, ""effective_config_complete"": true, ""state_before_captured"": true, ""guards_complete"": true, ""state_after_captured"": true, ""outputs_complete"": true, ""missing_fields"": [""canonical_features""], ""unknown_provenance"": [], ""nonfinite_features"": [], ""exceptions"": [], ""warnings"": [], ""status"": ""PARTIAL"", ""evaluated_guard_count"": 1, ""true_guard_count"": 0}}"
"docs\governance\xauusd_crt_baseline_trace\xauusd_crt_baseline_trace_v1.jsonl","5","{""trace_identity"": {""trace_schema_version"": ""1.0.0"", ""run_id"": ""xauusd-crt-trace-20260731T184653Z-1f028143"", ""trace_sequence"": 4, ""symbol"": ""XAUUSD"", ""timeframe"": ""M15"", ""bar_index"": 83, ""timestamp"": ""2024-05-22 21:30:00"", ""corpus_path"": ""data/mt5/XAUUSD_M15.csv"", ""corpus_sha256"": ""4d73f5cebe33ec91c5312340337eb62c2cf1f49060c91c42761bf631b26aba56"", ""repository_commit"": ""b48d4d9a7abfb429f2a17c790d4b32083da5dd92"", ""dirty_worktree_status"": ""DIRTY"", ""production_config_path"": ""configs/production/v2_multi_2026_04.json"", ""production_config_sha256"": ""9f8cb382b28cbd969e0a774e1381aa1e115326421729ca9810dd6772f311d8b4"", ""config_id"": ""v2_multi_2026_04"", ""prod_version"": ""v2_multi_2026_04"", ""canonical_schema_hash"": ""c87a1aba7bc79803d04c680e0232389e"", ""feature_order_hash"": ""0edda573414f0a64""}, ""raw_bar"": {""timestamp"": ""2024-05-22 21:30:00"", ""open"": 2379.38, ""high"": 2381.06, ""low"": 2376.08, ""close"": 2377.0, ""volume"": 2976.0}, ""canonical_features"": {""feature_count"": 39, ""feature_names_in_canonical_order"": [""open"", ""high"", ""low"", ""close"", ""volume"", ""volume_ratio"", ""double_sweep"", ""ema_fast"", ""ema_slow"", ""ema_spread"", ""trend_bias"", ""trend_strength"", ""momentum_score"", ""atr"", ""volatility_ratio"", ""rsi_14"", ""macd_line"", ""macd_signal"", ""macd_hist_raw"", ""macd_hist_z"", ""sweep_detected"", ""liquidity_sweep"", ""break_of_structure"", ""swing_high"", ""swing_low"", ""higher_high"", ""lower_low"", ""body_size"", ""candle_range"", ""body_ratio"", ""volatility_regime"", ""session"", ""hour_of_day"", ""disp_strength"", ""retest_depth"", ""candles_since_retest"", ""liquidity_distance"", ""liquidity_pressure_score"", ""volume_spike""], ""values_by_name"": {""open"": 2379.3798828125, ""high"": 2381.06005859375, ""low"": 2376.080078125, ""close"": 2377.0, ""volume"": 2976.0, ""volume_ratio"": 0.9864103198051453, ""double_sweep"": 0.0, ""ema_fast"": 2385.506591796875, ""ema_slow"": 2391.546142578125, ""ema_spread"": -3345.27587890625, ""trend_bias"": -1.0, ""trend_strength"": -1.592920184135437, ""momentum_score"": -1323.80859375, ""atr"": 0.0018053969833999872, ""volatility_ratio"": 1.1604527235031128, ""rsi_14"": 20.64745330810547, ""macd_line"": -6.4358415603637695, ""macd_signal"": -5.774843215942383, ""macd_hist_raw"": -0.6609981656074524, ""macd_hist_z"": -0.40469861030578613, ""sweep_detected"": 0.0, ""liquidity_sweep"": 0.0, ""break_of_structure"": -1.0, ""swing_high"": 1.0, ""swing_low"": 0.0, ""higher_high"": 0.0, ""lower_low"": 1.0, ""body_size"": 2.380000114440918, ""candle_range"": 4.980000019073486, ""body_ratio"": 0.47791165113449097, ""volatility_regime"": 2.0, ""session"": 4.0, ""hour_of_day"": 21.0, ""disp_strength"": 0.5545938611030579, ""retest_depth"": 0.0, ""candles_since_retest"": 5.0, ""liquidity_distance"": 2.9104526042938232, ""liquidity_pressure_score"": 0.2333475649356842, ""volume_spike"": 0.0}, ""values_in_canonical_order"": [2379.3798828125, 2381.06005859375, 2376.080078125, 2377.0, 2976.0, 0.9864103198051453, 0.0, 2385.506591796875, 2391.546142578125, -3345.27587890625, -1.0, -1.592920184135437, -1323.80859375, 0.0018053969833999872, 1.1604527235031128, 20.64745330810547, -6.4358415603637695, -5.774843215942383, -0.6609981656074524, -0.40469861030578613, 0.0, 0.0, -1.0, 1.0, 0.0, 0.0, 1.0, 2.380000114440918, 4.980000019073486, 0.47791165113449097, 2.0, 4.0, 21.0, 0.5545938611030579, 0.0, 5.0, 2.9104526042938232, 0.2333475649356842, 0.0], ""schema_hash"": ""c87a1aba7bc79803d04c680e0232389e"", ""feature_order_hash"": ""0edda573414f0a64"", ""feature_vector_index"": 4, ""lookup_miss"": false}, ""crt_inputs"": {""inputs"": [{""name"": ""high"", ""runtime_value"": 2381.06, ""source_class"": ""RAW_OHLC"", ""source_name"": ""candle.high"", ""source_location"": ""process_candle:RANGE"", ""formula_id"": null, ""feature_id"": ""high"", ""config_key"": null, ""provenance_status"": ""PROVEN""}, {""name"": ""low"", ""runtime_value"": 2376.08, ""source_class"": ""RAW_OHLC"", ""source_name"": ""candle.low"", ""source_location"": ""process_candle:RANGE"", ""formula_id"": null, ""feature_id"": ""low"", ""config_key"": null, ""provenance_status"": ""PROVEN""}, {""name"": ""close"", ""runtime_value"": 2377.0, ""source_class"": ""RAW_OHLC"", ""source_name"": ""candle.close"", ""source_location"": ""process_candle:RANGE"", ""formula_id"": null, ""feature_id"": ""close"", ""config_key"": null, ""provenance_status"": ""PROVEN""}, {""name"": ""h_ref"", ""runtime_value"": 2395.09, ""source_class"": ""STATE_MEMORY"", ""source_name"": ""active_range.h_ref"", ""source_location"": ""process_candle:RANGE"", ""formula_id"": null, ""feature_id"": null, ""config_key"": null, ""provenance_status"": ""PROVEN""}, {""name"": ""l_ref"", ""runtime_value"": 2386.79, ""source_class"": ""STATE_MEMORY"", ""source_name"": ""active_range.l_ref"", ""source_location"": ""process_candle:RANGE"", ""formula_id"": null, ""feature_id"": null, ""config_key"": null, ""provenance_status"": ""PROVEN""}]}, ""effective_config"": {""config_file_path"": ""configs/production/v2_multi_2026_04.json"", ""prod_version"": ""v2_multi_2026_04"", ""effective_crt_config"": {""body_ratio_min"": 0.65, ""atr_multiplier_min"": 1.0, ""retest_depth_max"": 0.15, ""atr_period"": 14, ""atr_buffer_multiplier"": 3, ""max_sweep_age_candles"": 20, ""expansion_atr_min_distance"": 0.3, ""retest_atr_depth_fraction"": 0.3, ""retest_min_depth_atr_fraction"": 0.1, ""risk_score_weights"": [0.35, 0.25, 0.2, 0.2], ""score_component_weights"": [0.35, 0.25, 0.2, 0.2], ""max_displacement_strength"": 2.0, ""score_decay_lambda"": 0.05, ""score_threshold"": 0.45, ""max_spread_pct"": 0.05, ""atr_min_displacement"": 1.2, ""confirmation_body_min"": 0.6, ""sl_atr_buffer"": 0.2, ""tp1_atr_multiplier"": 1.0, ""tp2_atr_multiplier"": 2.0, ""exit_model"": ""intrabar_touch"", ""breakout_disp_threshold"": 1.5, ""tp1_atr_multiplier_breakout"": 1.5, ""tp1_atr_multiplier_pullback"": 0.8, ""tp1_atr_multiplier_liq_sweep"": 1.2, ""tp1_atr_multiplier_reversal"": 1.0, ""bitnet_main_threshold"": 0.55, ""use_bitnet"": false, ""session_windows"": {""LONDON"": [""07:00:00"", ""10:00:00""], ""NEWYORK"": [""13:00:00"", ""16:00:00""], ""ASIA"": [""00:00:00"", ""03:00:00""]}, ""allowed_sessions"": [""LONDON"", ""NEWYORK"", ""OVERLAP""], ""retrace_reset_pct"": 0.5, ""extension_reset_fib"": 1.618, ""news_blackout_minutes"": 15, ""conf_alpha"": 0.7, ""conf_beta"": 0.3, ""conf_weights"": [0.35, 0.35, 0.15, 0.15], ""conf_floor"": 0.2, ""weak_link_weight"": 0.3, ""ema_fast"": 2, ""ema_slow"": 5, ""tier_1_threshold"": 0.75, ""tier_2_threshold"": 0.3, ""soft_conf_max_candles"": 3, ""pending_displacement_ttl_candles"": 4, ""max_expansion_age_candles"": 495, ""max_expansion_age_hours"": 124, ""expansion_age_warn_candles"": 342, ""shadow_age_penalty_lambda"": 0.0, ""shadow_age_norm_candles"": 0, ""shadow_advisory_only"": false, ""sizing_bands"": [[0.75, 0.01], [0.55, 0.005]]}, ""constructor_mapping"": ""BacktestConfig.from_prod_config → CRTConfig fields"", ""runtime_overrides"": {}, ""environment_overrides"": {""TRUST_INTRABAR_TOUCH"": null, ""BACKTEST_ENGINE_GATE"": ""1""}, ""post_construction_mutations"": [], ""note"": ""CRT process_candle does not consume the 38-dim FeaturePipeline vector for guards."", ""config_file_sha256"": ""9f8cb382b28cbd969e0a774e1381aa1e115326421729ca9810dd6772f311d8b4""}, ""state_transition"": {""state_before"": ""RANGE"", ""state_after"": ""RANGE"", ""state_changed"": false, ""persistent_state_snapshot_before"": {""current_state"": ""RANGE"", ""current_candle_index"": 7, ""atr"": 4.572857142857174, ""direction"": ""NONE"", ""ema_fast_val"": 2381.8492592592593, ""ema_slow_val"": 2384.624074074074, ""evaluating_soft_conf"": false, ""soft_conf_candles"": 0, ""cached_features"": {}, ""sweep_event"": null, ""active_range"": {""h_ref"": 2395.09, ""l_ref"": 2386.79, ""size"": 8.300000000000182, ""session"": ""UNKNOWN"", ""htf_candle_id"": ""XAUUSD-HTF-000020""}, ""displacement_candle_index"": null, ""retest_candle_index"": null, ""_displacement_entry_idx"": 0, ""_expansion_entry_idx"": 0, ""_came_from_shadow"": false, ""pending_displacement_ttl"": 0, ""active_trade"": null, ""transition_log_len"": 1}, ""persistent_state_snapshot_after"": {""current_state"": ""RANGE"", ""current_candle_index"": 8, ""atr"": 4.62375000000003, ""direction"": ""NONE"", ""ema_fast_val"": 2378.616419753086, ""ema_slow_val"": 2382.0827160493827, ""evaluating_soft_conf"": false, ""soft_conf_candles"": 0, ""cached_features"": {}, ""sweep_event"": null, ""active_range"": {""h_ref"": 2395.09, ""l_ref"": 2386.79, ""size"": 8.300000000000182, ""session"": ""UNKNOWN"", ""htf_candle_id"": ""XAUUSD-HTF-000020""}, ""displacement_candle_index"": null, ""retest_candle_index"": null, ""_displacement_entry_idx"": 0, ""_expansion_entry_idx"": 0, ""_came_from_shadow"": false, ""pending_displacement_ttl"": 0, ""active_trade"": null, ""transition_log_len"": 1}, ""guards_evaluated"": [{""evaluation_order"": 1, ""guard_id"": ""G_RANGE_SWEEP_DETECT"", ""guard_name"": ""detect_sweep"", ""source_location"": ""crt_engine_v2.CRTEngine.process_candle:RANGE"", ""from_state"": ""RANGE"", ""candidate_to_state"": ""SWEEP"", ""operands"": [{""name"": ""high"", ""runtime_value"": 2381.06, ""source_class"": ""RAW_OHLC"", ""source_name"": ""candle.high"", ""source_location"": ""process_candle:RANGE"", ""feature_id"": ""high"", ""formula_id"": null, ""config_key"": null, ""provenance_status"": ""PROVEN""}, {""name"": ""low"", ""runtime_value"": 2376.08, ""source_class"": ""RAW_OHLC"", ""source_name"": ""candle.low"", ""source_location"": ""process_candle:RANGE"", ""feature_id"": ""low"", ""formula_id"": null, ""config_key"": null, ""provenance_status"": ""PROVEN""}, {""name"": ""close"", ""runtime_value"": 2377.0, ""source_class"": ""RAW_OHLC"", ""source_name"": ""candle.close"", ""source_location"": ""process_candle:RANGE"", ""feature_id"": ""close"", ""formula_id"": null, ""config_key"": null, ""provenance_status"": ""PROVEN""}, {""name"": ""h_ref"", ""runtime_value"": 2395.09, ""source_class"": ""STATE_MEMORY"", ""source_name"": ""active_range.h_ref"", ""source_location"": ""process_candle:RANGE"", ""feature_id"": null, ""formula_id"": null, ""config_key"": null, ""provenance_status"": ""PROVEN""}, {""name"": ""l_ref"", ""runtime_value"": 2386.79, ""source_class"": ""STATE_MEMORY"", ""source_name"": ""active_range.l_ref"", ""source_location"": ""process_candle:RANGE"", ""feature_id"": null, ""formula_id"": null, ""config_key"": null, ""provenance_status"": ""PROVEN""}], ""operator"": ""RangeDetector.detect_sweep(...)"", ""thresholds"": [], ""result"": false, ""short_circuit_status"": ""NO_SWEEP"", ""failure_reason"": ""no_sweep_detected""}], ""selected_transition"": {""transition_selected"": false, ""from_state"": ""RANGE"", ""to_state"": ""RANGE"", ""selection_location"": ""CRTEngine.process_candle"", ""winning_guard_id"": null, ""selection_reason"": ""NONE""}, ""action"": {""candle"": ""2024-05-22T21:30:00"", ""candle_index"": 8, ""state"": ""RANGE"", ""action"": ""NONE"", ""state_after"": ""RANGE""}}, ""outputs"": {""returned_value"": {""candle"": ""2024-05-22T21:30:00"", ""candle_index"": 8, ""state"": ""RANGE"", ""action"": ""NONE"", ""state_after"": ""RANGE""}, ""events_emitted"": [], ""trade_output"": null, ""rejection"": null, ""diversion"": null, ""output_classification"": ""NO_OUTPUT""}, ""integrity"": {""trace_complete"": false, ""raw_bar_complete"": true, ""canonical_feature_complete"": false, ""canonical_feature_count"": 39, ""crt_input_provenance_complete"": true, ""effective_config_complete"": true, ""state_before_captured"": true, ""guards_complete"": true, ""state_after_captured"": true, ""outputs_complete"": true, ""missing_fields"": [""canonical_features""], ""unknown_provenance"": [], ""nonfinite_features"": [], ""exceptions"": [], ""warnings"": [], ""status"": ""PARTIAL"", ""evaluated_guard_count"": 1, ""true_guard_count"": 0}}"
"docs\governance\xauusd_crt_baseline_trace\xauusd_crt_baseline_trace_v1.jsonl","6","{""trace_identity"": {""trace_schema_version"": ""1.0.0"", ""run_id"": ""xauusd-crt-trace-20260731T184653Z-1f028143"", ""trace_sequence"": 5, ""symbol"": ""XAUUSD"", ""timeframe"": ""M15"", ""bar_index"": 84, ""timestamp"": ""2024-05-22 21:45:00"", ""corpus_path"": ""data/mt5/XAUUSD_M15.csv"", ""corpus_sha256"": ""4d73f5cebe33ec91c5312340337eb62c2cf1f49060c91c42761bf631b26aba56"", ""repository_commit"": ""b48d4d9a7abfb429f2a17c790d4b32083da5dd92"", ""dirty_worktree_status"": ""DIRTY"", ""production_config_path"": ""configs/production/v2_multi_2026_04.json"", ""production_config_sha256"": ""9f8cb382b28cbd969e0a774e1381aa1e115326421729ca9810dd6772f311d8b4"", ""config_id"": ""v2_multi_2026_04"", ""prod_version"": ""v2_multi_2026_04"", ""canonical_schema_hash"": ""c87a1aba7bc79803d04c680e0232389e"", ""feature_order_hash"": ""0edda573414f0a64""}, ""raw_bar"": {""timestamp"": ""2024-05-22 21:45:00"", ""open"": 2377.26, ""high"": 2379.62, ""low"": 2374.98, ""close"": 2377.86, ""volume"": 3015.0}, ""canonical_features"": {""feature_count"": 39, ""feature_names_in_canonical_order"": [""open"", ""high"", ""low"", ""close"", ""volume"", ""volume_ratio"", ""double_sweep"", ""ema_fast"", ""ema_slow"", ""ema_spread"", ""trend_bias"", ""trend_strength"", ""momentum_score"", ""atr"", ""volatility_ratio"", ""rsi_14"", ""macd_line"", ""macd_signal"", ""macd_hist_raw"", ""macd_hist_z"", ""sweep_detected"", ""liquidity_sweep"", ""break_of_structure"", ""swing_high"", ""swing_low"", ""higher_high"", ""lower_low"", ""body_size"", ""candle_range"", ""body_ratio"", ""volatility_regime"", ""session"", ""hour_of_day"", ""disp_strength"", ""retest_depth"", ""candles_since_retest"", ""liquidity_distance"", ""liquidity_pressure_score"", ""volume_spike""], ""values_by_name"": {""open"": 2377.260009765625, ""high"": 2379.6201171875, ""low"": 2374.97998046875, ""close"": 2377.860107421875, ""volume"": 3015.0, ""volume_ratio"": 1.0058549642562866, ""double_sweep"": 0.0, ""ema_fast"": 2383.977294921875, ""ema_slow"": 2390.302001953125, ""ema_spread"": -3557.78564453125, ""trend_bias"": -1.0, ""trend_strength"": -1.6370079517364502, ""momentum_score"": 483.76873779296875, ""atr"": 0.0017777088796719909, ""volatility_ratio"": 1.097668170928955, ""rsi_14"": 25.175691604614258, ""macd_line"": -6.703126907348633, ""macd_signal"": -5.960500240325928, ""macd_hist_raw"": -0.7426271438598633, ""macd_hist_z"": -0.48400425910949707, ""sweep_detected"": 0.0, ""liquidity_sweep"": 0.0, ""break_of_structure"": -1.0, ""swing_high"": 0.0, ""swing_low"": 0.0, ""higher_high"": 0.0, ""lower_low"": 1.0, ""body_size"": 0.6000000238418579, ""candle_range"": 4.639999866485596, ""body_ratio"": 0.12931033968925476, ""volatility_regime"": 2.0, ""session"": 4.0, ""hour_of_day"": 21.0, ""disp_strength"": 0.14193984866142273, ""retest_depth"": 0.0, ""candles_since_retest"": 6.0, ""liquidity_distance"": 2.751267433166504, ""liquidity_pressure_score"": 0.25267940759658813, ""volume_spike"": 0.0}, ""values_in_canonical_order"": [2377.260009765625, 2379.6201171875, 2374.97998046875, 2377.860107421875, 3015.0, 1.0058549642562866, 0.0, 2383.977294921875, 2390.302001953125, -3557.78564453125, -1.0, -1.6370079517364502, 483.76873779296875, 0.0017777088796719909, 1.097668170928955, 25.175691604614258, -6.703126907348633, -5.960500240325928, -0.7426271438598633, -0.48400425910949707, 0.0, 0.0, -1.0, 0.0, 0.0, 0.0, 1.0, 0.6000000238418579, 4.639999866485596, 0.12931033968925476, 2.0, 4.0, 21.0, 0.14193984866142273, 0.0, 6.0, 2.751267433166504, 0.25267940759658813, 0.0], ""schema_hash"": ""c87a1aba7bc79803d04c680e0232389e"", ""feature_order_hash"": ""0edda573414f0a64"", ""feature_vector_index"": 5, ""lookup_miss"": false}, ""crt_inputs"": {""inputs"": [{""name"": ""high"", ""runtime_value"": 2379.62, ""source_class"": ""RAW_OHLC"", ""source_name"": ""candle.high"", ""source_location"": ""process_candle:RANGE"", ""formula_id"": null, ""feature_id"": ""high"", ""config_key"": null, ""provenance_status"": ""PROVEN""}, {""name"": ""low"", ""runtime_value"": 2374.98, ""source_class"": ""RAW_OHLC"", ""source_name"": ""candle.low"", ""source_location"": ""process_candle:RANGE"", ""formula_id"": null, ""feature_id"": ""low"", ""config_key"": null, ""provenance_status"": ""PROVEN""}, {""name"": ""close"", ""runtime_value"": 2377.86, ""source_class"": ""RAW_OHLC"", ""source_name"": ""candle.close"", ""source_location"": ""process_candle:RANGE"", ""formula_id"": null, ""feature_id"": ""close"", ""config_key"": null, ""provenance_status"": ""PROVEN""}, {""name"": ""h_ref"", ""runtime_value"": 2395.09, ""source_class"": ""STATE_MEMORY"", ""source_name"": ""active_range.h_ref"", ""source_location"": ""process_candle:RANGE"", ""formula_id"": null, ""feature_id"": null, ""config_key"": null, ""provenance_status"": ""PROVEN""}, {""name"": ""l_ref"", ""runtime_value"": 2374.98, ""source_class"": ""STATE_MEMORY"", ""source_name"": ""active_range.l_ref"", ""source_location"": ""process_candle:RANGE"", ""formula_id"": null, ""feature_id"": null, ""config_key"": null, ""provenance_status"": ""PROVEN""}]}, ""effective_config"": {""config_file_path"": ""configs/production/v2_multi_2026_04.json"", ""prod_version"": ""v2_multi_2026_04"", ""effective_crt_config"": {""body_ratio_min"": 0.65, ""atr_multiplier_min"": 1.0, ""retest_depth_max"": 0.15, ""atr_period"": 14, ""atr_buffer_multiplier"": 3, ""max_sweep_age_candles"": 20, ""expansion_atr_min_distance"": 0.3, ""retest_atr_depth_fraction"": 0.3, ""retest_min_depth_atr_fraction"": 0.1, ""risk_score_weights"": [0.35, 0.25, 0.2, 0.2], ""score_component_weights"": [0.35, 0.25, 0.2, 0.2], ""max_displacement_strength"": 2.0, ""score_decay_lambda"": 0.05, ""score_threshold"": 0.45, ""max_spread_pct"": 0.05, ""atr_min_displacement"": 1.2, ""confirmation_body_min"": 0.6, ""sl_atr_buffer"": 0.2, ""tp1_atr_multiplier"": 1.0, ""tp2_atr_multiplier"": 2.0, ""exit_model"": ""intrabar_touch"", ""breakout_disp_threshold"": 1.5, ""tp1_atr_multiplier_breakout"": 1.5, ""tp1_atr_multiplier_pullback"": 0.8, ""tp1_atr_multiplier_liq_sweep"": 1.2, ""tp1_atr_multiplier_reversal"": 1.0, ""bitnet_main_threshold"": 0.55, ""use_bitnet"": false, ""session_windows"": {""LONDON"": [""07:00:00"", ""10:00:00""], ""NEWYORK"": [""13:00:00"", ""16:00:00""], ""ASIA"": [""00:00:00"", ""03:00:00""]}, ""allowed_sessions"": [""LONDON"", ""NEWYORK"", ""OVERLAP""], ""retrace_reset_pct"": 0.5, ""extension_reset_fib"": 1.618, ""news_blackout_minutes"": 15, ""conf_alpha"": 0.7, ""conf_beta"": 0.3, ""conf_weights"": [0.35, 0.35, 0.15, 0.15], ""conf_floor"": 0.2, ""weak_link_weight"": 0.3, ""ema_fast"": 2, ""ema_slow"": 5, ""tier_1_threshold"": 0.75, ""tier_2_threshold"": 0.3, ""soft_conf_max_candles"": 3, ""pending_displacement_ttl_candles"": 4, ""max_expansion_age_candles"": 495, ""max_expansion_age_hours"": 124, ""expansion_age_warn_candles"": 342, ""shadow_age_penalty_lambda"": 0.0, ""shadow_age_norm_candles"": 0, ""shadow_advisory_only"": false, ""sizing_bands"": [[0.75, 0.01], [0.55, 0.005]]}, ""constructor_mapping"": ""BacktestConfig.from_prod_config → CRTConfig fields"", ""runtime_overrides"": {}, ""environment_overrides"": {""TRUST_INTRABAR_TOUCH"": null, ""BACKTEST_ENGINE_GATE"": ""1""}, ""post_construction_mutations"": [], ""note"": ""CRT process_candle does not consume the 38-dim FeaturePipeline vector for guards."", ""config_file_sha256"": ""9f8cb382b28cbd969e0a774e1381aa1e115326421729ca9810dd6772f311d8b4""}, ""state_transition"": {""state_before"": ""RANGE"", ""state_after"": ""RANGE"", ""state_changed"": false, ""persistent_state_snapshot_before"": {""current_state"": ""RANGE"", ""current_candle_index"": 8, ""atr"": 4.62375000000003, ""direction"": ""NONE"", ""ema_fast_val"": 2378.616419753086, ""ema_slow_val"": 2382.0827160493827, ""evaluating_soft_conf"": false, ""soft_conf_candles"": 0, ""cached_features"": {}, ""sweep_event"": null, ""active_range"": {""h_ref"": 2395.09, ""l_ref"": 2386.79, ""size"": 8.300000000000182, ""session"": ""UNKNOWN"", ""htf_candle_id"": ""XAUUSD-HTF-000020""}, ""displacement_candle_index"": null, ""retest_candle_index"": null, ""_displacement_entry_idx"": 0, ""_expansion_entry_idx"": 0, ""_came_from_shadow"": false, ""pending_displacement_ttl"": 0, ""active_trade"": null, ""transition_log_len"": 1}, ""persistent_state_snapshot_after"": {""current_state"": ""RANGE"", ""current_candle_index"": 9, ""atr"": 4.625555555555568, ""direction"": ""NONE"", ""ema_fast_val"": 2378.1121399176955, ""ema_slow_val"": 2380.675144032922, ""evaluating_soft_conf"": false, ""soft_conf_candles"": 0, ""cached_features"": {}, ""sweep_event"": null, ""active_range"": {""h_ref"": 2395.09, ""l_ref"": 2374.98, ""size"": 20.110000000000127, ""session"": ""UNKNOWN"", ""htf_candle_id"": ""XAUUSD-HTF-000021""}, ""displacement_candle_index"": null, ""retest_candle_index"": null, ""_displacement_entry_idx"": 0, ""_expansion_entry_idx"": 0, ""_came_from_shadow"": false, ""pending_displacement_ttl"": 0, ""active_trade"": null, ""transition_log_len"": 2}, ""guards_evaluated"": [{""evaluation_order"": 1, ""guard_id"": ""G_RANGE_SWEEP_DETECT"", ""guard_name"": ""detect_sweep"", ""source_location"": ""crt_engine_v2.CRTEngine.process_candle:RANGE"", ""from_state"": ""RANGE"", ""candidate_to_state"": ""SWEEP"", ""operands"": [{""name"": ""high"", ""runtime_value"": 2379.62, ""source_class"": ""RAW_OHLC"", ""source_name"": ""candle.high"", ""source_location"": ""process_candle:RANGE"", ""feature_id"": ""high"", ""formula_id"": null, ""config_key"": null, ""provenance_status"": ""PROVEN""}, {""name"": ""low"", ""runtime_value"": 2374.98, ""source_class"": ""RAW_OHLC"", ""source_name"": ""candle.low"", ""source_location"": ""process_candle:RANGE"", ""feature_id"": ""low"", ""formula_id"": null, ""config_key"": null, ""provenance_status"": ""PROVEN""}, {""name"": ""close"", ""runtime_value"": 2377.86, ""source_class"": ""RAW_OHLC"", ""source_name"": ""candle.close"", ""source_location"": ""process_candle:RANGE"", ""feature_id"": ""close"", ""formula_id"": null, ""config_key"": null, ""provenance_status"": ""PROVEN""}, {""name"": ""h_ref"", ""runtime_value"": 2395.09, ""source_class"": ""STATE_MEMORY"", ""source_name"": ""active_range.h_ref"", ""source_location"": ""process_candle:RANGE"", ""feature_id"": null, ""formula_id"": null, ""config_key"": null, ""provenance_status"": ""PROVEN""}, {""name"": ""l_ref"", ""runtime_value"": 2374.98, ""source_class"": ""STATE_MEMORY"", ""source_name"": ""active_range.l_ref"", ""source_location"": ""process_candle:RANGE"", ""feature_id"": null, ""formula_id"": null, ""config_key"": null, ""provenance_status"": ""PROVEN""}], ""operator"": ""RangeDetector.detect_sweep(...)"", ""thresholds"": [], ""result"": false, ""short_circuit_status"": ""NO_SWEEP"", ""failure_reason"": ""no_sweep_detected""}], ""selected_transition"": {""transition_selected"": false, ""from_state"": ""RANGE"", ""to_state"": ""RANGE"", ""selection_location"": ""CRTEngine.process_candle"", ""winning_guard_id"": null, ""selection_reason"": ""RESET""}, ""action"": {""candle"": ""2024-05-22T21:45:00"", ""candle_index"": 9, ""state"": ""RANGE"", ""action"": ""RESET"", ""reason"": ""HTF changed: XAUUSD-HTF-000020 → XAUUSD-HTF-000021"", ""state_after"": ""RANGE""}}, ""outputs"": {""returned_value"": {""candle"": ""2024-05-22T21:45:00"", ""candle_index"": 9, ""state"": ""RANGE"", ""action"": ""RESET"", ""reason"": ""HTF changed: XAUUSD-HTF-000020 → XAUUSD-HTF-000021"", ""state_after"": ""RANGE""}, ""events_emitted"": [{""event"": ""RESET"", ""timestamp"": ""2024-05-22T21:45:00"", ""candle_index"": 9, ""state_from"": ""RANGE"", ""state_to"": ""RANGE"", ""reason"": ""HTF changed: XAUUSD-HTF-000020 → XAUUSD-HTF-000021"", ""direction"": null, ""price"": null}], ""trade_output"": null, ""rejection"": null, ""diversion"": {""candle"": ""2024-05-22T21:45:00"", ""candle_index"": 9, ""state"": ""RANGE"", ""action"": ""RESET"", ""reason"": ""HTF changed: XAUUSD-HTF-000020 → XAUUSD-HTF-000021"", ""state_after"": ""RANGE""}, ""output_classification"": ""DIVERTED""}, ""integrity"": {""trace_complete"": false, ""raw_bar_complete"": true, ""canonical_feature_complete"": false, ""canonical_feature_count"": 39, ""crt_input_provenance_complete"": true, ""effective_config_complete"": true, ""state_before_captured"": true, ""guards_complete"": true, ""state_after_captured"": true, ""outputs_complete"": true, ""missing_fields"": [""canonical_features""], ""unknown_provenance"": [], ""nonfinite_features"": [], ""exceptions"": [], ""warnings"": [], ""status"": ""PARTIAL"", ""evaluated_guard_count"": 1, ""true_guard_count"": 0}}"
"docs\governance\xauusd_crt_baseline_trace\xauusd_crt_baseline_trace_v1.jsonl","7","{""trace_identity"": {""trace_schema_version"": ""1.0.0"", ""run_id"": ""xauusd-crt-trace-20260731T184653Z-1f028143"", ""trace_sequence"": 6, ""symbol"": ""XAUUSD"", ""timeframe"": ""M15"", ""bar_index"": 85, ""timestamp"": ""2024-05-22 22:00:00"", ""corpus_path"": ""data/mt5/XAUUSD_M15.csv"", ""corpus_sha256"": ""4d73f5cebe33ec91c5312340337eb62c2cf1f49060c91c42761bf631b26aba56"", ""repository_commit"": ""b48d4d9a7abfb429f2a17c790d4b32083da5dd92"", ""dirty_worktree_status"": ""DIRTY"", ""production_config_path"": ""configs/production/v2_multi_2026_04.json"", ""production_config_sha256"": ""9f8cb382b28cbd969e0a774e1381aa1e115326421729ca9810dd6772f311d8b4"", ""config_id"": ""v2_multi_2026_04"", ""prod_version"": ""v2_multi_2026_04"", ""canonical_schema_hash"": ""c87a1aba7bc79803d04c680e0232389e"", ""feature_order_hash"": ""0edda573414f0a64""}, ""raw_bar"": {""timestamp"": ""2024-05-22 22:00:00"", ""open"": 2377.89, ""high"": 2380.12, ""low"": 2377.17, ""close"": 2378.2, ""volume"": 2133.0}, ""canonical_features"": {""feature_count"": 39, ""feature_names_in_canonical_order"": [""open"", ""high"", ""low"", ""close"", ""volume"", ""volume_ratio"", ""double_sweep"", ""ema_fast"", ""ema_slow"", ""ema_spread"", ""trend_bias"", ""trend_strength"", ""momentum_score"", ""atr"", ""volatility_ratio"", ""rsi_14"", ""macd_line"", ""macd_signal"", ""macd_hist_raw"", ""macd_hist_z"", ""sweep_detected"", ""liquidity_sweep"", ""break_of_structure"", ""swing_high"", ""swing_low"", ""higher_high"", ""lower_low"", ""body_size"", ""candle_range"", ""body_ratio"", ""volatility_regime"", ""session"", ""hour_of_day"", ""disp_strength"", ""retest_depth"", ""candles_since_retest"", ""liquidity_distance"", ""liquidity_pressure_score"", ""volume_spike""], ""values_by_name"": {""open"": 2377.889892578125, ""high"": 2380.1201171875, ""low"": 2377.169921875, ""close"": 2378.199951171875, ""volume"": 2133.0, ""volume_ratio"": 0.7401495575904846, ""double_sweep"": 0.0, ""ema_fast"": 2382.82177734375, ""ema_slow"": 2389.201904296875, ""ema_spread"": -3633.060546875, ""trend_bias"": -1.0, ""trend_strength"": -1.5530072450637817, ""momentum_score"": 193.60751342773438, ""atr"": 0.0017561301356181502, ""volatility_ratio"": 0.7063451409339905, ""rsi_14"": 27.30360984802246, ""macd_line"": -6.809027671813965, ""macd_signal"": -6.1302056312561035, ""macd_hist_raw"": -0.6788221001625061, ""macd_hist_z"": -0.38921919465065, ""sweep_detected"": 0.0, ""liquidity_sweep"": 0.0, ""break_of_structure"": -1.0, ""swing_high"": 0.0, ""swing_low"": 0.0, ""higher_high"": 0.0, ""lower_low"": 1.0, ""body_size"": 0.3100000023841858, ""candle_range"": 2.950000047683716, ""body_ratio"": 0.10508474707603455, ""volatility_regime"": 2.0, ""session"": 4.0, ""hour_of_day"": 22.0, ""disp_strength"": 0.07422609627246857, ""retest_depth"": 0.0, ""candles_since_retest"": 7.0, ""liquidity_distance"": 2.7032666206359863, ""liquidity_pressure_score"": 0.2588171660900116, ""volume_spike"": 0.0}, ""values_in_canonical_order"": [2377.889892578125, 2380.1201171875, 2377.169921875, 2378.199951171875, 2133.0, 0.7401495575904846, 0.0, 2382.82177734375, 2389.201904296875, -3633.060546875, -1.0, -1.5530072450637817, 193.60751342773438, 0.0017561301356181502, 0.7063451409339905, 27.30360984802246, -6.809027671813965, -6.1302056312561035, -0.6788221001625061, -0.38921919465065, 0.0, 0.0, -1.0, 0.0, 0.0, 0.0, 1.0, 0.3100000023841858, 2.950000047683716, 0.10508474707603455, 2.0, 4.0, 22.0, 0.07422609627246857, 0.0, 7.0, 2.7032666206359863, 0.2588171660900116, 0.0], ""schema_hash"": ""c87a1aba7bc79803d04c680e0232389e"", ""feature_order_hash"": ""0edda573414f0a64"", ""feature_vector_index"": 6, ""lookup_miss"": false}, ""crt_inputs"": {""inputs"": [{""name"": ""high"", ""runtime_value"": 2380.12, ""source_class"": ""RAW_OHLC"", ""source_name"": ""candle.high"", ""source_location"": ""process_candle:RANGE"", ""formula_id"": null, ""feature_id"": ""high"", ""config_key"": null, ""provenance_status"": ""PROVEN""}, {""name"": ""low"", ""runtime_value"": 2377.17, ""source_class"": ""RAW_OHLC"", ""source_name"": ""candle.low"", ""source_location"": ""process_candle:RANGE"", ""formula_id"": null, ""feature_id"": ""low"", ""config_key"": null, ""provenance_status"": ""PROVEN""}, {""name"": ""close"", ""runtime_value"": 2378.2, ""source_class"": ""RAW_OHLC"", ""source_name"": ""candle.close"", ""source_location"": ""process_candle:RANGE"", ""formula_id"": null, ""feature_id"": ""close"", ""config_key"": null, ""provenance_status"": ""PROVEN""}, {""name"": ""h_ref"", ""runtime_value"": 2395.09, ""source_class"": ""STATE_MEMORY"", ""source_name"": ""active_range.h_ref"", ""source_location"": ""process_candle:RANGE"", ""formula_id"": null, ""feature_id"": null, ""config_key"": null, ""provenance_status"": ""PROVEN""}, {""name"": ""l_ref"", ""runtime_value"": 2374.98, ""source_class"": ""STATE_MEMORY"", ""source_name"": ""active_range.l_ref"", ""source_location"": ""process_candle:RANGE"", ""formula_id"": null, ""feature_id"": null, ""config_key"": null, ""provenance_status"": ""PROVEN""}]}, ""effective_config"": {""config_file_path"": ""configs/production/v2_multi_2026_04.json"", ""prod_version"": ""v2_multi_2026_04"", ""effective_crt_config"": {""body_ratio_min"": 0.65, ""atr_multiplier_min"": 1.0, ""retest_depth_max"": 0.15, ""atr_period"": 14, ""atr_buffer_multiplier"": 3, ""max_sweep_age_candles"": 20, ""expansion_atr_min_distance"": 0.3, ""retest_atr_depth_fraction"": 0.3, ""retest_min_depth_atr_fraction"": 0.1, ""risk_score_weights"": [0.35, 0.25, 0.2, 0.2], ""score_component_weights"": [0.35, 0.25, 0.2, 0.2], ""max_displacement_strength"": 2.0, ""score_decay_lambda"": 0.05, ""score_threshold"": 0.45, ""max_spread_pct"": 0.05, ""atr_min_displacement"": 1.2, ""confirmation_body_min"": 0.6, ""sl_atr_buffer"": 0.2, ""tp1_atr_multiplier"": 1.0, ""tp2_atr_multiplier"": 2.0, ""exit_model"": ""intrabar_touch"", ""breakout_disp_threshold"": 1.5, ""tp1_atr_multiplier_breakout"": 1.5, ""tp1_atr_multiplier_pullback"": 0.8, ""tp1_atr_multiplier_liq_sweep"": 1.2, ""tp1_atr_multiplier_reversal"": 1.0, ""bitnet_main_threshold"": 0.55, ""use_bitnet"": false, ""session_windows"": {""LONDON"": [""07:00:00"", ""10:00:00""], ""NEWYORK"": [""13:00:00"", ""16:00:00""], ""ASIA"": [""00:00:00"", ""03:00:00""]}, ""allowed_sessions"": [""LONDON"", ""NEWYORK"", ""OVERLAP""], ""retrace_reset_pct"": 0.5, ""extension_reset_fib"": 1.618, ""news_blackout_minutes"": 15, ""conf_alpha"": 0.7, ""conf_beta"": 0.3, ""conf_weights"": [0.35, 0.35, 0.15, 0.15], ""conf_floor"": 0.2, ""weak_link_weight"": 0.3, ""ema_fast"": 2, ""ema_slow"": 5, ""tier_1_threshold"": 0.75, ""tier_2_threshold"": 0.3, ""soft_conf_max_candles"": 3, ""pending_displacement_ttl_candles"": 4, ""max_expansion_age_candles"": 495, ""max_expansion_age_hours"": 124, ""expansion_age_warn_candles"": 342, ""shadow_age_penalty_lambda"": 0.0, ""shadow_age_norm_candles"": 0, ""shadow_advisory_only"": false, ""sizing_bands"": [[0.75, 0.01], [0.55, 0.005]]}, ""constructor_mapping"": ""BacktestConfig.from_prod_config → CRTConfig fields"", ""runtime_overrides"": {}, ""environment_overrides"": {""TRUST_INTRABAR_TOUCH"": null, ""BACKTEST_ENGINE_GATE"": ""1""}, ""post_construction_mutations"": [], ""note"": ""CRT process_candle does not consume the 38-dim FeaturePipeline vector for guards."", ""config_file_sha256"": ""9f8cb382b28cbd969e0a774e1381aa1e115326421729ca9810dd6772f311d8b4""}, ""state_transition"": {""state_before"": ""RANGE"", ""state_after"": ""RANGE"", ""state_changed"": false, ""persistent_state_snapshot_before"": {""current_state"": ""RANGE"", ""current_candle_index"": 9, ""atr"": 4.625555555555568, ""direction"": ""NONE"", ""ema_fast_val"": 2378.1121399176955, ""ema_slow_val"": 2380.675144032922, ""evaluating_soft_conf"": false, ""soft_conf_candles"": 0, ""cached_features"": {}, ""sweep_event"": null, ""active_range"": {""h_ref"": 2395.09, ""l_ref"": 2374.98, ""size"": 20.110000000000127, ""session"": ""UNKNOWN"", ""htf_candle_id"": ""XAUUSD-HTF-000021""}, ""displacement_candle_index"": null, ""retest_candle_index"": null, ""_displacement_entry_idx"": 0, ""_expansion_entry_idx"": 0, ""_came_from_shadow"": false, ""pending_displacement_ttl"": 0, ""active_trade"": null, ""transition_log_len"": 2}, ""persistent_state_snapshot_after"": {""current_state"": ""RANGE"", ""current_candle_index"": 10, ""atr"": 4.457999999999993, ""direction"": ""NONE"", ""ema_fast_val"": 2378.1707133058985, ""ema_slow_val"": 2379.850096021948, ""evaluating_soft_conf"": false, ""soft_conf_candles"": 0, ""cached_features"": {}, ""sweep_event"": null, ""active_range"": {""h_ref"": 2395.09, ""l_ref"": 2374.98, ""size"": 20.110000000000127, ""session"": ""UNKNOWN"", ""htf_candle_id"": ""XAUUSD-HTF-000021""}, ""displacement_candle_index"": null, ""retest_candle_index"": null, ""_displacement_entry_idx"": 0, ""_expansion_entry_idx"": 0, ""_came_from_shadow"": false, ""pending_displacement_ttl"": 0, ""active_trade"": null, ""transition_log_len"": 2}, ""guards_evaluated"": [{""evaluation_order"": 1, ""guard_id"": ""G_RANGE_SWEEP_DETECT"", ""guard_name"": ""detect_sweep"", ""source_location"": ""crt_engine_v2.CRTEngine.process_candle:RANGE"", ""from_state"": ""RANGE"", ""candidate_to_state"": ""SWEEP"", ""operands"": [{""name"": ""high"", ""runtime_value"": 2380.12, ""source_class"": ""RAW_OHLC"", ""source_name"": ""candle.high"", ""source_location"": ""process_candle:RANGE"", ""feature_id"": ""high"", ""formula_id"": null, ""config_key"": null, ""provenance_status"": ""PROVEN""}, {""name"": ""low"", ""runtime_value"": 2377.17, ""source_class"": ""RAW_OHLC"", ""source_name"": ""candle.low"", ""source_location"": ""process_candle:RANGE"", ""feature_id"": ""low"", ""formula_id"": null, ""config_key"": null, ""provenance_status"": ""PROVEN""}, {""name"": ""close"", ""runtime_value"": 2378.2, ""source_class"": ""RAW_OHLC"", ""source_name"": ""candle.close"", ""source_location"": ""process_candle:RANGE"", ""feature_id"": ""close"", ""formula_id"": null, ""config_key"": null, ""provenance_status"": ""PROVEN""}, {""name"": ""h_ref"", ""runtime_value"": 2395.09, ""source_class"": ""STATE_MEMORY"", ""source_name"": ""active_range.h_ref"", ""source_location"": ""process_candle:RANGE"", ""feature_id"": null, ""formula_id"": null, ""config_key"": null, ""provenance_status"": ""PROVEN""}, {""name"": ""l_ref"", ""runtime_value"": 2374.98, ""source_class"": ""STATE_MEMORY"", ""source_name"": ""active_range.l_ref"", ""source_location"": ""process_candle:RANGE"", ""feature_id"": null, ""formula_id"": null, ""config_key"": null, ""provenance_status"": ""PROVEN""}], ""operator"": ""RangeDetector.detect_sweep(...)"", ""thresholds"": [], ""result"": false, ""short_circuit_status"": ""NO_SWEEP"", ""failure_reason"": ""no_sweep_detected""}], ""selected_transition"": {""transition_selected"": false, ""from_state"": ""RANGE"", ""to_state"": ""RANGE"", ""selection_location"": ""CRTEngine.process_candle"", ""winning_guard_id"": null, ""selection_reason"": ""NONE""}, ""action"": {""candle"": ""2024-05-22T22:00:00"", ""candle_index"": 10, ""state"": ""RANGE"", ""action"": ""NONE"", ""state_after"": ""RANGE""}}, ""outputs"": {""returned_value"": {""candle"": ""2024-05-22T22:00:00"", ""candle_index"": 10, ""state"": ""RANGE"", ""action"": ""NONE"", ""state_after"": ""RANGE""}, ""events_emitted"": [], ""trade_output"": null, ""rejection"": null, ""diversion"": null, ""output_classification"": ""NO_OUTPUT""}, ""integrity"": {""trace_complete"": false, ""raw_bar_complete"": true, ""canonical_feature_complete"": false, ""canonical_feature_count"": 39, ""crt_input_provenance_complete"": true, ""effective_config_complete"": true, ""state_before_captured"": true, ""guards_complete"": true, ""state_after_captured"": true, ""outputs_complete"": true, ""missing_fields"": [""canonical_features""], ""unknown_provenance"": [], ""nonfinite_features"": [], ""exceptions"": [], ""warnings"": [], ""status"": ""PARTIAL"", ""evaluated_guard_count"": 1, ""true_guard_count"": 0}}"
"docs\governance\xauusd_crt_baseline_trace\xauusd_crt_baseline_trace_v1.jsonl","8","{""trace_identity"": {""trace_schema_version"": ""1.0.0"", ""run_id"": ""xauusd-crt-trace-20260731T184653Z-1f028143"", ""trace_sequence"": 7, ""symbol"": ""XAUUSD"", ""timeframe"": ""M15"", ""bar_index"": 86, ""timestamp"": ""2024-05-22 22:15:00"", ""corpus_path"": ""data/mt5/XAUUSD_M15.csv"", ""corpus_sha256"": ""4d73f5cebe33ec91c5312340337eb62c2cf1f49060c91c42761bf631b26aba56"", ""repository_commit"": ""b48d4d9a7abfb429f2a17c790d4b32083da5dd92"", ""dirty_worktree_status"": ""DIRTY"", ""production_config_path"": ""configs/production/v2_multi_2026_04.json"", ""production_config_sha256"": ""9f8cb382b28cbd969e0a774e1381aa1e115326421729ca9810dd6772f311d8b4"", ""config_id"": ""v2_multi_2026_04"", ""prod_version"": ""v2_multi_2026_04"", ""canonical_schema_hash"": ""c87a1aba7bc79803d04c680e0232389e"", ""feature_order_hash"": ""0edda573414f0a64""}, ""raw_bar"": {""timestamp"": ""2024-05-22 22:15:00"", ""open"": 2378.2, ""high"": 2379.65, ""low"": 2377.61, ""close"": 2379.38, ""volume"": 1723.0}, ""canonical_features"": {""feature_count"": 39, ""feature_names_in_canonical_order"": [""open"", ""high"", ""low"", ""close"", ""volume"", ""volume_ratio"", ""double_sweep"", ""ema_fast"", ""ema_slow"", ""ema_spread"", ""trend_bias"", ""trend_strength"", ""momentum_score"", ""atr"", ""volatility_ratio"", ""rsi_14"", ""macd_line"", ""macd_signal"", ""macd_hist_raw"", ""macd_hist_z"", ""sweep_detected"", ""liquidity_sweep"", ""break_of_structure"", ""swing_high"", ""swing_low"", ""higher_high"", ""lower_low"", ""body_size"", ""candle_range"", ""body_ratio"", ""volatility_regime"", ""session"", ""hour_of_day"", ""disp_strength"", ""retest_depth"", ""candles_since_retest"", ""liquidity_distance"", ""liquidity_pressure_score"", ""volume_spike""], ""values_by_name"": {""open"": 2378.199951171875, ""high"": 2379.64990234375, ""low"": 2377.610107421875, ""close"": 2379.3798828125, ""volume"": 1723.0, ""volume_ratio"": 0.6333394646644592, ""double_sweep"": 0.0, ""ema_fast"": 2382.133544921875, ""ema_slow"": 2388.308837890625, ""ema_spread"": -3706.435302734375, ""trend_bias"": -1.0, ""trend_strength"": -1.3858777284622192, ""momentum_score"": 708.2406616210938, ""atr"": 0.0016661003464832902, ""volatility_ratio"": 0.514594554901123, ""rsi_14"": 20.372093200683594, ""macd_line"": -6.720271110534668, ""macd_signal"": -6.248218536376953, ""macd_hist_raw"": -0.47205260396003723, ""macd_hist_z"": -0.12456472963094711, ""sweep_detected"": 0.0, ""liquidity_sweep"": 0.0, ""break_of_structure"": -1.0, ""swing_high"": 0.0, ""swing_low"": 1.0, ""higher_high"": 0.0, ""lower_low"": 1.0, ""body_size"": 1.1799999475479126, ""candle_range"": 2.0399999618530273, ""body_ratio"": 0.5784313678741455, ""volatility_regime"": 2.0, ""session"": 4.0, ""hour_of_day"": 22.0, ""disp_strength"": 0.29765763878822327, ""retest_depth"": 0.6945878863334656, ""candles_since_retest"": 8.0, ""liquidity_distance"": 2.5502700805664062, ""liquidity_pressure_score"": 0.2793932259082794, ""volume_spike"": 0.0}, ""values_in_canonical_order"": [2378.199951171875, 2379.64990234375, 2377.610107421875, 2379.3798828125, 1723.0, 0.6333394646644592, 0.0, 2382.133544921875, 2388.308837890625, -3706.435302734375, -1.0, -1.3858777284622192, 708.2406616210938, 0.0016661003464832902, 0.514594554901123, 20.372093200683594, -6.720271110534668, -6.248218536376953, -0.47205260396003723, -0.12456472963094711, 0.0, 0.0, -1.0, 0.0, 1.0, 0.0, 1.0, 1.1799999475479126, 2.0399999618530273, 0.5784313678741455, 2.0, 4.0, 22.0, 0.29765763878822327, 0.6945878863334656, 8.0, 2.5502700805664062, 0.2793932259082794, 0.0], ""schema_hash"": ""c87a1aba7bc79803d04c680e0232389e"", ""feature_order_hash"": ""0edda573414f0a64"", ""feature_vector_index"": 7, ""lookup_miss"": false}, ""crt_inputs"": {""inputs"": [{""name"": ""high"", ""runtime_value"": 2379.65, ""source_class"": ""RAW_OHLC"", ""source_name"": ""candle.high"", ""source_location"": ""process_candle:RANGE"", ""formula_id"": null, ""feature_id"": ""high"", ""config_key"": null, ""provenance_status"": ""PROVEN""}, {""name"": ""low"", ""runtime_value"": 2377.61, ""source_class"": ""RAW_OHLC"", ""source_name"": ""candle.low"", ""source_location"": ""process_candle:RANGE"", ""formula_id"": null, ""feature_id"": ""low"", ""config_key"": null, ""provenance_status"": ""PROVEN""}, {""name"": ""close"", ""runtime_value"": 2379.38, ""source_class"": ""RAW_OHLC"", ""source_name"": ""candle.close"", ""source_location"": ""process_candle:RANGE"", ""formula_id"": null, ""feature_id"": ""close"", ""config_key"": null, ""provenance_status"": ""PROVEN""}, {""name"": ""h_ref"", ""runtime_value"": 2395.09, ""source_class"": ""STATE_MEMORY"", ""source_name"": ""active_range.h_ref"", ""source_location"": ""process_candle:RANGE"", ""formula_id"": null, ""feature_id"": null, ""config_key"": null, ""provenance_status"": ""PROVEN""}, {""name"": ""l_ref"", ""runtime_value"": 2374.98, ""source_class"": ""STATE_MEMORY"", ""source_name"": ""active_range.l_ref"", ""source_location"": ""process_candle:RANGE"", ""formula_id"": null, ""feature_id"": null, ""config_key"": null, ""provenance_status"": ""PROVEN""}]}, ""effective_config"": {""config_file_path"": ""configs/production/v2_multi_2026_04.json"", ""prod_version"": ""v2_multi_2026_04"", ""effective_crt_config"": {""body_ratio_min"": 0.65, ""atr_multiplier_min"": 1.0, ""retest_depth_max"": 0.15, ""atr_period"": 14, ""atr_buffer_multiplier"": 3, ""max_sweep_age_candles"": 20, ""expansion_atr_min_distance"": 0.3, ""retest_atr_depth_fraction"": 0.3, ""retest_min_depth_atr_fraction"": 0.1, ""risk_score_weights"": [0.35, 0.25, 0.2, 0.2], ""score_component_weights"": [0.35, 0.25, 0.2, 0.2], ""max_displacement_strength"": 2.0, ""score_decay_lambda"": 0.05, ""score_threshold"": 0.45, ""max_spread_pct"": 0.05, ""atr_min_displacement"": 1.2, ""confirmation_body_min"": 0.6, ""sl_atr_buffer"": 0.2, ""tp1_atr_multiplier"": 1.0, ""tp2_atr_multiplier"": 2.0, ""exit_model"": ""intrabar_touch"", ""breakout_disp_threshold"": 1.5, ""tp1_atr_multiplier_breakout"": 1.5, ""tp1_atr_multiplier_pullback"": 0.8, ""tp1_atr_multiplier_liq_sweep"": 1.2, ""tp1_atr_multiplier_reversal"": 1.0, ""bitnet_main_threshold"": 0.55, ""use_bitnet"": false, ""session_windows"": {""LONDON"": [""07:00:00"", ""10:00:00""], ""NEWYORK"": [""13:00:00"", ""16:00:00""], ""ASIA"": [""00:00:00"", ""03:00:00""]}, ""allowed_sessions"": [""LONDON"", ""NEWYORK"", ""OVERLAP""], ""retrace_reset_pct"": 0.5, ""extension_reset_fib"": 1.618, ""news_blackout_minutes"": 15, ""conf_alpha"": 0.7, ""conf_beta"": 0.3, ""conf_weights"": [0.35, 0.35, 0.15, 0.15], ""conf_floor"": 0.2, ""weak_link_weight"": 0.3, ""ema_fast"": 2, ""ema_slow"": 5, ""tier_1_threshold"": 0.75, ""tier_2_threshold"": 0.3, ""soft_conf_max_candles"": 3, ""pending_displacement_ttl_candles"": 4, ""max_expansion_age_candles"": 495, ""max_expansion_age_hours"": 124, ""expansion_age_warn_candles"": 342, ""shadow_age_penalty_lambda"": 0.0, ""shadow_age_norm_candles"": 0, ""shadow_advisory_only"": false, ""sizing_bands"": [[0.75, 0.01], [0.55, 0.005]]}, ""constructor_mapping"": ""BacktestConfig.from_prod_config → CRTConfig fields"", ""runtime_overrides"": {}, ""environment_overrides"": {""TRUST_INTRABAR_TOUCH"": null, ""BACKTEST_ENGINE_GATE"": ""1""}, ""post_construction_mutations"": [], ""note"": ""CRT process_candle does not consume the 38-dim FeaturePipeline vector for guards."", ""config_file_sha256"": ""9f8cb382b28cbd969e0a774e1381aa1e115326421729ca9810dd6772f311d8b4""}, ""state_transition"": {""state_before"": ""RANGE"", ""state_after"": ""RANGE"", ""state_changed"": false, ""persistent_state_snapshot_before"": {""current_state"": ""RANGE"", ""current_candle_index"": 10, ""atr"": 4.457999999999993, ""direction"": ""NONE"", ""ema_fast_val"": 2378.1707133058985, ""ema_slow_val"": 2379.850096021948, ""evaluating_soft_conf"": false, ""soft_conf_candles"": 0, ""cached_features"": {}, ""sweep_event"": null, ""active_range"": {""h_ref"": 2395.09, ""l_ref"": 2374.98, ""size"": 20.110000000000127, ""session"": ""UNKNOWN"", ""htf_candle_id"": ""XAUUSD-HTF-000021""}, ""displacement_candle_index"": null, ""retest_candle_index"": null, ""_displacement_entry_idx"": 0, ""_expansion_entry_idx"": 0, ""_came_from_shadow"": false, ""pending_displacement_ttl"": 0, ""active_trade"": null, ""transition_log_len"": 2}, ""persistent_state_snapshot_after"": {""current_state"": ""RANGE"", ""current_candle_index"": 11, ""atr"": 4.2381818181818085, ""direction"": ""NONE"", ""ema_fast_val"": 2378.9769044352997, ""ema_slow_val"": 2379.6933973479654, ""evaluating_soft_conf"": false, ""soft_conf_candles"": 0, ""cached_features"": {}, ""sweep_event"": null, ""active_range"": {""h_ref"": 2395.09, ""l_ref"": 2374.98, ""size"": 20.110000000000127, ""session"": ""UNKNOWN"", ""htf_candle_id"": ""XAUUSD-HTF-000021""}, ""displacement_candle_index"": null, ""retest_candle_index"": null, ""_displacement_entry_idx"": 0, ""_expansion_entry_idx"": 0, ""_came_from_shadow"": false, ""pending_displacement_ttl"": 0, ""active_trade"": null, ""transition_log_len"": 2}, ""guards_evaluated"": [{""evaluation_order"": 1, ""guard_id"": ""G_RANGE_SWEEP_DETECT"", ""guard_name"": ""detect_sweep"", ""source_location"": ""crt_engine_v2.CRTEngine.process_candle:RANGE"", ""from_state"": ""RANGE"", ""candidate_to_state"": ""SWEEP"", ""operands"": [{""name"": ""high"", ""runtime_value"": 2379.65, ""source_class"": ""RAW_OHLC"", ""source_name"": ""candle.high"", ""source_location"": ""process_candle:RANGE"", ""feature_id"": ""high"", ""formula_id"": null, ""config_key"": null, ""provenance_status"": ""PROVEN""}, {""name"": ""low"", ""runtime_value"": 2377.61, ""source_class"": ""RAW_OHLC"", ""source_name"": ""candle.low"", ""source_location"": ""process_candle:RANGE"", ""feature_id"": ""low"", ""formula_id"": null, ""config_key"": null, ""provenance_status"": ""PROVEN""}, {""name"": ""close"", ""runtime_value"": 2379.38, ""source_class"": ""RAW_OHLC"", ""source_name"": ""candle.close"", ""source_location"": ""process_candle:RANGE"", ""feature_id"": ""close"", ""formula_id"": null, ""config_key"": null, ""provenance_status"": ""PROVEN""}, {""name"": ""h_ref"", ""runtime_value"": 2395.09, ""source_class"": ""STATE_MEMORY"", ""source_name"": ""active_range.h_ref"", ""source_location"": ""process_candle:RANGE"", ""feature_id"": null, ""formula_id"": null, ""config_key"": null, ""provenance_status"": ""PROVEN""}, {""name"": ""l_ref"", ""runtime_value"": 2374.98, ""source_class"": ""STATE_MEMORY"", ""source_name"": ""active_range.l_ref"", ""source_location"": ""process_candle:RANGE"", ""feature_id"": null, ""formula_id"": null, ""config_key"": null, ""provenance_status"": ""PROVEN""}], ""operator"": ""RangeDetector.detect_sweep(...)"", ""thresholds"": [], ""result"": false, ""short_circuit_status"": ""NO_SWEEP"", ""failure_reason"": ""no_sweep_detected""}], ""selected_transition"": {""transition_selected"": false, ""from_state"": ""RANGE"", ""to_state"": ""RANGE"", ""selection_location"": ""CRTEngine.process_candle"", ""winning_guard_id"": null, ""selection_reason"": ""NONE""}, ""action"": {""candle"": ""2024-05-22T22:15:00"", ""candle_index"": 11, ""state"": ""RANGE"", ""action"": ""NONE"", ""state_after"": ""RANGE""}}, ""outputs"": {""returned_value"": {""candle"": ""2024-05-22T22:15:00"", ""candle_index"": 11, ""state"": ""RANGE"", ""action"": ""NONE"", ""state_after"": ""RANGE""}, ""events_emitted"": [], ""trade_output"": null, ""rejection"": null, ""diversion"": null, ""output_classification"": ""NO_OUTPUT""}, ""integrity"": {""trace_complete"": false, ""raw_bar_complete"": true, ""canonical_feature_complete"": false, ""canonical_feature_count"": 39, ""crt_input_provenance_complete"": true, ""effective_config_complete"": true, ""state_before_captured"": true, ""guards_complete"": true, ""state_after_captured"": true, ""outputs_complete"": true, ""missing_fields"": [""canonical_features""], ""unknown_provenance"": [], ""nonfinite_features"": [], ""exceptions"": [], ""warnings"": [], ""status"": ""PARTIAL"", ""evaluated_guard_count"": 1, ""true_guard_count"": 0}}"
"docs\governance\xauusd_crt_baseline_trace\xauusd_crt_baseline_trace_v1.jsonl","9","{""trace_identity"": {""trace_schema_version"": ""1.0.0"", ""run_id"": ""xauusd-crt-trace-20260731T184653Z-1f028143"", ""trace_sequence"": 8, ""symbol"": ""XAUUSD"", ""timeframe"": ""M15"", ""bar_index"": 87, ""timestamp"": ""2024-05-22 22:30:00"", ""corpus_path"": ""data/mt5/XAUUSD_M15.csv"", ""corpus_sha256"": ""4d73f5cebe33ec91c5312340337eb62c2cf1f49060c91c42761bf631b26aba56"", ""repository_commit"": ""b48d4d9a7abfb429f2a17c790d4b32083da5dd92"", ""dirty_worktree_status"": ""DIRTY"", ""production_config_path"": ""configs/production/v2_multi_2026_04.json"", ""production_config_sha256"": ""9f8cb382b28cbd969e0a774e1381aa1e115326421729ca9810dd6772f311d8b4"", ""config_id"": ""v2_multi_2026_04"", ""prod_version"": ""v2_multi_2026_04"", ""canonical_schema_hash"": ""c87a1aba7bc79803d04c680e0232389e"", ""feature_order_hash"": ""0edda573414f0a64""}, ""raw_bar"": {""timestamp"": ""2024-05-22 22:30:00"", ""open"": 2379.38, ""high"": 2379.66, ""low"": 2376.87, ""close"": 2377.33, ""volume"": 1406.0}, ""canonical_features"": {""feature_count"": 39, ""feature_names_in_canonical_order"": [""open"", ""high"", ""low"", ""close"", ""volume"", ""volume_ratio"", ""double_sweep"", ""ema_fast"", ""ema_slow"", ""ema_spread"", ""trend_bias"", ""trend_strength"", ""momentum_score"", ""atr"", ""volatility_ratio"", ""rsi_14"", ""macd_line"", ""macd_signal"", ""macd_hist_raw"", ""macd_hist_z"", ""sweep_detected"", ""liquidity_sweep"", ""break_of_structure"", ""swing_high"", ""swing_low"", ""higher_high"", ""lower_low"", ""body_size"", ""candle_range"", ""body_ratio"", ""volatility_regime"", ""session"", ""hour_of_day"", ""disp_strength"", ""retest_depth"", ""candles_since_retest"", ""liquidity_distance"", ""liquidity_pressure_score"", ""volume_spike""], ""values_by_name"": {""open"": 2379.3798828125, ""high"": 2379.659912109375, ""low"": 2376.8701171875, ""close"": 2377.330078125, ""volume"": 1406.0, ""volume_ratio"": 0.5496804118156433, ""double_sweep"": 0.0, ""ema_fast"": 2381.1728515625, ""ema_slow"": 2387.310791015625, ""ema_spread"": -3721.747314453125, ""trend_bias"": -1.0, ""trend_strength"": -1.2735111713409424, ""momentum_score"": -1243.0201416015625, ""atr"": 0.001649209065362811, ""volatility_ratio"": 0.7116050720214844, ""rsi_14"": 16.832971572875977, ""macd_line"": -6.7376813888549805, ""macd_signal"": -6.346111297607422, ""macd_hist_raw"": -0.3915700912475586, ""macd_hist_z"": -0.008541340008378029, ""sweep_detected"": 0.0, ""liquidity_sweep"": 0.0, ""break_of_structure"": 0.0, ""swing_high"": 0.0, ""swing_low"": 0.0, ""higher_high"": 0.0, ""lower_low"": 0.0, ""body_size"": 2.049999952316284, ""candle_range"": 2.7899999618530273, ""body_ratio"": 0.7347670197486877, ""volatility_regime"": 2.0, ""session"": 4.0, ""hour_of_day"": 22.0, ""disp_strength"": 0.5228639245033264, ""retest_depth"": 0.9801406860351562, ""candles_since_retest"": 9.0, ""liquidity_distance"": 0.599380612373352, ""liquidity_pressure_score"": 0.7410476803779602, ""volume_spike"": 0.0}, ""values_in_canonical_order"": [2379.3798828125, 2379.659912109375, 2376.8701171875, 2377.330078125, 1406.0, 0.5496804118156433, 0.0, 2381.1728515625, 2387.310791015625, -3721.747314453125, -1.0, -1.2735111713409424, -1243.0201416015625, 0.001649209065362811, 0.7116050720214844, 16.832971572875977, -6.7376813888549805, -6.346111297607422, -0.3915700912475586, -0.008541340008378029, 0.0, 0.0, 0.0, 0.0, 0.0, 0.0, 0.0, 2.049999952316284, 2.7899999618530273, 0.7347670197486877, 2.0, 4.0, 22.0, 0.5228639245033264, 0.9801406860351562, 9.0, 0.599380612373352, 0.7410476803779602, 0.0], ""schema_hash"": ""c87a1aba7bc79803d04c680e0232389e"", ""feature_order_hash"": ""0edda573414f0a64"", ""feature_vector_index"": 8, ""lookup_miss"": false}, ""crt_inputs"": {""inputs"": [{""name"": ""high"", ""runtime_value"": 2379.66, ""source_class"": ""RAW_OHLC"", ""source_name"": ""candle.high"", ""source_location"": ""process_candle:RANGE"", ""formula_id"": null, ""feature_id"": ""high"", ""config_key"": null, ""provenance_status"": ""PROVEN""}, {""name"": ""low"", ""runtime_value"": 2376.87, ""source_class"": ""RAW_OHLC"", ""source_name"": ""candle.low"", ""source_location"": ""process_candle:RANGE"", ""formula_id"": null, ""feature_id"": ""low"", ""config_key"": null, ""provenance_status"": ""PROVEN""}, {""name"": ""close"", ""runtime_value"": 2377.33, ""source_class"": ""RAW_OHLC"", ""source_name"": ""candle.close"", ""source_location"": ""process_candle:RANGE"", ""formula_id"": null, ""feature_id"": ""close"", ""config_key"": null, ""provenance_status"": ""PROVEN""}, {""name"": ""h_ref"", ""runtime_value"": 2395.09, ""source_class"": ""STATE_MEMORY"", ""source_name"": ""active_range.h_ref"", ""source_location"": ""process_candle:RANGE"", ""formula_id"": null, ""feature_id"": null, ""config_key"": null, ""provenance_status"": ""PROVEN""}, {""name"": ""l_ref"", ""runtime_value"": 2374.98, ""source_class"": ""STATE_MEMORY"", ""source_name"": ""active_range.l_ref"", ""source_location"": ""process_candle:RANGE"", ""formula_id"": null, ""feature_id"": null, ""config_key"": null, ""provenance_status"": ""PROVEN""}]}, ""effective_config"": {""config_file_path"": ""configs/production/v2_multi_2026_04.json"", ""prod_version"": ""v2_multi_2026_04"", ""effective_crt_config"": {""body_ratio_min"": 0.65, ""atr_multiplier_min"": 1.0, ""retest_depth_max"": 0.15, ""atr_period"": 14, ""atr_buffer_multiplier"": 3, ""max_sweep_age_candles"": 20, ""expansion_atr_min_distance"": 0.3, ""retest_atr_depth_fraction"": 0.3, ""retest_min_depth_atr_fraction"": 0.1, ""risk_score_weights"": [0.35, 0.25, 0.2, 0.2], ""score_component_weights"": [0.35, 0.25, 0.2, 0.2], ""max_displacement_strength"": 2.0, ""score_decay_lambda"": 0.05, ""score_threshold"": 0.45, ""max_spread_pct"": 0.05, ""atr_min_displacement"": 1.2, ""confirmation_body_min"": 0.6, ""sl_atr_buffer"": 0.2, ""tp1_atr_multiplier"": 1.0, ""tp2_atr_multiplier"": 2.0, ""exit_model"": ""intrabar_touch"", ""breakout_disp_threshold"": 1.5, ""tp1_atr_multiplier_breakout"": 1.5, ""tp1_atr_multiplier_pullback"": 0.8, ""tp1_atr_multiplier_liq_sweep"": 1.2, ""tp1_atr_multiplier_reversal"": 1.0, ""bitnet_main_threshold"": 0.55, ""use_bitnet"": false, ""session_windows"": {""LONDON"": [""07:00:00"", ""10:00:00""], ""NEWYORK"": [""13:00:00"", ""16:00:00""], ""ASIA"": [""00:00:00"", ""03:00:00""]}, ""allowed_sessions"": [""LONDON"", ""NEWYORK"", ""OVERLAP""], ""retrace_reset_pct"": 0.5, ""extension_reset_fib"": 1.618, ""news_blackout_minutes"": 15, ""conf_alpha"": 0.7, ""conf_beta"": 0.3, ""conf_weights"": [0.35, 0.35, 0.15, 0.15], ""conf_floor"": 0.2, ""weak_link_weight"": 0.3, ""ema_fast"": 2, ""ema_slow"": 5, ""tier_1_threshold"": 0.75, ""tier_2_threshold"": 0.3, ""soft_conf_max_candles"": 3, ""pending_displacement_ttl_candles"": 4, ""max_expansion_age_candles"": 495, ""max_expansion_age_hours"": 124, ""expansion_age_warn_candles"": 342, ""shadow_age_penalty_lambda"": 0.0, ""shadow_age_norm_candles"": 0, ""shadow_advisory_only"": false, ""sizing_bands"": [[0.75, 0.01], [0.55, 0.005]]}, ""constructor_mapping"": ""BacktestConfig.from_prod_config → CRTConfig fields"", ""runtime_overrides"": {}, ""environment_overrides"": {""TRUST_INTRABAR_TOUCH"": null, ""BACKTEST_ENGINE_GATE"": ""1""}, ""post_construction_mutations"": [], ""note"": ""CRT process_candle does not consume the 38-dim FeaturePipeline vector for guards."", ""config_file_sha256"": ""9f8cb382b28cbd969e0a774e1381aa1e115326421729ca9810dd6772f311d8b4""}, ""state_transition"": {""state_before"": ""RANGE"", ""state_after"": ""RANGE"", ""state_changed"": false, ""persistent_state_snapshot_before"": {""current_state"": ""RANGE"", ""current_candle_index"": 11, ""atr"": 4.2381818181818085, ""direction"": ""NONE"", ""ema_fast_val"": 2378.9769044352997, ""ema_slow_val"": 2379.6933973479654, ""evaluating_soft_conf"": false, ""soft_conf_candles"": 0, ""cached_features"": {}, ""sweep_event"": null, ""active_range"": {""h_ref"": 2395.09, ""l_ref"": 2374.98, ""size"": 20.110000000000127, ""session"": ""UNKNOWN"", ""htf_candle_id"": ""XAUUSD-HTF-000021""}, ""displacement_candle_index"": null, ""retest_candle_index"": null, ""_displacement_entry_idx"": 0, ""_expansion_entry_idx"": 0, ""_came_from_shadow"": false, ""pending_displacement_ttl"": 0, ""active_trade"": null, ""transition_log_len"": 2}, ""persistent_state_snapshot_after"": {""current_state"": ""RANGE"", ""current_candle_index"": 12, ""atr"": 4.117499999999988, ""direction"": ""NONE"", ""ema_fast_val"": 2377.8789681451, ""ema_slow_val"": 2378.905598231977, ""evaluating_soft_conf"": false, ""soft_conf_candles"": 0, ""cached_features"": {}, ""sweep_event"": null, ""active_range"": {""h_ref"": 2395.09, ""l_ref"": 2374.98, ""size"": 20.110000000000127, ""session"": ""UNKNOWN"", ""htf_candle_id"": ""XAUUSD-HTF-000021""}, ""displacement_candle_index"": null, ""retest_candle_index"": null, ""_displacement_entry_idx"": 0, ""_expansion_entry_idx"": 0, ""_came_from_shadow"": false, ""pending_displacement_ttl"": 0, ""active_trade"": null, ""transition_log_len"": 2}, ""guards_evaluated"": [{""evaluation_order"": 1, ""guard_id"": ""G_RANGE_SWEEP_DETECT"", ""guard_name"": ""detect_sweep"", ""source_location"": ""crt_engine_v2.CRTEngine.process_candle:RANGE"", ""from_state"": ""RANGE"", ""candidate_to_state"": ""SWEEP"", ""operands"": [{""name"": ""high"", ""runtime_value"": 2379.66, ""source_class"": ""RAW_OHLC"", ""source_name"": ""candle.high"", ""source_location"": ""process_candle:RANGE"", ""feature_id"": ""high"", ""formula_id"": null, ""config_key"": null, ""provenance_status"": ""PROVEN""}, {""name"": ""low"", ""runtime_value"": 2376.87, ""source_class"": ""RAW_OHLC"", ""source_name"": ""candle.low"", ""source_location"": ""process_candle:RANGE"", ""feature_id"": ""low"", ""formula_id"": null, ""config_key"": null, ""provenance_status"": ""PROVEN""}, {""name"": ""close"", ""runtime_value"": 2377.33, ""source_class"": ""RAW_OHLC"", ""source_name"": ""candle.close"", ""source_location"": ""process_candle:RANGE"", ""feature_id"": ""close"", ""formula_id"": null, ""config_key"": null, ""provenance_status"": ""PROVEN""}, {""name"": ""h_ref"", ""runtime_value"": 2395.09, ""source_class"": ""STATE_MEMORY"", ""source_name"": ""active_range.h_ref"", ""source_location"": ""process_candle:RANGE"", ""feature_id"": null, ""formula_id"": null, ""config_key"": null, ""provenance_status"": ""PROVEN""}, {""name"": ""l_ref"", ""runtime_value"": 2374.98, ""source_class"": ""STATE_MEMORY"", ""source_name"": ""active_range.l_ref"", ""source_location"": ""process_candle:RANGE"", ""feature_id"": null, ""formula_id"": null, ""config_key"": null, ""provenance_status"": ""PROVEN""}], ""operator"": ""RangeDetector.detect_sweep(...)"", ""thresholds"": [], ""result"": false, ""short_circuit_status"": ""NO_SWEEP"", ""failure_reason"": ""no_sweep_detected""}], ""selected_transition"": {""transition_selected"": false, ""from_state"": ""RANGE"", ""to_state"": ""RANGE"", ""selection_location"": ""CRTEngine.process_candle"", ""winning_guard_id"": null, ""selection_reason"": ""NONE""}, ""action"": {""candle"": ""2024-05-22T22:30:00"", ""candle_index"": 12, ""state"": ""RANGE"", ""action"": ""NONE"", ""state_after"": ""RANGE""}}, ""outputs"": {""returned_value"": {""candle"": ""2024-05-22T22:30:00"", ""candle_index"": 12, ""state"": ""RANGE"", ""action"": ""NONE"", ""state_after"": ""RANGE""}, ""events_emitted"": [], ""trade_output"": null, ""rejection"": null, ""diversion"": null, ""output_classification"": ""NO_OUTPUT""}, ""integrity"": {""trace_complete"": false, ""raw_bar_complete"": true, ""canonical_feature_complete"": false, ""canonical_feature_count"": 39, ""crt_input_provenance_complete"": true, ""effective_config_complete"": true, ""state_before_captured"": true, ""guards_complete"": true, ""state_after_captured"": true, ""outputs_complete"": true, ""missing_fields"": [""canonical_features""], ""unknown_provenance"": [], ""nonfinite_features"": [], ""exceptions"": [], ""warnings"": [], ""status"": ""PARTIAL"", ""evaluated_guard_count"": 1, ""true_guard_count"": 0}}"
"docs\governance\xauusd_crt_baseline_trace\xauusd_crt_baseline_trace_v1.jsonl","10","{""trace_identity"": {""trace_schema_version"": ""1.0.0"", ""run_id"": ""xauusd-crt-trace-20260731T184653Z-1f028143"", ""trace_sequence"": 9, ""symbol"": ""XAUUSD"", ""timeframe"": ""M15"", ""bar_index"": 88, ""timestamp"": ""2024-05-22 22:45:00"", ""corpus_path"": ""data/mt5/XAUUSD_M15.csv"", ""corpus_sha256"": ""4d73f5cebe33ec91c5312340337eb62c2cf1f49060c91c42761bf631b26aba56"", ""repository_commit"": ""b48d4d9a7abfb429f2a17c790d4b32083da5dd92"", ""dirty_worktree_status"": ""DIRTY"", ""production_config_path"": ""configs/production/v2_multi_2026_04.json"", ""production_config_sha256"": ""9f8cb382b28cbd969e0a774e1381aa1e115326421729ca9810dd6772f311d8b4"", ""config_id"": ""v2_multi_2026_04"", ""prod_version"": ""v2_multi_2026_04"", ""canonical_schema_hash"": ""c87a1aba7bc79803d04c680e0232389e"", ""feature_order_hash"": ""0edda573414f0a64""}, ""raw_bar"": {""timestamp"": ""2024-05-22 22:45:00"", ""open"": 2377.33, ""high"": 2379.83, ""low"": 2377.33, ""close"": 2379.37, ""volume"": 1590.0}, ""canonical_features"": {""feature_count"": 39, ""feature_names_in_canonical_order"": [""open"", ""high"", ""low"", ""close"", ""volume"", ""volume_ratio"", ""double_sweep"", ""ema_fast"", ""ema_slow"", ""ema_spread"", ""trend_bias"", ""trend_strength"", ""momentum_score"", ""atr"", ""volatility_ratio"", ""rsi_14"", ""macd_line"", ""macd_signal"", ""macd_hist_raw"", ""macd_hist_z"", ""sweep_detected"", ""liquidity_sweep"", ""break_of_structure"", ""swing_high"", ""swing_low"", ""higher_high"", ""lower_low"", ""body_size"", ""candle_range"", ""body_ratio"", ""volatility_regime"", ""session"", ""hour_of_day"", ""disp_strength"", ""retest_depth"", ""candles_since_retest"", ""liquidity_distance"", ""liquidity_pressure_score"", ""volume_spike""], ""values_by_name"": {""open"": 2377.330078125, ""high"": 2379.830078125, ""low"": 2377.330078125, ""close"": 2379.3701171875, ""volume"": 1590.0, ""volume_ratio"": 0.6557106375694275, ""double_sweep"": 0.0, ""ema_fast"": 2380.812255859375, ""ema_slow"": 2386.5888671875, ""ema_spread"": -3546.364501953125, ""trend_bias"": -1.0, ""trend_strength"": -1.068108081817627, ""momentum_score"": 1252.392333984375, ""atr"": 0.0016288826009258628, ""volatility_ratio"": 0.645042359828949, ""rsi_14"": 24.513458251953125, ""macd_line"": -6.511804103851318, ""macd_signal"": -6.379249572753906, ""macd_hist_raw"": -0.13255417346954346, ""macd_hist_z"": 0.3152061104774475, ""sweep_detected"": 0.0, ""liquidity_sweep"": 0.0, ""break_of_structure"": 0.0, ""swing_high"": 0.0, ""swing_low"": 0.0, ""higher_high"": 0.0, ""lower_low"": 0.0, ""body_size"": 2.0399999618530273, ""candle_range"": 2.5, ""body_ratio"": 0.8159999847412109, ""volatility_regime"": 2.0, ""session"": 4.0, ""hour_of_day"": 22.0, ""disp_strength"": 0.5263545513153076, ""retest_depth"": 0.0, ""candles_since_retest"": 10.0, ""liquidity_distance"": 1.1326943635940552, ""liquidity_pressure_score"": 0.5675950050354004, ""volume_spike"": 0.0}, ""values_in_canonical_order"": [2377.330078125, 2379.830078125, 2377.330078125, 2379.3701171875, 1590.0, 0.6557106375694275, 0.0, 2380.812255859375, 2386.5888671875, -3546.364501953125, -1.0, -1.068108081817627, 1252.392333984375, 0.0016288826009258628, 0.645042359828949, 24.513458251953125, -6.511804103851318, -6.379249572753906, -0.13255417346954346, 0.3152061104774475, 0.0, 0.0, 0.0, 0.0, 0.0, 0.0, 0.0, 2.0399999618530273, 2.5, 0.8159999847412109, 2.0, 4.0, 22.0, 0.5263545513153076, 0.0, 10.0, 1.1326943635940552, 0.5675950050354004, 0.0], ""schema_hash"": ""c87a1aba7bc79803d04c680e0232389e"", ""feature_order_hash"": ""0edda573414f0a64"", ""feature_vector_index"": 9, ""lookup_miss"": false}, ""crt_inputs"": {""inputs"": [{""name"": ""high"", ""runtime_value"": 2379.83, ""source_class"": ""RAW_OHLC"", ""source_name"": ""candle.high"", ""source_location"": ""process_candle:RANGE"", ""formula_id"": null, ""feature_id"": ""high"", ""config_key"": null, ""provenance_status"": ""PROVEN""}, {""name"": ""low"", ""runtime_value"": 2377.33, ""source_class"": ""RAW_OHLC"", ""source_name"": ""candle.low"", ""source_location"": ""process_candle:RANGE"", ""formula_id"": null, ""feature_id"": ""low"", ""config_key"": null, ""provenance_status"": ""PROVEN""}, {""name"": ""close"", ""runtime_value"": 2379.37, ""source_class"": ""RAW_OHLC"", ""source_name"": ""candle.close"", ""source_location"": ""process_candle:RANGE"", ""formula_id"": null, ""feature_id"": ""close"", ""config_key"": null, ""provenance_status"": ""PROVEN""}, {""name"": ""h_ref"", ""runtime_value"": 2395.09, ""source_class"": ""STATE_MEMORY"", ""source_name"": ""active_range.h_ref"", ""source_location"": ""process_candle:RANGE"", ""formula_id"": null, ""feature_id"": null, ""config_key"": null, ""provenance_status"": ""PROVEN""}, {""name"": ""l_ref"", ""runtime_value"": 2374.98, ""source_class"": ""STATE_MEMORY"", ""source_name"": ""active_range.l_ref"", ""source_location"": ""process_candle:RANGE"", ""formula_id"": null, ""feature_id"": null, ""config_key"": null, ""provenance_status"": ""PROVEN""}]}, ""effective_config"": {""config_file_path"": ""configs/production/v2_multi_2026_04.json"", ""prod_version"": ""v2_multi_2026_04"", ""effective_crt_config"": {""body_ratio_min"": 0.65, ""atr_multiplier_min"": 1.0, ""retest_depth_max"": 0.15, ""atr_period"": 14, ""atr_buffer_multiplier"": 3, ""max_sweep_age_candles"": 20, ""expansion_atr_min_distance"": 0.3, ""retest_atr_depth_fraction"": 0.3, ""retest_min_depth_atr_fraction"": 0.1, ""risk_score_weights"": [0.35, 0.25, 0.2, 0.2], ""score_component_weights"": [0.35, 0.25, 0.2, 0.2], ""max_displacement_strength"": 2.0, ""score_decay_lambda"": 0.05, ""score_threshold"": 0.45, ""max_spread_pct"": 0.05, ""atr_min_displacement"": 1.2, ""confirmation_body_min"": 0.6, ""sl_atr_buffer"": 0.2, ""tp1_atr_multiplier"": 1.0, ""tp2_atr_multiplier"": 2.0, ""exit_model"": ""intrabar_touch"", ""breakout_disp_threshold"": 1.5, ""tp1_atr_multiplier_breakout"": 1.5, ""tp1_atr_multiplier_pullback"": 0.8, ""tp1_atr_multiplier_liq_sweep"": 1.2, ""tp1_atr_multiplier_reversal"": 1.0, ""bitnet_main_threshold"": 0.55, ""use_bitnet"": false, ""session_windows"": {""LONDON"": [""07:00:00"", ""10:00:00""], ""NEWYORK"": [""13:00:00"", ""16:00:00""], ""ASIA"": [""00:00:00"", ""03:00:00""]}, ""allowed_sessions"": [""LONDON"", ""NEWYORK"", ""OVERLAP""], ""retrace_reset_pct"": 0.5, ""extension_reset_fib"": 1.618, ""news_blackout_minutes"": 15, ""conf_alpha"": 0.7, ""conf_beta"": 0.3, ""conf_weights"": [0.35, 0.35, 0.15, 0.15], ""conf_floor"": 0.2, ""weak_link_weight"": 0.3, ""ema_fast"": 2, ""ema_slow"": 5, ""tier_1_threshold"": 0.75, ""tier_2_threshold"": 0.3, ""soft_conf_max_candles"": 3, ""pending_displacement_ttl_candles"": 4, ""max_expansion_age_candles"": 495, ""max_expansion_age_hours"": 124, ""expansion_age_warn_candles"": 342, ""shadow_age_penalty_lambda"": 0.0, ""shadow_age_norm_candles"": 0, ""shadow_advisory_only"": false, ""sizing_bands"": [[0.75, 0.01], [0.55, 0.005]]}, ""constructor_mapping"": ""BacktestConfig.from_prod_config → CRTConfig fields"", ""runtime_overrides"": {}, ""environment_overrides"": {""TRUST_INTRABAR_TOUCH"": null, ""BACKTEST_ENGINE_GATE"": ""1""}, ""post_construction_mutations"": [], ""note"": ""CRT process_candle does not consume the 38-dim FeaturePipeline vector for guards."", ""config_file_sha256"": ""9f8cb382b28cbd969e0a774e1381aa1e115326421729ca9810dd6772f311d8b4""}, ""state_transition"": {""state_before"": ""RANGE"", ""state_after"": ""RANGE"", ""state_changed"": false, ""persistent_state_snapshot_before"": {""current_state"": ""RANGE"", ""current_candle_index"": 12, ""atr"": 4.117499999999988, ""direction"": ""NONE"", ""ema_fast_val"": 2377.8789681451, ""ema_slow_val"": 2378.905598231977, ""evaluating_soft_conf"": false, ""soft_conf_candles"": 0, ""cached_features"": {}, ""sweep_event"": null, ""active_range"": {""h_ref"": 2395.09, ""l_ref"": 2374.98, ""size"": 20.110000000000127, ""session"": ""UNKNOWN"", ""htf_candle_id"": ""XAUUSD-HTF-000021""}, ""displacement_candle_index"": null, ""retest_candle_index"": null, ""_displacement_entry_idx"": 0, ""_expansion_entry_idx"": 0, ""_came_from_shadow"": false, ""pending_displacement_ttl"": 0, ""active_trade"": null, ""transition_log_len"": 2}, ""persistent_state_snapshot_after"": {""current_state"": ""RANGE"", ""current_candle_index"": 13, ""atr"": 3.993076923076912, ""direction"": ""NONE"", ""ema_fast_val"": 2378.8729893817, ""ema_slow_val"": 2379.060398821318, ""evaluating_soft_conf"": false, ""soft_conf_candles"": 0, ""cached_features"": {}, ""sweep_event"": null, ""active_range"": {""h_ref"": 2395.09, ""l_ref"": 2374.98, ""size"": 20.110000000000127, ""session"": ""UNKNOWN"", ""htf_candle_id"": ""XAUUSD-HTF-000022""}, ""displacement_candle_index"": null, ""retest_candle_index"": null, ""_displacement_entry_idx"": 0, ""_expansion_entry_idx"": 0, ""_came_from_shadow"": false, ""pending_displacement_ttl"": 0, ""active_trade"": null, ""transition_log_len"": 3}, ""guards_evaluated"": [{""evaluation_order"": 1, ""guard_id"": ""G_RANGE_SWEEP_DETECT"", ""guard_name"": ""detect_sweep"", ""source_location"": ""crt_engine_v2.CRTEngine.process_candle:RANGE"", ""from_state"": ""RANGE"", ""candidate_to_state"": ""SWEEP"", ""operands"": [{""name"": ""high"", ""runtime_value"": 2379.83, ""source_class"": ""RAW_OHLC"", ""source_name"": ""candle.high"", ""source_location"": ""process_candle:RANGE"", ""feature_id"": ""high"", ""formula_id"": null, ""config_key"": null, ""provenance_status"": ""PROVEN""}, {""name"": ""low"", ""runtime_value"": 2377.33, ""source_class"": ""RAW_OHLC"", ""source_name"": ""candle.low"", ""source_location"": ""process_candle:RANGE"", ""feature_id"": ""low"", ""formula_id"": null, ""config_key"": null, ""provenance_status"": ""PROVEN""}, {""name"": ""close"", ""runtime_value"": 2379.37, ""source_class"": ""RAW_OHLC"", ""source_name"": ""candle.close"", ""source_location"": ""process_candle:RANGE"", ""feature_id"": ""close"", ""formula_id"": null, ""config_key"": null, ""provenance_status"": ""PROVEN""}, {""name"": ""h_ref"", ""runtime_value"": 2395.09, ""source_class"": ""STATE_MEMORY"", ""source_name"": ""active_range.h_ref"", ""source_location"": ""process_candle:RANGE"", ""feature_id"": null, ""formula_id"": null, ""config_key"": null, ""provenance_status"": ""PROVEN""}, {""name"": ""l_ref"", ""runtime_value"": 2374.98, ""source_class"": ""STATE_MEMORY"", ""source_name"": ""active_range.l_ref"", ""source_location"": ""process_candle:RANGE"", ""feature_id"": null, ""formula_id"": null, ""config_key"": null, ""provenance_status"": ""PROVEN""}], ""operator"": ""RangeDetector.detect_sweep(...)"", ""thresholds"": [], ""result"": false, ""short_circuit_status"": ""NO_SWEEP"", ""failure_reason"": ""no_sweep_detected""}], ""selected_transition"": {""transition_selected"": false, ""from_state"": ""RANGE"", ""to_state"": ""RANGE"", ""selection_location"": ""CRTEngine.process_candle"", ""winning_guard_id"": null, ""selection_reason"": ""RESET""}, ""action"": {""candle"": ""2024-05-22T22:45:00"", ""candle_index"": 13, ""state"": ""RANGE"", ""action"": ""RESET"", ""reason"": ""HTF changed: XAUUSD-HTF-000021 → XAUUSD-HTF-000022"", ""state_after"": ""RANGE""}}, ""outputs"": {""returned_value"": {""candle"": ""2024-05-22T22:45:00"", ""candle_index"": 13, ""state"": ""RANGE"", ""action"": ""RESET"", ""reason"": ""HTF changed: XAUUSD-HTF-000021 → XAUUSD-HTF-000022"", ""state_after"": ""RANGE""}, ""events_emitted"": [{""event"": ""RESET"", ""timestamp"": ""2024-05-22T22:45:00"", ""candle_index"": 13, ""state_from"": ""RANGE"", ""state_to"": ""RANGE"", ""reason"": ""HTF changed: XAUUSD-HTF-000021 → XAUUSD-HTF-000022"", ""direction"": null, ""price"": null}], ""trade_output"": null, ""rejection"": null, ""diversion"": {""candle"": ""2024-05-22T22:45:00"", ""candle_index"": 13, ""state"": ""RANGE"", ""action"": ""RESET"", ""reason"": ""HTF changed: XAUUSD-HTF-000021 → XAUUSD-HTF-000022"", ""state_after"": ""RANGE""}, ""output_classification"": ""DIVERTED""}, ""integrity"": {""trace_complete"": false, ""raw_bar_complete"": true, ""canonical_feature_complete"": false, ""canonical_feature_count"": 39, ""crt_input_provenance_complete"": true, ""effective_config_complete"": true, ""state_before_captured"": true, ""guards_complete"": true, ""state_after_captured"": true, ""outputs_complete"": true, ""missing_fields"": [""canonical_features""], ""unknown_provenance"": [], ""nonfinite_features"": [], ""exceptions"": [], ""warnings"": [], ""status"": ""PARTIAL"", ""evaluated_guard_count"": 1, ""true_guard_count"": 0}}"
"docs\governance\xauusd_crt_baseline_trace\xauusd_crt_baseline_trace_v1.jsonl","11","{""trace_identity"": {""trace_schema_version"": ""1.0.0"", ""run_id"": ""xauusd-crt-trace-20260731T184653Z-1f028143"", ""trace_sequence"": 10, ""symbol"": ""XAUUSD"", ""timeframe"": ""M15"", ""bar_index"": 89, ""timestamp"": ""2024-05-22 23:00:00"", ""corpus_path"": ""data/mt5/XAUUSD_M15.csv"", ""corpus_sha256"": ""4d73f5cebe33ec91c5312340337eb62c2cf1f49060c91c42761bf631b26aba56"", ""repository_commit"": ""b48d4d9a7abfb429f2a17c790d4b32083da5dd92"", ""dirty_worktree_status"": ""DIRTY"", ""production_config_path"": ""configs/production/v2_multi_2026_04.json"", ""production_config_sha256"": ""9f8cb382b28cbd969e0a774e1381aa1e115326421729ca9810dd6772f311d8b4"", ""config_id"": ""v2_multi_2026_04"", ""prod_version"": ""v2_multi_2026_04"", ""canonical_schema_hash"": ""c87a1aba7bc79803d04c680e0232389e"", ""feature_order_hash"": ""0edda573414f0a64""}, ""raw_bar"": {""timestamp"": ""2024-05-22 23:00:00"", ""open"": 2379.3, ""high"": 2380.16, ""low"": 2378.37, ""close"": 2379.07, ""volume"": 792.0}, ""canonical_features"": {""feature_count"": 39, ""feature_names_in_canonical_order"": [""open"", ""high"", ""low"", ""close"", ""volume"", ""volume_ratio"", ""double_sweep"", ""ema_fast"", ""ema_slow"", ""ema_spread"", ""trend_bias"", ""trend_strength"", ""momentum_score"", ""atr"", ""volatility_ratio"", ""rsi_14"", ""macd_line"", ""macd_signal"", ""macd_hist_raw"", ""macd_hist_z"", ""sweep_detected"", ""liquidity_sweep"", ""break_of_structure"", ""swing_high"", ""swing_low"", ""higher_high"", ""lower_low"", ""body_size"", ""candle_range"", ""body_ratio"", ""volatility_regime"", ""session"", ""hour_of_day"", ""disp_strength"", ""retest_depth"", ""candles_since_retest"", ""liquidity_distance"", ""liquidity_pressure_score"", ""volume_spike""], ""values_by_name"": {""open"": 2379.300048828125, ""high"": 2380.159912109375, ""low"": 2378.3701171875, ""close"": 2379.070068359375, ""volume"": 792.0, ""volume_ratio"": 0.3504657447338104, ""double_sweep"": 0.0, ""ema_fast"": 2380.4638671875, ""ema_slow"": 2385.905517578125, ""ema_spread"": -3509.0986328125, ""trend_bias"": -1.0, ""trend_strength"": -0.9140388369560242, ""momentum_score"": -193.45777893066406, ""atr"": 0.0015507260104641318, ""volatility_ratio"": 0.4851887822151184, ""rsi_14"": 23.1757869720459, ""macd_line"": -6.284557342529297, ""macd_signal"": -6.360311508178711, ""macd_hist_raw"": 0.07575381547212601, ""macd_hist_z"": 0.5771792531013489, ""sweep_detected"": 0.0, ""liquidity_sweep"": 0.0, ""break_of_structure"": 0.0, ""swing_high"": 0.0, ""swing_low"": 1.0, ""higher_high"": 0.0, ""lower_low"": 0.0, ""body_size"": 0.23000000417232513, ""candle_range"": 1.7899999618530273, ""body_ratio"": 0.1284916251897812, ""volatility_regime"": 1.0, ""session"": 4.0, ""hour_of_day"": 23.0, ""disp_strength"": 0.06234269216656685, ""retest_depth"": 0.0, ""candles_since_retest"": 11.0, ""liquidity_distance"": 1.1086156368255615, ""liquidity_pressure_score"": 0.5744697451591492, ""volume_spike"": 0.0}, ""values_in_canonical_order"": [2379.300048828125, 2380.159912109375, 2378.3701171875, 2379.070068359375, 792.0, 0.3504657447338104, 0.0, 2380.4638671875, 2385.905517578125, -3509.0986328125, -1.0, -0.9140388369560242, -193.45777893066406, 0.0015507260104641318, 0.4851887822151184, 23.1757869720459, -6.284557342529297, -6.360311508178711, 0.07575381547212601, 0.5771792531013489, 0.0, 0.0, 0.0, 0.0, 1.0, 0.0, 0.0, 0.23000000417232513, 1.7899999618530273, 0.1284916251897812, 1.0, 4.0, 23.0, 0.06234269216656685, 0.0, 11.0, 1.1086156368255615, 0.5744697451591492, 0.0], ""schema_hash"": ""c87a1aba7bc79803d04c680e0232389e"", ""feature_order_hash"": ""0edda573414f0a64"", ""feature_vector_index"": 10, ""lookup_miss"": false}, ""crt_inputs"": {""inputs"": [{""name"": ""high"", ""runtime_value"": 2380.16, ""source_class"": ""RAW_OHLC"", ""source_name"": ""candle.high"", ""source_location"": ""process_candle:RANGE"", ""formula_id"": null, ""feature_id"": ""high"", ""config_key"": null, ""provenance_status"": ""PROVEN""}, {""name"": ""low"", ""runtime_value"": 2378.37, ""source_class"": ""RAW_OHLC"", ""source_name"": ""candle.low"", ""source_location"": ""process_candle:RANGE"", ""formula_id"": null, ""feature_id"": ""low"", ""config_key"": null, ""provenance_status"": ""PROVEN""}, {""name"": ""close"", ""runtime_value"": 2379.07, ""source_class"": ""RAW_OHLC"", ""source_name"": ""candle.close"", ""source_location"": ""process_candle:RANGE"", ""formula_id"": null, ""feature_id"": ""close"", ""config_key"": null, ""provenance_status"": ""PROVEN""}, {""name"": ""h_ref"", ""runtime_value"": 2395.09, ""source_class"": ""STATE_MEMORY"", ""source_name"": ""active_range.h_ref"", ""source_location"": ""process_candle:RANGE"", ""formula_id"": null, ""feature_id"": null, ""config_key"": null, ""provenance_status"": ""PROVEN""}, {""name"": ""l_ref"", ""runtime_value"": 2374.98, ""source_class"": ""STATE_MEMORY"", ""source_name"": ""active_range.l_ref"", ""source_location"": ""process_candle:RANGE"", ""formula_id"": null, ""feature_id"": null, ""config_key"": null, ""provenance_status"": ""PROVEN""}]}, ""effective_config"": {""config_file_path"": ""configs/production/v2_multi_2026_04.json"", ""prod_version"": ""v2_multi_2026_04"", ""effective_crt_config"": {""body_ratio_min"": 0.65, ""atr_multiplier_min"": 1.0, ""retest_depth_max"": 0.15, ""atr_period"": 14, ""atr_buffer_multiplier"": 3, ""max_sweep_age_candles"": 20, ""expansion_atr_min_distance"": 0.3, ""retest_atr_depth_fraction"": 0.3, ""retest_min_depth_atr_fraction"": 0.1, ""risk_score_weights"": [0.35, 0.25, 0.2, 0.2], ""score_component_weights"": [0.35, 0.25, 0.2, 0.2], ""max_displacement_strength"": 2.0, ""score_decay_lambda"": 0.05, ""score_threshold"": 0.45, ""max_spread_pct"": 0.05, ""atr_min_displacement"": 1.2, ""confirmation_body_min"": 0.6, ""sl_atr_buffer"": 0.2, ""tp1_atr_multiplier"": 1.0, ""tp2_atr_multiplier"": 2.0, ""exit_model"": ""intrabar_touch"", ""breakout_disp_threshold"": 1.5, ""tp1_atr_multiplier_breakout"": 1.5, ""tp1_atr_multiplier_pullback"": 0.8, ""tp1_atr_multiplier_liq_sweep"": 1.2, ""tp1_atr_multiplier_reversal"": 1.0, ""bitnet_main_threshold"": 0.55, ""use_bitnet"": false, ""session_windows"": {""LONDON"": [""07:00:00"", ""10:00:00""], ""NEWYORK"": [""13:00:00"", ""16:00:00""], ""ASIA"": [""00:00:00"", ""03:00:00""]}, ""allowed_sessions"": [""LONDON"", ""NEWYORK"", ""OVERLAP""], ""retrace_reset_pct"": 0.5, ""extension_reset_fib"": 1.618, ""news_blackout_minutes"": 15, ""conf_alpha"": 0.7, ""conf_beta"": 0.3, ""conf_weights"": [0.35, 0.35, 0.15, 0.15], ""conf_floor"": 0.2, ""weak_link_weight"": 0.3, ""ema_fast"": 2, ""ema_slow"": 5, ""tier_1_threshold"": 0.75, ""tier_2_threshold"": 0.3, ""soft_conf_max_candles"": 3, ""pending_displacement_ttl_candles"": 4, ""max_expansion_age_candles"": 495, ""max_expansion_age_hours"": 124, ""expansion_age_warn_candles"": 342, ""shadow_age_penalty_lambda"": 0.0, ""shadow_age_norm_candles"": 0, ""shadow_advisory_only"": false, ""sizing_bands"": [[0.75, 0.01], [0.55, 0.005]]}, ""constructor_mapping"": ""BacktestConfig.from_prod_config → CRTConfig fields"", ""runtime_overrides"": {}, ""environment_overrides"": {""TRUST_INTRABAR_TOUCH"": null, ""BACKTEST_ENGINE_GATE"": ""1""}, ""post_construction_mutations"": [], ""note"": ""CRT process_candle does not consume the 38-dim FeaturePipeline vector for guards."", ""config_file_sha256"": ""9f8cb382b28cbd969e0a774e1381aa1e115326421729ca9810dd6772f311d8b4""}, ""state_transition"": {""state_before"": ""RANGE"", ""state_after"": ""RANGE"", ""state_changed"": false, ""persistent_state_snapshot_before"": {""current_state"": ""RANGE"", ""current_candle_index"": 13, ""atr"": 3.993076923076912, ""direction"": ""NONE"", ""ema_fast_val"": 2378.8729893817, ""ema_slow_val"": 2379.060398821318, ""evaluating_soft_conf"": false, ""soft_conf_candles"": 0, ""cached_features"": {}, ""sweep_event"": null, ""active_range"": {""h_ref"": 2395.09, ""l_ref"": 2374.98, ""size"": 20.110000000000127, ""session"": ""UNKNOWN"", ""htf_candle_id"": ""XAUUSD-HTF-000022""}, ""displacement_candle_index"": null, ""retest_candle_index"": null, ""_displacement_entry_idx"": 0, ""_expansion_entry_idx"": 0, ""_came_from_shadow"": false, ""pending_displacement_ttl"": 0, ""active_trade"": null, ""transition_log_len"": 3}, ""persistent_state_snapshot_after"": {""current_state"": ""RANGE"", ""current_candle_index"": 14, ""atr"": 3.8357142857142725, ""direction"": ""NONE"", ""ema_fast_val"": 2379.0043297939, ""ema_slow_val"": 2379.063599214212, ""evaluating_soft_conf"": false, ""soft_conf_candles"": 0, ""cached_features"": {}, ""sweep_event"": null, ""active_range"": {""h_ref"": 2395.09, ""l_ref"": 2374.98, ""size"": 20.110000000000127, ""session"": ""UNKNOWN"", ""htf_candle_id"": ""XAUUSD-HTF-000022""}, ""displacement_candle_index"": null, ""retest_candle_index"": null, ""_displacement_entry_idx"": 0, ""_expansion_entry_idx"": 0, ""_came_from_shadow"": false, ""pending_displacement_ttl"": 0, ""active_trade"": null, ""transition_log_len"": 3}, ""guards_evaluated"": [{""evaluation_order"": 1, ""guard_id"": ""G_RANGE_SWEEP_DETECT"", ""guard_name"": ""detect_sweep"", ""source_location"": ""crt_engine_v2.CRTEngine.process_candle:RANGE"", ""from_state"": ""RANGE"", ""candidate_to_state"": ""SWEEP"", ""operands"": [{""name"": ""high"", ""runtime_value"": 2380.16, ""source_class"": ""RAW_OHLC"", ""source_name"": ""candle.high"", ""source_location"": ""process_candle:RANGE"", ""feature_id"": ""high"", ""formula_id"": null, ""config_key"": null, ""provenance_status"": ""PROVEN""}, {""name"": ""low"", ""runtime_value"": 2378.37, ""source_class"": ""RAW_OHLC"", ""source_name"": ""candle.low"", ""source_location"": ""process_candle:RANGE"", ""feature_id"": ""low"", ""formula_id"": null, ""config_key"": null, ""provenance_status"": ""PROVEN""}, {""name"": ""close"", ""runtime_value"": 2379.07, ""source_class"": ""RAW_OHLC"", ""source_name"": ""candle.close"", ""source_location"": ""process_candle:RANGE"", ""feature_id"": ""close"", ""formula_id"": null, ""config_key"": null, ""provenance_status"": ""PROVEN""}, {""name"": ""h_ref"", ""runtime_value"": 2395.09, ""source_class"": ""STATE_MEMORY"", ""source_name"": ""active_range.h_ref"", ""source_location"": ""process_candle:RANGE"", ""feature_id"": null, ""formula_id"": null, ""config_key"": null, ""provenance_status"": ""PROVEN""}, {""name"": ""l_ref"", ""runtime_value"": 2374.98, ""source_class"": ""STATE_MEMORY"", ""source_name"": ""active_range.l_ref"", ""source_location"": ""process_candle:RANGE"", ""feature_id"": null, ""formula_id"": null, ""config_key"": null, ""provenance_status"": ""PROVEN""}], ""operator"": ""RangeDetector.detect_sweep(...)"", ""thresholds"": [], ""result"": false, ""short_circuit_status"": ""NO_SWEEP"", ""failure_reason"": ""no_sweep_detected""}], ""selected_transition"": {""transition_selected"": false, ""from_state"": ""RANGE"", ""to_state"": ""RANGE"", ""selection_location"": ""CRTEngine.process_candle"", ""winning_guard_id"": null, ""selection_reason"": ""NONE""}, ""action"": {""candle"": ""2024-05-22T23:00:00"", ""candle_index"": 14, ""state"": ""RANGE"", ""action"": ""NONE"", ""state_after"": ""RANGE""}}, ""outputs"": {""returned_value"": {""candle"": ""2024-05-22T23:00:00"", ""candle_index"": 14, ""state"": ""RANGE"", ""action"": ""NONE"", ""state_after"": ""RANGE""}, ""events_emitted"": [], ""trade_output"": null, ""rejection"": null, ""diversion"": null, ""output_classification"": ""NO_OUTPUT""}, ""integrity"": {""trace_complete"": false, ""raw_bar_complete"": true, ""canonical_feature_complete"": false, ""canonical_feature_count"": 39, ""crt_input_provenance_complete"": true, ""effective_config_complete"": true, ""state_before_captured"": true, ""guards_complete"": true, ""state_after_captured"": true, ""outputs_complete"": true, ""missing_fields"": [""canonical_features""], ""unknown_provenance"": [], ""nonfinite_features"": [], ""exceptions"": [], ""warnings"": [], ""status"": ""PARTIAL"", ""evaluated_guard_count"": 1, ""true_guard_count"": 0}}"
"docs\governance\xauusd_crt_baseline_trace\xauusd_crt_baseline_trace_v1.jsonl","12","{""trace_identity"": {""trace_schema_version"": ""1.0.0"", ""run_id"": ""xauusd-crt-trace-20260731T184653Z-1f028143"", ""trace_sequence"": 11, ""symbol"": ""XAUUSD"", ""timeframe"": ""M15"", ""bar_index"": 90, ""timestamp"": ""2024-05-22 23:15:00"", ""corpus_path"": ""data/mt5/XAUUSD_M15.csv"", ""corpus_sha256"": ""4d73f5cebe33ec91c5312340337eb62c2cf1f49060c91c42761bf631b26aba56"", ""repository_commit"": ""b48d4d9a7abfb429f2a17c790d4b32083da5dd92"", ""dirty_worktree_status"": ""DIRTY"", ""production_config_path"": ""configs/production/v2_multi_2026_04.json"", ""production_config_sha256"": ""9f8cb382b28cbd969e0a774e1381aa1e115326421729ca9810dd6772f311d8b4"", ""config_id"": ""v2_multi_2026_04"", ""prod_version"": ""v2_multi_2026_04"", ""canonical_schema_hash"": ""c87a1aba7bc79803d04c680e0232389e"", ""feature_order_hash"": ""0edda573414f0a64""}, ""raw_bar"": {""timestamp"": ""2024-05-22 23:15:00"", ""open"": 2379.07, ""high"": 2380.68, ""low"": 2378.47, ""close"": 2379.09, ""volume"": 984.0}, ""canonical_features"": {""feature_count"": 39, ""feature_names_in_canonical_order"": [""open"", ""high"", ""low"", ""close"", ""volume"", ""volume_ratio"", ""double_sweep"", ""ema_fast"", ""ema_slow"", ""ema_spread"", ""trend_bias"", ""trend_strength"", ""momentum_score"", ""atr"", ""volatility_ratio"", ""rsi_14"", ""macd_line"", ""macd_signal"", ""macd_hist_raw"", ""macd_hist_z"", ""sweep_detected"", ""liquidity_sweep"", ""break_of_structure"", ""swing_high"", ""swing_low"", ""higher_high"", ""lower_low"", ""body_size"", ""candle_range"", ""body_ratio"", ""volatility_regime"", ""session"", ""hour_of_day"", ""disp_strength"", ""retest_depth"", ""candles_since_retest"", ""liquidity_distance"", ""liquidity_pressure_score"", ""volume_spike""], ""values_by_name"": {""open"": 2379.070068359375, ""high"": 2380.679931640625, ""low"": 2378.469970703125, ""close"": 2379.090087890625, ""volume"": 984.0, ""volume_ratio"": 0.46110591292381287, ""double_sweep"": 0.0, ""ema_fast"": 2380.18896484375, ""ema_slow"": 2385.285888671875, ""ema_spread"": -3387.838134765625, ""trend_bias"": -1.0, ""trend_strength"": -0.7495905160903931, ""momentum_score"": 13.293658256530762, ""atr"": 0.0015044767642393708, ""volatility_ratio"": 0.6174416542053223, ""rsi_14"": 23.207624435424805, ""macd_line"": -6.033300876617432, ""macd_signal"": -6.294909477233887, ""macd_hist_raw"": 0.26160818338394165, ""macd_hist_z"": 0.8113592267036438, ""sweep_detected"": 0.0, ""liquidity_sweep"": 0.0, ""break_of_structure"": 0.0, ""swing_high"": 0.0, ""swing_low"": 0.0, ""higher_high"": 0.0, ""lower_low"": 0.0, ""body_size"": 0.019999999552965164, ""candle_range"": 2.2100000381469727, ""body_ratio"": 0.009049774147570133, ""volatility_regime"": 1.0, ""session"": 4.0, ""hour_of_day"": 23.0, ""disp_strength"": 0.00558770727366209, ""retest_depth"": 0.0, ""candles_since_retest"": 12.0, ""liquidity_distance"": 0.6202355027198792, ""liquidity_pressure_score"": 0.7333605885505676, ""volume_spike"": 0.0}, ""values_in_canonical_order"": [2379.070068359375, 2380.679931640625, 2378.469970703125, 2379.090087890625, 984.0, 0.46110591292381287, 0.0, 2380.18896484375, 2385.285888671875, -3387.838134765625, -1.0, -0.7495905160903931, 13.293658256530762, 0.0015044767642393708, 0.6174416542053223, 23.207624435424805, -6.033300876617432, -6.294909477233887, 0.26160818338394165, 0.8113592267036438, 0.0, 0.0, 0.0, 0.0, 0.0, 0.0, 0.0, 0.019999999552965164, 2.2100000381469727, 0.009049774147570133, 1.0, 4.0, 23.0, 0.00558770727366209, 0.0, 12.0, 0.6202355027198792, 0.7333605885505676, 0.0], ""schema_hash"": ""c87a1aba7bc79803d04c680e0232389e"", ""feature_order_hash"": ""0edda573414f0a64"", ""feature_vector_index"": 11, ""lookup_miss"": false}, ""crt_inputs"": {""inputs"": [{""name"": ""high"", ""runtime_value"": 2380.68, ""source_class"": ""RAW_OHLC"", ""source_name"": ""candle.high"", ""source_location"": ""process_candle:RANGE"", ""formula_id"": null, ""feature_id"": ""high"", ""config_key"": null, ""provenance_status"": ""PROVEN""}, {""name"": ""low"", ""runtime_value"": 2378.47, ""source_class"": ""RAW_OHLC"", ""source_name"": ""candle.low"", ""source_location"": ""process_candle:RANGE"", ""formula_id"": null, ""feature_id"": ""low"", ""config_key"": null, ""provenance_status"": ""PROVEN""}, {""name"": ""close"", ""runtime_value"": 2379.09, ""source_class"": ""RAW_OHLC"", ""source_name"": ""candle.close"", ""source_location"": ""process_candle:RANGE"", ""formula_id"": null, ""feature_id"": ""close"", ""config_key"": null, ""provenance_status"": ""PROVEN""}, {""name"": ""h_ref"", ""runtime_value"": 2395.09, ""source_class"": ""STATE_MEMORY"", ""source_name"": ""active_range.h_ref"", ""source_location"": ""process_candle:RANGE"", ""formula_id"": null, ""feature_id"": null, ""config_key"": null, ""provenance_status"": ""PROVEN""}, {""name"": ""l_ref"", ""runtime_value"": 2374.98, ""source_class"": ""STATE_MEMORY"", ""source_name"": ""active_range.l_ref"", ""source_location"": ""process_candle:RANGE"", ""formula_id"": null, ""feature_id"": null, ""config_key"": null, ""provenance_status"": ""PROVEN""}]}, ""effective_config"": {""config_file_path"": ""configs/production/v2_multi_2026_04.json"", ""prod_version"": ""v2_multi_2026_04"", ""effective_crt_config"": {""body_ratio_min"": 0.65, ""atr_multiplier_min"": 1.0, ""retest_depth_max"": 0.15, ""atr_period"": 14, ""atr_buffer_multiplier"": 3, ""max_sweep_age_candles"": 20, ""expansion_atr_min_distance"": 0.3, ""retest_atr_depth_fraction"": 0.3, ""retest_min_depth_atr_fraction"": 0.1, ""risk_score_weights"": [0.35, 0.25, 0.2, 0.2], ""score_component_weights"": [0.35, 0.25, 0.2, 0.2], ""max_displacement_strength"": 2.0, ""score_decay_lambda"": 0.05, ""score_threshold"": 0.45, ""max_spread_pct"": 0.05, ""atr_min_displacement"": 1.2, ""confirmation_body_min"": 0.6, ""sl_atr_buffer"": 0.2, ""tp1_atr_multiplier"": 1.0, ""tp2_atr_multiplier"": 2.0, ""exit_model"": ""intrabar_touch"", ""breakout_disp_threshold"": 1.5, ""tp1_atr_multiplier_breakout"": 1.5, ""tp1_atr_multiplier_pullback"": 0.8, ""tp1_atr_multiplier_liq_sweep"": 1.2, ""tp1_atr_multiplier_reversal"": 1.0, ""bitnet_main_threshold"": 0.55, ""use_bitnet"": false, ""session_windows"": {""LONDON"": [""07:00:00"", ""10:00:00""], ""NEWYORK"": [""13:00:00"", ""16:00:00""], ""ASIA"": [""00:00:00"", ""03:00:00""]}, ""allowed_sessions"": [""LONDON"", ""NEWYORK"", ""OVERLAP""], ""retrace_reset_pct"": 0.5, ""extension_reset_fib"": 1.618, ""news_blackout_minutes"": 15, ""conf_alpha"": 0.7, ""conf_beta"": 0.3, ""conf_weights"": [0.35, 0.35, 0.15, 0.15], ""conf_floor"": 0.2, ""weak_link_weight"": 0.3, ""ema_fast"": 2, ""ema_slow"": 5, ""tier_1_threshold"": 0.75, ""tier_2_threshold"": 0.3, ""soft_conf_max_candles"": 3, ""pending_displacement_ttl_candles"": 4, ""max_expansion_age_candles"": 495, ""max_expansion_age_hours"": 124, ""expansion_age_warn_candles"": 342, ""shadow_age_penalty_lambda"": 0.0, ""shadow_age_norm_candles"": 0, ""shadow_advisory_only"": false, ""sizing_bands"": [[0.75, 0.01], [0.55, 0.005]]}, ""constructor_mapping"": ""BacktestConfig.from_prod_config → CRTConfig fields"", ""runtime_overrides"": {}, ""environment_overrides"": {""TRUST_INTRABAR_TOUCH"": null, ""BACKTEST_ENGINE_GATE"": ""1""}, ""post_construction_mutations"": [], ""note"": ""CRT process_candle does not consume the 38-dim FeaturePipeline vector for guards."", ""config_file_sha256"": ""9f8cb382b28cbd969e0a774e1381aa1e115326421729ca9810dd6772f311d8b4""}, ""state_transition"": {""state_before"": ""RANGE"", ""state_after"": ""RANGE"", ""state_changed"": false, ""persistent_state_snapshot_before"": {""current_state"": ""RANGE"", ""current_candle_index"": 14, ""atr"": 3.8357142857142725, ""direction"": ""NONE"", ""ema_fast_val"": 2379.0043297939, ""ema_slow_val"": 2379.063599214212, ""evaluating_soft_conf"": false, ""soft_conf_candles"": 0, ""cached_features"": {}, ""sweep_event"": null, ""active_range"": {""h_ref"": 2395.09, ""l_ref"": 2374.98, ""size"": 20.110000000000127, ""session"": ""UNKNOWN"", ""htf_candle_id"": ""XAUUSD-HTF-000022""}, ""displacement_candle_index"": null, ""retest_candle_index"": null, ""_displacement_entry_idx"": 0, ""_expansion_entry_idx"": 0, ""_came_from_shadow"": false, ""pending_displacement_ttl"": 0, ""active_trade"": null, ""transition_log_len"": 3}, ""persistent_state_snapshot_after"": {""current_state"": ""RANGE"", ""current_candle_index"": 15, ""atr"": 3.7700000000000142, ""direction"": ""NONE"", ""ema_fast_val"": 2379.0614432646335, ""ema_slow_val"": 2379.0723994761415, ""evaluating_soft_conf"": false, ""soft_conf_candles"": 0, ""cached_features"": {}, ""sweep_event"": null, ""active_range"": {""h_ref"": 2395.09, ""l_ref"": 2374.98, ""size"": 20.110000000000127, ""session"": ""UNKNOWN"", ""htf_candle_id"": ""XAUUSD-HTF-000022""}, ""displacement_candle_index"": null, ""retest_candle_index"": null, ""_displacement_entry_idx"": 0, ""_expansion_entry_idx"": 0, ""_came_from_shadow"": false, ""pending_displacement_ttl"": 0, ""active_trade"": null, ""transition_log_len"": 3}, ""guards_evaluated"": [{""evaluation_order"": 1, ""guard_id"": ""G_RANGE_SWEEP_DETECT"", ""guard_name"": ""detect_sweep"", ""source_location"": ""crt_engine_v2.CRTEngine.process_candle:RANGE"", ""from_state"": ""RANGE"", ""candidate_to_state"": ""SWEEP"", ""operands"": [{""name"": ""high"", ""runtime_value"": 2380.68, ""source_class"": ""RAW_OHLC"", ""source_name"": ""candle.high"", ""source_location"": ""process_candle:RANGE"", ""feature_id"": ""high"", ""formula_id"": null, ""config_key"": null, ""provenance_status"": ""PROVEN""}, {""name"": ""low"", ""runtime_value"": 2378.47, ""source_class"": ""RAW_OHLC"", ""source_name"": ""candle.low"", ""source_location"": ""process_candle:RANGE"", ""feature_id"": ""low"", ""formula_id"": null, ""config_key"": null, ""provenance_status"": ""PROVEN""}, {""name"": ""close"", ""runtime_value"": 2379.09, ""source_class"": ""RAW_OHLC"", ""source_name"": ""candle.close"", ""source_location"": ""process_candle:RANGE"", ""feature_id"": ""close"", ""formula_id"": null, ""config_key"": null, ""provenance_status"": ""PROVEN""}, {""name"": ""h_ref"", ""runtime_value"": 2395.09, ""source_class"": ""STATE_MEMORY"", ""source_name"": ""active_range.h_ref"", ""source_location"": ""process_candle:RANGE"", ""feature_id"": null, ""formula_id"": null, ""config_key"": null, ""provenance_status"": ""PROVEN""}, {""name"": ""l_ref"", ""runtime_value"": 2374.98, ""source_class"": ""STATE_MEMORY"", ""source_name"": ""active_range.l_ref"", ""source_location"": ""process_candle:RANGE"", ""feature_id"": null, ""formula_id"": null, ""config_key"": null, ""provenance_status"": ""PROVEN""}], ""operator"": ""RangeDetector.detect_sweep(...)"", ""thresholds"": [], ""result"": false, ""short_circuit_status"": ""NO_SWEEP"", ""failure_reason"": ""no_sweep_detected""}], ""selected_transition"": {""transition_selected"": false, ""from_state"": ""RANGE"", ""to_state"": ""RANGE"", ""selection_location"": ""CRTEngine.process_candle"", ""winning_guard_id"": null, ""selection_reason"": ""NONE""}, ""action"": {""candle"": ""2024-05-22T23:15:00"", ""candle_index"": 15, ""state"": ""RANGE"", ""action"": ""NONE"", ""state_after"": ""RANGE""}}, ""outputs"": {""returned_value"": {""candle"": ""2024-05-22T23:15:00"", ""candle_index"": 15, ""state"": ""RANGE"", ""action"": ""NONE"", ""state_after"": ""RANGE""}, ""events_emitted"": [], ""trade_output"": null, ""rejection"": null, ""diversion"": null, ""output_classification"": ""NO_OUTPUT""}, ""integrity"": {""trace_complete"": false, ""raw_bar_complete"": true, ""canonical_feature_complete"": false, ""canonical_feature_count"": 39, ""crt_input_provenance_complete"": true, ""effective_config_complete"": true, ""state_before_captured"": true, ""guards_complete"": true, ""state_after_captured"": true, ""outputs_complete"": true, ""missing_fields"": [""canonical_features""], ""unknown_provenance"": [], ""nonfinite_features"": [], ""exceptions"": [], ""warnings"": [], ""status"": ""PARTIAL"", ""evaluated_guard_count"": 1, ""true_guard_count"": 0}}"
"docs\governance\xauusd_crt_baseline_trace\xauusd_crt_baseline_trace_v1.jsonl","13","{""trace_identity"": {""trace_schema_version"": ""1.0.0"", ""run_id"": ""xauusd-crt-trace-20260731T184653Z-1f028143"", ""trace_sequence"": 12, ""symbol"": ""XAUUSD"", ""timeframe"": ""M15"", ""bar_index"": 91, ""timestamp"": ""2024-05-22 23:30:00"", ""corpus_path"": ""data/mt5/XAUUSD_M15.csv"", ""corpus_sha256"": ""4d73f5cebe33ec91c5312340337eb62c2cf1f49060c91c42761bf631b26aba56"", ""repository_commit"": ""b48d4d9a7abfb429f2a17c790d4b32083da5dd92"", ""dirty_worktree_status"": ""DIRTY"", ""production_config_path"": ""configs/production/v2_multi_2026_04.json"", ""production_config_sha256"": ""9f8cb382b28cbd969e0a774e1381aa1e115326421729ca9810dd6772f311d8b4"", ""config_id"": ""v2_multi_2026_04"", ""prod_version"": ""v2_multi_2026_04"", ""canonical_schema_hash"": ""c87a1aba7bc79803d04c680e0232389e"", ""feature_order_hash"": ""0edda573414f0a64""}, ""raw_bar"": {""timestamp"": ""2024-05-22 23:30:00"", ""open"": 2379.09, ""high"": 2379.42, ""low"": 2377.61, ""close"": 2378.36, ""volume"": 1280.0}, ""canonical_features"": {""feature_count"": 39, ""feature_names_in_canonical_order"": [""open"", ""high"", ""low"", ""close"", ""volume"", ""volume_ratio"", ""double_sweep"", ""ema_fast"", ""ema_slow"", ""ema_spread"", ""trend_bias"", ""trend_strength"", ""momentum_score"", ""atr"", ""volatility_ratio"", ""rsi_14"", ""macd_line"", ""macd_signal"", ""macd_hist_raw"", ""macd_hist_z"", ""sweep_detected"", ""liquidity_sweep"", ""break_of_structure"", ""swing_high"", ""swing_low"", ""higher_high"", ""lower_low"", ""body_size"", ""candle_range"", ""body_ratio"", ""volatility_regime"", ""session"", ""hour_of_day"", ""disp_strength"", ""retest_depth"", ""candles_since_retest"", ""liquidity_distance"", ""liquidity_pressure_score"", ""volume_spike""], ""values_by_name"": {""open"": 2379.090087890625, ""high"": 2379.419921875, ""low"": 2377.610107421875, ""close"": 2378.360107421875, ""volume"": 1280.0, ""volume_ratio"": 0.6210878491401672, ""double_sweep"": 0.0, ""ema_fast"": 2379.8232421875, ""ema_slow"": 2384.65625, ""ema_spread"": -3272.825927734375, ""trend_bias"": -1.0, ""trend_strength"": -0.5931322574615479, ""momentum_score"": -494.3428649902344, ""atr"": 0.0014767078682780266, ""volatility_ratio"": 0.5153548717498779, ""rsi_14"": 21.19476318359375, ""macd_line"": -5.825925827026367, ""macd_signal"": -6.201112747192383, ""macd_hist_raw"": 0.3751867711544037, ""macd_hist_z"": 0.9504690170288086, ""sweep_detected"": 0.0, ""liquidity_sweep"": 0.0, ""break_of_structure"": 0.0, ""swing_high"": 0.0, ""swing_low"": 0.0, ""higher_high"": 0.0, ""lower_low"": 0.0, ""body_size"": 0.7300000190734863, ""candle_range"": 1.809999942779541, ""body_ratio"": 0.4033149182796478, ""volatility_regime"": 1.0, ""session"": 4.0, ""hour_of_day"": 23.0, ""disp_strength"": 0.20785030722618103, ""retest_depth"": 0.0, ""candles_since_retest"": 13.0, ""liquidity_distance"": 0.42424240708351135, ""liquidity_pressure_score"": 0.8088666200637817, ""volume_spike"": 0.0}, ""values_in_canonical_order"": [2379.090087890625, 2379.419921875, 2377.610107421875, 2378.360107421875, 1280.0, 0.6210878491401672, 0.0, 2379.8232421875, 2384.65625, -3272.825927734375, -1.0, -0.5931322574615479, -494.3428649902344, 0.0014767078682780266, 0.5153548717498779, 21.19476318359375, -5.825925827026367, -6.201112747192383, 0.3751867711544037, 0.9504690170288086, 0.0, 0.0, 0.0, 0.0, 0.0, 0.0, 0.0, 0.7300000190734863, 1.809999942779541, 0.4033149182796478, 1.0, 4.0, 23.0, 0.20785030722618103, 0.0, 13.0, 0.42424240708351135, 0.8088666200637817, 0.0], ""schema_hash"": ""c87a1aba7bc79803d04c680e0232389e"", ""feature_order_hash"": ""0edda573414f0a64"", ""feature_vector_index"": 12, ""lookup_miss"": false}, ""crt_inputs"": {""inputs"": [{""name"": ""high"", ""runtime_value"": 2379.42, ""source_class"": ""RAW_OHLC"", ""source_name"": ""candle.high"", ""source_location"": ""process_candle:RANGE"", ""formula_id"": null, ""feature_id"": ""high"", ""config_key"": null, ""provenance_status"": ""PROVEN""}, {""name"": ""low"", ""runtime_value"": 2377.61, ""source_class"": ""RAW_OHLC"", ""source_name"": ""candle.low"", ""source_location"": ""process_candle:RANGE"", ""formula_id"": null, ""feature_id"": ""low"", ""config_key"": null, ""provenance_status"": ""PROVEN""}, {""name"": ""close"", ""runtime_value"": 2378.36, ""source_class"": ""RAW_OHLC"", ""source_name"": ""candle.close"", ""source_location"": ""process_candle:RANGE"", ""formula_id"": null, ""feature_id"": ""close"", ""config_key"": null, ""provenance_status"": ""PROVEN""}, {""name"": ""h_ref"", ""runtime_value"": 2395.09, ""source_class"": ""STATE_MEMORY"", ""source_name"": ""active_range.h_ref"", ""source_location"": ""process_candle:RANGE"", ""formula_id"": null, ""feature_id"": null, ""config_key"": null, ""provenance_status"": ""PROVEN""}, {""name"": ""l_ref"", ""runtime_value"": 2374.98, ""source_class"": ""STATE_MEMORY"", ""source_name"": ""active_range.l_ref"", ""source_location"": ""process_candle:RANGE"", ""formula_id"": null, ""feature_id"": null, ""config_key"": null, ""provenance_status"": ""PROVEN""}]}, ""effective_config"": {""config_file_path"": ""configs/production/v2_multi_2026_04.json"", ""prod_version"": ""v2_multi_2026_04"", ""effective_crt_config"": {""body_ratio_min"": 0.65, ""atr_multiplier_min"": 1.0, ""retest_depth_max"": 0.15, ""atr_period"": 14, ""atr_buffer_multiplier"": 3, ""max_sweep_age_candles"": 20, ""expansion_atr_min_distance"": 0.3, ""retest_atr_depth_fraction"": 0.3, ""retest_min_depth_atr_fraction"": 0.1, ""risk_score_weights"": [0.35, 0.25, 0.2, 0.2], ""score_component_weights"": [0.35, 0.25, 0.2, 0.2], ""max_displacement_strength"": 2.0, ""score_decay_lambda"": 0.05, ""score_threshold"": 0.45, ""max_spread_pct"": 0.05, ""atr_min_displacement"": 1.2, ""confirmation_body_min"": 0.6, ""sl_atr_buffer"": 0.2, ""tp1_atr_multiplier"": 1.0, ""tp2_atr_multiplier"": 2.0, ""exit_model"": ""intrabar_touch"", ""breakout_disp_threshold"": 1.5, ""tp1_atr_multiplier_breakout"": 1.5, ""tp1_atr_multiplier_pullback"": 0.8, ""tp1_atr_multiplier_liq_sweep"": 1.2, ""tp1_atr_multiplier_reversal"": 1.0, ""bitnet_main_threshold"": 0.55, ""use_bitnet"": false, ""session_windows"": {""LONDON"": [""07:00:00"", ""10:00:00""], ""NEWYORK"": [""13:00:00"", ""16:00:00""], ""ASIA"": [""00:00:00"", ""03:00:00""]}, ""allowed_sessions"": [""LONDON"", ""NEWYORK"", ""OVERLAP""], ""retrace_reset_pct"": 0.5, ""extension_reset_fib"": 1.618, ""news_blackout_minutes"": 15, ""conf_alpha"": 0.7, ""conf_beta"": 0.3, ""conf_weights"": [0.35, 0.35, 0.15, 0.15], ""conf_floor"": 0.2, ""weak_link_weight"": 0.3, ""ema_fast"": 2, ""ema_slow"": 5, ""tier_1_threshold"": 0.75, ""tier_2_threshold"": 0.3, ""soft_conf_max_candles"": 3, ""pending_displacement_ttl_candles"": 4, ""max_expansion_age_candles"": 495, ""max_expansion_age_hours"": 124, ""expansion_age_warn_candles"": 342, ""shadow_age_penalty_lambda"": 0.0, ""shadow_age_norm_candles"": 0, ""shadow_advisory_only"": false, ""sizing_bands"": [[0.75, 0.01], [0.55, 0.005]]}, ""constructor_mapping"": ""BacktestConfig.from_prod_config → CRTConfig fields"", ""runtime_overrides"": {}, ""environment_overrides"": {""TRUST_INTRABAR_TOUCH"": null, ""BACKTEST_ENGINE_GATE"": ""1""}, ""post_construction_mutations"": [], ""note"": ""CRT process_candle does not consume the 38-dim FeaturePipeline vector for guards."", ""config_file_sha256"": ""9f8cb382b28cbd969e0a774e1381aa1e115326421729ca9810dd6772f311d8b4""}, ""state_transition"": {""state_before"": ""RANGE"", ""state_after"": ""RANGE"", ""state_changed"": false, ""persistent_state_snapshot_before"": {""current_state"": ""RANGE"", ""current_candle_index"": 15, ""atr"": 3.7700000000000142, ""direction"": ""NONE"", ""ema_fast_val"": 2379.0614432646335, ""ema_slow_val"": 2379.0723994761415, ""evaluating_soft_conf"": false, ""soft_conf_candles"": 0, ""cached_features"": {}, ""sweep_event"": null, ""active_range"": {""h_ref"": 2395.09, ""l_ref"": 2374.98, ""size"": 20.110000000000127, ""session"": ""UNKNOWN"", ""htf_candle_id"": ""XAUUSD-HTF-000022""}, ""displacement_candle_index"": null, ""retest_candle_index"": null, ""_displacement_entry_idx"": 0, ""_expansion_entry_idx"": 0, ""_came_from_shadow"": false, ""pending_displacement_ttl"": 0, ""active_trade"": null, ""transition_log_len"": 3}, ""persistent_state_snapshot_after"": {""current_state"": ""RANGE"", ""current_candle_index"": 16, ""atr"": 3.585000000000004, ""direction"": ""NONE"", ""ema_fast_val"": 2378.5938144215443, ""ema_slow_val"": 2378.8349329840944, ""evaluating_soft_conf"": false, ""soft_conf_candles"": 0, ""cached_features"": {}, ""sweep_event"": null, ""active_range"": {""h_ref"": 2395.09, ""l_ref"": 2374.98, ""size"": 20.110000000000127, ""session"": ""UNKNOWN"", ""htf_candle_id"": ""XAUUSD-HTF-000022""}, ""displacement_candle_index"": null, ""retest_candle_index"": null, ""_displacement_entry_idx"": 0, ""_expansion_entry_idx"": 0, ""_came_from_shadow"": false, ""pending_displacement_ttl"": 0, ""active_trade"": null, ""transition_log_len"": 3}, ""guards_evaluated"": [{""evaluation_order"": 1, ""guard_id"": ""G_RANGE_SWEEP_DETECT"", ""guard_name"": ""detect_sweep"", ""source_location"": ""crt_engine_v2.CRTEngine.process_candle:RANGE"", ""from_state"": ""RANGE"", ""candidate_to_state"": ""SWEEP"", ""operands"": [{""name"": ""high"", ""runtime_value"": 2379.42, ""source_class"": ""RAW_OHLC"", ""source_name"": ""candle.high"", ""source_location"": ""process_candle:RANGE"", ""feature_id"": ""high"", ""formula_id"": null, ""config_key"": null, ""provenance_status"": ""PROVEN""}, {""name"": ""low"", ""runtime_value"": 2377.61, ""source_class"": ""RAW_OHLC"", ""source_name"": ""candle.low"", ""source_location"": ""process_candle:RANGE"", ""feature_id"": ""low"", ""formula_id"": null, ""config_key"": null, ""provenance_status"": ""PROVEN""}, {""name"": ""close"", ""runtime_value"": 2378.36, ""source_class"": ""RAW_OHLC"", ""source_name"": ""candle.close"", ""source_location"": ""process_candle:RANGE"", ""feature_id"": ""close"", ""formula_id"": null, ""config_key"": null, ""provenance_status"": ""PROVEN""}, {""name"": ""h_ref"", ""runtime_value"": 2395.09, ""source_class"": ""STATE_MEMORY"", ""source_name"": ""active_range.h_ref"", ""source_location"": ""process_candle:RANGE"", ""feature_id"": null, ""formula_id"": null, ""config_key"": null, ""provenance_status"": ""PROVEN""}, {""name"": ""l_ref"", ""runtime_value"": 2374.98, ""source_class"": ""STATE_MEMORY"", ""source_name"": ""active_range.l_ref"", ""source_location"": ""process_candle:RANGE"", ""feature_id"": null, ""formula_id"": null, ""config_key"": null, ""provenance_status"": ""PROVEN""}], ""operator"": ""RangeDetector.detect_sweep(...)"", ""thresholds"": [], ""result"": false, ""short_circuit_status"": ""NO_SWEEP"", ""failure_reason"": ""no_sweep_detected""}], ""selected_transition"": {""transition_selected"": false, ""from_state"": ""RANGE"", ""to_state"": ""RANGE"", ""selection_location"": ""CRTEngine.process_candle"", ""winning_guard_id"": null, ""selection_reason"": ""NONE""}, ""action"": {""candle"": ""2024-05-22T23:30:00"", ""candle_index"": 16, ""state"": ""RANGE"", ""action"": ""NONE"", ""state_after"": ""RANGE""}}, ""outputs"": {""returned_value"": {""candle"": ""2024-05-22T23:30:00"", ""candle_index"": 16, ""state"": ""RANGE"", ""action"": ""NONE"", ""state_after"": ""RANGE""}, ""events_emitted"": [], ""trade_output"": null, ""rejection"": null, ""diversion"": null, ""output_classification"": ""NO_OUTPUT""}, ""integrity"": {""trace_complete"": false, ""raw_bar_complete"": true, ""canonical_feature_complete"": false, ""canonical_feature_count"": 39, ""crt_input_provenance_complete"": true, ""effective_config_complete"": true, ""state_before_captured"": true, ""guards_complete"": true, ""state_after_captured"": true, ""outputs_complete"": true, ""missing_fields"": [""canonical_features""], ""unknown_provenance"": [], ""nonfinite_features"": [], ""exceptions"": [], ""warnings"": [], ""status"": ""PARTIAL"", ""evaluated_guard_count"": 1, ""true_guard_count"": 0}}"
"docs\governance\xauusd_crt_baseline_trace\xauusd_crt_baseline_trace_v1.jsonl","14","{""trace_identity"": {""trace_schema_version"": ""1.0.0"", ""run_id"": ""xauusd-crt-trace-20260731T184653Z-1f028143"", ""trace_sequence"": 13, ""symbol"": ""XAUUSD"", ""timeframe"": ""M15"", ""bar_index"": 92, ""timestamp"": ""2024-05-22 23:45:00"", ""corpus_path"": ""data/mt5/XAUUSD_M15.csv"", ""corpus_sha256"": ""4d73f5cebe33ec91c5312340337eb62c2cf1f49060c91c42761bf631b26aba56"", ""repository_commit"": ""b48d4d9a7abfb429f2a17c790d4b32083da5dd92"", ""dirty_worktree_status"": ""DIRTY"", ""production_config_path"": ""configs/production/v2_multi_2026_04.json"", ""production_config_sha256"": ""9f8cb382b28cbd969e0a774e1381aa1e115326421729ca9810dd6772f311d8b4"", ""config_id"": ""v2_multi_2026_04"", ""prod_version"": ""v2_multi_2026_04"", ""canonical_schema_hash"": ""c87a1aba7bc79803d04c680e0232389e"", ""feature_order_hash"": ""0edda573414f0a64""}, ""raw_bar"": {""timestamp"": ""2024-05-22 23:45:00"", ""open"": 2378.45, ""high"": 2379.06, ""low"": 2377.53, ""close"": 2378.58, ""volume"": 822.0}, ""canonical_features"": {""feature_count"": 39, ""feature_names_in_canonical_order"": [""open"", ""high"", ""low"", ""close"", ""volume"", ""volume_ratio"", ""double_sweep"", ""ema_fast"", ""ema_slow"", ""ema_spread"", ""trend_bias"", ""trend_strength"", ""momentum_score"", ""atr"", ""volatility_ratio"", ""rsi_14"", ""macd_line"", ""macd_signal"", ""macd_hist_raw"", ""macd_hist_z"", ""sweep_detected"", ""liquidity_sweep"", ""break_of_structure"", ""swing_high"", ""swing_low"", ""higher_high"", ""lower_low"", ""body_size"", ""candle_range"", ""body_ratio"", ""volatility_regime"", ""session"", ""hour_of_day"", ""disp_strength"", ""retest_depth"", ""candles_since_retest"", ""liquidity_distance"", ""liquidity_pressure_score"", ""volume_spike""], ""values_by_name"": {""open"": 2378.449951171875, ""high"": 2379.06005859375, ""low"": 2377.530029296875, ""close"": 2378.580078125, ""volume"": 822.0, ""volume_ratio"": 0.41604453325271606, ""double_sweep"": 0.0, ""ema_fast"": 2379.574462890625, ""ema_slow"": 2384.103759765625, ""ema_spread"": -3277.404052734375, ""trend_bias"": -1.0, ""trend_strength"": -0.39292460680007935, ""momentum_score"": 159.19223022460938, ""atr"": 0.0013819769956171513, ""volatility_ratio"": 0.46544981002807617, ""rsi_14"": 24.839006423950195, ""macd_line"": -5.57951021194458, ""macd_signal"": -6.076792240142822, ""macd_hist_raw"": 0.497281938791275, ""macd_hist_z"": 1.0783611536026, ""sweep_detected"": 0.0, ""liquidity_sweep"": 0.0, ""break_of_structure"": 0.0, ""swing_high"": 1.0, ""swing_low"": 0.0, ""higher_high"": 0.0, ""lower_low"": 0.0, ""body_size"": 0.12999999523162842, ""candle_range"": 1.5299999713897705, ""body_ratio"": 0.08496732264757156, ""volatility_regime"": 1.0, ""session"": 4.0, ""hour_of_day"": 23.0, ""disp_strength"": 0.03954802453517914, ""retest_depth"": 0.0, ""candles_since_retest"": 14.0, ""liquidity_distance"": 0.5202085971832275, ""liquidity_pressure_score"": 0.7709711790084839, ""volume_spike"": 0.0}, ""values_in_canonical_order"": [2378.449951171875, 2379.06005859375, 2377.530029296875, 2378.580078125, 822.0, 0.41604453325271606, 0.0, 2379.574462890625, 2384.103759765625, -3277.404052734375, -1.0, -0.39292460680007935, 159.19223022460938, 0.0013819769956171513, 0.46544981002807617, 24.839006423950195, -5.57951021194458, -6.076792240142822, 0.497281938791275, 1.0783611536026, 0.0, 0.0, 0.0, 1.0, 0.0, 0.0, 0.0, 0.12999999523162842, 1.5299999713897705, 0.08496732264757156, 1.0, 4.0, 23.0, 0.03954802453517914, 0.0, 14.0, 0.5202085971832275, 0.7709711790084839, 0.0], ""schema_hash"": ""c87a1aba7bc79803d04c680e0232389e"", ""feature_order_hash"": ""0edda573414f0a64"", ""feature_vector_index"": 13, ""lookup_miss"": false}, ""crt_inputs"": {""inputs"": [{""name"": ""high"", ""runtime_value"": 2379.06, ""source_class"": ""RAW_OHLC"", ""source_name"": ""candle.high"", ""source_location"": ""process_candle:RANGE"", ""formula_id"": null, ""feature_id"": ""high"", ""config_key"": null, ""provenance_status"": ""PROVEN""}, {""name"": ""low"", ""runtime_value"": 2377.53, ""source_class"": ""RAW_OHLC"", ""source_name"": ""candle.low"", ""source_location"": ""process_candle:RANGE"", ""formula_id"": null, ""feature_id"": ""low"", ""config_key"": null, ""provenance_status"": ""PROVEN""}, {""name"": ""close"", ""runtime_value"": 2378.58, ""source_class"": ""RAW_OHLC"", ""source_name"": ""candle.close"", ""source_location"": ""process_candle:RANGE"", ""formula_id"": null, ""feature_id"": ""close"", ""config_key"": null, ""provenance_status"": ""PROVEN""}, {""name"": ""h_ref"", ""runtime_value"": 2390.76, ""source_class"": ""STATE_MEMORY"", ""source_name"": ""active_range.h_ref"", ""source_location"": ""process_candle:RANGE"", ""formula_id"": null, ""feature_id"": null, ""config_key"": null, ""provenance_status"": ""PROVEN""}, {""name"": ""l_ref"", ""runtime_value"": 2374.98, ""source_class"": ""STATE_MEMORY"", ""source_name"": ""active_range.l_ref"", ""source_location"": ""process_candle:RANGE"", ""formula_id"": null, ""feature_id"": null, ""config_key"": null, ""provenance_status"": ""PROVEN""}]}, ""effective_config"": {""config_file_path"": ""configs/production/v2_multi_2026_04.json"", ""prod_version"": ""v2_multi_2026_04"", ""effective_crt_config"": {""body_ratio_min"": 0.65, ""atr_multiplier_min"": 1.0, ""retest_depth_max"": 0.15, ""atr_period"": 14, ""atr_buffer_multiplier"": 3, ""max_sweep_age_candles"": 20, ""expansion_atr_min_distance"": 0.3, ""retest_atr_depth_fraction"": 0.3, ""retest_min_depth_atr_fraction"": 0.1, ""risk_score_weights"": [0.35, 0.25, 0.2, 0.2], ""score_component_weights"": [0.35, 0.25, 0.2, 0.2], ""max_displacement_strength"": 2.0, ""score_decay_lambda"": 0.05, ""score_threshold"": 0.45, ""max_spread_pct"": 0.05, ""atr_min_displacement"": 1.2, ""confirmation_body_min"": 0.6, ""sl_atr_buffer"": 0.2, ""tp1_atr_multiplier"": 1.0, ""tp2_atr_multiplier"": 2.0, ""exit_model"": ""intrabar_touch"", ""breakout_disp_threshold"": 1.5, ""tp1_atr_multiplier_breakout"": 1.5, ""tp1_atr_multiplier_pullback"": 0.8, ""tp1_atr_multiplier_liq_sweep"": 1.2, ""tp1_atr_multiplier_reversal"": 1.0, ""bitnet_main_threshold"": 0.55, ""use_bitnet"": false, ""session_windows"": {""LONDON"": [""07:00:00"", ""10:00:00""], ""NEWYORK"": [""13:00:00"", ""16:00:00""], ""ASIA"": [""00:00:00"", ""03:00:00""]}, ""allowed_sessions"": [""LONDON"", ""NEWYORK"", ""OVERLAP""], ""retrace_reset_pct"": 0.5, ""extension_reset_fib"": 1.618, ""news_blackout_minutes"": 15, ""conf_alpha"": 0.7, ""conf_beta"": 0.3, ""conf_weights"": [0.35, 0.35, 0.15, 0.15], ""conf_floor"": 0.2, ""weak_link_weight"": 0.3, ""ema_fast"": 2, ""ema_slow"": 5, ""tier_1_threshold"": 0.75, ""tier_2_threshold"": 0.3, ""soft_conf_max_candles"": 3, ""pending_displacement_ttl_candles"": 4, ""max_expansion_age_candles"": 495, ""max_expansion_age_hours"": 124, ""expansion_age_warn_candles"": 342, ""shadow_age_penalty_lambda"": 0.0, ""shadow_age_norm_candles"": 0, ""shadow_advisory_only"": false, ""sizing_bands"": [[0.75, 0.01], [0.55, 0.005]]}, ""constructor_mapping"": ""BacktestConfig.from_prod_config → CRTConfig fields"", ""runtime_overrides"": {}, ""environment_overrides"": {""TRUST_INTRABAR_TOUCH"": null, ""BACKTEST_ENGINE_GATE"": ""1""}, ""post_construction_mutations"": [], ""note"": ""CRT process_candle does not consume the 38-dim FeaturePipeline vector for guards."", ""config_file_sha256"": ""9f8cb382b28cbd969e0a774e1381aa1e115326421729ca9810dd6772f311d8b4""}, ""state_transition"": {""state_before"": ""RANGE"", ""state_after"": ""RANGE"", ""state_changed"": false, ""persistent_state_snapshot_before"": {""current_state"": ""RANGE"", ""current_candle_index"": 16, ""atr"": 3.585000000000004, ""direction"": ""NONE"", ""ema_fast_val"": 2378.5938144215443, ""ema_slow_val"": 2378.8349329840944, ""evaluating_soft_conf"": false, ""soft_conf_candles"": 0, ""cached_features"": {}, ""sweep_event"": null, ""active_range"": {""h_ref"": 2395.09, ""l_ref"": 2374.98, ""size"": 20.110000000000127, ""session"": ""UNKNOWN"", ""htf_candle_id"": ""XAUUSD-HTF-000022""}, ""displacement_candle_index"": null, ""retest_candle_index"": null, ""_displacement_entry_idx"": 0, ""_expansion_entry_idx"": 0, ""_came_from_shadow"": false, ""pending_displacement_ttl"": 0, ""active_trade"": null, ""transition_log_len"": 3}, ""persistent_state_snapshot_after"": {""current_state"": ""RANGE"", ""current_candle_index"": 17, ""atr"": 3.426428571428557, ""direction"": ""NONE"", ""ema_fast_val"": 2378.584604807181, ""ema_slow_val"": 2378.74995532273, ""evaluating_soft_conf"": false, ""soft_conf_candles"": 0, ""cached_features"": {}, ""sweep_event"": null, ""active_range"": {""h_ref"": 2390.76, ""l_ref"": 2374.98, ""size"": 15.7800000000002, ""session"": ""UNKNOWN"", ""htf_candle_id"": ""XAUUSD-HTF-000023""}, ""displacement_candle_index"": null, ""retest_candle_index"": null, ""_displacement_entry_idx"": 0, ""_expansion_entry_idx"": 0, ""_came_from_shadow"": false, ""pending_displacement_ttl"": 0, ""active_trade"": null, ""transition_log_len"": 4}, ""guards_evaluated"": [{""evaluation_order"": 1, ""guard_id"": ""G_RANGE_SWEEP_DETECT"", ""guard_name"": ""detect_sweep"", ""source_location"": ""crt_engine_v2.CRTEngine.process_candle:RANGE"", ""from_state"": ""RANGE"", ""candidate_to_state"": ""SWEEP"", ""operands"": [{""name"": ""high"", ""runtime_value"": 2379.06, ""source_class"": ""RAW_OHLC"", ""source_name"": ""candle.high"", ""source_location"": ""process_candle:RANGE"", ""feature_id"": ""high"", ""formula_id"": null, ""config_key"": null, ""provenance_status"": ""PROVEN""}, {""name"": ""low"", ""runtime_value"": 2377.53, ""source_class"": ""RAW_OHLC"", ""source_name"": ""candle.low"", ""source_location"": ""process_candle:RANGE"", ""feature_id"": ""low"", ""formula_id"": null, ""config_key"": null, ""provenance_status"": ""PROVEN""}, {""name"": ""close"", ""runtime_value"": 2378.58, ""source_class"": ""RAW_OHLC"", ""source_name"": ""candle.close"", ""source_location"": ""process_candle:RANGE"", ""feature_id"": ""close"", ""formula_id"": null, ""config_key"": null, ""provenance_status"": ""PROVEN""}, {""name"": ""h_ref"", ""runtime_value"": 2390.76, ""source_class"": ""STATE_MEMORY"", ""source_name"": ""active_range.h_ref"", ""source_location"": ""process_candle:RANGE"", ""feature_id"": null, ""formula_id"": null, ""config_key"": null, ""provenance_status"": ""PROVEN""}, {""name"": ""l_ref"", ""runtime_value"": 2374.98, ""source_class"": ""STATE_MEMORY"", ""source_name"": ""active_range.l_ref"", ""source_location"": ""process_candle:RANGE"", ""feature_id"": null, ""formula_id"": null, ""config_key"": null, ""provenance_status"": ""PROVEN""}], ""operator"": ""RangeDetector.detect_sweep(...)"", ""thresholds"": [], ""result"": false, ""short_circuit_status"": ""NO_SWEEP"", ""failure_reason"": ""no_sweep_detected""}], ""selected_transition"": {""transition_selected"": false, ""from_state"": ""RANGE"", ""to_state"": ""RANGE"", ""selection_location"": ""CRTEngine.process_candle"", ""winning_guard_id"": null, ""selection_reason"": ""RESET""}, ""action"": {""candle"": ""2024-05-22T23:45:00"", ""candle_index"": 17, ""state"": ""RANGE"", ""action"": ""RESET"", ""reason"": ""HTF changed: XAUUSD-HTF-000022 → XAUUSD-HTF-000023"", ""state_after"": ""RANGE""}}, ""outputs"": {""returned_value"": {""candle"": ""2024-05-22T23:45:00"", ""candle_index"": 17, ""state"": ""RANGE"", ""action"": ""RESET"", ""reason"": ""HTF changed: XAUUSD-HTF-000022 → XAUUSD-HTF-000023"", ""state_after"": ""RANGE""}, ""events_emitted"": [{""event"": ""RESET"", ""timestamp"": ""2024-05-22T23:45:00"", ""candle_index"": 17, ""state_from"": ""RANGE"", ""state_to"": ""RANGE"", ""reason"": ""HTF changed: XAUUSD-HTF-000022 → XAUUSD-HTF-000023"", ""direction"": null, ""price"": null}], ""trade_output"": null, ""rejection"": null, ""diversion"": {""candle"": ""2024-05-22T23:45:00"", ""candle_index"": 17, ""state"": ""RANGE"", ""action"": ""RESET"", ""reason"": ""HTF changed: XAUUSD-HTF-000022 → XAUUSD-HTF-000023"", ""state_after"": ""RANGE""}, ""output_classification"": ""DIVERTED""}, ""integrity"": {""trace_complete"": false, ""raw_bar_complete"": true, ""canonical_feature_complete"": false, ""canonical_feature_count"": 39, ""crt_input_provenance_complete"": true, ""effective_config_complete"": true, ""state_before_captured"": true, ""guards_complete"": true, ""state_after_captured"": true, ""outputs_complete"": true, ""missing_fields"": [""canonical_features""], ""unknown_provenance"": [], ""nonfinite_features"": [], ""exceptions"": [], ""warnings"": [], ""status"": ""PARTIAL"", ""evaluated_guard_count"": 1, ""true_guard_count"": 0}}"
"docs\governance\xauusd_crt_baseline_trace\xauusd_crt_baseline_trace_v1.jsonl","15","{""trace_identity"": {""trace_schema_version"": ""1.0.0"", ""run_id"": ""xauusd-crt-trace-20260731T184653Z-1f028143"", ""trace_sequence"": 14, ""symbol"": ""XAUUSD"", ""timeframe"": ""M15"", ""bar_index"": 93, ""timestamp"": ""2024-05-23 01:00:00"", ""corpus_path"": ""data/mt5/XAUUSD_M15.csv"", ""corpus_sha256"": ""4d73f5cebe33ec91c5312340337eb62c2cf1f49060c91c42761bf631b26aba56"", ""repository_commit"": ""b48d4d9a7abfb429f2a17c790d4b32083da5dd92"", ""dirty_worktree_status"": ""DIRTY"", ""production_config_path"": ""configs/production/v2_multi_2026_04.json"", ""production_config_sha256"": ""9f8cb382b28cbd969e0a774e1381aa1e115326421729ca9810dd6772f311d8b4"", ""config_id"": ""v2_multi_2026_04"", ""prod_version"": ""v2_multi_2026_04"", ""canonical_schema_hash"": ""c87a1aba7bc79803d04c680e0232389e"", ""feature_order_hash"": ""0edda573414f0a64""}, ""raw_bar"": {""timestamp"": ""2024-05-23 01:00:00"", ""open"": 2379.77, ""high"": 2380.95, ""low"": 2378.47, ""close"": 2379.38, ""volume"": 652.0}, ""canonical_features"": {""feature_count"": 39, ""feature_names_in_canonical_order"": [""open"", ""high"", ""low"", ""close"", ""volume"", ""volume_ratio"", ""double_sweep"", ""ema_fast"", ""ema_slow"", ""ema_spread"", ""trend_bias"", ""trend_strength"", ""momentum_score"", ""atr"", ""volatility_ratio"", ""rsi_14"", ""macd_line"", ""macd_signal"", ""macd_hist_raw"", ""macd_hist_z"", ""sweep_detected"", ""liquidity_sweep"", ""break_of_structure"", ""swing_high"", ""swing_low"", ""higher_high"", ""lower_low"", ""body_size"", ""candle_range"", ""body_ratio"", ""volatility_regime"", ""session"", ""hour_of_day"", ""disp_strength"", ""retest_depth"", ""candles_since_retest"", ""liquidity_distance"", ""liquidity_pressure_score"", ""volume_spike""], ""values_by_name"": {""open"": 2379.77001953125, ""high"": 2380.949951171875, ""low"": 2378.469970703125, ""close"": 2379.3798828125, ""volume"": 652.0, ""volume_ratio"": 0.3430856764316559, ""double_sweep"": 0.0, ""ema_fast"": 2379.53564453125, ""ema_slow"": 2383.67431640625, ""ema_spread"": -3048.753173828125, ""trend_bias"": -1.0, ""trend_strength"": -0.18098093569278717, ""momentum_score"": 589.3201293945312, ""atr"": 0.0013574964832514524, ""volatility_ratio"": 0.7678018808364868, ""rsi_14"": 30.140981674194336, ""macd_line"": -5.259047508239746, ""macd_signal"": -5.913243293762207, ""macd_hist_raw"": 0.6541956067085266, ""macd_hist_z"": 1.2417956590652466, ""sweep_detected"": 1.0, ""liquidity_sweep"": 1.0, ""break_of_structure"": 0.0, ""swing_high"": 0.0, ""swing_low"": 0.0, ""higher_high"": 1.0, ""lower_low"": 0.0, ""body_size"": 0.38999998569488525, ""candle_range"": 2.4800000190734863, ""body_ratio"": 0.1572580635547638, ""volatility_regime"": 1.0, ""session"": 0.0, ""hour_of_day"": 1.0, ""disp_strength"": 0.1207430362701416, ""retest_depth"": 0.04818716272711754, ""candles_since_retest"": 0.0, ""liquidity_distance"": 0.40247678756713867, ""liquidity_pressure_score"": 0.817717432975769, ""volume_spike"": 0.0}, ""values_in_canonical_order"": [2379.77001953125, 2380.949951171875, 2378.469970703125, 2379.3798828125, 652.0, 0.3430856764316559, 0.0, 2379.53564453125, 2383.67431640625, -3048.753173828125, -1.0, -0.18098093569278717, 589.3201293945312, 0.0013574964832514524, 0.7678018808364868, 30.140981674194336, -5.259047508239746, -5.913243293762207, 0.6541956067085266, 1.2417956590652466, 1.0, 1.0, 0.0, 0.0, 0.0, 1.0, 0.0, 0.38999998569488525, 2.4800000190734863, 0.1572580635547638, 1.0, 0.0, 1.0, 0.1207430362701416, 0.04818716272711754, 0.0, 0.40247678756713867, 0.817717432975769, 0.0], ""schema_hash"": ""c87a1aba7bc79803d04c680e0232389e"", ""feature_order_hash"": ""0edda573414f0a64"", ""feature_vector_index"": 14, ""lookup_miss"": false}, ""crt_inputs"": {""inputs"": [{""name"": ""high"", ""runtime_value"": 2380.95, ""source_class"": ""RAW_OHLC"", ""source_name"": ""candle.high"", ""source_location"": ""process_candle:RANGE"", ""formula_id"": null, ""feature_id"": ""high"", ""config_key"": null, ""provenance_status"": ""PROVEN""}, {""name"": ""low"", ""runtime_value"": 2378.47, ""source_class"": ""RAW_OHLC"", ""source_name"": ""candle.low"", ""source_location"": ""process_candle:RANGE"", ""formula_id"": null, ""feature_id"": ""low"", ""config_key"": null, ""provenance_status"": ""PROVEN""}, {""name"": ""close"", ""runtime_value"": 2379.38, ""source_class"": ""RAW_OHLC"", ""source_name"": ""candle.close"", ""source_location"": ""process_candle:RANGE"", ""formula_id"": null, ""feature_id"": ""close"", ""config_key"": null, ""provenance_status"": ""PROVEN""}, {""name"": ""h_ref"", ""runtime_value"": 2390.76, ""source_class"": ""STATE_MEMORY"", ""source_name"": ""active_range.h_ref"", ""source_location"": ""process_candle:RANGE"", ""formula_id"": null, ""feature_id"": null, ""config_key"": null, ""provenance_status"": ""PROVEN""}, {""name"": ""l_ref"", ""runtime_value"": 2374.98, ""source_class"": ""STATE_MEMORY"", ""source_name"": ""active_range.l_ref"", ""source_location"": ""process_candle:RANGE"", ""formula_id"": null, ""feature_id"": null, ""config_key"": null, ""provenance_status"": ""PROVEN""}]}, ""effective_config"": {""config_file_path"": ""configs/production/v2_multi_2026_04.json"", ""prod_version"": ""v2_multi_2026_04"", ""effective_crt_config"": {""body_ratio_min"": 0.65, ""atr_multiplier_min"": 1.0, ""retest_depth_max"": 0.15, ""atr_period"": 14, ""atr_buffer_multiplier"": 3, ""max_sweep_age_candles"": 20, ""expansion_atr_min_distance"": 0.3, ""retest_atr_depth_fraction"": 0.3, ""retest_min_depth_atr_fraction"": 0.1, ""risk_score_weights"": [0.35, 0.25, 0.2, 0.2], ""score_component_weights"": [0.35, 0.25, 0.2, 0.2], ""max_displacement_strength"": 2.0, ""score_decay_lambda"": 0.05, ""score_threshold"": 0.45, ""max_spread_pct"": 0.05, ""atr_min_displacement"": 1.2, ""confirmation_body_min"": 0.6, ""sl_atr_buffer"": 0.2, ""tp1_atr_multiplier"": 1.0, ""tp2_atr_multiplier"": 2.0, ""exit_model"": ""intrabar_touch"", ""breakout_disp_threshold"": 1.5, ""tp1_atr_multiplier_breakout"": 1.5, ""tp1_atr_multiplier_pullback"": 0.8, ""tp1_atr_multiplier_liq_sweep"": 1.2, ""tp1_atr_multiplier_reversal"": 1.0, ""bitnet_main_threshold"": 0.55, ""use_bitnet"": false, ""session_windows"": {""LONDON"": [""07:00:00"", ""10:00:00""], ""NEWYORK"": [""13:00:00"", ""16:00:00""], ""ASIA"": [""00:00:00"", ""03:00:00""]}, ""allowed_sessions"": [""LONDON"", ""NEWYORK"", ""OVERLAP""], ""retrace_reset_pct"": 0.5, ""extension_reset_fib"": 1.618, ""news_blackout_minutes"": 15, ""conf_alpha"": 0.7, ""conf_beta"": 0.3, ""conf_weights"": [0.35, 0.35, 0.15, 0.15], ""conf_floor"": 0.2, ""weak_link_weight"": 0.3, ""ema_fast"": 2, ""ema_slow"": 5, ""tier_1_threshold"": 0.75, ""tier_2_threshold"": 0.3, ""soft_conf_max_candles"": 3, ""pending_displacement_ttl_candles"": 4, ""max_expansion_age_candles"": 495, ""max_expansion_age_hours"": 124, ""expansion_age_warn_candles"": 342, ""shadow_age_penalty_lambda"": 0.0, ""shadow_age_norm_candles"": 0, ""shadow_advisory_only"": false, ""sizing_bands"": [[0.75, 0.01], [0.55, 0.005]]}, ""constructor_mapping"": ""BacktestConfig.from_prod_config → CRTConfig fields"", ""runtime_overrides"": {}, ""environment_overrides"": {""TRUST_INTRABAR_TOUCH"": null, ""BACKTEST_ENGINE_GATE"": ""1""}, ""post_construction_mutations"": [], ""note"": ""CRT process_candle does not consume the 38-dim FeaturePipeline vector for guards."", ""config_file_sha256"": ""9f8cb382b28cbd969e0a774e1381aa1e115326421729ca9810dd6772f311d8b4""}, ""state_transition"": {""state_before"": ""RANGE"", ""state_after"": ""RANGE"", ""state_changed"": false, ""persistent_state_snapshot_before"": {""current_state"": ""RANGE"", ""current_candle_index"": 17, ""atr"": 3.426428571428557, ""direction"": ""NONE"", ""ema_fast_val"": 2378.584604807181, ""ema_slow_val"": 2378.74995532273, ""evaluating_soft_conf"": false, ""soft_conf_candles"": 0, ""cached_features"": {}, ""sweep_event"": null, ""active_range"": {""h_ref"": 2390.76, ""l_ref"": 2374.98, ""size"": 15.7800000000002, ""session"": ""UNKNOWN"", ""htf_candle_id"": ""XAUUSD-HTF-000023""}, ""displacement_candle_index"": null, ""retest_candle_index"": null, ""_displacement_entry_idx"": 0, ""_expansion_entry_idx"": 0, ""_came_from_shadow"": false, ""pending_displacement_ttl"": 0, ""active_trade"": null, ""transition_log_len"": 4}, ""persistent_state_snapshot_after"": {""current_state"": ""RANGE"", ""current_candle_index"": 18, ""atr"": 3.2299999999999858, ""direction"": ""NONE"", ""ema_fast_val"": 2379.1148682690605, ""ema_slow_val"": 2378.9599702151536, ""evaluating_soft_conf"": false, ""soft_conf_candles"": 0, ""cached_features"": {}, ""sweep_event"": null, ""active_range"": {""h_ref"": 2390.76, ""l_ref"": 2374.98, ""size"": 15.7800000000002, ""session"": ""UNKNOWN"", ""htf_candle_id"": ""XAUUSD-HTF-000023""}, ""displacement_candle_index"": null, ""retest_candle_index"": null, ""_displacement_entry_idx"": 0, ""_expansion_entry_idx"": 0, ""_came_from_shadow"": false, ""pending_displacement_ttl"": 0, ""active_trade"": null, ""transition_log_len"": 4}, ""guards_evaluated"": [{""evaluation_order"": 1, ""guard_id"": ""G_RANGE_SWEEP_DETECT"", ""guard_name"": ""detect_sweep"", ""source_location"": ""crt_engine_v2.CRTEngine.process_candle:RANGE"", ""from_state"": ""RANGE"", ""candidate_to_state"": ""SWEEP"", ""operands"": [{""name"": ""high"", ""runtime_value"": 2380.95, ""source_class"": ""RAW_OHLC"", ""source_name"": ""candle.high"", ""source_location"": ""process_candle:RANGE"", ""feature_id"": ""high"", ""formula_id"": null, ""config_key"": null, ""provenance_status"": ""PROVEN""}, {""name"": ""low"", ""runtime_value"": 2378.47, ""source_class"": ""RAW_OHLC"", ""source_name"": ""candle.low"", ""source_location"": ""process_candle:RANGE"", ""feature_id"": ""low"", ""formula_id"": null, ""config_key"": null, ""provenance_status"": ""PROVEN""}, {""name"": ""close"", ""runtime_value"": 2379.38, ""source_class"": ""RAW_OHLC"", ""source_name"": ""candle.close"", ""source_location"": ""process_candle:RANGE"", ""feature_id"": ""close"", ""formula_id"": null, ""config_key"": null, ""provenance_status"": ""PROVEN""}, {""name"": ""h_ref"", ""runtime_value"": 2390.76, ""source_class"": ""STATE_MEMORY"", ""source_name"": ""active_range.h_ref"", ""source_location"": ""process_candle:RANGE"", ""feature_id"": null, ""formula_id"": null, ""config_key"": null, ""provenance_status"": ""PROVEN""}, {""name"": ""l_ref"", ""runtime_value"": 2374.98, ""source_class"": ""STATE_MEMORY"", ""source_name"": ""active_range.l_ref"", ""source_location"": ""process_candle:RANGE"", ""feature_id"": null, ""formula_id"": null, ""config_key"": null, ""provenance_status"": ""PROVEN""}], ""operator"": ""RangeDetector.detect_sweep(...)"", ""thresholds"": [], ""result"": false, ""short_circuit_status"": ""NO_SWEEP"", ""failure_reason"": ""no_sweep_detected""}], ""selected_transition"": {""transition_selected"": false, ""from_state"": ""RANGE"", ""to_state"": ""RANGE"", ""selection_location"": ""CRTEngine.process_candle"", ""winning_guard_id"": null, ""selection_reason"": ""NONE""}, ""action"": {""candle"": ""2024-05-23T01:00:00"", ""candle_index"": 18, ""state"": ""RANGE"", ""action"": ""NONE"", ""state_after"": ""RANGE""}}, ""outputs"": {""returned_value"": {""candle"": ""2024-05-23T01:00:00"", ""candle_index"": 18, ""state"": ""RANGE"", ""action"": ""NONE"", ""state_after"": ""RANGE""}, ""events_emitted"": [], ""trade_output"": null, ""rejection"": null, ""diversion"": null, ""output_classification"": ""NO_OUTPUT""}, ""integrity"": {""trace_complete"": false, ""raw_bar_complete"": true, ""canonical_feature_complete"": false, ""canonical_feature_count"": 39, ""crt_input_provenance_complete"": true, ""effective_config_complete"": true, ""state_before_captured"": true, ""guards_complete"": true, ""state_after_captured"": true, ""outputs_complete"": true, ""missing_fields"": [""canonical_features""], ""unknown_provenance"": [], ""nonfinite_features"": [], ""exceptions"": [], ""warnings"": [], ""status"": ""PARTIAL"", ""evaluated_guard_count"": 1, ""true_guard_count"": 0}}"
"docs\governance\xauusd_crt_baseline_trace\xauusd_crt_baseline_trace_v1.jsonl","16","{""trace_identity"": {""trace_schema_version"": ""1.0.0"", ""run_id"": ""xauusd-crt-trace-20260731T184653Z-1f028143"", ""trace_sequence"": 15, ""symbol"": ""XAUUSD"", ""timeframe"": ""M15"", ""bar_index"": 94, ""timestamp"": ""2024-05-23 01:15:00"", ""corpus_path"": ""data/mt5/XAUUSD_M15.csv"", ""corpus_sha256"": ""4d73f5cebe33ec91c5312340337eb62c2cf1f49060c91c42761bf631b26aba56"", ""repository_commit"": ""b48d4d9a7abfb429f2a17c790d4b32083da5dd92"", ""dirty_worktree_status"": ""DIRTY"", ""production_config_path"": ""configs/production/v2_multi_2026_04.json"", ""production_config_sha256"": ""9f8cb382b28cbd969e0a774e1381aa1e115326421729ca9810dd6772f311d8b4"", ""config_id"": ""v2_multi_2026_04"", ""prod_version"": ""v2_multi_2026_04"", ""canonical_schema_hash"": ""c87a1aba7bc79803d04c680e0232389e"", ""feature_order_hash"": ""0edda573414f0a64""}, ""raw_bar"": {""timestamp"": ""2024-05-23 01:15:00"", ""open"": 2379.36, ""high"": 2380.83, ""low"": 2379.24, ""close"": 2380.56, ""volume"": 504.0}, ""canonical_features"": {""feature_count"": 39, ""feature_names_in_canonical_order"": [""open"", ""high"", ""low"", ""close"", ""volume"", ""volume_ratio"", ""double_sweep"", ""ema_fast"", ""ema_slow"", ""ema_spread"", ""trend_bias"", ""trend_strength"", ""momentum_score"", ""atr"", ""volatility_ratio"", ""rsi_14"", ""macd_line"", ""macd_signal"", ""macd_hist_raw"", ""macd_hist_z"", ""sweep_detected"", ""liquidity_sweep"", ""break_of_structure"", ""swing_high"", ""swing_low"", ""higher_high"", ""lower_low"", ""body_size"", ""candle_range"", ""body_ratio"", ""volatility_regime"", ""session"", ""hour_of_day"", ""disp_strength"", ""retest_depth"", ""candles_since_retest"", ""liquidity_distance"", ""liquidity_pressure_score"", ""volume_spike""], ""values_by_name"": {""open"": 2379.360107421875, ""high"": 2380.830078125, ""low"": 2379.239990234375, ""close"": 2380.56005859375, ""volume"": 504.0, ""volume_ratio"": 0.2771972417831421, ""double_sweep"": 0.0, ""ema_fast"": 2379.740478515625, ""ema_slow"": 2383.391357421875, ""ema_spread"": -2713.55712890625, ""trend_bias"": -1.0, ""trend_strength"": 0.06438601762056351, ""momentum_score"": 877.0484008789062, ""atr"": 0.001345421769656241, ""volatility_ratio"": 0.49643173813819885, ""rsi_14"": 31.6039981842041, ""macd_line"": -4.853909969329834, ""macd_signal"": -5.701376438140869, ""macd_hist_raw"": 0.847466766834259, ""macd_hist_z"": 1.4381531476974487, ""sweep_detected"": 1.0, ""liquidity_sweep"": 1.0, ""break_of_structure"": 0.0, ""swing_high"": 0.0, ""swing_low"": 1.0, ""higher_high"": 1.0, ""lower_low"": 0.0, ""body_size"": 1.2000000476837158, ""candle_range"": 1.590000033378601, ""body_ratio"": 0.7547169923782349, ""volatility_regime"": 1.0, ""session"": 0.0, ""hour_of_day"": 1.0, ""disp_strength"": 0.3746654689311981, ""retest_depth"": 0.2558720111846924, ""candles_since_retest"": 0.0, ""liquidity_distance"": 0.03746654465794563, ""liquidity_pressure_score"": 0.9814411401748657, ""volume_spike"": 0.0}, ""values_in_canonical_order"": [2379.360107421875, 2380.830078125, 2379.239990234375, 2380.56005859375, 504.0, 0.2771972417831421, 0.0, 2379.740478515625, 2383.391357421875, -2713.55712890625, -1.0, 0.06438601762056351, 877.0484008789062, 0.001345421769656241, 0.49643173813819885, 31.6039981842041, -4.853909969329834, -5.701376438140869, 0.847466766834259, 1.4381531476974487, 1.0, 1.0, 0.0, 0.0, 1.0, 1.0, 0.0, 1.2000000476837158, 1.590000033378601, 0.7547169923782349, 1.0, 0.0, 1.0, 0.3746654689311981, 0.2558720111846924, 0.0, 0.03746654465794563, 0.9814411401748657, 0.0], ""schema_hash"": ""c87a1aba7bc79803d04c680e0232389e"", ""feature_order_hash"": ""0edda573414f0a64"", ""feature_vector_index"": 15, ""lookup_miss"": false}, ""crt_inputs"": {""inputs"": [{""name"": ""high"", ""runtime_value"": 2380.83, ""source_class"": ""RAW_OHLC"", ""source_name"": ""candle.high"", ""source_location"": ""process_candle:RANGE"", ""formula_id"": null, ""feature_id"": ""high"", ""config_key"": null, ""provenance_status"": ""PROVEN""}, {""name"": ""low"", ""runtime_value"": 2379.24, ""source_class"": ""RAW_OHLC"", ""source_name"": ""candle.low"", ""source_location"": ""process_candle:RANGE"", ""formula_id"": null, ""feature_id"": ""low"", ""config_key"": null, ""provenance_status"": ""PROVEN""}, {""name"": ""close"", ""runtime_value"": 2380.56, ""source_class"": ""RAW_OHLC"", ""source_name"": ""candle.close"", ""source_location"": ""process_candle:RANGE"", ""formula_id"": null, ""feature_id"": ""close"", ""config_key"": null, ""provenance_status"": ""PROVEN""}, {""name"": ""h_ref"", ""runtime_value"": 2390.76, ""source_class"": ""STATE_MEMORY"", ""source_name"": ""active_range.h_ref"", ""source_location"": ""process_candle:RANGE"", ""formula_id"": null, ""feature_id"": null, ""config_key"": null, ""provenance_status"": ""PROVEN""}, {""name"": ""l_ref"", ""runtime_value"": 2374.98, ""source_class"": ""STATE_MEMORY"", ""source_name"": ""active_range.l_ref"", ""source_location"": ""process_candle:RANGE"", ""formula_id"": null, ""feature_id"": null, ""config_key"": null, ""provenance_status"": ""PROVEN""}]}, ""effective_config"": {""config_file_path"": ""configs/production/v2_multi_2026_04.json"", ""prod_version"": ""v2_multi_2026_04"", ""effective_crt_config"": {""body_ratio_min"": 0.65, ""atr_multiplier_min"": 1.0, ""retest_depth_max"": 0.15, ""atr_period"": 14, ""atr_buffer_multiplier"": 3, ""max_sweep_age_candles"": 20, ""expansion_atr_min_distance"": 0.3, ""retest_atr_depth_fraction"": 0.3, ""retest_min_depth_atr_fraction"": 0.1, ""risk_score_weights"": [0.35, 0.25, 0.2, 0.2], ""score_component_weights"": [0.35, 0.25, 0.2, 0.2], ""max_displacement_strength"": 2.0, ""score_decay_lambda"": 0.05, ""score_threshold"": 0.45, ""max_spread_pct"": 0.05, ""atr_min_displacement"": 1.2, ""confirmation_body_min"": 0.6, ""sl_atr_buffer"": 0.2, ""tp1_atr_multiplier"": 1.0, ""tp2_atr_multiplier"": 2.0, ""exit_model"": ""intrabar_touch"", ""breakout_disp_threshold"": 1.5, ""tp1_atr_multiplier_breakout"": 1.5, ""tp1_atr_multiplier_pullback"": 0.8, ""tp1_atr_multiplier_liq_sweep"": 1.2, ""tp1_atr_multiplier_reversal"": 1.0, ""bitnet_main_threshold"": 0.55, ""use_bitnet"": false, ""session_windows"": {""LONDON"": [""07:00:00"", ""10:00:00""], ""NEWYORK"": [""13:00:00"", ""16:00:00""], ""ASIA"": [""00:00:00"", ""03:00:00""]}, ""allowed_sessions"": [""LONDON"", ""NEWYORK"", ""OVERLAP""], ""retrace_reset_pct"": 0.5, ""extension_reset_fib"": 1.618, ""news_blackout_minutes"": 15, ""conf_alpha"": 0.7, ""conf_beta"": 0.3, ""conf_weights"": [0.35, 0.35, 0.15, 0.15], ""conf_floor"": 0.2, ""weak_link_weight"": 0.3, ""ema_fast"": 2, ""ema_slow"": 5, ""tier_1_threshold"": 0.75, ""tier_2_threshold"": 0.3, ""soft_conf_max_candles"": 3, ""pending_displacement_ttl_candles"": 4, ""max_expansion_age_candles"": 495, ""max_expansion_age_hours"": 124, ""expansion_age_warn_candles"": 342, ""shadow_age_penalty_lambda"": 0.0, ""shadow_age_norm_candles"": 0, ""shadow_advisory_only"": false, ""sizing_bands"": [[0.75, 0.01], [0.55, 0.005]]}, ""constructor_mapping"": ""BacktestConfig.from_prod_config → CRTConfig fields"", ""runtime_overrides"": {}, ""environment_overrides"": {""TRUST_INTRABAR_TOUCH"": null, ""BACKTEST_ENGINE_GATE"": ""1""}, ""post_construction_mutations"": [], ""note"": ""CRT process_candle does not consume the 38-dim FeaturePipeline vector for guards."", ""config_file_sha256"": ""9f8cb382b28cbd969e0a774e1381aa1e115326421729ca9810dd6772f311d8b4""}, ""state_transition"": {""state_before"": ""RANGE"", ""state_after"": ""RANGE"", ""state_changed"": false, ""persistent_state_snapshot_before"": {""current_state"": ""RANGE"", ""current_candle_index"": 18, ""atr"": 3.2299999999999858, ""direction"": ""NONE"", ""ema_fast_val"": 2379.1148682690605, ""ema_slow_val"": 2378.9599702151536, ""evaluating_soft_conf"": false, ""soft_conf_candles"": 0, ""cached_features"": {}, ""sweep_event"": null, ""active_range"": {""h_ref"": 2390.76, ""l_ref"": 2374.98, ""size"": 15.7800000000002, ""session"": ""UNKNOWN"", ""htf_candle_id"": ""XAUUSD-HTF-000023""}, ""displacement_candle_index"": null, ""retest_candle_index"": null, ""_displacement_entry_idx"": 0, ""_expansion_entry_idx"": 0, ""_came_from_shadow"": false, ""pending_displacement_ttl"": 0, ""active_trade"": null, ""transition_log_len"": 4}, ""persistent_state_snapshot_after"": {""current_state"": ""RANGE"", ""current_candle_index"": 19, ""atr"": 3.202857142857153, ""direction"": ""NONE"", ""ema_fast_val"": 2380.07828942302, ""ema_slow_val"": 2379.493313476769, ""evaluating_soft_conf"": false, ""soft_conf_candles"": 0, ""cached_features"": {}, ""sweep_event"": null, ""active_range"": {""h_ref"": 2390.76, ""l_ref"": 2374.98, ""size"": 15.7800000000002, ""session"": ""UNKNOWN"", ""htf_candle_id"": ""XAUUSD-HTF-000023""}, ""displacement_candle_index"": null, ""retest_candle_index"": null, ""_displacement_entry_idx"": 0, ""_expansion_entry_idx"": 0, ""_came_from_shadow"": false, ""pending_displacement_ttl"": 0, ""active_trade"": null, ""transition_log_len"": 4}, ""guards_evaluated"": [{""evaluation_order"": 1, ""guard_id"": ""G_RANGE_SWEEP_DETECT"", ""guard_name"": ""detect_sweep"", ""source_location"": ""crt_engine_v2.CRTEngine.process_candle:RANGE"", ""from_state"": ""RANGE"", ""candidate_to_state"": ""SWEEP"", ""operands"": [{""name"": ""high"", ""runtime_value"": 2380.83, ""source_class"": ""RAW_OHLC"", ""source_name"": ""candle.high"", ""source_location"": ""process_candle:RANGE"", ""feature_id"": ""high"", ""formula_id"": null, ""config_key"": null, ""provenance_status"": ""PROVEN""}, {""name"": ""low"", ""runtime_value"": 2379.24, ""source_class"": ""RAW_OHLC"", ""source_name"": ""candle.low"", ""source_location"": ""process_candle:RANGE"", ""feature_id"": ""low"", ""formula_id"": null, ""config_key"": null, ""provenance_status"": ""PROVEN""}, {""name"": ""close"", ""runtime_value"": 2380.56, ""source_class"": ""RAW_OHLC"", ""source_name"": ""candle.close"", ""source_location"": ""process_candle:RANGE"", ""feature_id"": ""close"", ""formula_id"": null, ""config_key"": null, ""provenance_status"": ""PROVEN""}, {""name"": ""h_ref"", ""runtime_value"": 2390.76, ""source_class"": ""STATE_MEMORY"", ""source_name"": ""active_range.h_ref"", ""source_location"": ""process_candle:RANGE"", ""feature_id"": null, ""formula_id"": null, ""config_key"": null, ""provenance_status"": ""PROVEN""}, {""name"": ""l_ref"", ""runtime_value"": 2374.98, ""source_class"": ""STATE_MEMORY"", ""source_name"": ""active_range.l_ref"", ""source_location"": ""process_candle:RANGE"", ""feature_id"": null, ""formula_id"": null, ""config_key"": null, ""provenance_status"": ""PROVEN""}], ""operator"": ""RangeDetector.detect_sweep(...)"", ""thresholds"": [], ""result"": false, ""short_circuit_status"": ""NO_SWEEP"", ""failure_reason"": ""no_sweep_detected""}], ""selected_transition"": {""transition_selected"": false, ""from_state"": ""RANGE"", ""to_state"": ""RANGE"", ""selection_location"": ""CRTEngine.process_candle"", ""winning_guard_id"": null, ""selection_reason"": ""NONE""}, ""action"": {""candle"": ""2024-05-23T01:15:00"", ""candle_index"": 19, ""state"": ""RANGE"", ""action"": ""NONE"", ""state_after"": ""RANGE""}}, ""outputs"": {""returned_value"": {""candle"": ""2024-05-23T01:15:00"", ""candle_index"": 19, ""state"": ""RANGE"", ""action"": ""NONE"", ""state_after"": ""RANGE""}, ""events_emitted"": [], ""trade_output"": null, ""rejection"": null, ""diversion"": null, ""output_classification"": ""NO_OUTPUT""}, ""integrity"": {""trace_complete"": false, ""raw_bar_complete"": true, ""canonical_feature_complete"": false, ""canonical_feature_count"": 39, ""crt_input_provenance_complete"": true, ""effective_config_complete"": true, ""state_before_captured"": true, ""guards_complete"": true, ""state_after_captured"": true, ""outputs_complete"": true, ""missing_fields"": [""canonical_features""], ""unknown_provenance"": [], ""nonfinite_features"": [], ""exceptions"": [], ""warnings"": [], ""status"": ""PARTIAL"", ""evaluated_guard_count"": 1, ""true_guard_count"": 0}}"
"docs\governance\xauusd_crt_transition_trace\xauusd_crt_transition_trace_v1.jsonl","1","{""trace_identity"": {""trace_schema_version"": ""1.0.0"", ""run_id"": ""xauusd-crt-transition-20260714T074256Z-d455dd97"", ""trace_sequence"": 0, ""window_role"": ""PRE_CONTEXT"", ""transition_families"": [], ""symbol"": ""XAUUSD"", ""timeframe"": ""M15"", ""bar_index"": 89, ""timestamp"": ""2024-05-22 23:00:00"", ""corpus_path"": ""data/mt5/XAUUSD_M15.csv"", ""corpus_sha256"": ""4d73f5cebe33ec91c5312340337eb62c2cf1f49060c91c42761bf631b26aba56"", ""repository_commit"": ""b48d4d9a7abfb429f2a17c790d4b32083da5dd92"", ""dirty_worktree_status"": ""DIRTY"", ""production_config_path"": ""configs/production/v2_multi_2026_04.json"", ""production_config_sha256"": ""03a3b8aa497d116a3bb32620253a2d1b6ce53737ec10e837d4bc83334f194990"", ""config_id"": ""v2_multi_2026_04"", ""prod_version"": ""v2_multi_2026_04"", ""canonical_schema_hash"": ""1ba02abbafdd0786831181677de547c1"", ""feature_order_hash"": ""235553310100a340"", ""artifact_id"": ""XAUUSD_CRT_TRANSITION_TRACE_V1""}, ""raw_bar"": {""timestamp"": ""2024-05-22 23:00:00"", ""open"": 2379.3, ""high"": 2380.16, ""low"": 2378.37, ""close"": 2379.07, ""volume"": 792.0}, ""canonical_features"": {""feature_count"": 38, ""feature_names_in_canonical_order"": [""open"", ""high"", ""low"", ""close"", ""volume"", ""volume_ratio"", ""double_sweep"", ""ema_fast"", ""ema_slow"", ""ema_spread"", ""trend_bias"", ""trend_strength"", ""momentum_score"", ""atr"", ""volatility_ratio"", ""rsi_14"", ""macd_line"", ""macd_signal"", ""macd_hist"", ""sweep_detected"", ""liquidity_sweep"", ""break_of_structure"", ""swing_high"", ""swing_low"", ""higher_high"", ""lower_low"", ""body_size"", ""wick_size"", ""body_ratio"", ""volatility_regime"", ""session"", ""hour_of_day"", ""disp_strength"", ""retest_depth"", ""candles_since_retest"", ""liquidity_distance"", ""liquidity_pressure_score"", ""volume_spike""], ""values_by_name"": {""open"": 2379.300048828125, ""high"": 2380.159912109375, ""low"": 2378.3701171875, ""close"": 2379.070068359375, ""volume"": 792.0, ""volume_ratio"": 0.3504657447338104, ""double_sweep"": 0.0, ""ema_fast"": 2380.4638671875, ""ema_slow"": 2385.905517578125, ""ema_spread"": -3509.0986328125, ""trend_bias"": -1.0, ""trend_strength"": -0.9140388369560242, ""momentum_score"": -193.45777893066406, ""atr"": 0.0015507260104641318, ""volatility_ratio"": 0.4851887822151184, ""rsi_14"": 23.1757869720459, ""macd_line"": -6.284557342529297, ""macd_signal"": -6.360311508178711, ""macd_hist"": 0.5771792531013489, ""sweep_detected"": 0.0, ""liquidity_sweep"": 0.0, ""break_of_structure"": 0.0, ""swing_high"": 0.0, ""swing_low"": 1.0, ""higher_high"": 0.0, ""lower_low"": 0.0, ""body_size"": 0.23000000417232513, ""wick_size"": 1.7899999618530273, ""body_ratio"": 0.1284916251897812, ""volatility_regime"": 1.0, ""session"": 2.0, ""hour_of_day"": 23.0, ""disp_strength"": 0.06234269216656685, ""retest_depth"": 0.0, ""candles_since_retest"": 11.0, ""liquidity_distance"": 1.1086156368255615, ""liquidity_pressure_score"": 0.5744697451591492, ""volume_spike"": 0.0}, ""values_in_canonical_order"": [2379.300048828125, 2380.159912109375, 2378.3701171875, 2379.070068359375, 792.0, 0.3504657447338104, 0.0, 2380.4638671875, 2385.905517578125, -3509.0986328125, -1.0, -0.9140388369560242, -193.45777893066406, 0.0015507260104641318, 0.4851887822151184, 23.1757869720459, -6.284557342529297, -6.360311508178711, 0.5771792531013489, 0.0, 0.0, 0.0, 0.0, 1.0, 0.0, 0.0, 0.23000000417232513, 1.7899999618530273, 0.1284916251897812, 1.0, 2.0, 23.0, 0.06234269216656685, 0.0, 11.0, 1.1086156368255615, 0.5744697451591492, 0.0], ""schema_hash"": ""1ba02abbafdd0786831181677de547c1"", ""feature_order_hash"": ""235553310100a340"", ""feature_vector_index"": 10, ""lookup_miss"": false, ""consumed_by_crt_guards"": false, ""consumption_note"": ""38-vector not read by process_candle transition guards""}, ""crt_inputs"": {""inputs"": [{""name"": ""high"", ""runtime_value"": 2380.16, ""source_class"": ""RAW_OHLC"", ""source_name"": ""candle.high"", ""source_location"": ""process_candle:RANGE"", ""formula_id"": null, ""feature_id"": ""high"", ""config_key"": null, ""provenance_status"": ""PROVEN""}, {""name"": ""low"", ""runtime_value"": 2378.37, ""source_class"": ""RAW_OHLC"", ""source_name"": ""candle.low"", ""source_location"": ""process_candle:RANGE"", ""formula_id"": null, ""feature_id"": ""low"", ""config_key"": null, ""provenance_status"": ""PROVEN""}, {""name"": ""close"", ""runtime_value"": 2379.07, ""source_class"": ""RAW_OHLC"", ""source_name"": ""candle.close"", ""source_location"": ""process_candle:RANGE"", ""formula_id"": null, ""feature_id"": ""close"", ""config_key"": null, ""provenance_status"": ""PROVEN""}, {""name"": ""h_ref"", ""runtime_value"": 2395.09, ""source_class"": ""STATE_MEMORY"", ""source_name"": ""active_range.h_ref"", ""source_location"": ""process_candle:RANGE"", ""formula_id"": null, ""feature_id"": null, ""config_key"": null, ""provenance_status"": ""PROVEN""}, {""name"": ""l_ref"", ""runtime_value"": 2374.98, ""source_class"": ""STATE_MEMORY"", ""source_name"": ""active_range.l_ref"", ""source_location"": ""process_candle:RANGE"", ""formula_id"": null, ""feature_id"": null, ""config_key"": null, ""provenance_status"": ""PROVEN""}]}, ""effective_config"": {""config_file_path"": ""configs/production/v2_multi_2026_04.json"", ""config_file_sha256"": ""03a3b8aa497d116a3bb32620253a2d1b6ce53737ec10e837d4bc83334f194990"", ""prod_version"": ""v2_multi_2026_04"", ""effective_crt_config"": {""body_ratio_min"": 0.65, ""atr_multiplier_min"": 1.0, ""retest_depth_max"": 0.15, ""atr_period"": 14, ""atr_buffer_multiplier"": 3, ""max_sweep_age_candles"": 20, ""expansion_atr_min_distance"": 0.3, ""retest_atr_depth_fraction"": 0.3, ""retest_min_depth_atr_fraction"": 0.1, ""risk_score_weights"": [0.35, 0.25, 0.2, 0.2], ""score_component_weights"": [0.35, 0.25, 0.2, 0.2], ""max_displacement_strength"": 2.0, ""score_decay_lambda"": 0.05, ""score_threshold"": 0.45, ""max_spread_pct"": 0.05, ""atr_min_displacement"": 1.2, ""confirmation_body_min"": 0.6, ""sl_atr_buffer"": 0.2, ""tp1_atr_multiplier"": 1.0, ""tp2_atr_multiplier"": 2.0, ""exit_model"": ""intrabar_touch"", ""breakout_disp_threshold"": 1.5, ""tp1_atr_multiplier_breakout"": 1.5, ""tp1_atr_multiplier_pullback"": 0.8, ""tp1_atr_multiplier_liq_sweep"": 1.2, ""tp1_atr_multiplier_reversal"": 1.0, ""bitnet_main_threshold"": 0.55, ""use_bitnet"": false, ""session_windows"": {""LONDON"": [""07:00:00"", ""10:00:00""], ""NEWYORK"": [""13:00:00"", ""16:00:00""], ""ASIA"": [""00:00:00"", ""03:00:00""]}, ""allowed_sessions"": [""LONDON"", ""NEWYORK"", ""OVERLAP""], ""retrace_reset_pct"": 0.5, ""extension_reset_fib"": 1.618, ""news_blackout_minutes"": 15, ""conf_alpha"": 0.7, ""conf_beta"": 0.3, ""conf_weights"": [0.35, 0.35, 0.15, 0.15], ""conf_floor"": 0.2, ""weak_link_weight"": 0.3, ""ema_fast"": 2, ""ema_slow"": 5, ""tier_1_threshold"": 0.75, ""tier_2_threshold"": 0.3, ""soft_conf_max_candles"": 3, ""pending_displacement_ttl_candles"": 4, ""max_expansion_age_candles"": 495, ""max_expansion_age_hours"": 124, ""expansion_age_warn_candles"": 342, ""shadow_age_penalty_lambda"": 0.0, ""shadow_age_norm_candles"": 0, ""shadow_advisory_only"": false, ""sizing_bands"": [[0.75, 0.01], [0.55, 0.005]]}, ""constructor_mapping"": ""load_prod_config_from_registry + BacktestConfig.from_prod_config"", ""runtime_overrides"": {}, ""environment_overrides"": {""TRUST_INTRABAR_TOUCH"": null, ""BACKTEST_ENGINE_GATE"": ""1""}, ""note"": ""CRT process_candle does not consume 38-dim FeaturePipeline vector for guards.""}, ""state_transition"": {""state_before"": ""RANGE"", ""state_after"": ""RANGE"", ""state_changed"": false, ""persistent_state_snapshot_before"": {""current_state"": ""RANGE"", ""current_candle_index"": 61, ""atr"": 3.875714285714334, ""direction"": ""NONE"", ""ema_fast_val"": 2378.8730383940374, ""ema_slow_val"": 2379.1239979776974, ""evaluating_soft_conf"": false, ""soft_conf_candles"": 0, ""cached_features"": {}, ""sweep_event"": null, ""active_range"": {""h_ref"": 2395.09, ""l_ref"": 2374.98, ""size"": 20.110000000000127, ""session"": ""UNKNOWN"", ""htf_candle_id"": ""XAUUSD-HTF-000022""}, ""displacement_candle_index"": null, ""retest_candle_index"": null, ""_displacement_entry_idx"": 0, ""_expansion_entry_idx"": 0, ""_came_from_shadow"": false, ""pending_displacement_ttl"": 0, ""active_trade"": null, ""transition_log_len"": 20}, ""persistent_state_snapshot_after"": {""current_state"": ""RANGE"", ""current_candle_index"": 62, ""atr"": 3.689285714285753, ""direction"": ""NONE"", ""ema_fast_val"": 2379.0043461313458, ""ema_slow_val"": 2379.1059986517985, ""evaluating_soft_conf"": false, ""soft_conf_candles"": 0, ""cached_features"": {}, ""sweep_event"": null, ""active_range"": {""h_ref"": 2395.09, ""l_ref"": 2374.98, ""size"": 20.110000000000127, ""session"": ""UNKNOWN"", ""htf_candle_id"": ""XAUUSD-HTF-000022""}, ""displacement_candle_index"": null, ""retest_candle_index"": null, ""_displacement_entry_idx"": 0, ""_expansion_entry_idx"": 0, ""_came_from_shadow"": false, ""pending_displacement_ttl"": 0, ""active_trade"": null, ""transition_log_len"": 20}, ""guards_evaluated"": [{""evaluation_order"": 1, ""guard_id"": ""G_RANGE_SWEEP_DETECT"", ""guard_name"": ""detect_sweep"", ""source_location"": ""crt_engine_v2.CRTEngine.process_candle:RANGE"", ""from_state"": ""RANGE"", ""candidate_to_state"": ""SWEEP"", ""operands"": [{""name"": ""high"", ""runtime_value"": 2380.16, ""source_class"": ""RAW_OHLC"", ""source_name"": ""candle.high"", ""source_location"": ""process_candle:RANGE"", ""feature_id"": ""high"", ""formula_id"": null, ""config_key"": null, ""provenance_status"": ""PROVEN""}, {""name"": ""low"", ""runtime_value"": 2378.37, ""source_class"": ""RAW_OHLC"", ""source_name"": ""candle.low"", ""source_location"": ""process_candle:RANGE"", ""feature_id"": ""low"", ""formula_id"": null, ""config_key"": null, ""provenance_status"": ""PROVEN""}, {""name"": ""close"", ""runtime_value"": 2379.07, ""source_class"": ""RAW_OHLC"", ""source_name"": ""candle.close"", ""source_location"": ""process_candle:RANGE"", ""feature_id"": ""close"", ""formula_id"": null, ""config_key"": null, ""provenance_status"": ""PROVEN""}, {""name"": ""h_ref"", ""runtime_value"": 2395.09, ""source_class"": ""STATE_MEMORY"", ""source_name"": ""active_range.h_ref"", ""source_location"": ""process_candle:RANGE"", ""feature_id"": null, ""formula_id"": null, ""config_key"": null, ""provenance_status"": ""PROVEN""}, {""name"": ""l_ref"", ""runtime_value"": 2374.98, ""source_class"": ""STATE_MEMORY"", ""source_name"": ""active_range.l_ref"", ""source_location"": ""process_candle:RANGE"", ""feature_id"": null, ""formula_id"": null, ""config_key"": null, ""provenance_status"": ""PROVEN""}], ""operator"": ""RangeDetector.detect_sweep(...)"", ""thresholds"": [], ""result"": false, ""short_circuit_status"": ""NO_SWEEP"", ""failure_reason"": ""no_sweep_detected""}], ""selected_transition"": {""transition_selected"": false, ""from_state"": ""RANGE"", ""to_state"": ""RANGE"", ""selection_location"": ""CRTEngine.process_candle"", ""winning_guard_id"": null, ""selection_reason"": ""NONE""}, ""action"": {""candle"": ""2024-05-22T23:00:00"", ""candle_index"": 62, ""state"": ""RANGE"", ""action"": ""NONE"", ""state_after"": ""RANGE""}}, ""outputs"": {""returned_value"": {""candle"": ""2024-05-22T23:00:00"", ""candle_index"": 62, ""state"": ""RANGE"", ""action"": ""NONE"", ""state_after"": ""RANGE""}, ""events_emitted"": [], ""trade_output"": null, ""rejection"": null, ""diversion"": null, ""output_classification"": ""NO_OUTPUT""}, ""integrity"": {""trace_complete"": true, ""raw_bar_complete"": true, ""canonical_feature_complete"": true, ""canonical_feature_count"": 38, ""crt_input_provenance_complete"": true, ""effective_config_complete"": true, ""state_before_captured"": true, ""guards_complete"": true, ""state_after_captured"": true, ""outputs_complete"": true, ""missing_fields"": [], ""unknown_provenance"": [], ""nonfinite_features"": [], ""exceptions"": [], ""warnings"": [], ""status"": ""COMPLETE"", ""evaluated_guard_count"": 1, ""true_guard_count"": 0}}"
"docs\governance\xauusd_crt_transition_trace\xauusd_crt_transition_trace_v1.jsonl","2","{""trace_identity"": {""trace_schema_version"": ""1.0.0"", ""run_id"": ""xauusd-crt-transition-20260714T074256Z-d455dd97"", ""trace_sequence"": 1, ""window_role"": ""PRE_CONTEXT"", ""transition_families"": [], ""symbol"": ""XAUUSD"", ""timeframe"": ""M15"", ""bar_index"": 90, ""timestamp"": ""2024-05-22 23:15:00"", ""corpus_path"": ""data/mt5/XAUUSD_M15.csv"", ""corpus_sha256"": ""4d73f5cebe33ec91c5312340337eb62c2cf1f49060c91c42761bf631b26aba56"", ""repository_commit"": ""b48d4d9a7abfb429f2a17c790d4b32083da5dd92"", ""dirty_worktree_status"": ""DIRTY"", ""production_config_path"": ""configs/production/v2_multi_2026_04.json"", ""production_config_sha256"": ""03a3b8aa497d116a3bb32620253a2d1b6ce53737ec10e837d4bc83334f194990"", ""config_id"": ""v2_multi_2026_04"", ""prod_version"": ""v2_multi_2026_04"", ""canonical_schema_hash"": ""1ba02abbafdd0786831181677de547c1"", ""feature_order_hash"": ""235553310100a340"", ""artifact_id"": ""XAUUSD_CRT_TRANSITION_TRACE_V1""}, ""raw_bar"": {""timestamp"": ""2024-05-22 23:15:00"", ""open"": 2379.07, ""high"": 2380.68, ""low"": 2378.47, ""close"": 2379.09, ""volume"": 984.0}, ""canonical_features"": {""feature_count"": 38, ""feature_names_in_canonical_order"": [""open"", ""high"", ""low"", ""close"", ""volume"", ""volume_ratio"", ""double_sweep"", ""ema_fast"", ""ema_slow"", ""ema_spread"", ""trend_bias"", ""trend_strength"", ""momentum_score"", ""atr"", ""volatility_ratio"", ""rsi_14"", ""macd_line"", ""macd_signal"", ""macd_hist"", ""sweep_detected"", ""liquidity_sweep"", ""break_of_structure"", ""swing_high"", ""swing_low"", ""higher_high"", ""lower_low"", ""body_size"", ""wick_size"", ""body_ratio"", ""volatility_regime"", ""session"", ""hour_of_day"", ""disp_strength"", ""retest_depth"", ""candles_since_retest"", ""liquidity_distance"", ""liquidity_pressure_score"", ""volume_spike""], ""values_by_name"": {""open"": 2379.070068359375, ""high"": 2380.679931640625, ""low"": 2378.469970703125, ""close"": 2379.090087890625, ""volume"": 984.0, ""volume_ratio"": 0.46110591292381287, ""double_sweep"": 0.0, ""ema_fast"": 2380.18896484375, ""ema_slow"": 2385.285888671875, ""ema_spread"": -3387.838134765625, ""trend_bias"": -1.0, ""trend_strength"": -0.7495905160903931, ""momentum_score"": 13.293658256530762, ""atr"": 0.0015044767642393708, ""volatility_ratio"": 0.6174416542053223, ""rsi_14"": 23.207624435424805, ""macd_line"": -6.033300876617432, ""macd_signal"": -6.294909477233887, ""macd_hist"": 0.8113592267036438, ""sweep_detected"": 0.0, ""liquidity_sweep"": 0.0, ""break_of_structure"": 0.0, ""swing_high"": 0.0, ""swing_low"": 0.0, ""higher_high"": 0.0, ""lower_low"": 0.0, ""body_size"": 0.019999999552965164, ""wick_size"": 2.2100000381469727, ""body_ratio"": 0.009049774147570133, ""volatility_regime"": 1.0, ""session"": 2.0, ""hour_of_day"": 23.0, ""disp_strength"": 0.00558770727366209, ""retest_depth"": 0.0, ""candles_since_retest"": 12.0, ""liquidity_distance"": 0.6202355027198792, ""liquidity_pressure_score"": 0.7333605885505676, ""volume_spike"": 0.0}, ""values_in_canonical_order"": [2379.070068359375, 2380.679931640625, 2378.469970703125, 2379.090087890625, 984.0, 0.46110591292381287, 0.0, 2380.18896484375, 2385.285888671875, -3387.838134765625, -1.0, -0.7495905160903931, 13.293658256530762, 0.0015044767642393708, 0.6174416542053223, 23.207624435424805, -6.033300876617432, -6.294909477233887, 0.8113592267036438, 0.0, 0.0, 0.0, 0.0, 0.0, 0.0, 0.0, 0.019999999552965164, 2.2100000381469727, 0.009049774147570133, 1.0, 2.0, 23.0, 0.00558770727366209, 0.0, 12.0, 0.6202355027198792, 0.7333605885505676, 0.0], ""schema_hash"": ""1ba02abbafdd0786831181677de547c1"", ""feature_order_hash"": ""235553310100a340"", ""feature_vector_index"": 11, ""lookup_miss"": false, ""consumed_by_crt_guards"": false, ""consumption_note"": ""38-vector not read by process_candle transition guards""}, ""crt_inputs"": {""inputs"": [{""name"": ""high"", ""runtime_value"": 2380.68, ""source_class"": ""RAW_OHLC"", ""source_name"": ""candle.high"", ""source_location"": ""process_candle:RANGE"", ""formula_id"": null, ""feature_id"": ""high"", ""config_key"": null, ""provenance_status"": ""PROVEN""}, {""name"": ""low"", ""runtime_value"": 2378.47, ""source_class"": ""RAW_OHLC"", ""source_name"": ""candle.low"", ""source_location"": ""process_candle:RANGE"", ""formula_id"": null, ""feature_id"": ""low"", ""config_key"": null, ""provenance_status"": ""PROVEN""}, {""name"": ""close"", ""runtime_value"": 2379.09, ""source_class"": ""RAW_OHLC"", ""source_name"": ""candle.close"", ""source_location"": ""process_candle:RANGE"", ""formula_id"": null, ""feature_id"": ""close"", ""config_key"": null, ""provenance_status"": ""PROVEN""}, {""name"": ""h_ref"", ""runtime_value"": 2395.09, ""source_class"": ""STATE_MEMORY"", ""source_name"": ""active_range.h_ref"", ""source_location"": ""process_candle:RANGE"", ""formula_id"": null, ""feature_id"": null, ""config_key"": null, ""provenance_status"": ""PROVEN""}, {""name"": ""l_ref"", ""runtime_value"": 2374.98, ""source_class"": ""STATE_MEMORY"", ""source_name"": ""active_range.l_ref"", ""source_location"": ""process_candle:RANGE"", ""formula_id"": null, ""feature_id"": null, ""config_key"": null, ""provenance_status"": ""PROVEN""}]}, ""effective_config"": {""config_file_path"": ""configs/production/v2_multi_2026_04.json"", ""config_file_sha256"": ""03a3b8aa497d116a3bb32620253a2d1b6ce53737ec10e837d4bc83334f194990"", ""prod_version"": ""v2_multi_2026_04"", ""effective_crt_config"": {""body_ratio_min"": 0.65, ""atr_multiplier_min"": 1.0, ""retest_depth_max"": 0.15, ""atr_period"": 14, ""atr_buffer_multiplier"": 3, ""max_sweep_age_candles"": 20, ""expansion_atr_min_distance"": 0.3, ""retest_atr_depth_fraction"": 0.3, ""retest_min_depth_atr_fraction"": 0.1, ""risk_score_weights"": [0.35, 0.25, 0.2, 0.2], ""score_component_weights"": [0.35, 0.25, 0.2, 0.2], ""max_displacement_strength"": 2.0, ""score_decay_lambda"": 0.05, ""score_threshold"": 0.45, ""max_spread_pct"": 0.05, ""atr_min_displacement"": 1.2, ""confirmation_body_min"": 0.6, ""sl_atr_buffer"": 0.2, ""tp1_atr_multiplier"": 1.0, ""tp2_atr_multiplier"": 2.0, ""exit_model"": ""intrabar_touch"", ""breakout_disp_threshold"": 1.5, ""tp1_atr_multiplier_breakout"": 1.5, ""tp1_atr_multiplier_pullback"": 0.8, ""tp1_atr_multiplier_liq_sweep"": 1.2, ""tp1_atr_multiplier_reversal"": 1.0, ""bitnet_main_threshold"": 0.55, ""use_bitnet"": false, ""session_windows"": {""LONDON"": [""07:00:00"", ""10:00:00""], ""NEWYORK"": [""13:00:00"", ""16:00:00""], ""ASIA"": [""00:00:00"", ""03:00:00""]}, ""allowed_sessions"": [""LONDON"", ""NEWYORK"", ""OVERLAP""], ""retrace_reset_pct"": 0.5, ""extension_reset_fib"": 1.618, ""news_blackout_minutes"": 15, ""conf_alpha"": 0.7, ""conf_beta"": 0.3, ""conf_weights"": [0.35, 0.35, 0.15, 0.15], ""conf_floor"": 0.2, ""weak_link_weight"": 0.3, ""ema_fast"": 2, ""ema_slow"": 5, ""tier_1_threshold"": 0.75, ""tier_2_threshold"": 0.3, ""soft_conf_max_candles"": 3, ""pending_displacement_ttl_candles"": 4, ""max_expansion_age_candles"": 495, ""max_expansion_age_hours"": 124, ""expansion_age_warn_candles"": 342, ""shadow_age_penalty_lambda"": 0.0, ""shadow_age_norm_candles"": 0, ""shadow_advisory_only"": false, ""sizing_bands"": [[0.75, 0.01], [0.55, 0.005]]}, ""constructor_mapping"": ""load_prod_config_from_registry + BacktestConfig.from_prod_config"", ""runtime_overrides"": {}, ""environment_overrides"": {""TRUST_INTRABAR_TOUCH"": null, ""BACKTEST_ENGINE_GATE"": ""1""}, ""note"": ""CRT process_candle does not consume 38-dim FeaturePipeline vector for guards.""}, ""state_transition"": {""state_before"": ""RANGE"", ""state_after"": ""RANGE"", ""state_changed"": false, ""persistent_state_snapshot_before"": {""current_state"": ""RANGE"", ""current_candle_index"": 62, ""atr"": 3.689285714285753, ""direction"": ""NONE"", ""ema_fast_val"": 2379.0043461313458, ""ema_slow_val"": 2379.1059986517985, ""evaluating_soft_conf"": false, ""soft_conf_candles"": 0, ""cached_features"": {}, ""sweep_event"": null, ""active_range"": {""h_ref"": 2395.09, ""l_ref"": 2374.98, ""size"": 20.110000000000127, ""session"": ""UNKNOWN"", ""htf_candle_id"": ""XAUUSD-HTF-000022""}, ""displacement_candle_index"": null, ""retest_candle_index"": null, ""_displacement_entry_idx"": 0, ""_expansion_entry_idx"": 0, ""_came_from_shadow"": false, ""pending_displacement_ttl"": 0, ""active_trade"": null, ""transition_log_len"": 20}, ""persistent_state_snapshot_after"": {""current_state"": ""RANGE"", ""current_candle_index"": 63, ""atr"": 3.579285714285756, ""direction"": ""NONE"", ""ema_fast_val"": 2379.0614487104485, ""ema_slow_val"": 2379.100665767866, ""evaluating_soft_conf"": false, ""soft_conf_candles"": 0, ""cached_features"": {}, ""sweep_event"": null, ""active_range"": {""h_ref"": 2395.09, ""l_ref"": 2374.98, ""size"": 20.110000000000127, ""session"": ""UNKNOWN"", ""htf_candle_id"": ""XAUUSD-HTF-000022""}, ""displacement_candle_index"": null, ""retest_candle_index"": null, ""_displacement_entry_idx"": 0, ""_expansion_entry_idx"": 0, ""_came_from_shadow"": false, ""pending_displacement_ttl"": 0, ""active_trade"": null, ""transition_log_len"": 20}, ""guards_evaluated"": [{""evaluation_order"": 1, ""guard_id"": ""G_RANGE_SWEEP_DETECT"", ""guard_name"": ""detect_sweep"", ""source_location"": ""crt_engine_v2.CRTEngine.process_candle:RANGE"", ""from_state"": ""RANGE"", ""candidate_to_state"": ""SWEEP"", ""operands"": [{""name"": ""high"", ""runtime_value"": 2380.68, ""source_class"": ""RAW_OHLC"", ""source_name"": ""candle.high"", ""source_location"": ""process_candle:RANGE"", ""feature_id"": ""high"", ""formula_id"": null, ""config_key"": null, ""provenance_status"": ""PROVEN""}, {""name"": ""low"", ""runtime_value"": 2378.47, ""source_class"": ""RAW_OHLC"", ""source_name"": ""candle.low"", ""source_location"": ""process_candle:RANGE"", ""feature_id"": ""low"", ""formula_id"": null, ""config_key"": null, ""provenance_status"": ""PROVEN""}, {""name"": ""close"", ""runtime_value"": 2379.09, ""source_class"": ""RAW_OHLC"", ""source_name"": ""candle.close"", ""source_location"": ""process_candle:RANGE"", ""feature_id"": ""close"", ""formula_id"": null, ""config_key"": null, ""provenance_status"": ""PROVEN""}, {""name"": ""h_ref"", ""runtime_value"": 2395.09, ""source_class"": ""STATE_MEMORY"", ""source_name"": ""active_range.h_ref"", ""source_location"": ""process_candle:RANGE"", ""feature_id"": null, ""formula_id"": null, ""config_key"": null, ""provenance_status"": ""PROVEN""}, {""name"": ""l_ref"", ""runtime_value"": 2374.98, ""source_class"": ""STATE_MEMORY"", ""source_name"": ""active_range.l_ref"", ""source_location"": ""process_candle:RANGE"", ""feature_id"": null, ""formula_id"": null, ""config_key"": null, ""provenance_status"": ""PROVEN""}], ""operator"": ""RangeDetector.detect_sweep(...)"", ""thresholds"": [], ""result"": false, ""short_circuit_status"": ""NO_SWEEP"", ""failure_reason"": ""no_sweep_detected""}], ""selected_transition"": {""transition_selected"": false, ""from_state"": ""RANGE"", ""to_state"": ""RANGE"", ""selection_location"": ""CRTEngine.process_candle"", ""winning_guard_id"": null, ""selection_reason"": ""NONE""}, ""action"": {""candle"": ""2024-05-22T23:15:00"", ""candle_index"": 63, ""state"": ""RANGE"", ""action"": ""NONE"", ""state_after"": ""RANGE""}}, ""outputs"": {""returned_value"": {""candle"": ""2024-05-22T23:15:00"", ""candle_index"": 63, ""state"": ""RANGE"", ""action"": ""NONE"", ""state_after"": ""RANGE""}, ""events_emitted"": [], ""trade_output"": null, ""rejection"": null, ""diversion"": null, ""output_classification"": ""NO_OUTPUT""}, ""integrity"": {""trace_complete"": true, ""raw_bar_complete"": true, ""canonical_feature_complete"": true, ""canonical_feature_count"": 38, ""crt_input_provenance_complete"": true, ""effective_config_complete"": true, ""state_before_captured"": true, ""guards_complete"": true, ""state_after_captured"": true, ""outputs_complete"": true, ""missing_fields"": [], ""unknown_provenance"": [], ""nonfinite_features"": [], ""exceptions"": [], ""warnings"": [], ""status"": ""COMPLETE"", ""evaluated_guard_count"": 1, ""true_guard_count"": 0}}"
"docs\governance\xauusd_crt_transition_trace\xauusd_crt_transition_trace_v1.jsonl","3","{""trace_identity"": {""trace_schema_version"": ""1.0.0"", ""run_id"": ""xauusd-crt-transition-20260714T074256Z-d455dd97"", ""trace_sequence"": 2, ""window_role"": ""PRE_CONTEXT"", ""transition_families"": [], ""symbol"": ""XAUUSD"", ""timeframe"": ""M15"", ""bar_index"": 91, ""timestamp"": ""2024-05-22 23:30:00"", ""corpus_path"": ""data/mt5/XAUUSD_M15.csv"", ""corpus_sha256"": ""4d73f5cebe33ec91c5312340337eb62c2cf1f49060c91c42761bf631b26aba56"", ""repository_commit"": ""b48d4d9a7abfb429f2a17c790d4b32083da5dd92"", ""dirty_worktree_status"": ""DIRTY"", ""production_config_path"": ""configs/production/v2_multi_2026_04.json"", ""production_config_sha256"": ""03a3b8aa497d116a3bb32620253a2d1b6ce53737ec10e837d4bc83334f194990"", ""config_id"": ""v2_multi_2026_04"", ""prod_version"": ""v2_multi_2026_04"", ""canonical_schema_hash"": ""1ba02abbafdd0786831181677de547c1"", ""feature_order_hash"": ""235553310100a340"", ""artifact_id"": ""XAUUSD_CRT_TRANSITION_TRACE_V1""}, ""raw_bar"": {""timestamp"": ""2024-05-22 23:30:00"", ""open"": 2379.09, ""high"": 2379.42, ""low"": 2377.61, ""close"": 2378.36, ""volume"": 1280.0}, ""canonical_features"": {""feature_count"": 38, ""feature_names_in_canonical_order"": [""open"", ""high"", ""low"", ""close"", ""volume"", ""volume_ratio"", ""double_sweep"", ""ema_fast"", ""ema_slow"", ""ema_spread"", ""trend_bias"", ""trend_strength"", ""momentum_score"", ""atr"", ""volatility_ratio"", ""rsi_14"", ""macd_line"", ""macd_signal"", ""macd_hist"", ""sweep_detected"", ""liquidity_sweep"", ""break_of_structure"", ""swing_high"", ""swing_low"", ""higher_high"", ""lower_low"", ""body_size"", ""wick_size"", ""body_ratio"", ""volatility_regime"", ""session"", ""hour_of_day"", ""disp_strength"", ""retest_depth"", ""candles_since_retest"", ""liquidity_distance"", ""liquidity_pressure_score"", ""volume_spike""], ""values_by_name"": {""open"": 2379.090087890625, ""high"": 2379.419921875, ""low"": 2377.610107421875, ""close"": 2378.360107421875, ""volume"": 1280.0, ""volume_ratio"": 0.6210878491401672, ""double_sweep"": 0.0, ""ema_fast"": 2379.8232421875, ""ema_slow"": 2384.65625, ""ema_spread"": -3272.825927734375, ""trend_bias"": -1.0, ""trend_strength"": -0.5931322574615479, ""momentum_score"": -494.3428649902344, ""atr"": 0.0014767078682780266, ""volatility_ratio"": 0.5153548717498779, ""rsi_14"": 21.19476318359375, ""macd_line"": -5.825925827026367, ""macd_signal"": -6.201112747192383, ""macd_hist"": 0.9504690170288086, ""sweep_detected"": 0.0, ""liquidity_sweep"": 0.0, ""break_of_structure"": 0.0, ""swing_high"": 0.0, ""swing_low"": 0.0, ""higher_high"": 0.0, ""lower_low"": 0.0, ""body_size"": 0.7300000190734863, ""wick_size"": 1.809999942779541, ""body_ratio"": 0.4033149182796478, ""volatility_regime"": 1.0, ""session"": 2.0, ""hour_of_day"": 23.0, ""disp_strength"": 0.20785030722618103, ""retest_depth"": 0.0, ""candles_since_retest"": 13.0, ""liquidity_distance"": 0.42424240708351135, ""liquidity_pressure_score"": 0.8088666200637817, ""volume_spike"": 0.0}, ""values_in_canonical_order"": [2379.090087890625, 2379.419921875, 2377.610107421875, 2378.360107421875, 1280.0, 0.6210878491401672, 0.0, 2379.8232421875, 2384.65625, -3272.825927734375, -1.0, -0.5931322574615479, -494.3428649902344, 0.0014767078682780266, 0.5153548717498779, 21.19476318359375, -5.825925827026367, -6.201112747192383, 0.9504690170288086, 0.0, 0.0, 0.0, 0.0, 0.0, 0.0, 0.0, 0.7300000190734863, 1.809999942779541, 0.4033149182796478, 1.0, 2.0, 23.0, 0.20785030722618103, 0.0, 13.0, 0.42424240708351135, 0.8088666200637817, 0.0], ""schema_hash"": ""1ba02abbafdd0786831181677de547c1"", ""feature_order_hash"": ""235553310100a340"", ""feature_vector_index"": 12, ""lookup_miss"": false, ""consumed_by_crt_guards"": false, ""consumption_note"": ""38-vector not read by process_candle transition guards""}, ""crt_inputs"": {""inputs"": [{""name"": ""high"", ""runtime_value"": 2379.42, ""source_class"": ""RAW_OHLC"", ""source_name"": ""candle.high"", ""source_location"": ""process_candle:RANGE"", ""formula_id"": null, ""feature_id"": ""high"", ""config_key"": null, ""provenance_status"": ""PROVEN""}, {""name"": ""low"", ""runtime_value"": 2377.61, ""source_class"": ""RAW_OHLC"", ""source_name"": ""candle.low"", ""source_location"": ""process_candle:RANGE"", ""formula_id"": null, ""feature_id"": ""low"", ""config_key"": null, ""provenance_status"": ""PROVEN""}, {""name"": ""close"", ""runtime_value"": 2378.36, ""source_class"": ""RAW_OHLC"", ""source_name"": ""candle.close"", ""source_location"": ""process_candle:RANGE"", ""formula_id"": null, ""feature_id"": ""close"", ""config_key"": null, ""provenance_status"": ""PROVEN""}, {""name"": ""h_ref"", ""runtime_value"": 2395.09, ""source_class"": ""STATE_MEMORY"", ""source_name"": ""active_range.h_ref"", ""source_location"": ""process_candle:RANGE"", ""formula_id"": null, ""feature_id"": null, ""config_key"": null, ""provenance_status"": ""PROVEN""}, {""name"": ""l_ref"", ""runtime_value"": 2374.98, ""source_class"": ""STATE_MEMORY"", ""source_name"": ""active_range.l_ref"", ""source_location"": ""process_candle:RANGE"", ""formula_id"": null, ""feature_id"": null, ""config_key"": null, ""provenance_status"": ""PROVEN""}]}, ""effective_config"": {""config_file_path"": ""configs/production/v2_multi_2026_04.json"", ""config_file_sha256"": ""03a3b8aa497d116a3bb32620253a2d1b6ce53737ec10e837d4bc83334f194990"", ""prod_version"": ""v2_multi_2026_04"", ""effective_crt_config"": {""body_ratio_min"": 0.65, ""atr_multiplier_min"": 1.0, ""retest_depth_max"": 0.15, ""atr_period"": 14, ""atr_buffer_multiplier"": 3, ""max_sweep_age_candles"": 20, ""expansion_atr_min_distance"": 0.3, ""retest_atr_depth_fraction"": 0.3, ""retest_min_depth_atr_fraction"": 0.1, ""risk_score_weights"": [0.35, 0.25, 0.2, 0.2], ""score_component_weights"": [0.35, 0.25, 0.2, 0.2], ""max_displacement_strength"": 2.0, ""score_decay_lambda"": 0.05, ""score_threshold"": 0.45, ""max_spread_pct"": 0.05, ""atr_min_displacement"": 1.2, ""confirmation_body_min"": 0.6, ""sl_atr_buffer"": 0.2, ""tp1_atr_multiplier"": 1.0, ""tp2_atr_multiplier"": 2.0, ""exit_model"": ""intrabar_touch"", ""breakout_disp_threshold"": 1.5, ""tp1_atr_multiplier_breakout"": 1.5, ""tp1_atr_multiplier_pullback"": 0.8, ""tp1_atr_multiplier_liq_sweep"": 1.2, ""tp1_atr_multiplier_reversal"": 1.0, ""bitnet_main_threshold"": 0.55, ""use_bitnet"": false, ""session_windows"": {""LONDON"": [""07:00:00"", ""10:00:00""], ""NEWYORK"": [""13:00:00"", ""16:00:00""], ""ASIA"": [""00:00:00"", ""03:00:00""]}, ""allowed_sessions"": [""LONDON"", ""NEWYORK"", ""OVERLAP""], ""retrace_reset_pct"": 0.5, ""extension_reset_fib"": 1.618, ""news_blackout_minutes"": 15, ""conf_alpha"": 0.7, ""conf_beta"": 0.3, ""conf_weights"": [0.35, 0.35, 0.15, 0.15], ""conf_floor"": 0.2, ""weak_link_weight"": 0.3, ""ema_fast"": 2, ""ema_slow"": 5, ""tier_1_threshold"": 0.75, ""tier_2_threshold"": 0.3, ""soft_conf_max_candles"": 3, ""pending_displacement_ttl_candles"": 4, ""max_expansion_age_candles"": 495, ""max_expansion_age_hours"": 124, ""expansion_age_warn_candles"": 342, ""shadow_age_penalty_lambda"": 0.0, ""shadow_age_norm_candles"": 0, ""shadow_advisory_only"": false, ""sizing_bands"": [[0.75, 0.01], [0.55, 0.005]]}, ""constructor_mapping"": ""load_prod_config_from_registry + BacktestConfig.from_prod_config"", ""runtime_overrides"": {}, ""environment_overrides"": {""TRUST_INTRABAR_TOUCH"": null, ""BACKTEST_ENGINE_GATE"": ""1""}, ""note"": ""CRT process_candle does not consume 38-dim FeaturePipeline vector for guards.""}, ""state_transition"": {""state_before"": ""RANGE"", ""state_after"": ""RANGE"", ""state_changed"": false, ""persistent_state_snapshot_before"": {""current_state"": ""RANGE"", ""current_candle_index"": 63, ""atr"": 3.579285714285756, ""direction"": ""NONE"", ""ema_fast_val"": 2379.0614487104485, ""ema_slow_val"": 2379.100665767866, ""evaluating_soft_conf"": false, ""soft_conf_candles"": 0, ""cached_features"": {}, ""sweep_event"": null, ""active_range"": {""h_ref"": 2395.09, ""l_ref"": 2374.98, ""size"": 20.110000000000127, ""session"": ""UNKNOWN"", ""htf_candle_id"": ""XAUUSD-HTF-000022""}, ""displacement_candle_index"": null, ""retest_candle_index"": null, ""_displacement_entry_idx"": 0, ""_expansion_entry_idx"": 0, ""_came_from_shadow"": false, ""pending_displacement_ttl"": 0, ""active_trade"": null, ""transition_log_len"": 20}, ""persistent_state_snapshot_after"": {""current_state"": ""RANGE"", ""current_candle_index"": 64, ""atr"": 3.5121428571428948, ""direction"": ""NONE"", ""ema_fast_val"": 2378.593816236816, ""ema_slow_val"": 2378.8537771785773, ""evaluating_soft_conf"": false, ""soft_conf_candles"": 0, ""cached_features"": {}, ""sweep_event"": null, ""active_range"": {""h_ref"": 2395.09, ""l_ref"": 2374.98, ""size"": 20.110000000000127, ""session"": ""UNKNOWN"", ""htf_candle_id"": ""XAUUSD-HTF-000022""}, ""displacement_candle_index"": null, ""retest_candle_index"": null, ""_displacement_entry_idx"": 0, ""_expansion_entry_idx"": 0, ""_came_from_shadow"": false, ""pending_displacement_ttl"": 0, ""active_trade"": null, ""transition_log_len"": 20}, ""guards_evaluated"": [{""evaluation_order"": 1, ""guard_id"": ""G_RANGE_SWEEP_DETECT"", ""guard_name"": ""detect_sweep"", ""source_location"": ""crt_engine_v2.CRTEngine.process_candle:RANGE"", ""from_state"": ""RANGE"", ""candidate_to_state"": ""SWEEP"", ""operands"": [{""name"": ""high"", ""runtime_value"": 2379.42, ""source_class"": ""RAW_OHLC"", ""source_name"": ""candle.high"", ""source_location"": ""process_candle:RANGE"", ""feature_id"": ""high"", ""formula_id"": null, ""config_key"": null, ""provenance_status"": ""PROVEN""}, {""name"": ""low"", ""runtime_value"": 2377.61, ""source_class"": ""RAW_OHLC"", ""source_name"": ""candle.low"", ""source_location"": ""process_candle:RANGE"", ""feature_id"": ""low"", ""formula_id"": null, ""config_key"": null, ""provenance_status"": ""PROVEN""}, {""name"": ""close"", ""runtime_value"": 2378.36, ""source_class"": ""RAW_OHLC"", ""source_name"": ""candle.close"", ""source_location"": ""process_candle:RANGE"", ""feature_id"": ""close"", ""formula_id"": null, ""config_key"": null, ""provenance_status"": ""PROVEN""}, {""name"": ""h_ref"", ""runtime_value"": 2395.09, ""source_class"": ""STATE_MEMORY"", ""source_name"": ""active_range.h_ref"", ""source_location"": ""process_candle:RANGE"", ""feature_id"": null, ""formula_id"": null, ""config_key"": null, ""provenance_status"": ""PROVEN""}, {""name"": ""l_ref"", ""runtime_value"": 2374.98, ""source_class"": ""STATE_MEMORY"", ""source_name"": ""active_range.l_ref"", ""source_location"": ""process_candle:RANGE"", ""feature_id"": null, ""formula_id"": null, ""config_key"": null, ""provenance_status"": ""PROVEN""}], ""operator"": ""RangeDetector.detect_sweep(...)"", ""thresholds"": [], ""result"": false, ""short_circuit_status"": ""NO_SWEEP"", ""failure_reason"": ""no_sweep_detected""}], ""selected_transition"": {""transition_selected"": false, ""from_state"": ""RANGE"", ""to_state"": ""RANGE"", ""selection_location"": ""CRTEngine.process_candle"", ""winning_guard_id"": null, ""selection_reason"": ""NONE""}, ""action"": {""candle"": ""2024-05-22T23:30:00"", ""candle_index"": 64, ""state"": ""RANGE"", ""action"": ""NONE"", ""state_after"": ""RANGE""}}, ""outputs"": {""returned_value"": {""candle"": ""2024-05-22T23:30:00"", ""candle_index"": 64, ""state"": ""RANGE"", ""action"": ""NONE"", ""state_after"": ""RANGE""}, ""events_emitted"": [], ""trade_output"": null, ""rejection"": null, ""diversion"": null, ""output_classification"": ""NO_OUTPUT""}, ""integrity"": {""trace_complete"": true, ""raw_bar_complete"": true, ""canonical_feature_complete"": true, ""canonical_feature_count"": 38, ""crt_input_provenance_complete"": true, ""effective_config_complete"": true, ""state_before_captured"": true, ""guards_complete"": true, ""state_after_captured"": true, ""outputs_complete"": true, ""missing_fields"": [], ""unknown_provenance"": [], ""nonfinite_features"": [], ""exceptions"": [], ""warnings"": [], ""status"": ""COMPLETE"", ""evaluated_guard_count"": 1, ""true_guard_count"": 0}}"
"docs\governance\xauusd_crt_transition_trace\xauusd_crt_transition_trace_v1.jsonl","4","{""trace_identity"": {""trace_schema_version"": ""1.0.0"", ""run_id"": ""xauusd-crt-transition-20260714T074256Z-d455dd97"", ""trace_sequence"": 3, ""window_role"": ""PRE_CONTEXT"", ""transition_families"": [""RESET_TO_RANGE""], ""symbol"": ""XAUUSD"", ""timeframe"": ""M15"", ""bar_index"": 92, ""timestamp"": ""2024-05-22 23:45:00"", ""corpus_path"": ""data/mt5/XAUUSD_M15.csv"", ""corpus_sha256"": ""4d73f5cebe33ec91c5312340337eb62c2cf1f49060c91c42761bf631b26aba56"", ""repository_commit"": ""b48d4d9a7abfb429f2a17c790d4b32083da5dd92"", ""dirty_worktree_status"": ""DIRTY"", ""production_config_path"": ""configs/production/v2_multi_2026_04.json"", ""production_config_sha256"": ""03a3b8aa497d116a3bb32620253a2d1b6ce53737ec10e837d4bc83334f194990"", ""config_id"": ""v2_multi_2026_04"", ""prod_version"": ""v2_multi_2026_04"", ""canonical_schema_hash"": ""1ba02abbafdd0786831181677de547c1"", ""feature_order_hash"": ""235553310100a340"", ""artifact_id"": ""XAUUSD_CRT_TRANSITION_TRACE_V1""}, ""raw_bar"": {""timestamp"": ""2024-05-22 23:45:00"", ""open"": 2378.45, ""high"": 2379.06, ""low"": 2377.53, ""close"": 2378.58, ""volume"": 822.0}, ""canonical_features"": {""feature_count"": 38, ""feature_names_in_canonical_order"": [""open"", ""high"", ""low"", ""close"", ""volume"", ""volume_ratio"", ""double_sweep"", ""ema_fast"", ""ema_slow"", ""ema_spread"", ""trend_bias"", ""trend_strength"", ""momentum_score"", ""atr"", ""volatility_ratio"", ""rsi_14"", ""macd_line"", ""macd_signal"", ""macd_hist"", ""sweep_detected"", ""liquidity_sweep"", ""break_of_structure"", ""swing_high"", ""swing_low"", ""higher_high"", ""lower_low"", ""body_size"", ""wick_size"", ""body_ratio"", ""volatility_regime"", ""session"", ""hour_of_day"", ""disp_strength"", ""retest_depth"", ""candles_since_retest"", ""liquidity_distance"", ""liquidity_pressure_score"", ""volume_spike""], ""values_by_name"": {""open"": 2378.449951171875, ""high"": 2379.06005859375, ""low"": 2377.530029296875, ""close"": 2378.580078125, ""volume"": 822.0, ""volume_ratio"": 0.41604453325271606, ""double_sweep"": 0.0, ""ema_fast"": 2379.574462890625, ""ema_slow"": 2384.103759765625, ""ema_spread"": -3277.404052734375, ""trend_bias"": -1.0, ""trend_strength"": -0.39292460680007935, ""momentum_score"": 159.19223022460938, ""atr"": 0.0013819769956171513, ""volatility_ratio"": 0.46544981002807617, ""rsi_14"": 24.839006423950195, ""macd_line"": -5.57951021194458, ""macd_signal"": -6.076792240142822, ""macd_hist"": 1.0783611536026, ""sweep_detected"": 0.0, ""liquidity_sweep"": 0.0, ""break_of_structure"": 0.0, ""swing_high"": 1.0, ""swing_low"": 0.0, ""higher_high"": 0.0, ""lower_low"": 0.0, ""body_size"": 0.12999999523162842, ""wick_size"": 1.5299999713897705, ""body_ratio"": 0.08496732264757156, ""volatility_regime"": 1.0, ""session"": 2.0, ""hour_of_day"": 23.0, ""disp_strength"": 0.03954802453517914, ""retest_depth"": 0.0, ""candles_since_retest"": 14.0, ""liquidity_distance"": 0.5202085971832275, ""liquidity_pressure_score"": 0.7709711790084839, ""volume_spike"": 0.0}, ""values_in_canonical_order"": [2378.449951171875, 2379.06005859375, 2377.530029296875, 2378.580078125, 822.0, 0.41604453325271606, 0.0, 2379.574462890625, 2384.103759765625, -3277.404052734375, -1.0, -0.39292460680007935, 159.19223022460938, 0.0013819769956171513, 0.46544981002807617, 24.839006423950195, -5.57951021194458, -6.076792240142822, 1.0783611536026, 0.0, 0.0, 0.0, 1.0, 0.0, 0.0, 0.0, 0.12999999523162842, 1.5299999713897705, 0.08496732264757156, 1.0, 2.0, 23.0, 0.03954802453517914, 0.0, 14.0, 0.5202085971832275, 0.7709711790084839, 0.0], ""schema_hash"": ""1ba02abbafdd0786831181677de547c1"", ""feature_order_hash"": ""235553310100a340"", ""feature_vector_index"": 13, ""lookup_miss"": false, ""consumed_by_crt_guards"": false, ""consumption_note"": ""38-vector not read by process_candle transition guards""}, ""crt_inputs"": {""inputs"": [{""name"": ""high"", ""runtime_value"": 2379.06, ""source_class"": ""RAW_OHLC"", ""source_name"": ""candle.high"", ""source_location"": ""process_candle:RANGE"", ""formula_id"": null, ""feature_id"": ""high"", ""config_key"": null, ""provenance_status"": ""PROVEN""}, {""name"": ""low"", ""runtime_value"": 2377.53, ""source_class"": ""RAW_OHLC"", ""source_name"": ""candle.low"", ""source_location"": ""process_candle:RANGE"", ""formula_id"": null, ""feature_id"": ""low"", ""config_key"": null, ""provenance_status"": ""PROVEN""}, {""name"": ""close"", ""runtime_value"": 2378.58, ""source_class"": ""RAW_OHLC"", ""source_name"": ""candle.close"", ""source_location"": ""process_candle:RANGE"", ""formula_id"": null, ""feature_id"": ""close"", ""config_key"": null, ""provenance_status"": ""PROVEN""}, {""name"": ""h_ref"", ""runtime_value"": 2390.76, ""source_class"": ""STATE_MEMORY"", ""source_name"": ""active_range.h_ref"", ""source_location"": ""process_candle:RANGE"", ""formula_id"": null, ""feature_id"": null, ""config_key"": null, ""provenance_status"": ""PROVEN""}, {""name"": ""l_ref"", ""runtime_value"": 2374.98, ""source_class"": ""STATE_MEMORY"", ""source_name"": ""active_range.l_ref"", ""source_location"": ""process_candle:RANGE"", ""formula_id"": null, ""feature_id"": null, ""config_key"": null, ""provenance_status"": ""PROVEN""}]}, ""effective_config"": {""config_file_path"": ""configs/production/v2_multi_2026_04.json"", ""config_file_sha256"": ""03a3b8aa497d116a3bb32620253a2d1b6ce53737ec10e837d4bc83334f194990"", ""prod_version"": ""v2_multi_2026_04"", ""effective_crt_config"": {""body_ratio_min"": 0.65, ""atr_multiplier_min"": 1.0, ""retest_depth_max"": 0.15, ""atr_period"": 14, ""atr_buffer_multiplier"": 3, ""max_sweep_age_candles"": 20, ""expansion_atr_min_distance"": 0.3, ""retest_atr_depth_fraction"": 0.3, ""retest_min_depth_atr_fraction"": 0.1, ""risk_score_weights"": [0.35, 0.25, 0.2, 0.2], ""score_component_weights"": [0.35, 0.25, 0.2, 0.2], ""max_displacement_strength"": 2.0, ""score_decay_lambda"": 0.05, ""score_threshold"": 0.45, ""max_spread_pct"": 0.05, ""atr_min_displacement"": 1.2, ""confirmation_body_min"": 0.6, ""sl_atr_buffer"": 0.2, ""tp1_atr_multiplier"": 1.0, ""tp2_atr_multiplier"": 2.0, ""exit_model"": ""intrabar_touch"", ""breakout_disp_threshold"": 1.5, ""tp1_atr_multiplier_breakout"": 1.5, ""tp1_atr_multiplier_pullback"": 0.8, ""tp1_atr_multiplier_liq_sweep"": 1.2, ""tp1_atr_multiplier_reversal"": 1.0, ""bitnet_main_threshold"": 0.55, ""use_bitnet"": false, ""session_windows"": {""LONDON"": [""07:00:00"", ""10:00:00""], ""NEWYORK"": [""13:00:00"", ""16:00:00""], ""ASIA"": [""00:00:00"", ""03:00:00""]}, ""allowed_sessions"": [""LONDON"", ""NEWYORK"", ""OVERLAP""], ""retrace_reset_pct"": 0.5, ""extension_reset_fib"": 1.618, ""news_blackout_minutes"": 15, ""conf_alpha"": 0.7, ""conf_beta"": 0.3, ""conf_weights"": [0.35, 0.35, 0.15, 0.15], ""conf_floor"": 0.2, ""weak_link_weight"": 0.3, ""ema_fast"": 2, ""ema_slow"": 5, ""tier_1_threshold"": 0.75, ""tier_2_threshold"": 0.3, ""soft_conf_max_candles"": 3, ""pending_displacement_ttl_candles"": 4, ""max_expansion_age_candles"": 495, ""max_expansion_age_hours"": 124, ""expansion_age_warn_candles"": 342, ""shadow_age_penalty_lambda"": 0.0, ""shadow_age_norm_candles"": 0, ""shadow_advisory_only"": false, ""sizing_bands"": [[0.75, 0.01], [0.55, 0.005]]}, ""constructor_mapping"": ""load_prod_config_from_registry + BacktestConfig.from_prod_config"", ""runtime_overrides"": {}, ""environment_overrides"": {""TRUST_INTRABAR_TOUCH"": null, ""BACKTEST_ENGINE_GATE"": ""1""}, ""note"": ""CRT process_candle does not consume 38-dim FeaturePipeline vector for guards.""}, ""state_transition"": {""state_before"": ""RANGE"", ""state_after"": ""RANGE"", ""state_changed"": false, ""persistent_state_snapshot_before"": {""current_state"": ""RANGE"", ""current_candle_index"": 64, ""atr"": 3.5121428571428948, ""direction"": ""NONE"", ""ema_fast_val"": 2378.593816236816, ""ema_slow_val"": 2378.8537771785773, ""evaluating_soft_conf"": false, ""soft_conf_candles"": 0, ""cached_features"": {}, ""sweep_event"": null, ""active_range"": {""h_ref"": 2395.09, ""l_ref"": 2374.98, ""size"": 20.110000000000127, ""session"": ""UNKNOWN"", ""htf_candle_id"": ""XAUUSD-HTF-000022""}, ""displacement_candle_index"": null, ""retest_candle_index"": null, ""_displacement_entry_idx"": 0, ""_expansion_entry_idx"": 0, ""_came_from_shadow"": false, ""pending_displacement_ttl"": 0, ""active_trade"": null, ""transition_log_len"": 20}, ""persistent_state_snapshot_after"": {""current_state"": ""RANGE"", ""current_candle_index"": 65, ""atr"": 3.287142857142856, ""direction"": ""NONE"", ""ema_fast_val"": 2378.584605412272, ""ema_slow_val"": 2378.7625181190515, ""evaluating_soft_conf"": false, ""soft_conf_candles"": 0, ""cached_features"": {}, ""sweep_event"": null, ""active_range"": {""h_ref"": 2390.76, ""l_ref"": 2374.98, ""size"": 15.7800000000002, ""session"": ""UNKNOWN"", ""htf_candle_id"": ""XAUUSD-HTF-000023""}, ""displacement_candle_index"": null, ""retest_candle_index"": null, ""_displacement_entry_idx"": 0, ""_expansion_entry_idx"": 0, ""_came_from_shadow"": false, ""pending_displacement_ttl"": 0, ""active_trade"": null, ""transition_log_len"": 21}, ""guards_evaluated"": [{""evaluation_order"": 1, ""guard_id"": ""G_RANGE_SWEEP_DETECT"", ""guard_name"": ""detect_sweep"", ""source_location"": ""crt_engine_v2.CRTEngine.process_candle:RANGE"", ""from_state"": ""RANGE"", ""candidate_to_state"": ""SWEEP"", ""operands"": [{""name"": ""high"", ""runtime_value"": 2379.06, ""source_class"": ""RAW_OHLC"", ""source_name"": ""candle.high"", ""source_location"": ""process_candle:RANGE"", ""feature_id"": ""high"", ""formula_id"": null, ""config_key"": null, ""provenance_status"": ""PROVEN""}, {""name"": ""low"", ""runtime_value"": 2377.53, ""source_class"": ""RAW_OHLC"", ""source_name"": ""candle.low"", ""source_location"": ""process_candle:RANGE"", ""feature_id"": ""low"", ""formula_id"": null, ""config_key"": null, ""provenance_status"": ""PROVEN""}, {""name"": ""close"", ""runtime_value"": 2378.58, ""source_class"": ""RAW_OHLC"", ""source_name"": ""candle.close"", ""source_location"": ""process_candle:RANGE"", ""feature_id"": ""close"", ""formula_id"": null, ""config_key"": null, ""provenance_status"": ""PROVEN""}, {""name"": ""h_ref"", ""runtime_value"": 2390.76, ""source_class"": ""STATE_MEMORY"", ""source_name"": ""active_range.h_ref"", ""source_location"": ""process_candle:RANGE"", ""feature_id"": null, ""formula_id"": null, ""config_key"": null, ""provenance_status"": ""PROVEN""}, {""name"": ""l_ref"", ""runtime_value"": 2374.98, ""source_class"": ""STATE_MEMORY"", ""source_name"": ""active_range.l_ref"", ""source_location"": ""process_candle:RANGE"", ""feature_id"": null, ""formula_id"": null, ""config_key"": null, ""provenance_status"": ""PROVEN""}], ""operator"": ""RangeDetector.detect_sweep(...)"", ""thresholds"": [], ""result"": false, ""short_circuit_status"": ""NO_SWEEP"", ""failure_reason"": ""no_sweep_detected""}], ""selected_transition"": {""transition_selected"": false, ""from_state"": ""RANGE"", ""to_state"": ""RANGE"", ""selection_location"": ""CRTEngine.process_candle"", ""winning_guard_id"": null, ""selection_reason"": ""RESET""}, ""action"": {""candle"": ""2024-05-22T23:45:00"", ""candle_index"": 65, ""state"": ""RANGE"", ""action"": ""RESET"", ""reason"": ""HTF changed: XAUUSD-HTF-000022 → XAUUSD-HTF-000023"", ""state_after"": ""RANGE""}}, ""outputs"": {""returned_value"": {""candle"": ""2024-05-22T23:45:00"", ""candle_index"": 65, ""state"": ""RANGE"", ""action"": ""RESET"", ""reason"": ""HTF changed: XAUUSD-HTF-000022 → XAUUSD-HTF-000023"", ""state_after"": ""RANGE""}, ""events_emitted"": [{""event"": ""RESET"", ""timestamp"": ""2024-05-22T23:45:00"", ""candle_index"": 65, ""state_from"": ""RANGE"", ""state_to"": ""RANGE"", ""reason"": ""HTF changed: XAUUSD-HTF-000022 → XAUUSD-HTF-000023"", ""direction"": null, ""price"": null}], ""trade_output"": null, ""rejection"": null, ""diversion"": {""candle"": ""2024-05-22T23:45:00"", ""candle_index"": 65, ""state"": ""RANGE"", ""action"": ""RESET"", ""reason"": ""HTF changed: XAUUSD-HTF-000022 → XAUUSD-HTF-000023"", ""state_after"": ""RANGE""}, ""output_classification"": ""DIVERTED""}, ""integrity"": {""trace_complete"": true, ""raw_bar_complete"": true, ""canonical_feature_complete"": true, ""canonical_feature_count"": 38, ""crt_input_provenance_complete"": true, ""effective_config_complete"": true, ""state_before_captured"": true, ""guards_complete"": true, ""state_after_captured"": true, ""outputs_complete"": true, ""missing_fields"": [], ""unknown_provenance"": [], ""nonfinite_features"": [], ""exceptions"": [], ""warnings"": [], ""status"": ""COMPLETE"", ""evaluated_guard_count"": 1, ""true_guard_count"": 0}}"
"docs\governance\xauusd_crt_transition_trace\xauusd_crt_transition_trace_v1.jsonl","5","{""trace_identity"": {""trace_schema_version"": ""1.0.0"", ""run_id"": ""xauusd-crt-transition-20260714T074256Z-d455dd97"", ""trace_sequence"": 4, ""window_role"": ""PRE_CONTEXT"", ""transition_families"": [], ""symbol"": ""XAUUSD"", ""timeframe"": ""M15"", ""bar_index"": 93, ""timestamp"": ""2024-05-23 01:00:00"", ""corpus_path"": ""data/mt5/XAUUSD_M15.csv"", ""corpus_sha256"": ""4d73f5cebe33ec91c5312340337eb62c2cf1f49060c91c42761bf631b26aba56"", ""repository_commit"": ""b48d4d9a7abfb429f2a17c790d4b32083da5dd92"", ""dirty_worktree_status"": ""DIRTY"", ""production_config_path"": ""configs/production/v2_multi_2026_04.json"", ""production_config_sha256"": ""03a3b8aa497d116a3bb32620253a2d1b6ce53737ec10e837d4bc83334f194990"", ""config_id"": ""v2_multi_2026_04"", ""prod_version"": ""v2_multi_2026_04"", ""canonical_schema_hash"": ""1ba02abbafdd0786831181677de547c1"", ""feature_order_hash"": ""235553310100a340"", ""artifact_id"": ""XAUUSD_CRT_TRANSITION_TRACE_V1""}, ""raw_bar"": {""timestamp"": ""2024-05-23 01:00:00"", ""open"": 2379.77, ""high"": 2380.95, ""low"": 2378.47, ""close"": 2379.38, ""volume"": 652.0}, ""canonical_features"": {""feature_count"": 38, ""feature_names_in_canonical_order"": [""open"", ""high"", ""low"", ""close"", ""volume"", ""volume_ratio"", ""double_sweep"", ""ema_fast"", ""ema_slow"", ""ema_spread"", ""trend_bias"", ""trend_strength"", ""momentum_score"", ""atr"", ""volatility_ratio"", ""rsi_14"", ""macd_line"", ""macd_signal"", ""macd_hist"", ""sweep_detected"", ""liquidity_sweep"", ""break_of_structure"", ""swing_high"", ""swing_low"", ""higher_high"", ""lower_low"", ""body_size"", ""wick_size"", ""body_ratio"", ""volatility_regime"", ""session"", ""hour_of_day"", ""disp_strength"", ""retest_depth"", ""candles_since_retest"", ""liquidity_distance"", ""liquidity_pressure_score"", ""volume_spike""], ""values_by_name"": {""open"": 2379.77001953125, ""high"": 2380.949951171875, ""low"": 2378.469970703125, ""close"": 2379.3798828125, ""volume"": 652.0, ""volume_ratio"": 0.3430856764316559, ""double_sweep"": 0.0, ""ema_fast"": 2379.53564453125, ""ema_slow"": 2383.67431640625, ""ema_spread"": -3048.753173828125, ""trend_bias"": -1.0, ""trend_strength"": -0.18098093569278717, ""momentum_score"": 589.3201293945312, ""atr"": 0.0013574964832514524, ""volatility_ratio"": 0.7678018808364868, ""rsi_14"": 30.140981674194336, ""macd_line"": -5.259047508239746, ""macd_signal"": -5.913243293762207, ""macd_hist"": 1.2417956590652466, ""sweep_detected"": 1.0, ""liquidity_sweep"": 1.0, ""break_of_structure"": 0.0, ""swing_high"": 0.0, ""swing_low"": 0.0, ""higher_high"": 1.0, ""lower_low"": 0.0, ""body_size"": 0.38999998569488525, ""wick_size"": 2.4800000190734863, ""body_ratio"": 0.1572580635547638, ""volatility_regime"": 1.0, ""session"": 0.0, ""hour_of_day"": 1.0, ""disp_strength"": 0.1207430362701416, ""retest_depth"": 0.04818716272711754, ""candles_since_retest"": 0.0, ""liquidity_distance"": 0.40247678756713867, ""liquidity_pressure_score"": 0.817717432975769, ""volume_spike"": 0.0}, ""values_in_canonical_order"": [2379.77001953125, 2380.949951171875, 2378.469970703125, 2379.3798828125, 652.0, 0.3430856764316559, 0.0, 2379.53564453125, 2383.67431640625, -3048.753173828125, -1.0, -0.18098093569278717, 589.3201293945312, 0.0013574964832514524, 0.7678018808364868, 30.140981674194336, -5.259047508239746, -5.913243293762207, 1.2417956590652466, 1.0, 1.0, 0.0, 0.0, 0.0, 1.0, 0.0, 0.38999998569488525, 2.4800000190734863, 0.1572580635547638, 1.0, 0.0, 1.0, 0.1207430362701416, 0.04818716272711754, 0.0, 0.40247678756713867, 0.817717432975769, 0.0], ""schema_hash"": ""1ba02abbafdd0786831181677de547c1"", ""feature_order_hash"": ""235553310100a340"", ""feature_vector_index"": 14, ""lookup_miss"": false, ""consumed_by_crt_guards"": false, ""consumption_note"": ""38-vector not read by process_candle transition guards""}, ""crt_inputs"": {""inputs"": [{""name"": ""high"", ""runtime_value"": 2380.95, ""source_class"": ""RAW_OHLC"", ""source_name"": ""candle.high"", ""source_location"": ""process_candle:RANGE"", ""formula_id"": null, ""feature_id"": ""high"", ""config_key"": null, ""provenance_status"": ""PROVEN""}, {""name"": ""low"", ""runtime_value"": 2378.47, ""source_class"": ""RAW_OHLC"", ""source_name"": ""candle.low"", ""source_location"": ""process_candle:RANGE"", ""formula_id"": null, ""feature_id"": ""low"", ""config_key"": null, ""provenance_status"": ""PROVEN""}, {""name"": ""close"", ""runtime_value"": 2379.38, ""source_class"": ""RAW_OHLC"", ""source_name"": ""candle.close"", ""source_location"": ""process_candle:RANGE"", ""formula_id"": null, ""feature_id"": ""close"", ""config_key"": null, ""provenance_status"": ""PROVEN""}, {""name"": ""h_ref"", ""runtime_value"": 2390.76, ""source_class"": ""STATE_MEMORY"", ""source_name"": ""active_range.h_ref"", ""source_location"": ""process_candle:RANGE"", ""formula_id"": null, ""feature_id"": null, ""config_key"": null, ""provenance_status"": ""PROVEN""}, {""name"": ""l_ref"", ""runtime_value"": 2374.98, ""source_class"": ""STATE_MEMORY"", ""source_name"": ""active_range.l_ref"", ""source_location"": ""process_candle:RANGE"", ""formula_id"": null, ""feature_id"": null, ""config_key"": null, ""provenance_status"": ""PROVEN""}]}, ""effective_config"": {""config_file_path"": ""configs/production/v2_multi_2026_04.json"", ""config_file_sha256"": ""03a3b8aa497d116a3bb32620253a2d1b6ce53737ec10e837d4bc83334f194990"", ""prod_version"": ""v2_multi_2026_04"", ""effective_crt_config"": {""body_ratio_min"": 0.65, ""atr_multiplier_min"": 1.0, ""retest_depth_max"": 0.15, ""atr_period"": 14, ""atr_buffer_multiplier"": 3, ""max_sweep_age_candles"": 20, ""expansion_atr_min_distance"": 0.3, ""retest_atr_depth_fraction"": 0.3, ""retest_min_depth_atr_fraction"": 0.1, ""risk_score_weights"": [0.35, 0.25, 0.2, 0.2], ""score_component_weights"": [0.35, 0.25, 0.2, 0.2], ""max_displacement_strength"": 2.0, ""score_decay_lambda"": 0.05, ""score_threshold"": 0.45, ""max_spread_pct"": 0.05, ""atr_min_displacement"": 1.2, ""confirmation_body_min"": 0.6, ""sl_atr_buffer"": 0.2, ""tp1_atr_multiplier"": 1.0, ""tp2_atr_multiplier"": 2.0, ""exit_model"": ""intrabar_touch"", ""breakout_disp_threshold"": 1.5, ""tp1_atr_multiplier_breakout"": 1.5, ""tp1_atr_multiplier_pullback"": 0.8, ""tp1_atr_multiplier_liq_sweep"": 1.2, ""tp1_atr_multiplier_reversal"": 1.0, ""bitnet_main_threshold"": 0.55, ""use_bitnet"": false, ""session_windows"": {""LONDON"": [""07:00:00"", ""10:00:00""], ""NEWYORK"": [""13:00:00"", ""16:00:00""], ""ASIA"": [""00:00:00"", ""03:00:00""]}, ""allowed_sessions"": [""LONDON"", ""NEWYORK"", ""OVERLAP""], ""retrace_reset_pct"": 0.5, ""extension_reset_fib"": 1.618, ""news_blackout_minutes"": 15, ""conf_alpha"": 0.7, ""conf_beta"": 0.3, ""conf_weights"": [0.35, 0.35, 0.15, 0.15], ""conf_floor"": 0.2, ""weak_link_weight"": 0.3, ""ema_fast"": 2, ""ema_slow"": 5, ""tier_1_threshold"": 0.75, ""tier_2_threshold"": 0.3, ""soft_conf_max_candles"": 3, ""pending_displacement_ttl_candles"": 4, ""max_expansion_age_candles"": 495, ""max_expansion_age_hours"": 124, ""expansion_age_warn_candles"": 342, ""shadow_age_penalty_lambda"": 0.0, ""shadow_age_norm_candles"": 0, ""shadow_advisory_only"": false, ""sizing_bands"": [[0.75, 0.01], [0.55, 0.005]]}, ""constructor_mapping"": ""load_prod_config_from_registry + BacktestConfig.from_prod_config"", ""runtime_overrides"": {}, ""environment_overrides"": {""TRUST_INTRABAR_TOUCH"": null, ""BACKTEST_ENGINE_GATE"": ""1""}, ""note"": ""CRT process_candle does not consume 38-dim FeaturePipeline vector for guards.""}, ""state_transition"": {""state_before"": ""RANGE"", ""state_after"": ""RANGE"", ""state_changed"": false, ""persistent_state_snapshot_before"": {""current_state"": ""RANGE"", ""current_candle_index"": 65, ""atr"": 3.287142857142856, ""direction"": ""NONE"", ""ema_fast_val"": 2378.584605412272, ""ema_slow_val"": 2378.7625181190515, ""evaluating_soft_conf"": false, ""soft_conf_candles"": 0, ""cached_features"": {}, ""sweep_event"": null, ""active_range"": {""h_ref"": 2390.76, ""l_ref"": 2374.98, ""size"": 15.7800000000002, ""session"": ""UNKNOWN"", ""htf_candle_id"": ""XAUUSD-HTF-000023""}, ""displacement_candle_index"": null, ""retest_candle_index"": null, ""_displacement_entry_idx"": 0, ""_expansion_entry_idx"": 0, ""_came_from_shadow"": false, ""pending_displacement_ttl"": 0, ""active_trade"": null, ""transition_log_len"": 21}, ""persistent_state_snapshot_after"": {""current_state"": ""RANGE"", ""current_candle_index"": 66, ""atr"": 3.2299999999999858, ""direction"": ""NONE"", ""ema_fast_val"": 2379.1148684707573, ""ema_slow_val"": 2378.968345412701, ""evaluating_soft_conf"": false, ""soft_conf_candles"": 0, ""cached_features"": {}, ""sweep_event"": null, ""active_range"": {""h_ref"": 2390.76, ""l_ref"": 2374.98, ""size"": 15.7800000000002, ""session"": ""UNKNOWN"", ""htf_candle_id"": ""XAUUSD-HTF-000023""}, ""displacement_candle_index"": null, ""retest_candle_index"": null, ""_displacement_entry_idx"": 0, ""_expansion_entry_idx"": 0, ""_came_from_shadow"": false, ""pending_displacement_ttl"": 0, ""active_trade"": null, ""transition_log_len"": 21}, ""guards_evaluated"": [{""evaluation_order"": 1, ""guard_id"": ""G_RANGE_SWEEP_DETECT"", ""guard_name"": ""detect_sweep"", ""source_location"": ""crt_engine_v2.CRTEngine.process_candle:RANGE"", ""from_state"": ""RANGE"", ""candidate_to_state"": ""SWEEP"", ""operands"": [{""name"": ""high"", ""runtime_value"": 2380.95, ""source_class"": ""RAW_OHLC"", ""source_name"": ""candle.high"", ""source_location"": ""process_candle:RANGE"", ""feature_id"": ""high"", ""formula_id"": null, ""config_key"": null, ""provenance_status"": ""PROVEN""}, {""name"": ""low"", ""runtime_value"": 2378.47, ""source_class"": ""RAW_OHLC"", ""source_name"": ""candle.low"", ""source_location"": ""process_candle:RANGE"", ""feature_id"": ""low"", ""formula_id"": null, ""config_key"": null, ""provenance_status"": ""PROVEN""}, {""name"": ""close"", ""runtime_value"": 2379.38, ""source_class"": ""RAW_OHLC"", ""source_name"": ""candle.close"", ""source_location"": ""process_candle:RANGE"", ""feature_id"": ""close"", ""formula_id"": null, ""config_key"": null, ""provenance_status"": ""PROVEN""}, {""name"": ""h_ref"", ""runtime_value"": 2390.76, ""source_class"": ""STATE_MEMORY"", ""source_name"": ""active_range.h_ref"", ""source_location"": ""process_candle:RANGE"", ""feature_id"": null, ""formula_id"": null, ""config_key"": null, ""provenance_status"": ""PROVEN""}, {""name"": ""l_ref"", ""runtime_value"": 2374.98, ""source_class"": ""STATE_MEMORY"", ""source_name"": ""active_range.l_ref"", ""source_location"": ""process_candle:RANGE"", ""feature_id"": null, ""formula_id"": null, ""config_key"": null, ""provenance_status"": ""PROVEN""}], ""operator"": ""RangeDetector.detect_sweep(...)"", ""thresholds"": [], ""result"": false, ""short_circuit_status"": ""NO_SWEEP"", ""failure_reason"": ""no_sweep_detected""}], ""selected_transition"": {""transition_selected"": false, ""from_state"": ""RANGE"", ""to_state"": ""RANGE"", ""selection_location"": ""CRTEngine.process_candle"", ""winning_guard_id"": null, ""selection_reason"": ""NONE""}, ""action"": {""candle"": ""2024-05-23T01:00:00"", ""candle_index"": 66, ""state"": ""RANGE"", ""action"": ""NONE"", ""state_after"": ""RANGE""}}, ""outputs"": {""returned_value"": {""candle"": ""2024-05-23T01:00:00"", ""candle_index"": 66, ""state"": ""RANGE"", ""action"": ""NONE"", ""state_after"": ""RANGE""}, ""events_emitted"": [], ""trade_output"": null, ""rejection"": null, ""diversion"": null, ""output_classification"": ""NO_OUTPUT""}, ""integrity"": {""trace_complete"": true, ""raw_bar_complete"": true, ""canonical_feature_complete"": true, ""canonical_feature_count"": 38, ""crt_input_provenance_complete"": true, ""effective_config_complete"": true, ""state_before_captured"": true, ""guards_complete"": true, ""state_after_captured"": true, ""outputs_complete"": true, ""missing_fields"": [], ""unknown_provenance"": [], ""nonfinite_features"": [], ""exceptions"": [], ""warnings"": [], ""status"": ""COMPLETE"", ""evaluated_guard_count"": 1, ""true_guard_count"": 0}}"
"docs\governance\xauusd_crt_transition_trace\xauusd_crt_transition_trace_v1.jsonl","6","{""trace_identity"": {""trace_schema_version"": ""1.0.0"", ""run_id"": ""xauusd-crt-transition-20260714T074256Z-d455dd97"", ""trace_sequence"": 5, ""window_role"": ""PRE_CONTEXT"", ""transition_families"": [], ""symbol"": ""XAUUSD"", ""timeframe"": ""M15"", ""bar_index"": 94, ""timestamp"": ""2024-05-23 01:15:00"", ""corpus_path"": ""data/mt5/XAUUSD_M15.csv"", ""corpus_sha256"": ""4d73f5cebe33ec91c5312340337eb62c2cf1f49060c91c42761bf631b26aba56"", ""repository_commit"": ""b48d4d9a7abfb429f2a17c790d4b32083da5dd92"", ""dirty_worktree_status"": ""DIRTY"", ""production_config_path"": ""configs/production/v2_multi_2026_04.json"", ""production_config_sha256"": ""03a3b8aa497d116a3bb32620253a2d1b6ce53737ec10e837d4bc83334f194990"", ""config_id"": ""v2_multi_2026_04"", ""prod_version"": ""v2_multi_2026_04"", ""canonical_schema_hash"": ""1ba02abbafdd0786831181677de547c1"", ""feature_order_hash"": ""235553310100a340"", ""artifact_id"": ""XAUUSD_CRT_TRANSITION_TRACE_V1""}, ""raw_bar"": {""timestamp"": ""2024-05-23 01:15:00"", ""open"": 2379.36, ""high"": 2380.83, ""low"": 2379.24, ""close"": 2380.56, ""volume"": 504.0}, ""canonical_features"": {""feature_count"": 38, ""feature_names_in_canonical_order"": [""open"", ""high"", ""low"", ""close"", ""volume"", ""volume_ratio"", ""double_sweep"", ""ema_fast"", ""ema_slow"", ""ema_spread"", ""trend_bias"", ""trend_strength"", ""momentum_score"", ""atr"", ""volatility_ratio"", ""rsi_14"", ""macd_line"", ""macd_signal"", ""macd_hist"", ""sweep_detected"", ""liquidity_sweep"", ""break_of_structure"", ""swing_high"", ""swing_low"", ""higher_high"", ""lower_low"", ""body_size"", ""wick_size"", ""body_ratio"", ""volatility_regime"", ""session"", ""hour_of_day"", ""disp_strength"", ""retest_depth"", ""candles_since_retest"", ""liquidity_distance"", ""liquidity_pressure_score"", ""volume_spike""], ""values_by_name"": {""open"": 2379.360107421875, ""high"": 2380.830078125, ""low"": 2379.239990234375, ""close"": 2380.56005859375, ""volume"": 504.0, ""volume_ratio"": 0.2771972417831421, ""double_sweep"": 0.0, ""ema_fast"": 2379.740478515625, ""ema_slow"": 2383.391357421875, ""ema_spread"": -2713.55712890625, ""trend_bias"": -1.0, ""trend_strength"": 0.06438601762056351, ""momentum_score"": 877.0484008789062, ""atr"": 0.001345421769656241, ""volatility_ratio"": 0.49643173813819885, ""rsi_14"": 31.6039981842041, ""macd_line"": -4.853909969329834, ""macd_signal"": -5.701376438140869, ""macd_hist"": 1.4381531476974487, ""sweep_detected"": 1.0, ""liquidity_sweep"": 1.0, ""break_of_structure"": 0.0, ""swing_high"": 0.0, ""swing_low"": 1.0, ""higher_high"": 1.0, ""lower_low"": 0.0, ""body_size"": 1.2000000476837158, ""wick_size"": 1.590000033378601, ""body_ratio"": 0.7547169923782349, ""volatility_regime"": 1.0, ""session"": 0.0, ""hour_of_day"": 1.0, ""disp_strength"": 0.3746654689311981, ""retest_depth"": 0.2558720111846924, ""candles_since_retest"": 0.0, ""liquidity_distance"": 0.03746654465794563, ""liquidity_pressure_score"": 0.9814411401748657, ""volume_spike"": 0.0}, ""values_in_canonical_order"": [2379.360107421875, 2380.830078125, 2379.239990234375, 2380.56005859375, 504.0, 0.2771972417831421, 0.0, 2379.740478515625, 2383.391357421875, -2713.55712890625, -1.0, 0.06438601762056351, 877.0484008789062, 0.001345421769656241, 0.49643173813819885, 31.6039981842041, -4.853909969329834, -5.701376438140869, 1.4381531476974487, 1.0, 1.0, 0.0, 0.0, 1.0, 1.0, 0.0, 1.2000000476837158, 1.590000033378601, 0.7547169923782349, 1.0, 0.0, 1.0, 0.3746654689311981, 0.2558720111846924, 0.0, 0.03746654465794563, 0.9814411401748657, 0.0], ""schema_hash"": ""1ba02abbafdd0786831181677de547c1"", ""feature_order_hash"": ""235553310100a340"", ""feature_vector_index"": 15, ""lookup_miss"": false, ""consumed_by_crt_guards"": false, ""consumption_note"": ""38-vector not read by process_candle transition guards""}, ""crt_inputs"": {""inputs"": [{""name"": ""high"", ""runtime_value"": 2380.83, ""source_class"": ""RAW_OHLC"", ""source_name"": ""candle.high"", ""source_location"": ""process_candle:RANGE"", ""formula_id"": null, ""feature_id"": ""high"", ""config_key"": null, ""provenance_status"": ""PROVEN""}, {""name"": ""low"", ""runtime_value"": 2379.24, ""source_class"": ""RAW_OHLC"", ""source_name"": ""candle.low"", ""source_location"": ""process_candle:RANGE"", ""formula_id"": null, ""feature_id"": ""low"", ""config_key"": null, ""provenance_status"": ""PROVEN""}, {""name"": ""close"", ""runtime_value"": 2380.56, ""source_class"": ""RAW_OHLC"", ""source_name"": ""candle.close"", ""source_location"": ""process_candle:RANGE"", ""formula_id"": null, ""feature_id"": ""close"", ""config_key"": null, ""provenance_status"": ""PROVEN""}, {""name"": ""h_ref"", ""runtime_value"": 2390.76, ""source_class"": ""STATE_MEMORY"", ""source_name"": ""active_range.h_ref"", ""source_location"": ""process_candle:RANGE"", ""formula_id"": null, ""feature_id"": null, ""config_key"": null, ""provenance_status"": ""PROVEN""}, {""name"": ""l_ref"", ""runtime_value"": 2374.98, ""source_class"": ""STATE_MEMORY"", ""source_name"": ""active_range.l_ref"", ""source_location"": ""process_candle:RANGE"", ""formula_id"": null, ""feature_id"": null, ""config_key"": null, ""provenance_status"": ""PROVEN""}]}, ""effective_config"": {""config_file_path"": ""configs/production/v2_multi_2026_04.json"", ""config_file_sha256"": ""03a3b8aa497d116a3bb32620253a2d1b6ce53737ec10e837d4bc83334f194990"", ""prod_version"": ""v2_multi_2026_04"", ""effective_crt_config"": {""body_ratio_min"": 0.65, ""atr_multiplier_min"": 1.0, ""retest_depth_max"": 0.15, ""atr_period"": 14, ""atr_buffer_multiplier"": 3, ""max_sweep_age_candles"": 20, ""expansion_atr_min_distance"": 0.3, ""retest_atr_depth_fraction"": 0.3, ""retest_min_depth_atr_fraction"": 0.1, ""risk_score_weights"": [0.35, 0.25, 0.2, 0.2], ""score_component_weights"": [0.35, 0.25, 0.2, 0.2], ""max_displacement_strength"": 2.0, ""score_decay_lambda"": 0.05, ""score_threshold"": 0.45, ""max_spread_pct"": 0.05, ""atr_min_displacement"": 1.2, ""confirmation_body_min"": 0.6, ""sl_atr_buffer"": 0.2, ""tp1_atr_multiplier"": 1.0, ""tp2_atr_multiplier"": 2.0, ""exit_model"": ""intrabar_touch"", ""breakout_disp_threshold"": 1.5, ""tp1_atr_multiplier_breakout"": 1.5, ""tp1_atr_multiplier_pullback"": 0.8, ""tp1_atr_multiplier_liq_sweep"": 1.2, ""tp1_atr_multiplier_reversal"": 1.0, ""bitnet_main_threshold"": 0.55, ""use_bitnet"": false, ""session_windows"": {""LONDON"": [""07:00:00"", ""10:00:00""], ""NEWYORK"": [""13:00:00"", ""16:00:00""], ""ASIA"": [""00:00:00"", ""03:00:00""]}, ""allowed_sessions"": [""LONDON"", ""NEWYORK"", ""OVERLAP""], ""retrace_reset_pct"": 0.5, ""extension_reset_fib"": 1.618, ""news_blackout_minutes"": 15, ""conf_alpha"": 0.7, ""conf_beta"": 0.3, ""conf_weights"": [0.35, 0.35, 0.15, 0.15], ""conf_floor"": 0.2, ""weak_link_weight"": 0.3, ""ema_fast"": 2, ""ema_slow"": 5, ""tier_1_threshold"": 0.75, ""tier_2_threshold"": 0.3, ""soft_conf_max_candles"": 3, ""pending_displacement_ttl_candles"": 4, ""max_expansion_age_candles"": 495, ""max_expansion_age_hours"": 124, ""expansion_age_warn_candles"": 342, ""shadow_age_penalty_lambda"": 0.0, ""shadow_age_norm_candles"": 0, ""shadow_advisory_only"": false, ""sizing_bands"": [[0.75, 0.01], [0.55, 0.005]]}, ""constructor_mapping"": ""load_prod_config_from_registry + BacktestConfig.from_prod_config"", ""runtime_overrides"": {}, ""environment_overrides"": {""TRUST_INTRABAR_TOUCH"": null, ""BACKTEST_ENGINE_GATE"": ""1""}, ""note"": ""CRT process_candle does not consume 38-dim FeaturePipeline vector for guards.""}, ""state_transition"": {""state_before"": ""RANGE"", ""state_after"": ""RANGE"", ""state_changed"": false, ""persistent_state_snapshot_before"": {""current_state"": ""RANGE"", ""current_candle_index"": 66, ""atr"": 3.2299999999999858, ""direction"": ""NONE"", ""ema_fast_val"": 2379.1148684707573, ""ema_slow_val"": 2378.968345412701, ""evaluating_soft_conf"": false, ""soft_conf_candles"": 0, ""cached_features"": {}, ""sweep_event"": null, ""active_range"": {""h_ref"": 2390.76, ""l_ref"": 2374.98, ""size"": 15.7800000000002, ""session"": ""UNKNOWN"", ""htf_candle_id"": ""XAUUSD-HTF-000023""}, ""displacement_candle_index"": null, ""retest_candle_index"": null, ""_displacement_entry_idx"": 0, ""_expansion_entry_idx"": 0, ""_came_from_shadow"": false, ""pending_displacement_ttl"": 0, ""active_trade"": null, ""transition_log_len"": 21}, ""persistent_state_snapshot_after"": {""current_state"": ""RANGE"", ""current_candle_index"": 67, ""atr"": 3.202857142857153, ""direction"": ""NONE"", ""ema_fast_val"": 2380.0782894902522, ""ema_slow_val"": 2379.498896941801, ""evaluating_soft_conf"": false, ""soft_conf_candles"": 0, ""cached_features"": {}, ""sweep_event"": null, ""active_range"": {""h_ref"": 2390.76, ""l_ref"": 2374.98, ""size"": 15.7800000000002, ""session"": ""UNKNOWN"", ""htf_candle_id"": ""XAUUSD-HTF-000023""}, ""displacement_candle_index"": null, ""retest_candle_index"": null, ""_displacement_entry_idx"": 0, ""_expansion_entry_idx"": 0, ""_came_from_shadow"": false, ""pending_displacement_ttl"": 0, ""active_trade"": null, ""transition_log_len"": 21}, ""guards_evaluated"": [{""evaluation_order"": 1, ""guard_id"": ""G_RANGE_SWEEP_DETECT"", ""guard_name"": ""detect_sweep"", ""source_location"": ""crt_engine_v2.CRTEngine.process_candle:RANGE"", ""from_state"": ""RANGE"", ""candidate_to_state"": ""SWEEP"", ""operands"": [{""name"": ""high"", ""runtime_value"": 2380.83, ""source_class"": ""RAW_OHLC"", ""source_name"": ""candle.high"", ""source_location"": ""process_candle:RANGE"", ""feature_id"": ""high"", ""formula_id"": null, ""config_key"": null, ""provenance_status"": ""PROVEN""}, {""name"": ""low"", ""runtime_value"": 2379.24, ""source_class"": ""RAW_OHLC"", ""source_name"": ""candle.low"", ""source_location"": ""process_candle:RANGE"", ""feature_id"": ""low"", ""formula_id"": null, ""config_key"": null, ""provenance_status"": ""PROVEN""}, {""name"": ""close"", ""runtime_value"": 2380.56, ""source_class"": ""RAW_OHLC"", ""source_name"": ""candle.close"", ""source_location"": ""process_candle:RANGE"", ""feature_id"": ""close"", ""formula_id"": null, ""config_key"": null, ""provenance_status"": ""PROVEN""}, {""name"": ""h_ref"", ""runtime_value"": 2390.76, ""source_class"": ""STATE_MEMORY"", ""source_name"": ""active_range.h_ref"", ""source_location"": ""process_candle:RANGE"", ""feature_id"": null, ""formula_id"": null, ""config_key"": null, ""provenance_status"": ""PROVEN""}, {""name"": ""l_ref"", ""runtime_value"": 2374.98, ""source_class"": ""STATE_MEMORY"", ""source_name"": ""active_range.l_ref"", ""source_location"": ""process_candle:RANGE"", ""feature_id"": null, ""formula_id"": null, ""config_key"": null, ""provenance_status"": ""PROVEN""}], ""operator"": ""RangeDetector.detect_sweep(...)"", ""thresholds"": [], ""result"": false, ""short_circuit_status"": ""NO_SWEEP"", ""failure_reason"": ""no_sweep_detected""}], ""selected_transition"": {""transition_selected"": false, ""from_state"": ""RANGE"", ""to_state"": ""RANGE"", ""selection_location"": ""CRTEngine.process_candle"", ""winning_guard_id"": null, ""selection_reason"": ""NONE""}, ""action"": {""candle"": ""2024-05-23T01:15:00"", ""candle_index"": 67, ""state"": ""RANGE"", ""action"": ""NONE"", ""state_after"": ""RANGE""}}, ""outputs"": {""returned_value"": {""candle"": ""2024-05-23T01:15:00"", ""candle_index"": 67, ""state"": ""RANGE"", ""action"": ""NONE"", ""state_after"": ""RANGE""}, ""events_emitted"": [], ""trade_output"": null, ""rejection"": null, ""diversion"": null, ""output_classification"": ""NO_OUTPUT""}, ""integrity"": {""trace_complete"": true, ""raw_bar_complete"": true, ""canonical_feature_complete"": true, ""canonical_feature_count"": 38, ""crt_input_provenance_complete"": true, ""effective_config_complete"": true, ""state_before_captured"": true, ""guards_complete"": true, ""state_after_captured"": true, ""outputs_complete"": true, ""missing_fields"": [], ""unknown_provenance"": [], ""nonfinite_features"": [], ""exceptions"": [], ""warnings"": [], ""status"": ""COMPLETE"", ""evaluated_guard_count"": 1, ""true_guard_count"": 0}}"
"docs\governance\xauusd_crt_transition_trace\xauusd_crt_transition_trace_v1.jsonl","7","{""trace_identity"": {""trace_schema_version"": ""1.0.0"", ""run_id"": ""xauusd-crt-transition-20260714T074256Z-d455dd97"", ""trace_sequence"": 6, ""window_role"": ""PRE_CONTEXT"", ""transition_families"": [], ""symbol"": ""XAUUSD"", ""timeframe"": ""M15"", ""bar_index"": 95, ""timestamp"": ""2024-05-23 01:30:00"", ""corpus_path"": ""data/mt5/XAUUSD_M15.csv"", ""corpus_sha256"": ""4d73f5cebe33ec91c5312340337eb62c2cf1f49060c91c42761bf631b26aba56"", ""repository_commit"": ""b48d4d9a7abfb429f2a17c790d4b32083da5dd92"", ""dirty_worktree_status"": ""DIRTY"", ""production_config_path"": ""configs/production/v2_multi_2026_04.json"", ""production_config_sha256"": ""03a3b8aa497d116a3bb32620253a2d1b6ce53737ec10e837d4bc83334f194990"", ""config_id"": ""v2_multi_2026_04"", ""prod_version"": ""v2_multi_2026_04"", ""canonical_schema_hash"": ""1ba02abbafdd0786831181677de547c1"", ""feature_order_hash"": ""235553310100a340"", ""artifact_id"": ""XAUUSD_CRT_TRANSITION_TRACE_V1""}, ""raw_bar"": {""timestamp"": ""2024-05-23 01:30:00"", ""open"": 2380.47, ""high"": 2381.15, ""low"": 2380.19, ""close"": 2381.02, ""volume"": 556.0}, ""canonical_features"": {""feature_count"": 38, ""feature_names_in_canonical_order"": [""open"", ""high"", ""low"", ""close"", ""volume"", ""volume_ratio"", ""double_sweep"", ""ema_fast"", ""ema_slow"", ""ema_spread"", ""trend_bias"", ""trend_strength"", ""momentum_score"", ""atr"", ""volatility_ratio"", ""rsi_14"", ""macd_line"", ""macd_signal"", ""macd_hist"", ""sweep_detected"", ""liquidity_sweep"", ""break_of_structure"", ""swing_high"", ""swing_low"", ""higher_high"", ""lower_low"", ""body_size"", ""wick_size"", ""body_ratio"", ""volatility_regime"", ""session"", ""hour_of_day"", ""disp_strength"", ""retest_depth"", ""candles_since_retest"", ""liquidity_distance"", ""liquidity_pressure_score"", ""volume_spike""], ""values_by_name"": {""open"": 2380.469970703125, ""high"": 2381.14990234375, ""low"": 2380.18994140625, ""close"": 2381.02001953125, ""volume"": 556.0, ""volume_ratio"": 0.3204980492591858, ""double_sweep"": 0.0, ""ema_fast"": 2379.996337890625, ""ema_slow"": 2383.17578125, ""ema_spread"": -2635.1181640625, ""trend_bias"": -1.0, ""trend_strength"": 0.1254880130290985, ""momentum_score"": 381.2473449707031, ""atr"": 0.0012065657647326589, ""volatility_ratio"": 0.3341620862483978, ""rsi_14"": 36.76851272583008, ""macd_line"": -4.444483757019043, ""macd_signal"": -5.449997901916504, ""macd_hist"": 1.5758622884750366, ""sweep_detected"": 0.0, ""liquidity_sweep"": 0.0, ""break_of_structure"": 1.0, ""swing_high"": 0.0, ""swing_low"": 0.0, ""higher_high"": 1.0, ""lower_low"": 0.0, ""body_size"": 0.550000011920929, ""wick_size"": 0.9599999785423279, ""body_ratio"": 0.5729166865348816, ""volatility_regime"": 0.0, ""session"": 0.0, ""hour_of_day"": 1.0, ""disp_strength"": 0.19144703447818756, ""retest_depth"": 0.35632196068763733, ""candles_since_retest"": 1.0, ""liquidity_distance"": 0.11834907531738281, ""liquidity_pressure_score"": 0.9425421953201294, ""volume_spike"": 0.0}, ""values_in_canonical_order"": [2380.469970703125, 2381.14990234375, 2380.18994140625, 2381.02001953125, 556.0, 0.3204980492591858, 0.0, 2379.996337890625, 2383.17578125, -2635.1181640625, -1.0, 0.1254880130290985, 381.2473449707031, 0.0012065657647326589, 0.3341620862483978, 36.76851272583008, -4.444483757019043, -5.449997901916504, 1.5758622884750366, 0.0, 0.0, 1.0, 0.0, 0.0, 1.0, 0.0, 0.550000011920929, 0.9599999785423279, 0.5729166865348816, 0.0, 0.0, 1.0, 0.19144703447818756, 0.35632196068763733, 1.0, 0.11834907531738281, 0.9425421953201294, 0.0], ""schema_hash"": ""1ba02abbafdd0786831181677de547c1"", ""feature_order_hash"": ""235553310100a340"", ""feature_vector_index"": 16, ""lookup_miss"": false, ""consumed_by_crt_guards"": false, ""consumption_note"": ""38-vector not read by process_candle transition guards""}, ""crt_inputs"": {""inputs"": [{""name"": ""high"", ""runtime_value"": 2381.15, ""source_class"": ""RAW_OHLC"", ""source_name"": ""candle.high"", ""source_location"": ""process_candle:RANGE"", ""formula_id"": null, ""feature_id"": ""high"", ""config_key"": null, ""provenance_status"": ""PROVEN""}, {""name"": ""low"", ""runtime_value"": 2380.19, ""source_class"": ""RAW_OHLC"", ""source_name"": ""candle.low"", ""source_location"": ""process_candle:RANGE"", ""formula_id"": null, ""feature_id"": ""low"", ""config_key"": null, ""provenance_status"": ""PROVEN""}, {""name"": ""close"", ""runtime_value"": 2381.02, ""source_class"": ""RAW_OHLC"", ""source_name"": ""candle.close"", ""source_location"": ""process_candle:RANGE"", ""formula_id"": null, ""feature_id"": ""close"", ""config_key"": null, ""provenance_status"": ""PROVEN""}, {""name"": ""h_ref"", ""runtime_value"": 2390.76, ""source_class"": ""STATE_MEMORY"", ""source_name"": ""active_range.h_ref"", ""source_location"": ""process_candle:RANGE"", ""formula_id"": null, ""feature_id"": null, ""config_key"": null, ""provenance_status"": ""PROVEN""}, {""name"": ""l_ref"", ""runtime_value"": 2374.98, ""source_class"": ""STATE_MEMORY"", ""source_name"": ""active_range.l_ref"", ""source_location"": ""process_candle:RANGE"", ""formula_id"": null, ""feature_id"": null, ""config_key"": null, ""provenance_status"": ""PROVEN""}]}, ""effective_config"": {""config_file_path"": ""configs/production/v2_multi_2026_04.json"", ""config_file_sha256"": ""03a3b8aa497d116a3bb32620253a2d1b6ce53737ec10e837d4bc83334f194990"", ""prod_version"": ""v2_multi_2026_04"", ""effective_crt_config"": {""body_ratio_min"": 0.65, ""atr_multiplier_min"": 1.0, ""retest_depth_max"": 0.15, ""atr_period"": 14, ""atr_buffer_multiplier"": 3, ""max_sweep_age_candles"": 20, ""expansion_atr_min_distance"": 0.3, ""retest_atr_depth_fraction"": 0.3, ""retest_min_depth_atr_fraction"": 0.1, ""risk_score_weights"": [0.35, 0.25, 0.2, 0.2], ""score_component_weights"": [0.35, 0.25, 0.2, 0.2], ""max_displacement_strength"": 2.0, ""score_decay_lambda"": 0.05, ""score_threshold"": 0.45, ""max_spread_pct"": 0.05, ""atr_min_displacement"": 1.2, ""confirmation_body_min"": 0.6, ""sl_atr_buffer"": 0.2, ""tp1_atr_multiplier"": 1.0, ""tp2_atr_multiplier"": 2.0, ""exit_model"": ""intrabar_touch"", ""breakout_disp_threshold"": 1.5, ""tp1_atr_multiplier_breakout"": 1.5, ""tp1_atr_multiplier_pullback"": 0.8, ""tp1_atr_multiplier_liq_sweep"": 1.2, ""tp1_atr_multiplier_reversal"": 1.0, ""bitnet_main_threshold"": 0.55, ""use_bitnet"": false, ""session_windows"": {""LONDON"": [""07:00:00"", ""10:00:00""], ""NEWYORK"": [""13:00:00"", ""16:00:00""], ""ASIA"": [""00:00:00"", ""03:00:00""]}, ""allowed_sessions"": [""LONDON"", ""NEWYORK"", ""OVERLAP""], ""retrace_reset_pct"": 0.5, ""extension_reset_fib"": 1.618, ""news_blackout_minutes"": 15, ""conf_alpha"": 0.7, ""conf_beta"": 0.3, ""conf_weights"": [0.35, 0.35, 0.15, 0.15], ""conf_floor"": 0.2, ""weak_link_weight"": 0.3, ""ema_fast"": 2, ""ema_slow"": 5, ""tier_1_threshold"": 0.75, ""tier_2_threshold"": 0.3, ""soft_conf_max_candles"": 3, ""pending_displacement_ttl_candles"": 4, ""max_expansion_age_candles"": 495, ""max_expansion_age_hours"": 124, ""expansion_age_warn_candles"": 342, ""shadow_age_penalty_lambda"": 0.0, ""shadow_age_norm_candles"": 0, ""shadow_advisory_only"": false, ""sizing_bands"": [[0.75, 0.01], [0.55, 0.005]]}, ""constructor_mapping"": ""load_prod_config_from_registry + BacktestConfig.from_prod_config"", ""runtime_overrides"": {}, ""environment_overrides"": {""TRUST_INTRABAR_TOUCH"": null, ""BACKTEST_ENGINE_GATE"": ""1""}, ""note"": ""CRT process_candle does not consume 38-dim FeaturePipeline vector for guards.""}, ""state_transition"": {""state_before"": ""RANGE"", ""state_after"": ""RANGE"", ""state_changed"": false, ""persistent_state_snapshot_before"": {""current_state"": ""RANGE"", ""current_candle_index"": 67, ""atr"": 3.202857142857153, ""direction"": ""NONE"", ""ema_fast_val"": 2380.0782894902522, ""ema_slow_val"": 2379.498896941801, ""evaluating_soft_conf"": false, ""soft_conf_candles"": 0, ""cached_features"": {}, ""sweep_event"": null, ""active_range"": {""h_ref"": 2390.76, ""l_ref"": 2374.98, ""size"": 15.7800000000002, ""session"": ""UNKNOWN"", ""htf_candle_id"": ""XAUUSD-HTF-000023""}, ""displacement_candle_index"": null, ""retest_candle_index"": null, ""_displacement_entry_idx"": 0, ""_expansion_entry_idx"": 0, ""_came_from_shadow"": false, ""pending_displacement_ttl"": 0, ""active_trade"": null, ""transition_log_len"": 21}, ""persistent_state_snapshot_after"": {""current_state"": ""RANGE"", ""current_candle_index"": 68, ""atr"": 2.8728571428571286, ""direction"": ""NONE"", ""ema_fast_val"": 2380.706096496751, ""ema_slow_val"": 2380.005931294534, ""evaluating_soft_conf"": false, ""soft_conf_candles"": 0, ""cached_features"": {}, ""sweep_event"": null, ""active_range"": {""h_ref"": 2390.76, ""l_ref"": 2374.98, ""size"": 15.7800000000002, ""session"": ""UNKNOWN"", ""htf_candle_id"": ""XAUUSD-HTF-000023""}, ""displacement_candle_index"": null, ""retest_candle_index"": null, ""_displacement_entry_idx"": 0, ""_expansion_entry_idx"": 0, ""_came_from_shadow"": false, ""pending_displacement_ttl"": 0, ""active_trade"": null, ""transition_log_len"": 21}, ""guards_evaluated"": [{""evaluation_order"": 1, ""guard_id"": ""G_RANGE_SWEEP_DETECT"", ""guard_name"": ""detect_sweep"", ""source_location"": ""crt_engine_v2.CRTEngine.process_candle:RANGE"", ""from_state"": ""RANGE"", ""candidate_to_state"": ""SWEEP"", ""operands"": [{""name"": ""high"", ""runtime_value"": 2381.15, ""source_class"": ""RAW_OHLC"", ""source_name"": ""candle.high"", ""source_location"": ""process_candle:RANGE"", ""feature_id"": ""high"", ""formula_id"": null, ""config_key"": null, ""provenance_status"": ""PROVEN""}, {""name"": ""low"", ""runtime_value"": 2380.19, ""source_class"": ""RAW_OHLC"", ""source_name"": ""candle.low"", ""source_location"": ""process_candle:RANGE"", ""feature_id"": ""low"", ""formula_id"": null, ""config_key"": null, ""provenance_status"": ""PROVEN""}, {""name"": ""close"", ""runtime_value"": 2381.02, ""source_class"": ""RAW_OHLC"", ""source_name"": ""candle.close"", ""source_location"": ""process_candle:RANGE"", ""feature_id"": ""close"", ""formula_id"": null, ""config_key"": null, ""provenance_status"": ""PROVEN""}, {""name"": ""h_ref"", ""runtime_value"": 2390.76, ""source_class"": ""STATE_MEMORY"", ""source_name"": ""active_range.h_ref"", ""source_location"": ""process_candle:RANGE"", ""feature_id"": null, ""formula_id"": null, ""config_key"": null, ""provenance_status"": ""PROVEN""}, {""name"": ""l_ref"", ""runtime_value"": 2374.98, ""source_class"": ""STATE_MEMORY"", ""source_name"": ""active_range.l_ref"", ""source_location"": ""process_candle:RANGE"", ""feature_id"": null, ""formula_id"": null, ""config_key"": null, ""provenance_status"": ""PROVEN""}], ""operator"": ""RangeDetector.detect_sweep(...)"", ""thresholds"": [], ""result"": false, ""short_circuit_status"": ""NO_SWEEP"", ""failure_reason"": ""no_sweep_detected""}], ""selected_transition"": {""transition_selected"": false, ""from_state"": ""RANGE"", ""to_state"": ""RANGE"", ""selection_location"": ""CRTEngine.process_candle"", ""winning_guard_id"": null, ""selection_reason"": ""NONE""}, ""action"": {""candle"": ""2024-05-23T01:30:00"", ""candle_index"": 68, ""state"": ""RANGE"", ""action"": ""NONE"", ""state_after"": ""RANGE""}}, ""outputs"": {""returned_value"": {""candle"": ""2024-05-23T01:30:00"", ""candle_index"": 68, ""state"": ""RANGE"", ""action"": ""NONE"", ""state_after"": ""RANGE""}, ""events_emitted"": [], ""trade_output"": null, ""rejection"": null, ""diversion"": null, ""output_classification"": ""NO_OUTPUT""}, ""integrity"": {""trace_complete"": true, ""raw_bar_complete"": true, ""canonical_feature_complete"": true, ""canonical_feature_count"": 38, ""crt_input_provenance_complete"": true, ""effective_config_complete"": true, ""state_before_captured"": true, ""guards_complete"": true, ""state_after_captured"": true, ""outputs_complete"": true, ""missing_fields"": [], ""unknown_provenance"": [], ""nonfinite_features"": [], ""exceptions"": [], ""warnings"": [], ""status"": ""COMPLETE"", ""evaluated_guard_count"": 1, ""true_guard_count"": 0}}"
"docs\governance\xauusd_crt_transition_trace\xauusd_crt_transition_trace_v1.jsonl","8","{""trace_identity"": {""trace_schema_version"": ""1.0.0"", ""run_id"": ""xauusd-crt-transition-20260714T074256Z-d455dd97"", ""trace_sequence"": 7, ""window_role"": ""PRE_CONTEXT"", ""transition_families"": [""RESET_TO_RANGE""], ""symbol"": ""XAUUSD"", ""timeframe"": ""M15"", ""bar_index"": 96, ""timestamp"": ""2024-05-23 01:45:00"", ""corpus_path"": ""data/mt5/XAUUSD_M15.csv"", ""corpus_sha256"": ""4d73f5cebe33ec91c5312340337eb62c2cf1f49060c91c42761bf631b26aba56"", ""repository_commit"": ""b48d4d9a7abfb429f2a17c790d4b32083da5dd92"", ""dirty_worktree_status"": ""DIRTY"", ""production_config_path"": ""configs/production/v2_multi_2026_04.json"", ""production_config_sha256"": ""03a3b8aa497d116a3bb32620253a2d1b6ce53737ec10e837d4bc83334f194990"", ""config_id"": ""v2_multi_2026_04"", ""prod_version"": ""v2_multi_2026_04"", ""canonical_schema_hash"": ""1ba02abbafdd0786831181677de547c1"", ""feature_order_hash"": ""235553310100a340"", ""artifact_id"": ""XAUUSD_CRT_TRANSITION_TRACE_V1""}, ""raw_bar"": {""timestamp"": ""2024-05-23 01:45:00"", ""open"": 2380.98, ""high"": 2381.35, ""low"": 2380.24, ""close"": 2380.73, ""volume"": 680.0}, ""canonical_features"": {""feature_count"": 38, ""feature_names_in_canonical_order"": [""open"", ""high"", ""low"", ""close"", ""volume"", ""volume_ratio"", ""double_sweep"", ""ema_fast"", ""ema_slow"", ""ema_spread"", ""trend_bias"", ""trend_strength"", ""momentum_score"", ""atr"", ""volatility_ratio"", ""rsi_14"", ""macd_line"", ""macd_signal"", ""macd_hist"", ""sweep_detected"", ""liquidity_sweep"", ""break_of_structure"", ""swing_high"", ""swing_low"", ""higher_high"", ""lower_low"", ""body_size"", ""wick_size"", ""body_ratio"", ""volatility_regime"", ""session"", ""hour_of_day"", ""disp_strength"", ""retest_depth"", ""candles_since_retest"", ""liquidity_distance"", ""liquidity_pressure_score"", ""volume_spike""], ""values_by_name"": {""open"": 2380.97998046875, ""high"": 2381.35009765625, ""low"": 2380.239990234375, ""close"": 2380.72998046875, ""volume"": 680.0, ""volume_ratio"": 0.4080897867679596, ""double_sweep"": 0.0, ""ema_fast"": 2380.14306640625, ""ema_slow"": 2382.953369140625, ""ema_spread"": -2806.11181640625, ""trend_bias"": -1.0, ""trend_strength"": 0.09875652194023132, ""momentum_score"": -289.5675048828125, ""atr"": 0.001001493539661169, ""volatility_ratio"": 0.46554824709892273, ""rsi_14"": 55.20995330810547, ""macd_line"": -4.096192836761475, ""macd_signal"": -5.179236888885498, ""macd_hist"": 1.6106328964233398, ""sweep_detected"": 0.0, ""liquidity_sweep"": 0.0, ""break_of_structure"": 1.0, ""swing_high"": 0.0, ""swing_low"": 0.0, ""higher_high"": 1.0, ""lower_low"": 0.0, ""body_size"": 0.25, ""wick_size"": 1.1100000143051147, ""body_ratio"": 0.22522522509098053, ""volatility_regime"": 0.0, ""session"": 0.0, ""hour_of_day"": 1.0, ""disp_strength"": 0.10485320538282394, ""retest_depth"": 0.24616748094558716, ""candles_since_retest"": 2.0, ""liquidity_distance"": 0.02097064070403576, ""liquidity_pressure_score"": 0.9895694255828857, ""volume_spike"": 0.0}, ""values_in_canonical_order"": [2380.97998046875, 2381.35009765625, 2380.239990234375, 2380.72998046875, 680.0, 0.4080897867679596, 0.0, 2380.14306640625, 2382.953369140625, -2806.11181640625, -1.0, 0.09875652194023132, -289.5675048828125, 0.001001493539661169, 0.46554824709892273, 55.20995330810547, -4.096192836761475, -5.179236888885498, 1.6106328964233398, 0.0, 0.0, 1.0, 0.0, 0.0, 1.0, 0.0, 0.25, 1.1100000143051147, 0.22522522509098053, 0.0, 0.0, 1.0, 0.10485320538282394, 0.24616748094558716, 2.0, 0.02097064070403576, 0.9895694255828857, 0.0], ""schema_hash"": ""1ba02abbafdd0786831181677de547c1"", ""feature_order_hash"": ""235553310100a340"", ""feature_vector_index"": 17, ""lookup_miss"": false, ""consumed_by_crt_guards"": false, ""consumption_note"": ""38-vector not read by process_candle transition guards""}, ""crt_inputs"": {""inputs"": [{""name"": ""high"", ""runtime_value"": 2381.35, ""source_class"": ""RAW_OHLC"", ""source_name"": ""candle.high"", ""source_location"": ""process_candle:RANGE"", ""formula_id"": null, ""feature_id"": ""high"", ""config_key"": null, ""provenance_status"": ""PROVEN""}, {""name"": ""low"", ""runtime_value"": 2380.24, ""source_class"": ""RAW_OHLC"", ""source_name"": ""candle.low"", ""source_location"": ""process_candle:RANGE"", ""formula_id"": null, ""feature_id"": ""low"", ""config_key"": null, ""provenance_status"": ""PROVEN""}, {""name"": ""close"", ""runtime_value"": 2380.73, ""source_class"": ""RAW_OHLC"", ""source_name"": ""candle.close"", ""source_location"": ""process_candle:RANGE"", ""formula_id"": null, ""feature_id"": ""close"", ""config_key"": null, ""provenance_status"": ""PROVEN""}, {""name"": ""h_ref"", ""runtime_value"": 2381.35, ""source_class"": ""STATE_MEMORY"", ""source_name"": ""active_range.h_ref"", ""source_location"": ""process_candle:RANGE"", ""formula_id"": null, ""feature_id"": null, ""config_key"": null, ""provenance_status"": ""PROVEN""}, {""name"": ""l_ref"", ""runtime_value"": 2374.98, ""source_class"": ""STATE_MEMORY"", ""source_name"": ""active_range.l_ref"", ""source_location"": ""process_candle:RANGE"", ""formula_id"": null, ""feature_id"": null, ""config_key"": null, ""provenance_status"": ""PROVEN""}]}, ""effective_config"": {""config_file_path"": ""configs/production/v2_multi_2026_04.json"", ""config_file_sha256"": ""03a3b8aa497d116a3bb32620253a2d1b6ce53737ec10e837d4bc83334f194990"", ""prod_version"": ""v2_multi_2026_04"", ""effective_crt_config"": {""body_ratio_min"": 0.65, ""atr_multiplier_min"": 1.0, ""retest_depth_max"": 0.15, ""atr_period"": 14, ""atr_buffer_multiplier"": 3, ""max_sweep_age_candles"": 20, ""expansion_atr_min_distance"": 0.3, ""retest_atr_depth_fraction"": 0.3, ""retest_min_depth_atr_fraction"": 0.1, ""risk_score_weights"": [0.35, 0.25, 0.2, 0.2], ""score_component_weights"": [0.35, 0.25, 0.2, 0.2], ""max_displacement_strength"": 2.0, ""score_decay_lambda"": 0.05, ""score_threshold"": 0.45, ""max_spread_pct"": 0.05, ""atr_min_displacement"": 1.2, ""confirmation_body_min"": 0.6, ""sl_atr_buffer"": 0.2, ""tp1_atr_multiplier"": 1.0, ""tp2_atr_multiplier"": 2.0, ""exit_model"": ""intrabar_touch"", ""breakout_disp_threshold"": 1.5, ""tp1_atr_multiplier_breakout"": 1.5, ""tp1_atr_multiplier_pullback"": 0.8, ""tp1_atr_multiplier_liq_sweep"": 1.2, ""tp1_atr_multiplier_reversal"": 1.0, ""bitnet_main_threshold"": 0.55, ""use_bitnet"": false, ""session_windows"": {""LONDON"": [""07:00:00"", ""10:00:00""], ""NEWYORK"": [""13:00:00"", ""16:00:00""], ""ASIA"": [""00:00:00"", ""03:00:00""]}, ""allowed_sessions"": [""LONDON"", ""NEWYORK"", ""OVERLAP""], ""retrace_reset_pct"": 0.5, ""extension_reset_fib"": 1.618, ""news_blackout_minutes"": 15, ""conf_alpha"": 0.7, ""conf_beta"": 0.3, ""conf_weights"": [0.35, 0.35, 0.15, 0.15], ""conf_floor"": 0.2, ""weak_link_weight"": 0.3, ""ema_fast"": 2, ""ema_slow"": 5, ""tier_1_threshold"": 0.75, ""tier_2_threshold"": 0.3, ""soft_conf_max_candles"": 3, ""pending_displacement_ttl_candles"": 4, ""max_expansion_age_candles"": 495, ""max_expansion_age_hours"": 124, ""expansion_age_warn_candles"": 342, ""shadow_age_penalty_lambda"": 0.0, ""shadow_age_norm_candles"": 0, ""shadow_advisory_only"": false, ""sizing_bands"": [[0.75, 0.01], [0.55, 0.005]]}, ""constructor_mapping"": ""load_prod_config_from_registry + BacktestConfig.from_prod_config"", ""runtime_overrides"": {}, ""environment_overrides"": {""TRUST_INTRABAR_TOUCH"": null, ""BACKTEST_ENGINE_GATE"": ""1""}, ""note"": ""CRT process_candle does not consume 38-dim FeaturePipeline vector for guards.""}, ""state_transition"": {""state_before"": ""RANGE"", ""state_after"": ""RANGE"", ""state_changed"": false, ""persistent_state_snapshot_before"": {""current_state"": ""RANGE"", ""current_candle_index"": 68, ""atr"": 2.8728571428571286, ""direction"": ""NONE"", ""ema_fast_val"": 2380.706096496751, ""ema_slow_val"": 2380.005931294534, ""evaluating_soft_conf"": false, ""soft_conf_candles"": 0, ""cached_features"": {}, ""sweep_event"": null, ""active_range"": {""h_ref"": 2390.76, ""l_ref"": 2374.98, ""size"": 15.7800000000002, ""session"": ""UNKNOWN"", ""htf_candle_id"": ""XAUUSD-HTF-000023""}, ""displacement_candle_index"": null, ""retest_candle_index"": null, ""_displacement_entry_idx"": 0, ""_expansion_entry_idx"": 0, ""_came_from_shadow"": false, ""pending_displacement_ttl"": 0, ""active_trade"": null, ""transition_log_len"": 21}, ""persistent_state_snapshot_after"": {""current_state"": ""RANGE"", ""current_candle_index"": 69, ""atr"": 2.3842857142856895, ""direction"": ""NONE"", ""ema_fast_val"": 2380.7220321655836, ""ema_slow_val"": 2380.2472875296894, ""evaluating_soft_conf"": false, ""soft_conf_candles"": 0, ""cached_features"": {}, ""sweep_event"": null, ""active_range"": {""h_ref"": 2381.35, ""l_ref"": 2374.98, ""size"": 6.369999999999891, ""session"": ""UNKNOWN"", ""htf_candle_id"": ""XAUUSD-HTF-000024""}, ""displacement_candle_index"": null, ""retest_candle_index"": null, ""_displacement_entry_idx"": 0, ""_expansion_entry_idx"": 0, ""_came_from_shadow"": false, ""pending_displacement_ttl"": 0, ""active_trade"": null, ""transition_log_len"": 22}, ""guards_evaluated"": [{""evaluation_order"": 1, ""guard_id"": ""G_RANGE_SWEEP_DETECT"", ""guard_name"": ""detect_sweep"", ""source_location"": ""crt_engine_v2.CRTEngine.process_candle:RANGE"", ""from_state"": ""RANGE"", ""candidate_to_state"": ""SWEEP"", ""operands"": [{""name"": ""high"", ""runtime_value"": 2381.35, ""source_class"": ""RAW_OHLC"", ""source_name"": ""candle.high"", ""source_location"": ""process_candle:RANGE"", ""feature_id"": ""high"", ""formula_id"": null, ""config_key"": null, ""provenance_status"": ""PROVEN""}, {""name"": ""low"", ""runtime_value"": 2380.24, ""source_class"": ""RAW_OHLC"", ""source_name"": ""candle.low"", ""source_location"": ""process_candle:RANGE"", ""feature_id"": ""low"", ""formula_id"": null, ""config_key"": null, ""provenance_status"": ""PROVEN""}, {""name"": ""close"", ""runtime_value"": 2380.73, ""source_class"": ""RAW_OHLC"", ""source_name"": ""candle.close"", ""source_location"": ""process_candle:RANGE"", ""feature_id"": ""close"", ""formula_id"": null, ""config_key"": null, ""provenance_status"": ""PROVEN""}, {""name"": ""h_ref"", ""runtime_value"": 2381.35, ""source_class"": ""STATE_MEMORY"", ""source_name"": ""active_range.h_ref"", ""source_location"": ""process_candle:RANGE"", ""feature_id"": null, ""formula_id"": null, ""config_key"": null, ""provenance_status"": ""PROVEN""}, {""name"": ""l_ref"", ""runtime_value"": 2374.98, ""source_class"": ""STATE_MEMORY"", ""source_name"": ""active_range.l_ref"", ""source_location"": ""process_candle:RANGE"", ""feature_id"": null, ""formula_id"": null, ""config_key"": null, ""provenance_status"": ""PROVEN""}], ""operator"": ""RangeDetector.detect_sweep(...)"", ""thresholds"": [], ""result"": false, ""short_circuit_status"": ""NO_SWEEP"", ""failure_reason"": ""no_sweep_detected""}], ""selected_transition"": {""transition_selected"": false, ""from_state"": ""RANGE"", ""to_state"": ""RANGE"", ""selection_location"": ""CRTEngine.process_candle"", ""winning_guard_id"": null, ""selection_reason"": ""RESET""}, ""action"": {""candle"": ""2024-05-23T01:45:00"", ""candle_index"": 69, ""state"": ""RANGE"", ""action"": ""RESET"", ""reason"": ""HTF changed: XAUUSD-HTF-000023 → XAUUSD-HTF-000024"", ""state_after"": ""RANGE""}}, ""outputs"": {""returned_value"": {""candle"": ""2024-05-23T01:45:00"", ""candle_index"": 69, ""state"": ""RANGE"", ""action"": ""RESET"", ""reason"": ""HTF changed: XAUUSD-HTF-000023 → XAUUSD-HTF-000024"", ""state_after"": ""RANGE""}, ""events_emitted"": [{""event"": ""RESET"", ""timestamp"": ""2024-05-23T01:45:00"", ""candle_index"": 69, ""state_from"": ""RANGE"", ""state_to"": ""RANGE"", ""reason"": ""HTF changed: XAUUSD-HTF-000023 → XAUUSD-HTF-000024"", ""direction"": null, ""price"": null}], ""trade_output"": null, ""rejection"": null, ""diversion"": {""candle"": ""2024-05-23T01:45:00"", ""candle_index"": 69, ""state"": ""RANGE"", ""action"": ""RESET"", ""reason"": ""HTF changed: XAUUSD-HTF-000023 → XAUUSD-HTF-000024"", ""state_after"": ""RANGE""}, ""output_classification"": ""DIVERTED""}, ""integrity"": {""trace_complete"": true, ""raw_bar_complete"": true, ""canonical_feature_complete"": true, ""canonical_feature_count"": 38, ""crt_input_provenance_complete"": true, ""effective_config_complete"": true, ""state_before_captured"": true, ""guards_complete"": true, ""state_after_captured"": true, ""outputs_complete"": true, ""missing_fields"": [], ""unknown_provenance"": [], ""nonfinite_features"": [], ""exceptions"": [], ""warnings"": [], ""status"": ""COMPLETE"", ""evaluated_guard_count"": 1, ""true_guard_count"": 0}}"
"docs\governance\xauusd_crt_transition_trace\xauusd_crt_transition_trace_v1.jsonl","9","{""trace_identity"": {""trace_schema_version"": ""1.0.0"", ""run_id"": ""xauusd-crt-transition-20260714T074256Z-d455dd97"", ""trace_sequence"": 8, ""window_role"": ""TRANSITION"", ""transition_families"": [""RANGE_TO_SWEEP""], ""symbol"": ""XAUUSD"", ""timeframe"": ""M15"", ""bar_index"": 97, ""timestamp"": ""2024-05-23 02:00:00"", ""corpus_path"": ""data/mt5/XAUUSD_M15.csv"", ""corpus_sha256"": ""4d73f5cebe33ec91c5312340337eb62c2cf1f49060c91c42761bf631b26aba56"", ""repository_commit"": ""b48d4d9a7abfb429f2a17c790d4b32083da5dd92"", ""dirty_worktree_status"": ""DIRTY"", ""production_config_path"": ""configs/production/v2_multi_2026_04.json"", ""production_config_sha256"": ""03a3b8aa497d116a3bb32620253a2d1b6ce53737ec10e837d4bc83334f194990"", ""config_id"": ""v2_multi_2026_04"", ""prod_version"": ""v2_multi_2026_04"", ""canonical_schema_hash"": ""1ba02abbafdd0786831181677de547c1"", ""feature_order_hash"": ""235553310100a340"", ""artifact_id"": ""XAUUSD_CRT_TRANSITION_TRACE_V1""}, ""raw_bar"": {""timestamp"": ""2024-05-23 02:00:00"", ""open"": 2380.73, ""high"": 2381.58, ""low"": 2380.47, ""close"": 2381.07, ""volume"": 696.0}, ""canonical_features"": {""feature_count"": 38, ""feature_names_in_canonical_order"": [""open"", ""high"", ""low"", ""close"", ""volume"", ""volume_ratio"", ""double_sweep"", ""ema_fast"", ""ema_slow"", ""ema_spread"", ""trend_bias"", ""trend_strength"", ""momentum_score"", ""atr"", ""volatility_ratio"", ""rsi_14"", ""macd_line"", ""macd_signal"", ""macd_hist"", ""sweep_detected"", ""liquidity_sweep"", ""break_of_structure"", ""swing_high"", ""swing_low"", ""higher_high"", ""lower_low"", ""body_size"", ""wick_size"", ""body_ratio"", ""volatility_regime"", ""session"", ""hour_of_day"", ""disp_strength"", ""retest_depth"", ""candles_since_retest"", ""liquidity_distance"", ""liquidity_pressure_score"", ""volume_spike""], ""values_by_name"": {""open"": 2380.72998046875, ""high"": 2381.580078125, ""low"": 2380.469970703125, ""close"": 2381.070068359375, ""volume"": 696.0, ""volume_ratio"": 0.4341858923435211, ""double_sweep"": 0.0, ""ema_fast"": 2380.32861328125, ""ema_slow"": 2382.7822265625, ""ema_spread"": -2771.641845703125, ""trend_bias"": -1.0, ""trend_strength"": 0.1219775602221489, ""momentum_score"": 384.069580078125, ""atr"": 0.0008852562750689685, ""volatility_ratio"": 0.5266011357307434, ""rsi_14"": 68.82516479492188, ""macd_line"": -3.7495124340057373, ""macd_signal"": -4.89329195022583, ""macd_hist"": 1.621524691581726, ""sweep_detected"": 0.0, ""liquidity_sweep"": 0.0, ""break_of_structure"": 1.0, ""swing_high"": 0.0, ""swing_low"": 0.0, ""higher_high"": 1.0, ""lower_low"": 0.0, ""body_size"": 0.3400000035762787, ""wick_size"": 1.1100000143051147, ""body_ratio"": 0.30630630254745483, ""volatility_regime"": 0.0, ""session"": 0.0, ""hour_of_day"": 2.0, ""disp_strength"": 0.16130125522613525, ""retest_depth"": 0.351725310087204, ""candles_since_retest"": 3.0, ""liquidity_distance"": 0.1850220263004303, ""liquidity_pressure_score"": 0.9116391539573669, ""volume_spike"": 0.0}, ""values_in_canonical_order"": [2380.72998046875, 2381.580078125, 2380.469970703125, 2381.070068359375, 696.0, 0.4341858923435211, 0.0, 2380.32861328125, 2382.7822265625, -2771.641845703125, -1.0, 0.1219775602221489, 384.069580078125, 0.0008852562750689685, 0.5266011357307434, 68.82516479492188, -3.7495124340057373, -4.89329195022583, 1.621524691581726, 0.0, 0.0, 1.0, 0.0, 0.0, 1.0, 0.0, 0.3400000035762787, 1.1100000143051147, 0.30630630254745483, 0.0, 0.0, 2.0, 0.16130125522613525, 0.351725310087204, 3.0, 0.1850220263004303, 0.9116391539573669, 0.0], ""schema_hash"": ""1ba02abbafdd0786831181677de547c1"", ""feature_order_hash"": ""235553310100a340"", ""feature_vector_index"": 18, ""lookup_miss"": false, ""consumed_by_crt_guards"": false, ""consumption_note"": ""38-vector not read by process_candle transition guards""}, ""crt_inputs"": {""inputs"": [{""name"": ""high"", ""runtime_value"": 2381.58, ""source_class"": ""RAW_OHLC"", ""source_name"": ""candle.high"", ""source_location"": ""process_candle:RANGE"", ""formula_id"": null, ""feature_id"": ""high"", ""config_key"": null, ""provenance_status"": ""PROVEN""}, {""name"": ""low"", ""runtime_value"": 2380.47, ""source_class"": ""RAW_OHLC"", ""source_name"": ""candle.low"", ""source_location"": ""process_candle:RANGE"", ""formula_id"": null, ""feature_id"": ""low"", ""config_key"": null, ""provenance_status"": ""PROVEN""}, {""name"": ""close"", ""runtime_value"": 2381.07, ""source_class"": ""RAW_OHLC"", ""source_name"": ""candle.close"", ""source_location"": ""process_candle:RANGE"", ""formula_id"": null, ""feature_id"": ""close"", ""config_key"": null, ""provenance_status"": ""PROVEN""}, {""name"": ""h_ref"", ""runtime_value"": 2381.35, ""source_class"": ""STATE_MEMORY"", ""source_name"": ""active_range.h_ref"", ""source_location"": ""process_candle:RANGE"", ""formula_id"": null, ""feature_id"": null, ""config_key"": null, ""provenance_status"": ""PROVEN""}, {""name"": ""l_ref"", ""runtime_value"": 2374.98, ""source_class"": ""STATE_MEMORY"", ""source_name"": ""active_range.l_ref"", ""source_location"": ""process_candle:RANGE"", ""formula_id"": null, ""feature_id"": null, ""config_key"": null, ""provenance_status"": ""PROVEN""}]}, ""effective_config"": {""config_file_path"": ""configs/production/v2_multi_2026_04.json"", ""config_file_sha256"": ""03a3b8aa497d116a3bb32620253a2d1b6ce53737ec10e837d4bc83334f194990"", ""prod_version"": ""v2_multi_2026_04"", ""effective_crt_config"": {""body_ratio_min"": 0.65, ""atr_multiplier_min"": 1.0, ""retest_depth_max"": 0.15, ""atr_period"": 14, ""atr_buffer_multiplier"": 3, ""max_sweep_age_candles"": 20, ""expansion_atr_min_distance"": 0.3, ""retest_atr_depth_fraction"": 0.3, ""retest_min_depth_atr_fraction"": 0.1, ""risk_score_weights"": [0.35, 0.25, 0.2, 0.2], ""score_component_weights"": [0.35, 0.25, 0.2, 0.2], ""max_displacement_strength"": 2.0, ""score_decay_lambda"": 0.05, ""score_threshold"": 0.45, ""max_spread_pct"": 0.05, ""atr_min_displacement"": 1.2, ""confirmation_body_min"": 0.6, ""sl_atr_buffer"": 0.2, ""tp1_atr_multiplier"": 1.0, ""tp2_atr_multiplier"": 2.0, ""exit_model"": ""intrabar_touch"", ""breakout_disp_threshold"": 1.5, ""tp1_atr_multiplier_breakout"": 1.5, ""tp1_atr_multiplier_pullback"": 0.8, ""tp1_atr_multiplier_liq_sweep"": 1.2, ""tp1_atr_multiplier_reversal"": 1.0, ""bitnet_main_threshold"": 0.55, ""use_bitnet"": false, ""session_windows"": {""LONDON"": [""07:00:00"", ""10:00:00""], ""NEWYORK"": [""13:00:00"", ""16:00:00""], ""ASIA"": [""00:00:00"", ""03:00:00""]}, ""allowed_sessions"": [""LONDON"", ""NEWYORK"", ""OVERLAP""], ""retrace_reset_pct"": 0.5, ""extension_reset_fib"": 1.618, ""news_blackout_minutes"": 15, ""conf_alpha"": 0.7, ""conf_beta"": 0.3, ""conf_weights"": [0.35, 0.35, 0.15, 0.15], ""conf_floor"": 0.2, ""weak_link_weight"": 0.3, ""ema_fast"": 2, ""ema_slow"": 5, ""tier_1_threshold"": 0.75, ""tier_2_threshold"": 0.3, ""soft_conf_max_candles"": 3, ""pending_displacement_ttl_candles"": 4, ""max_expansion_age_candles"": 495, ""max_expansion_age_hours"": 124, ""expansion_age_warn_candles"": 342, ""shadow_age_penalty_lambda"": 0.0, ""shadow_age_norm_candles"": 0, ""shadow_advisory_only"": false, ""sizing_bands"": [[0.75, 0.01], [0.55, 0.005]]}, ""constructor_mapping"": ""load_prod_config_from_registry + BacktestConfig.from_prod_config"", ""runtime_overrides"": {}, ""environment_overrides"": {""TRUST_INTRABAR_TOUCH"": null, ""BACKTEST_ENGINE_GATE"": ""1""}, ""note"": ""CRT process_candle does not consume 38-dim FeaturePipeline vector for guards.""}, ""state_transition"": {""state_before"": ""RANGE"", ""state_after"": ""SWEEP"", ""state_changed"": true, ""persistent_state_snapshot_before"": {""current_state"": ""RANGE"", ""current_candle_index"": 69, ""atr"": 2.3842857142856895, ""direction"": ""NONE"", ""ema_fast_val"": 2380.7220321655836, ""ema_slow_val"": 2380.2472875296894, ""evaluating_soft_conf"": false, ""soft_conf_candles"": 0, ""cached_features"": {}, ""sweep_event"": null, ""active_range"": {""h_ref"": 2381.35, ""l_ref"": 2374.98, ""size"": 6.369999999999891, ""session"": ""UNKNOWN"", ""htf_candle_id"": ""XAUUSD-HTF-000024""}, ""displacement_candle_index"": null, ""retest_candle_index"": null, ""_displacement_entry_idx"": 0, ""_expansion_entry_idx"": 0, ""_came_from_shadow"": false, ""pending_displacement_ttl"": 0, ""active_trade"": null, ""transition_log_len"": 22}, ""persistent_state_snapshot_after"": {""current_state"": ""SWEEP"", ""current_candle_index"": 70, ""atr"": 2.1078571428571258, ""direction"": ""SHORT"", ""ema_fast_val"": 2380.9540107218613, ""ema_slow_val"": 2380.5215250197934, ""evaluating_soft_conf"": false, ""soft_conf_candles"": 0, ""cached_features"": {}, ""sweep_event"": {""price"": 2381.58, ""direction"": ""SHORT"", ""candle_index"": 70, ""double_confirmed"": false}, ""active_range"": {""h_ref"": 2381.35, ""l_ref"": 2374.98, ""size"": 6.369999999999891, ""session"": ""UNKNOWN"", ""htf_candle_id"": ""XAUUSD-HTF-000024""}, ""displacement_candle_index"": null, ""retest_candle_index"": null, ""_displacement_entry_idx"": 0, ""_expansion_entry_idx"": 0, ""_came_from_shadow"": false, ""pending_displacement_ttl"": 0, ""active_trade"": null, ""transition_log_len"": 23}, ""guards_evaluated"": [{""evaluation_order"": 1, ""guard_id"": ""G_RANGE_SWEEP_DETECT"", ""guard_name"": ""detect_sweep"", ""source_location"": ""crt_engine_v2.CRTEngine.process_candle:RANGE"", ""from_state"": ""RANGE"", ""candidate_to_state"": ""SWEEP"", ""operands"": [{""name"": ""high"", ""runtime_value"": 2381.58, ""source_class"": ""RAW_OHLC"", ""source_name"": ""candle.high"", ""source_location"": ""process_candle:RANGE"", ""feature_id"": ""high"", ""formula_id"": null, ""config_key"": null, ""provenance_status"": ""PROVEN""}, {""name"": ""low"", ""runtime_value"": 2380.47, ""source_class"": ""RAW_OHLC"", ""source_name"": ""candle.low"", ""source_location"": ""process_candle:RANGE"", ""feature_id"": ""low"", ""formula_id"": null, ""config_key"": null, ""provenance_status"": ""PROVEN""}, {""name"": ""close"", ""runtime_value"": 2381.07, ""source_class"": ""RAW_OHLC"", ""source_name"": ""candle.close"", ""source_location"": ""process_candle:RANGE"", ""feature_id"": ""close"", ""formula_id"": null, ""config_key"": null, ""provenance_status"": ""PROVEN""}, {""name"": ""h_ref"", ""runtime_value"": 2381.35, ""source_class"": ""STATE_MEMORY"", ""source_name"": ""active_range.h_ref"", ""source_location"": ""process_candle:RANGE"", ""feature_id"": null, ""formula_id"": null, ""config_key"": null, ""provenance_status"": ""PROVEN""}, {""name"": ""l_ref"", ""runtime_value"": 2374.98, ""source_class"": ""STATE_MEMORY"", ""source_name"": ""active_range.l_ref"", ""source_location"": ""process_candle:RANGE"", ""feature_id"": null, ""formula_id"": null, ""config_key"": null, ""provenance_status"": ""PROVEN""}], ""operator"": ""RangeDetector.detect_sweep(...)"", ""thresholds"": [], ""result"": true, ""short_circuit_status"": ""NONE"", ""failure_reason"": null}], ""selected_transition"": {""transition_selected"": true, ""from_state"": ""RANGE"", ""to_state"": ""SWEEP"", ""selection_location"": ""CRTEngine.process_candle / StateMachine"", ""winning_guard_id"": ""G_RANGE_SWEEP_DETECT"", ""selection_reason"": ""SWEEP_DETECTED""}, ""action"": {""candle"": ""2024-05-23T02:00:00"", ""candle_index"": 70, ""state"": ""RANGE"", ""action"": ""SWEEP_DETECTED"", ""state_after"": ""SWEEP""}}, ""outputs"": {""returned_value"": {""candle"": ""2024-05-23T02:00:00"", ""candle_index"": 70, ""state"": ""RANGE"", ""action"": ""SWEEP_DETECTED"", ""state_after"": ""SWEEP""}, ""events_emitted"": [{""event"": ""SWEEP"", ""timestamp"": ""2024-05-23T02:00:00"", ""candle_index"": 70, ""state_from"": null, ""state_to"": null, ""reason"": null, ""direction"": ""SHORT"", ""price"": 2381.58}, {""event"": ""STATE_TRANSITION"", ""timestamp"": ""2024-05-23T02:00:00"", ""candle_index"": 70, ""state_from"": ""RANGE"", ""state_to"": ""SWEEP"", ""reason"": ""Sweep @ 2381.58000 idx=70"", ""direction"": null, ""price"": null}], ""trade_output"": null, ""rejection"": null, ""diversion"": null, ""output_classification"": ""STATE_EVENT""}, ""integrity"": {""trace_complete"": true, ""raw_bar_complete"": true, ""canonical_feature_complete"": true, ""canonical_feature_count"": 38, ""crt_input_provenance_complete"": true, ""effective_config_complete"": true, ""state_before_captured"": true, ""guards_complete"": true, ""state_after_captured"": true, ""outputs_complete"": true, ""missing_fields"": [], ""unknown_provenance"": [], ""nonfinite_features"": [], ""exceptions"": [], ""warnings"": [], ""status"": ""COMPLETE"", ""evaluated_guard_count"": 1, ""true_guard_count"": 1}}"
"docs\governance\xauusd_crt_transition_trace\xauusd_crt_transition_trace_v1.jsonl","10","{""trace_identity"": {""trace_schema_version"": ""1.0.0"", ""run_id"": ""xauusd-crt-transition-20260714T074256Z-d455dd97"", ""trace_sequence"": 9, ""window_role"": ""POST_CONTEXT"", ""transition_families"": [], ""symbol"": ""XAUUSD"", ""timeframe"": ""M15"", ""bar_index"": 98, ""timestamp"": ""2024-05-23 02:15:00"", ""corpus_path"": ""data/mt5/XAUUSD_M15.csv"", ""corpus_sha256"": ""4d73f5cebe33ec91c5312340337eb62c2cf1f49060c91c42761bf631b26aba56"", ""repository_commit"": ""b48d4d9a7abfb429f2a17c790d4b32083da5dd92"", ""dirty_worktree_status"": ""DIRTY"", ""production_config_path"": ""configs/production/v2_multi_2026_04.json"", ""production_config_sha256"": ""03a3b8aa497d116a3bb32620253a2d1b6ce53737ec10e837d4bc83334f194990"", ""config_id"": ""v2_multi_2026_04"", ""prod_version"": ""v2_multi_2026_04"", ""canonical_schema_hash"": ""1ba02abbafdd0786831181677de547c1"", ""feature_order_hash"": ""235553310100a340"", ""artifact_id"": ""XAUUSD_CRT_TRANSITION_TRACE_V1""}, ""raw_bar"": {""timestamp"": ""2024-05-23 02:15:00"", ""open"": 2381.07, ""high"": 2382.22, ""low"": 2380.81, ""close"": 2382.08, ""volume"": 518.0}, ""canonical_features"": {""feature_count"": 38, ""feature_names_in_canonical_order"": [""open"", ""high"", ""low"", ""close"", ""volume"", ""volume_ratio"", ""double_sweep"", ""ema_fast"", ""ema_slow"", ""ema_spread"", ""trend_bias"", ""trend_strength"", ""momentum_score"", ""atr"", ""volatility_ratio"", ""rsi_14"", ""macd_line"", ""macd_signal"", ""macd_hist"", ""sweep_detected"", ""liquidity_sweep"", ""break_of_structure"", ""swing_high"", ""swing_low"", ""higher_high"", ""lower_low"", ""body_size"", ""wick_size"", ""body_ratio"", ""volatility_regime"", ""session"", ""hour_of_day"", ""disp_strength"", ""retest_depth"", ""candles_since_retest"", ""liquidity_distance"", ""liquidity_pressure_score"", ""volume_spike""], ""values_by_name"": {""open"": 2381.070068359375, ""high"": 2382.219970703125, ""low"": 2380.81005859375, ""close"": 2382.080078125, ""volume"": 518.0, ""volume_ratio"": 0.34175628423690796, ""double_sweep"": 0.0, ""ema_fast"": 2380.6787109375, ""ema_slow"": 2382.71826171875, ""ema_spread"": -2588.174560546875, ""trend_bias"": -1.0, ""trend_strength"": 0.16715700924396515, ""momentum_score"": 1281.682373046875, ""atr"": 0.0007880267803557217, ""volatility_ratio"": 0.7511415481567383, ""rsi_14"": 69.25182342529297, ""macd_line"": -3.354597568511963, ""macd_signal"": -4.585553169250488, ""macd_hist"": 1.6595234870910645, ""sweep_detected"": 0.0, ""liquidity_sweep"": 0.0, ""break_of_structure"": 1.0, ""swing_high"": 0.0, ""swing_low"": 0.0, ""higher_high"": 1.0, ""lower_low"": 0.0, ""body_size"": 1.0099999904632568, ""wick_size"": 1.409999966621399, ""body_ratio"": 0.716312050819397, ""volatility_regime"": 0.0, ""session"": 0.0, ""hour_of_day"": 2.0, ""disp_strength"": 0.5380517840385437, ""retest_depth"": 0.7465010285377502, ""candles_since_retest"": 4.0, ""liquidity_distance"": 0.745814323425293, ""liquidity_pressure_score"": 0.6887292265892029, ""volume_spike"": 0.0}, ""values_in_canonical_order"": [2381.070068359375, 2382.219970703125, 2380.81005859375, 2382.080078125, 518.0, 0.34175628423690796, 0.0, 2380.6787109375, 2382.71826171875, -2588.174560546875, -1.0, 0.16715700924396515, 1281.682373046875, 0.0007880267803557217, 0.7511415481567383, 69.25182342529297, -3.354597568511963, -4.585553169250488, 1.6595234870910645, 0.0, 0.0, 1.0, 0.0, 0.0, 1.0, 0.0, 1.0099999904632568, 1.409999966621399, 0.716312050819397, 0.0, 0.0, 2.0, 0.5380517840385437, 0.7465010285377502, 4.0, 0.745814323425293, 0.6887292265892029, 0.0], ""schema_hash"": ""1ba02abbafdd0786831181677de547c1"", ""feature_order_hash"": ""235553310100a340"", ""feature_vector_index"": 19, ""lookup_miss"": false, ""consumed_by_crt_guards"": false, ""consumption_note"": ""38-vector not read by process_candle transition guards""}, ""crt_inputs"": {""inputs"": [{""name"": ""move"", ""runtime_value"": 1.0099999999997635, ""source_class"": ""CRT_LOCAL_DERIVED"", ""source_name"": ""abs(close-open)"", ""source_location"": ""crt_engine_v2.StateMachine.try_sweep_to_displacement"", ""formula_id"": null, ""feature_id"": null, ""config_key"": null, ""provenance_status"": ""PROVEN""}, {""name"": ""atr"", ""runtime_value"": 1.877142857142839, ""source_class"": ""CRT_LOCAL_DERIVED"", ""source_name"": ""RangeDetector.compute_atr"", ""source_location"": ""crt_engine_v2.StateMachine.try_sweep_to_displacement"", ""formula_id"": ""FM-041"", ""feature_id"": null, ""config_key"": null, ""provenance_status"": ""PROVEN""}]}, ""effective_config"": {""config_file_path"": ""configs/production/v2_multi_2026_04.json"", ""config_file_sha256"": ""03a3b8aa497d116a3bb32620253a2d1b6ce53737ec10e837d4bc83334f194990"", ""prod_version"": ""v2_multi_2026_04"", ""effective_crt_config"": {""body_ratio_min"": 0.65, ""atr_multiplier_min"": 1.0, ""retest_depth_max"": 0.15, ""atr_period"": 14, ""atr_buffer_multiplier"": 3, ""max_sweep_age_candles"": 20, ""expansion_atr_min_distance"": 0.3, ""retest_atr_depth_fraction"": 0.3, ""retest_min_depth_atr_fraction"": 0.1, ""risk_score_weights"": [0.35, 0.25, 0.2, 0.2], ""score_component_weights"": [0.35, 0.25, 0.2, 0.2], ""max_displacement_strength"": 2.0, ""score_decay_lambda"": 0.05, ""score_threshold"": 0.45, ""max_spread_pct"": 0.05, ""atr_min_displacement"": 1.2, ""confirmation_body_min"": 0.6, ""sl_atr_buffer"": 0.2, ""tp1_atr_multiplier"": 1.0, ""tp2_atr_multiplier"": 2.0, ""exit_model"": ""intrabar_touch"", ""breakout_disp_threshold"": 1.5, ""tp1_atr_multiplier_breakout"": 1.5, ""tp1_atr_multiplier_pullback"": 0.8, ""tp1_atr_multiplier_liq_sweep"": 1.2, ""tp1_atr_multiplier_reversal"": 1.0, ""bitnet_main_threshold"": 0.55, ""use_bitnet"": false, ""session_windows"": {""LONDON"": [""07:00:00"", ""10:00:00""], ""NEWYORK"": [""13:00:00"", ""16:00:00""], ""ASIA"": [""00:00:00"", ""03:00:00""]}, ""allowed_sessions"": [""LONDON"", ""NEWYORK"", ""OVERLAP""], ""retrace_reset_pct"": 0.5, ""extension_reset_fib"": 1.618, ""news_blackout_minutes"": 15, ""conf_alpha"": 0.7, ""conf_beta"": 0.3, ""conf_weights"": [0.35, 0.35, 0.15, 0.15], ""conf_floor"": 0.2, ""weak_link_weight"": 0.3, ""ema_fast"": 2, ""ema_slow"": 5, ""tier_1_threshold"": 0.75, ""tier_2_threshold"": 0.3, ""soft_conf_max_candles"": 3, ""pending_displacement_ttl_candles"": 4, ""max_expansion_age_candles"": 495, ""max_expansion_age_hours"": 124, ""expansion_age_warn_candles"": 342, ""shadow_age_penalty_lambda"": 0.0, ""shadow_age_norm_candles"": 0, ""shadow_advisory_only"": false, ""sizing_bands"": [[0.75, 0.01], [0.55, 0.005]]}, ""constructor_mapping"": ""load_prod_config_from_registry + BacktestConfig.from_prod_config"", ""runtime_overrides"": {}, ""environment_overrides"": {""TRUST_INTRABAR_TOUCH"": null, ""BACKTEST_ENGINE_GATE"": ""1""}, ""note"": ""CRT process_candle does not consume 38-dim FeaturePipeline vector for guards.""}, ""state_transition"": {""state_before"": ""SWEEP"", ""state_after"": ""SWEEP"", ""state_changed"": false, ""persistent_state_snapshot_before"": {""current_state"": ""SWEEP"", ""current_candle_index"": 70, ""atr"": 2.1078571428571258, ""direction"": ""SHORT"", ""ema_fast_val"": 2380.9540107218613, ""ema_slow_val"": 2380.5215250197934, ""evaluating_soft_conf"": false, ""soft_conf_candles"": 0, ""cached_features"": {}, ""sweep_event"": {""price"": 2381.58, ""direction"": ""SHORT"", ""candle_index"": 70, ""double_confirmed"": false}, ""active_range"": {""h_ref"": 2381.35, ""l_ref"": 2374.98, ""size"": 6.369999999999891, ""session"": ""UNKNOWN"", ""htf_candle_id"": ""XAUUSD-HTF-000024""}, ""displacement_candle_index"": null, ""retest_candle_index"": null, ""_displacement_entry_idx"": 0, ""_expansion_entry_idx"": 0, ""_came_from_shadow"": false, ""pending_displacement_ttl"": 0, ""active_trade"": null, ""transition_log_len"": 23}, ""persistent_state_snapshot_after"": {""current_state"": ""SWEEP"", ""current_candle_index"": 71, ""atr"": 1.877142857142839, ""direction"": ""SHORT"", ""ema_fast_val"": 2381.7046702406205, ""ema_slow_val"": 2381.0410166798624, ""evaluating_soft_conf"": false, ""soft_conf_candles"": 0, ""cached_features"": {}, ""sweep_event"": {""price"": 2381.58, ""direction"": ""SHORT"", ""candle_index"": 70, ""double_confirmed"": false}, ""active_range"": {""h_ref"": 2381.35, ""l_ref"": 2374.98, ""size"": 6.369999999999891, ""session"": ""UNKNOWN"", ""htf_candle_id"": ""XAUUSD-HTF-000024""}, ""displacement_candle_index"": null, ""retest_candle_index"": null, ""_displacement_entry_idx"": 0, ""_expansion_entry_idx"": 0, ""_came_from_shadow"": false, ""pending_displacement_ttl"": 0, ""active_trade"": null, ""transition_log_len"": 23}, ""guards_evaluated"": [{""evaluation_order"": 1, ""guard_id"": ""G_SWEEP_DISP_MOVE"", ""guard_name"": ""displacement_min_body_move"", ""source_location"": ""crt_engine_v2.StateMachine.try_sweep_to_displacement"", ""from_state"": ""SWEEP"", ""candidate_to_state"": ""DISPLACEMENT"", ""operands"": [{""name"": ""move"", ""runtime_value"": 1.0099999999997635, ""source_class"": ""CRT_LOCAL_DERIVED"", ""source_name"": ""abs(close-open)"", ""source_location"": ""crt_engine_v2.StateMachine.try_sweep_to_displacement"", ""feature_id"": null, ""formula_id"": null, ""config_key"": null, ""provenance_status"": ""PROVEN""}, {""name"": ""atr"", ""runtime_value"": 1.877142857142839, ""source_class"": ""CRT_LOCAL_DERIVED"", ""source_name"": ""RangeDetector.compute_atr"", ""source_location"": ""crt_engine_v2.StateMachine.try_sweep_to_displacement"", ""feature_id"": null, ""formula_id"": ""FM-041"", ""config_key"": null, ""provenance_status"": ""PROVEN""}], ""operator"": ""move >= atr_min_displacement * atr"", ""thresholds"": [{""name"": ""atr_min_displacement * atr"", ""runtime_value"": 2.252571428571407, ""config_key"": ""atr_min_displacement"", ""config_source"": ""CRTConfig"", ""read_location"": ""crt_engine_v2.StateMachine.try_sweep_to_displacement""}], ""result"": false, ""short_circuit_status"": ""FAIL_RETURN"", ""failure_reason"": ""move_below_atr_min_displacement""}], ""selected_transition"": {""transition_selected"": false, ""from_state"": ""SWEEP"", ""to_state"": ""SWEEP"", ""selection_location"": ""CRTEngine.process_candle"", ""winning_guard_id"": null, ""selection_reason"": ""NONE""}, ""action"": {""candle"": ""2024-05-23T02:15:00"", ""candle_index"": 71, ""state"": ""SWEEP"", ""action"": ""NONE"", ""state_after"": ""SWEEP""}}, ""outputs"": {""returned_value"": {""candle"": ""2024-05-23T02:15:00"", ""candle_index"": 71, ""state"": ""SWEEP"", ""action"": ""NONE"", ""state_after"": ""SWEEP""}, ""events_emitted"": [], ""trade_output"": null, ""rejection"": null, ""diversion"": null, ""output_classification"": ""NO_OUTPUT""}, ""integrity"": {""trace_complete"": true, ""raw_bar_complete"": true, ""canonical_feature_complete"": true, ""canonical_feature_count"": 38, ""crt_input_provenance_complete"": true, ""effective_config_complete"": true, ""state_before_captured"": true, ""guards_complete"": true, ""state_after_captured"": true, ""outputs_complete"": true, ""missing_fields"": [], ""unknown_provenance"": [], ""nonfinite_features"": [], ""exceptions"": [], ""warnings"": [], ""status"": ""COMPLETE"", ""evaluated_guard_count"": 1, ""true_guard_count"": 0}}"
"docs\governance\xauusd_crt_transition_trace\xauusd_crt_transition_trace_v1.jsonl","11","{""trace_identity"": {""trace_schema_version"": ""1.0.0"", ""run_id"": ""xauusd-crt-transition-20260714T074256Z-d455dd97"", ""trace_sequence"": 10, ""window_role"": ""POST_CONTEXT"", ""transition_families"": [], ""symbol"": ""XAUUSD"", ""timeframe"": ""M15"", ""bar_index"": 99, ""timestamp"": ""2024-05-23 02:30:00"", ""corpus_path"": ""data/mt5/XAUUSD_M15.csv"", ""corpus_sha256"": ""4d73f5cebe33ec91c5312340337eb62c2cf1f49060c91c42761bf631b26aba56"", ""repository_commit"": ""b48d4d9a7abfb429f2a17c790d4b32083da5dd92"", ""dirty_worktree_status"": ""DIRTY"", ""production_config_path"": ""configs/production/v2_multi_2026_04.json"", ""production_config_sha256"": ""03a3b8aa497d116a3bb32620253a2d1b6ce53737ec10e837d4bc83334f194990"", ""config_id"": ""v2_multi_2026_04"", ""prod_version"": ""v2_multi_2026_04"", ""canonical_schema_hash"": ""1ba02abbafdd0786831181677de547c1"", ""feature_order_hash"": ""235553310100a340"", ""artifact_id"": ""XAUUSD_CRT_TRANSITION_TRACE_V1""}, ""raw_bar"": {""timestamp"": ""2024-05-23 02:30:00"", ""open"": 2382.02, ""high"": 2382.79, ""low"": 2381.46, ""close"": 2382.27, ""volume"": 648.0}, ""canonical_features"": {""feature_count"": 38, ""feature_names_in_canonical_order"": [""open"", ""high"", ""low"", ""close"", ""volume"", ""volume_ratio"", ""double_sweep"", ""ema_fast"", ""ema_slow"", ""ema_spread"", ""trend_bias"", ""trend_strength"", ""momentum_score"", ""atr"", ""volatility_ratio"", ""rsi_14"", ""macd_line"", ""macd_signal"", ""macd_hist"", ""sweep_detected"", ""liquidity_sweep"", ""break_of_structure"", ""swing_high"", ""swing_low"", ""higher_high"", ""lower_low"", ""body_size"", ""wick_size"", ""body_ratio"", ""volatility_regime"", ""session"", ""hour_of_day"", ""disp_strength"", ""retest_depth"", ""candles_since_retest"", ""liquidity_distance"", ""liquidity_pressure_score"", ""volume_spike""], ""values_by_name"": {""open"": 2382.02001953125, ""high"": 2382.7900390625, ""low"": 2381.4599609375, ""close"": 2382.27001953125, ""volume"": 648.0, ""volume_ratio"": 0.4464808702468872, ""double_sweep"": 0.0, ""ema_fast"": 2380.9970703125, ""ema_slow"": 2382.677490234375, ""ema_spread"": -2272.70849609375, ""trend_bias"": -1.0, ""trend_strength"": 0.2767183184623718, ""momentum_score"": 256.9682922363281, ""atr"": 0.0007393908454105258, ""volatility_ratio"": 0.7550688982009888, ""rsi_14"": 68.82516479492188, ""macd_line"": -2.9918057918548584, ""macd_signal"": -4.266803741455078, ""macd_hist"": 1.650809407234192, ""sweep_detected"": 0.0, ""liquidity_sweep"": 0.0, ""break_of_structure"": 1.0, ""swing_high"": 0.0, ""swing_low"": 0.0, ""higher_high"": 1.0, ""lower_low"": 0.0, ""body_size"": 0.25, ""wick_size"": 1.3300000429153442, ""body_ratio"": 0.18796992301940918, ""volatility_regime"": 0.0, ""session"": 0.0, ""hour_of_day"": 2.0, ""disp_strength"": 0.1419302523136139, ""retest_depth"": 0.7226688861846924, ""candles_since_retest"": 5.0, ""liquidity_distance"": 0.9026763439178467, ""liquidity_pressure_score"": 0.6367754936218262, ""volume_spike"": 0.0}, ""values_in_canonical_order"": [2382.02001953125, 2382.7900390625, 2381.4599609375, 2382.27001953125, 648.0, 0.4464808702468872, 0.0, 2380.9970703125, 2382.677490234375, -2272.70849609375, -1.0, 0.2767183184623718, 256.9682922363281, 0.0007393908454105258, 0.7550688982009888, 68.82516479492188, -2.9918057918548584, -4.266803741455078, 1.650809407234192, 0.0, 0.0, 1.0, 0.0, 0.0, 1.0, 0.0, 0.25, 1.3300000429153442, 0.18796992301940918, 0.0, 0.0, 2.0, 0.1419302523136139, 0.7226688861846924, 5.0, 0.9026763439178467, 0.6367754936218262, 0.0], ""schema_hash"": ""1ba02abbafdd0786831181677de547c1"", ""feature_order_hash"": ""235553310100a340"", ""feature_vector_index"": 20, ""lookup_miss"": false, ""consumed_by_crt_guards"": false, ""consumption_note"": ""38-vector not read by process_candle transition guards""}, ""crt_inputs"": {""inputs"": [{""name"": ""move"", ""runtime_value"": 0.25, ""source_class"": ""CRT_LOCAL_DERIVED"", ""source_name"": ""abs(close-open)"", ""source_location"": ""crt_engine_v2.StateMachine.try_sweep_to_displacement"", ""formula_id"": null, ""feature_id"": null, ""config_key"": null, ""provenance_status"": ""PROVEN""}, {""name"": ""atr"", ""runtime_value"": 1.7614285714285611, ""source_class"": ""CRT_LOCAL_DERIVED"", ""source_name"": ""RangeDetector.compute_atr"", ""source_location"": ""crt_engine_v2.StateMachine.try_sweep_to_displacement"", ""formula_id"": ""FM-041"", ""feature_id"": null, ""config_key"": null, ""provenance_status"": ""PROVEN""}]}, ""effective_config"": {""config_file_path"": ""configs/production/v2_multi_2026_04.json"", ""config_file_sha256"": ""03a3b8aa497d116a3bb32620253a2d1b6ce53737ec10e837d4bc83334f194990"", ""prod_version"": ""v2_multi_2026_04"", ""effective_crt_config"": {""body_ratio_min"": 0.65, ""atr_multiplier_min"": 1.0, ""retest_depth_max"": 0.15, ""atr_period"": 14, ""atr_buffer_multiplier"": 3, ""max_sweep_age_candles"": 20, ""expansion_atr_min_distance"": 0.3, ""retest_atr_depth_fraction"": 0.3, ""retest_min_depth_atr_fraction"": 0.1, ""risk_score_weights"": [0.35, 0.25, 0.2, 0.2], ""score_component_weights"": [0.35, 0.25, 0.2, 0.2], ""max_displacement_strength"": 2.0, ""score_decay_lambda"": 0.05, ""score_threshold"": 0.45, ""max_spread_pct"": 0.05, ""atr_min_displacement"": 1.2, ""confirmation_body_min"": 0.6, ""sl_atr_buffer"": 0.2, ""tp1_atr_multiplier"": 1.0, ""tp2_atr_multiplier"": 2.0, ""exit_model"": ""intrabar_touch"", ""breakout_disp_threshold"": 1.5, ""tp1_atr_multiplier_breakout"": 1.5, ""tp1_atr_multiplier_pullback"": 0.8, ""tp1_atr_multiplier_liq_sweep"": 1.2, ""tp1_atr_multiplier_reversal"": 1.0, ""bitnet_main_threshold"": 0.55, ""use_bitnet"": false, ""session_windows"": {""LONDON"": [""07:00:00"", ""10:00:00""], ""NEWYORK"": [""13:00:00"", ""16:00:00""], ""ASIA"": [""00:00:00"", ""03:00:00""]}, ""allowed_sessions"": [""LONDON"", ""NEWYORK"", ""OVERLAP""], ""retrace_reset_pct"": 0.5, ""extension_reset_fib"": 1.618, ""news_blackout_minutes"": 15, ""conf_alpha"": 0.7, ""conf_beta"": 0.3, ""conf_weights"": [0.35, 0.35, 0.15, 0.15], ""conf_floor"": 0.2, ""weak_link_weight"": 0.3, ""ema_fast"": 2, ""ema_slow"": 5, ""tier_1_threshold"": 0.75, ""tier_2_threshold"": 0.3, ""soft_conf_max_candles"": 3, ""pending_displacement_ttl_candles"": 4, ""max_expansion_age_candles"": 495, ""max_expansion_age_hours"": 124, ""expansion_age_warn_candles"": 342, ""shadow_age_penalty_lambda"": 0.0, ""shadow_age_norm_candles"": 0, ""shadow_advisory_only"": false, ""sizing_bands"": [[0.75, 0.01], [0.55, 0.005]]}, ""constructor_mapping"": ""load_prod_config_from_registry + BacktestConfig.from_prod_config"", ""runtime_overrides"": {}, ""environment_overrides"": {""TRUST_INTRABAR_TOUCH"": null, ""BACKTEST_ENGINE_GATE"": ""1""}, ""note"": ""CRT process_candle does not consume 38-dim FeaturePipeline vector for guards.""}, ""state_transition"": {""state_before"": ""SWEEP"", ""state_after"": ""SWEEP"", ""state_changed"": false, ""persistent_state_snapshot_before"": {""current_state"": ""SWEEP"", ""current_candle_index"": 71, ""atr"": 1.877142857142839, ""direction"": ""SHORT"", ""ema_fast_val"": 2381.7046702406205, ""ema_slow_val"": 2381.0410166798624, ""evaluating_soft_conf"": false, ""soft_conf_candles"": 0, ""cached_features"": {}, ""sweep_event"": {""price"": 2381.58, ""direction"": ""SHORT"", ""candle_index"": 70, ""double_confirmed"": false}, ""active_range"": {""h_ref"": 2381.35, ""l_ref"": 2374.98, ""size"": 6.369999999999891, ""session"": ""UNKNOWN"", ""htf_candle_id"": ""XAUUSD-HTF-000024""}, ""displacement_candle_index"": null, ""retest_candle_index"": null, ""_displacement_entry_idx"": 0, ""_expansion_entry_idx"": 0, ""_came_from_shadow"": false, ""pending_displacement_ttl"": 0, ""active_trade"": null, ""transition_log_len"": 23}, ""persistent_state_snapshot_after"": {""current_state"": ""SWEEP"", ""current_candle_index"": 72, ""atr"": 1.7614285714285611, ""direction"": ""SHORT"", ""ema_fast_val"": 2382.0815567468735, ""ema_slow_val"": 2381.450677786575, ""evaluating_soft_conf"": false, ""soft_conf_candles"": 0, ""cached_features"": {}, ""sweep_event"": {""price"": 2381.58, ""direction"": ""SHORT"", ""candle_index"": 70, ""double_confirmed"": false}, ""active_range"": {""h_ref"": 2381.35, ""l_ref"": 2374.98, ""size"": 6.369999999999891, ""session"": ""UNKNOWN"", ""htf_candle_id"": ""XAUUSD-HTF-000024""}, ""displacement_candle_index"": null, ""retest_candle_index"": null, ""_displacement_entry_idx"": 0, ""_expansion_entry_idx"": 0, ""_came_from_shadow"": false, ""pending_displacement_ttl"": 0, ""active_trade"": null, ""transition_log_len"": 23}, ""guards_evaluated"": [{""evaluation_order"": 1, ""guard_id"": ""G_SWEEP_DISP_MOVE"", ""guard_name"": ""displacement_min_body_move"", ""source_location"": ""crt_engine_v2.StateMachine.try_sweep_to_displacement"", ""from_state"": ""SWEEP"", ""candidate_to_state"": ""DISPLACEMENT"", ""operands"": [{""name"": ""move"", ""runtime_value"": 0.25, ""source_class"": ""CRT_LOCAL_DERIVED"", ""source_name"": ""abs(close-open)"", ""source_location"": ""crt_engine_v2.StateMachine.try_sweep_to_displacement"", ""feature_id"": null, ""formula_id"": null, ""config_key"": null, ""provenance_status"": ""PROVEN""}, {""name"": ""atr"", ""runtime_value"": 1.7614285714285611, ""source_class"": ""CRT_LOCAL_DERIVED"", ""source_name"": ""RangeDetector.compute_atr"", ""source_location"": ""crt_engine_v2.StateMachine.try_sweep_to_displacement"", ""feature_id"": null, ""formula_id"": ""FM-041"", ""config_key"": null, ""provenance_status"": ""PROVEN""}], ""operator"": ""move >= atr_min_displacement * atr"", ""thresholds"": [{""name"": ""atr_min_displacement * atr"", ""runtime_value"": 2.1137142857142734, ""config_key"": ""atr_min_displacement"", ""config_source"": ""CRTConfig"", ""read_location"": ""crt_engine_v2.StateMachine.try_sweep_to_displacement""}], ""result"": false, ""short_circuit_status"": ""FAIL_RETURN"", ""failure_reason"": ""move_below_atr_min_displacement""}], ""selected_transition"": {""transition_selected"": false, ""from_state"": ""SWEEP"", ""to_state"": ""SWEEP"", ""selection_location"": ""CRTEngine.process_candle"", ""winning_guard_id"": null, ""selection_reason"": ""NONE""}, ""action"": {""candle"": ""2024-05-23T02:30:00"", ""candle_index"": 72, ""state"": ""SWEEP"", ""action"": ""NONE"", ""state_after"": ""SWEEP""}}, ""outputs"": {""returned_value"": {""candle"": ""2024-05-23T02:30:00"", ""candle_index"": 72, ""state"": ""SWEEP"", ""action"": ""NONE"", ""state_after"": ""SWEEP""}, ""events_emitted"": [], ""trade_output"": null, ""rejection"": null, ""diversion"": null, ""output_classification"": ""NO_OUTPUT""}, ""integrity"": {""trace_complete"": true, ""raw_bar_complete"": true, ""canonical_feature_complete"": true, ""canonical_feature_count"": 38, ""crt_input_provenance_complete"": true, ""effective_config_complete"": true, ""state_before_captured"": true, ""guards_complete"": true, ""state_after_captured"": true, ""outputs_complete"": true, ""missing_fields"": [], ""unknown_provenance"": [], ""nonfinite_features"": [], ""exceptions"": [], ""warnings"": [], ""status"": ""COMPLETE"", ""evaluated_guard_count"": 1, ""true_guard_count"": 0}}"
"docs\governance\xauusd_crt_transition_trace\xauusd_crt_transition_trace_v1.jsonl","12","{""trace_identity"": {""trace_schema_version"": ""1.0.0"", ""run_id"": ""xauusd-crt-transition-20260714T074256Z-d455dd97"", ""trace_sequence"": 11, ""window_role"": ""POST_CONTEXT"", ""transition_families"": [""RESET_TO_RANGE""], ""symbol"": ""XAUUSD"", ""timeframe"": ""M15"", ""bar_index"": 100, ""timestamp"": ""2024-05-23 02:45:00"", ""corpus_path"": ""data/mt5/XAUUSD_M15.csv"", ""corpus_sha256"": ""4d73f5cebe33ec91c5312340337eb62c2cf1f49060c91c42761bf631b26aba56"", ""repository_commit"": ""b48d4d9a7abfb429f2a17c790d4b32083da5dd92"", ""dirty_worktree_status"": ""DIRTY"", ""production_config_path"": ""configs/production/v2_multi_2026_04.json"", ""production_config_sha256"": ""03a3b8aa497d116a3bb32620253a2d1b6ce53737ec10e837d4bc83334f194990"", ""config_id"": ""v2_multi_2026_04"", ""prod_version"": ""v2_multi_2026_04"", ""canonical_schema_hash"": ""1ba02abbafdd0786831181677de547c1"", ""feature_order_hash"": ""235553310100a340"", ""artifact_id"": ""XAUUSD_CRT_TRANSITION_TRACE_V1""}, ""raw_bar"": {""timestamp"": ""2024-05-23 02:45:00"", ""open"": 2382.29, ""high"": 2382.55, ""low"": 2381.14, ""close"": 2382.29, ""volume"": 909.0}, ""canonical_features"": {""feature_count"": 38, ""feature_names_in_canonical_order"": [""open"", ""high"", ""low"", ""close"", ""volume"", ""volume_ratio"", ""double_sweep"", ""ema_fast"", ""ema_slow"", ""ema_spread"", ""trend_bias"", ""trend_strength"", ""momentum_score"", ""atr"", ""volatility_ratio"", ""rsi_14"", ""macd_line"", ""macd_signal"", ""macd_hist"", ""sweep_detected"", ""liquidity_sweep"", ""break_of_structure"", ""swing_high"", ""swing_low"", ""higher_high"", ""lower_low"", ""body_size"", ""wick_size"", ""body_ratio"", ""volatility_regime"", ""session"", ""hour_of_day"", ""disp_strength"", ""retest_depth"", ""candles_since_retest"", ""liquidity_distance"", ""liquidity_pressure_score"", ""volume_spike""], ""values_by_name"": {""open"": 2382.2900390625, ""high"": 2382.550048828125, ""low"": 2381.139892578125, ""close"": 2382.2900390625, ""volume"": 909.0, ""volume_ratio"": 0.6420851945877075, ""double_sweep"": 0.0, ""ema_fast"": 2381.255615234375, ""ema_slow"": 2382.642333984375, ""ema_spread"": -1924.6744384765625, ""trend_bias"": -1.0, ""trend_strength"": 0.3604828715324402, ""momentum_score"": 27.758684158325195, ""atr"": 0.0007204952416941524, ""volatility_ratio"": 0.8214731216430664, ""rsi_14"": 65.07772064208984, ""macd_line"": -2.671876907348633, ""macd_signal"": -3.9478182792663574, ""macd_hist"": 1.595923900604248, ""sweep_detected"": 0.0, ""liquidity_sweep"": 0.0, ""break_of_structure"": 1.0, ""swing_high"": 0.0, ""swing_low"": 0.0, ""higher_high"": 1.0, ""lower_low"": 0.0, ""body_size"": 0.0, ""wick_size"": 1.409999966621399, ""body_ratio"": 0.0, ""volatility_regime"": 0.0, ""session"": 0.0, ""hour_of_day"": 2.0, ""disp_strength"": 0.0, ""retest_depth"": 0.6026378273963928, ""candles_since_retest"": 6.0, ""liquidity_distance"": 0.9379941821098328, ""liquidity_pressure_score"": 0.6256294250488281, ""volume_spike"": 0.0}, ""values_in_canonical_order"": [2382.2900390625, 2382.550048828125, 2381.139892578125, 2382.2900390625, 909.0, 0.6420851945877075, 0.0, 2381.255615234375, 2382.642333984375, -1924.6744384765625, -1.0, 0.3604828715324402, 27.758684158325195, 0.0007204952416941524, 0.8214731216430664, 65.07772064208984, -2.671876907348633, -3.9478182792663574, 1.595923900604248, 0.0, 0.0, 1.0, 0.0, 0.0, 1.0, 0.0, 0.0, 1.409999966621399, 0.0, 0.0, 0.0, 2.0, 0.0, 0.6026378273963928, 6.0, 0.9379941821098328, 0.6256294250488281, 0.0], ""schema_hash"": ""1ba02abbafdd0786831181677de547c1"", ""feature_order_hash"": ""235553310100a340"", ""feature_vector_index"": 21, ""lookup_miss"": false, ""consumed_by_crt_guards"": false, ""consumption_note"": ""38-vector not read by process_candle transition guards""}, ""crt_inputs"": {""inputs"": [{""name"": ""high"", ""runtime_value"": 2382.55, ""source_class"": ""RAW_OHLC"", ""source_name"": ""candle.high"", ""source_location"": ""process_candle:RANGE"", ""formula_id"": null, ""feature_id"": ""high"", ""config_key"": null, ""provenance_status"": ""PROVEN""}, {""name"": ""low"", ""runtime_value"": 2381.14, ""source_class"": ""RAW_OHLC"", ""source_name"": ""candle.low"", ""source_location"": ""process_candle:RANGE"", ""formula_id"": null, ""feature_id"": ""low"", ""config_key"": null, ""provenance_status"": ""PROVEN""}, {""name"": ""close"", ""runtime_value"": 2382.29, ""source_class"": ""RAW_OHLC"", ""source_name"": ""candle.close"", ""source_location"": ""process_candle:RANGE"", ""formula_id"": null, ""feature_id"": ""close"", ""config_key"": null, ""provenance_status"": ""PROVEN""}, {""name"": ""h_ref"", ""runtime_value"": 2382.79, ""source_class"": ""STATE_MEMORY"", ""source_name"": ""active_range.h_ref"", ""source_location"": ""process_candle:RANGE"", ""formula_id"": null, ""feature_id"": null, ""config_key"": null, ""provenance_status"": ""PROVEN""}, {""name"": ""l_ref"", ""runtime_value"": 2376.87, ""source_class"": ""STATE_MEMORY"", ""source_name"": ""active_range.l_ref"", ""source_location"": ""process_candle:RANGE"", ""formula_id"": null, ""feature_id"": null, ""config_key"": null, ""provenance_status"": ""PROVEN""}]}, ""effective_config"": {""config_file_path"": ""configs/production/v2_multi_2026_04.json"", ""config_file_sha256"": ""03a3b8aa497d116a3bb32620253a2d1b6ce53737ec10e837d4bc83334f194990"", ""prod_version"": ""v2_multi_2026_04"", ""effective_crt_config"": {""body_ratio_min"": 0.65, ""atr_multiplier_min"": 1.0, ""retest_depth_max"": 0.15, ""atr_period"": 14, ""atr_buffer_multiplier"": 3, ""max_sweep_age_candles"": 20, ""expansion_atr_min_distance"": 0.3, ""retest_atr_depth_fraction"": 0.3, ""retest_min_depth_atr_fraction"": 0.1, ""risk_score_weights"": [0.35, 0.25, 0.2, 0.2], ""score_component_weights"": [0.35, 0.25, 0.2, 0.2], ""max_displacement_strength"": 2.0, ""score_decay_lambda"": 0.05, ""score_threshold"": 0.45, ""max_spread_pct"": 0.05, ""atr_min_displacement"": 1.2, ""confirmation_body_min"": 0.6, ""sl_atr_buffer"": 0.2, ""tp1_atr_multiplier"": 1.0, ""tp2_atr_multiplier"": 2.0, ""exit_model"": ""intrabar_touch"", ""breakout_disp_threshold"": 1.5, ""tp1_atr_multiplier_breakout"": 1.5, ""tp1_atr_multiplier_pullback"": 0.8, ""tp1_atr_multiplier_liq_sweep"": 1.2, ""tp1_atr_multiplier_reversal"": 1.0, ""bitnet_main_threshold"": 0.55, ""use_bitnet"": false, ""session_windows"": {""LONDON"": [""07:00:00"", ""10:00:00""], ""NEWYORK"": [""13:00:00"", ""16:00:00""], ""ASIA"": [""00:00:00"", ""03:00:00""]}, ""allowed_sessions"": [""LONDON"", ""NEWYORK"", ""OVERLAP""], ""retrace_reset_pct"": 0.5, ""extension_reset_fib"": 1.618, ""news_blackout_minutes"": 15, ""conf_alpha"": 0.7, ""conf_beta"": 0.3, ""conf_weights"": [0.35, 0.35, 0.15, 0.15], ""conf_floor"": 0.2, ""weak_link_weight"": 0.3, ""ema_fast"": 2, ""ema_slow"": 5, ""tier_1_threshold"": 0.75, ""tier_2_threshold"": 0.3, ""soft_conf_max_candles"": 3, ""pending_displacement_ttl_candles"": 4, ""max_expansion_age_candles"": 495, ""max_expansion_age_hours"": 124, ""expansion_age_warn_candles"": 342, ""shadow_age_penalty_lambda"": 0.0, ""shadow_age_norm_candles"": 0, ""shadow_advisory_only"": false, ""sizing_bands"": [[0.75, 0.01], [0.55, 0.005]]}, ""constructor_mapping"": ""load_prod_config_from_registry + BacktestConfig.from_prod_config"", ""runtime_overrides"": {}, ""environment_overrides"": {""TRUST_INTRABAR_TOUCH"": null, ""BACKTEST_ENGINE_GATE"": ""1""}, ""note"": ""CRT process_candle does not consume 38-dim FeaturePipeline vector for guards.""}, ""state_transition"": {""state_before"": ""SWEEP"", ""state_after"": ""RANGE"", ""state_changed"": true, ""persistent_state_snapshot_before"": {""current_state"": ""SWEEP"", ""current_candle_index"": 72, ""atr"": 1.7614285714285611, ""direction"": ""SHORT"", ""ema_fast_val"": 2382.0815567468735, ""ema_slow_val"": 2381.450677786575, ""evaluating_soft_conf"": false, ""soft_conf_candles"": 0, ""cached_features"": {}, ""sweep_event"": {""price"": 2381.58, ""direction"": ""SHORT"", ""candle_index"": 70, ""double_confirmed"": false}, ""active_range"": {""h_ref"": 2381.35, ""l_ref"": 2374.98, ""size"": 6.369999999999891, ""session"": ""UNKNOWN"", ""htf_candle_id"": ""XAUUSD-HTF-000024""}, ""displacement_candle_index"": null, ""retest_candle_index"": null, ""_displacement_entry_idx"": 0, ""_expansion_entry_idx"": 0, ""_came_from_shadow"": false, ""pending_displacement_ttl"": 0, ""active_trade"": null, ""transition_log_len"": 23}, ""persistent_state_snapshot_after"": {""current_state"": ""RANGE"", ""current_candle_index"": 73, ""atr"": 1.7164285714285856, ""direction"": ""NONE"", ""ema_fast_val"": 2382.2205189156243, ""ema_slow_val"": 2381.7304518577166, ""evaluating_soft_conf"": false, ""soft_conf_candles"": 0, ""cached_features"": {}, ""sweep_event"": null, ""active_range"": {""h_ref"": 2382.79, ""l_ref"": 2376.87, ""size"": 5.920000000000073, ""session"": ""UNKNOWN"", ""htf_candle_id"": ""XAUUSD-HTF-000025""}, ""displacement_candle_index"": null, ""retest_candle_index"": null, ""_displacement_entry_idx"": 0, ""_expansion_entry_idx"": 0, ""_came_from_shadow"": false, ""pending_displacement_ttl"": 0, ""active_trade"": null, ""transition_log_len"": 24}, ""guards_evaluated"": [{""evaluation_order"": 1, ""guard_id"": ""G_RANGE_SWEEP_DETECT"", ""guard_name"": ""detect_sweep"", ""source_location"": ""crt_engine_v2.CRTEngine.process_candle:RANGE"", ""from_state"": ""RANGE"", ""candidate_to_state"": ""SWEEP"", ""operands"": [{""name"": ""high"", ""runtime_value"": 2382.55, ""source_class"": ""RAW_OHLC"", ""source_name"": ""candle.high"", ""source_location"": ""process_candle:RANGE"", ""feature_id"": ""high"", ""formula_id"": null, ""config_key"": null, ""provenance_status"": ""PROVEN""}, {""name"": ""low"", ""runtime_value"": 2381.14, ""source_class"": ""RAW_OHLC"", ""source_name"": ""candle.low"", ""source_location"": ""process_candle:RANGE"", ""feature_id"": ""low"", ""formula_id"": null, ""config_key"": null, ""provenance_status"": ""PROVEN""}, {""name"": ""close"", ""runtime_value"": 2382.29, ""source_class"": ""RAW_OHLC"", ""source_name"": ""candle.close"", ""source_location"": ""process_candle:RANGE"", ""feature_id"": ""close"", ""formula_id"": null, ""config_key"": null, ""provenance_status"": ""PROVEN""}, {""name"": ""h_ref"", ""runtime_value"": 2382.79, ""source_class"": ""STATE_MEMORY"", ""source_name"": ""active_range.h_ref"", ""source_location"": ""process_candle:RANGE"", ""feature_id"": null, ""formula_id"": null, ""config_key"": null, ""provenance_status"": ""PROVEN""}, {""name"": ""l_ref"", ""runtime_value"": 2376.87, ""source_class"": ""STATE_MEMORY"", ""source_name"": ""active_range.l_ref"", ""source_location"": ""process_candle:RANGE"", ""feature_id"": null, ""formula_id"": null, ""config_key"": null, ""provenance_status"": ""PROVEN""}], ""operator"": ""RangeDetector.detect_sweep(...)"", ""thresholds"": [], ""result"": false, ""short_circuit_status"": ""NO_SWEEP"", ""failure_reason"": ""no_sweep_detected""}], ""selected_transition"": {""transition_selected"": true, ""from_state"": ""SWEEP"", ""to_state"": ""RANGE"", ""selection_location"": ""CRTEngine.process_candle / StateMachine"", ""winning_guard_id"": null, ""selection_reason"": ""RESET""}, ""action"": {""candle"": ""2024-05-23T02:45:00"", ""candle_index"": 73, ""state"": ""SWEEP"", ""action"": ""RESET"", ""reason"": ""HTF changed: XAUUSD-HTF-000024 → XAUUSD-HTF-000025"", ""state_after"": ""RANGE""}}, ""outputs"": {""returned_value"": {""candle"": ""2024-05-23T02:45:00"", ""candle_index"": 73, ""state"": ""SWEEP"", ""action"": ""RESET"", ""reason"": ""HTF changed: XAUUSD-HTF-000024 → XAUUSD-HTF-000025"", ""state_after"": ""RANGE""}, ""events_emitted"": [{""event"": ""RESET"", ""timestamp"": ""2024-05-23T02:45:00"", ""candle_index"": 73, ""state_from"": ""SWEEP"", ""state_to"": ""RANGE"", ""reason"": ""HTF changed: XAUUSD-HTF-000024 → XAUUSD-HTF-000025"", ""direction"": null, ""price"": null}], ""trade_output"": null, ""rejection"": null, ""diversion"": {""candle"": ""2024-05-23T02:45:00"", ""candle_index"": 73, ""state"": ""SWEEP"", ""action"": ""RESET"", ""reason"": ""HTF changed: XAUUSD-HTF-000024 → XAUUSD-HTF-000025"", ""state_after"": ""RANGE""}, ""output_classification"": ""DIVERTED""}, ""integrity"": {""trace_complete"": true, ""raw_bar_complete"": true, ""canonical_feature_complete"": true, ""canonical_feature_count"": 38, ""crt_input_provenance_complete"": true, ""effective_config_complete"": true, ""state_before_captured"": true, ""guards_complete"": true, ""state_after_captured"": true, ""outputs_complete"": true, ""missing_fields"": [], ""unknown_provenance"": [], ""nonfinite_features"": [], ""exceptions"": [], ""warnings"": [], ""status"": ""COMPLETE"", ""evaluated_guard_count"": 1, ""true_guard_count"": 0}}"
"docs\governance\xauusd_crt_transition_trace\xauusd_crt_transition_trace_v1.jsonl","13","{""trace_identity"": {""trace_schema_version"": ""1.0.0"", ""run_id"": ""xauusd-crt-transition-20260714T074256Z-d455dd97"", ""trace_sequence"": 12, ""window_role"": ""POST_CONTEXT"", ""transition_families"": [], ""symbol"": ""XAUUSD"", ""timeframe"": ""M15"", ""bar_index"": 101, ""timestamp"": ""2024-05-23 03:00:00"", ""corpus_path"": ""data/mt5/XAUUSD_M15.csv"", ""corpus_sha256"": ""4d73f5cebe33ec91c5312340337eb62c2cf1f49060c91c42761bf631b26aba56"", ""repository_commit"": ""b48d4d9a7abfb429f2a17c790d4b32083da5dd92"", ""dirty_worktree_status"": ""DIRTY"", ""production_config_path"": ""configs/production/v2_multi_2026_04.json"", ""production_config_sha256"": ""03a3b8aa497d116a3bb32620253a2d1b6ce53737ec10e837d4bc83334f194990"", ""config_id"": ""v2_multi_2026_04"", ""prod_version"": ""v2_multi_2026_04"", ""canonical_schema_hash"": ""1ba02abbafdd0786831181677de547c1"", ""feature_order_hash"": ""235553310100a340"", ""artifact_id"": ""XAUUSD_CRT_TRANSITION_TRACE_V1""}, ""raw_bar"": {""timestamp"": ""2024-05-23 03:00:00"", ""open"": 2382.29, ""high"": 2383.74, ""low"": 2381.66, ""close"": 2383.15, ""volume"": 1350.0}, ""canonical_features"": {""feature_count"": 38, ""feature_names_in_canonical_order"": [""open"", ""high"", ""low"", ""close"", ""volume"", ""volume_ratio"", ""double_sweep"", ""ema_fast"", ""ema_slow"", ""ema_spread"", ""trend_bias"", ""trend_strength"", ""momentum_score"", ""atr"", ""volatility_ratio"", ""rsi_14"", ""macd_line"", ""macd_signal"", ""macd_hist"", ""sweep_detected"", ""liquidity_sweep"", ""break_of_structure"", ""swing_high"", ""swing_low"", ""higher_high"", ""lower_low"", ""body_size"", ""wick_size"", ""body_ratio"", ""volatility_regime"", ""session"", ""hour_of_day"", ""disp_strength"", ""retest_depth"", ""candles_since_retest"", ""liquidity_distance"", ""liquidity_pressure_score"", ""volume_spike""], ""values_by_name"": {""open"": 2382.2900390625, ""high"": 2383.739990234375, ""low"": 2381.659912109375, ""close"": 2383.14990234375, ""volume"": 1350.0, ""volume_ratio"": 1.0304163694381714, ""double_sweep"": 0.0, ""ema_fast"": 2381.634521484375, ""ema_slow"": 2382.6884765625, ""ema_spread"": -1507.9014892578125, ""trend_bias"": -1.0, ""trend_strength"": 0.4808579683303833, ""momentum_score"": 1230.408447265625, ""atr"": 0.0006989548564888537, ""volatility_ratio"": 1.2487136125564575, ""rsi_14"": 84.39716339111328, ""macd_line"": -2.3221676349639893, ""macd_signal"": -3.6226882934570312, ""macd_hist"": 1.564389944076538, ""sweep_detected"": 0.0, ""liquidity_sweep"": 0.0, ""break_of_structure"": 1.0, ""swing_high"": 0.0, ""swing_low"": 0.0, ""higher_high"": 1.0, ""lower_low"": 0.0, ""body_size"": 0.8600000143051147, ""wick_size"": 2.0799999237060547, ""body_ratio"": 0.4134615361690521, ""volatility_regime"": 0.0, ""session"": 0.0, ""hour_of_day"": 3.0, ""disp_strength"": 0.5162950158119202, ""retest_depth"": 0.909807026386261, ""candles_since_retest"": 7.0, ""liquidity_distance"": 1.4828473329544067, ""liquidity_pressure_score"": 0.4764351546764374, ""volume_spike"": 0.0}, ""values_in_canonical_order"": [2382.2900390625, 2383.739990234375, 2381.659912109375, 2383.14990234375, 1350.0, 1.0304163694381714, 0.0, 2381.634521484375, 2382.6884765625, -1507.9014892578125, -1.0, 0.4808579683303833, 1230.408447265625, 0.0006989548564888537, 1.2487136125564575, 84.39716339111328, -2.3221676349639893, -3.6226882934570312, 1.564389944076538, 0.0, 0.0, 1.0, 0.0, 0.0, 1.0, 0.0, 0.8600000143051147, 2.0799999237060547, 0.4134615361690521, 0.0, 0.0, 3.0, 0.5162950158119202, 0.909807026386261, 7.0, 1.4828473329544067, 0.4764351546764374, 0.0], ""schema_hash"": ""1ba02abbafdd0786831181677de547c1"", ""feature_order_hash"": ""235553310100a340"", ""feature_vector_index"": 22, ""lookup_miss"": false, ""consumed_by_crt_guards"": false, ""consumption_note"": ""38-vector not read by process_candle transition guards""}, ""crt_inputs"": {""inputs"": [{""name"": ""high"", ""runtime_value"": 2383.74, ""source_class"": ""RAW_OHLC"", ""source_name"": ""candle.high"", ""source_location"": ""process_candle:RANGE"", ""formula_id"": null, ""feature_id"": ""high"", ""config_key"": null, ""provenance_status"": ""PROVEN""}, {""name"": ""low"", ""runtime_value"": 2381.66, ""source_class"": ""RAW_OHLC"", ""source_name"": ""candle.low"", ""source_location"": ""process_candle:RANGE"", ""formula_id"": null, ""feature_id"": ""low"", ""config_key"": null, ""provenance_status"": ""PROVEN""}, {""name"": ""close"", ""runtime_value"": 2383.15, ""source_class"": ""RAW_OHLC"", ""source_name"": ""candle.close"", ""source_location"": ""process_candle:RANGE"", ""formula_id"": null, ""feature_id"": ""close"", ""config_key"": null, ""provenance_status"": ""PROVEN""}, {""name"": ""h_ref"", ""runtime_value"": 2382.79, ""source_class"": ""STATE_MEMORY"", ""source_name"": ""active_range.h_ref"", ""source_location"": ""process_candle:RANGE"", ""formula_id"": null, ""feature_id"": null, ""config_key"": null, ""provenance_status"": ""PROVEN""}, {""name"": ""l_ref"", ""runtime_value"": 2376.87, ""source_class"": ""STATE_MEMORY"", ""source_name"": ""active_range.l_ref"", ""source_location"": ""process_candle:RANGE"", ""formula_id"": null, ""feature_id"": null, ""config_key"": null, ""provenance_status"": ""PROVEN""}]}, ""effective_config"": {""config_file_path"": ""configs/production/v2_multi_2026_04.json"", ""config_file_sha256"": ""03a3b8aa497d116a3bb32620253a2d1b6ce53737ec10e837d4bc83334f194990"", ""prod_version"": ""v2_multi_2026_04"", ""effective_crt_config"": {""body_ratio_min"": 0.65, ""atr_multiplier_min"": 1.0, ""retest_depth_max"": 0.15, ""atr_period"": 14, ""atr_buffer_multiplier"": 3, ""max_sweep_age_candles"": 20, ""expansion_atr_min_distance"": 0.3, ""retest_atr_depth_fraction"": 0.3, ""retest_min_depth_atr_fraction"": 0.1, ""risk_score_weights"": [0.35, 0.25, 0.2, 0.2], ""score_component_weights"": [0.35, 0.25, 0.2, 0.2], ""max_displacement_strength"": 2.0, ""score_decay_lambda"": 0.05, ""score_threshold"": 0.45, ""max_spread_pct"": 0.05, ""atr_min_displacement"": 1.2, ""confirmation_body_min"": 0.6, ""sl_atr_buffer"": 0.2, ""tp1_atr_multiplier"": 1.0, ""tp2_atr_multiplier"": 2.0, ""exit_model"": ""intrabar_touch"", ""breakout_disp_threshold"": 1.5, ""tp1_atr_multiplier_breakout"": 1.5, ""tp1_atr_multiplier_pullback"": 0.8, ""tp1_atr_multiplier_liq_sweep"": 1.2, ""tp1_atr_multiplier_reversal"": 1.0, ""bitnet_main_threshold"": 0.55, ""use_bitnet"": false, ""session_windows"": {""LONDON"": [""07:00:00"", ""10:00:00""], ""NEWYORK"": [""13:00:00"", ""16:00:00""], ""ASIA"": [""00:00:00"", ""03:00:00""]}, ""allowed_sessions"": [""LONDON"", ""NEWYORK"", ""OVERLAP""], ""retrace_reset_pct"": 0.5, ""extension_reset_fib"": 1.618, ""news_blackout_minutes"": 15, ""conf_alpha"": 0.7, ""conf_beta"": 0.3, ""conf_weights"": [0.35, 0.35, 0.15, 0.15], ""conf_floor"": 0.2, ""weak_link_weight"": 0.3, ""ema_fast"": 2, ""ema_slow"": 5, ""tier_1_threshold"": 0.75, ""tier_2_threshold"": 0.3, ""soft_conf_max_candles"": 3, ""pending_displacement_ttl_candles"": 4, ""max_expansion_age_candles"": 495, ""max_expansion_age_hours"": 124, ""expansion_age_warn_candles"": 342, ""shadow_age_penalty_lambda"": 0.0, ""shadow_age_norm_candles"": 0, ""shadow_advisory_only"": false, ""sizing_bands"": [[0.75, 0.01], [0.55, 0.005]]}, ""constructor_mapping"": ""load_prod_config_from_registry + BacktestConfig.from_prod_config"", ""runtime_overrides"": {}, ""environment_overrides"": {""TRUST_INTRABAR_TOUCH"": null, ""BACKTEST_ENGINE_GATE"": ""1""}, ""note"": ""CRT process_candle does not consume 38-dim FeaturePipeline vector for guards.""}, ""state_transition"": {""state_before"": ""RANGE"", ""state_after"": ""RANGE"", ""state_changed"": false, ""persistent_state_snapshot_before"": {""current_state"": ""RANGE"", ""current_candle_index"": 73, ""atr"": 1.7164285714285856, ""direction"": ""NONE"", ""ema_fast_val"": 2382.2205189156243, ""ema_slow_val"": 2381.7304518577166, ""evaluating_soft_conf"": false, ""soft_conf_candles"": 0, ""cached_features"": {}, ""sweep_event"": null, ""active_range"": {""h_ref"": 2382.79, ""l_ref"": 2376.87, ""size"": 5.920000000000073, ""session"": ""UNKNOWN"", ""htf_candle_id"": ""XAUUSD-HTF-000025""}, ""displacement_candle_index"": null, ""retest_candle_index"": null, ""_displacement_entry_idx"": 0, ""_expansion_entry_idx"": 0, ""_came_from_shadow"": false, ""pending_displacement_ttl"": 0, ""active_trade"": null, ""transition_log_len"": 24}, ""persistent_state_snapshot_after"": {""current_state"": ""RANGE"", ""current_candle_index"": 74, ""atr"": 1.6657142857142975, ""direction"": ""NONE"", ""ema_fast_val"": 2382.840172971875, ""ema_slow_val"": 2382.203634571811, ""evaluating_soft_conf"": false, ""soft_conf_candles"": 0, ""cached_features"": {}, ""sweep_event"": null, ""active_range"": {""h_ref"": 2382.79, ""l_ref"": 2376.87, ""size"": 5.920000000000073, ""session"": ""UNKNOWN"", ""htf_candle_id"": ""XAUUSD-HTF-000025""}, ""displacement_candle_index"": null, ""retest_candle_index"": null, ""_displacement_entry_idx"": 0, ""_expansion_entry_idx"": 0, ""_came_from_shadow"": false, ""pending_displacement_ttl"": 0, ""active_trade"": null, ""transition_log_len"": 24}, ""guards_evaluated"": [{""evaluation_order"": 1, ""guard_id"": ""G_RANGE_SWEEP_DETECT"", ""guard_name"": ""detect_sweep"", ""source_location"": ""crt_engine_v2.CRTEngine.process_candle:RANGE"", ""from_state"": ""RANGE"", ""candidate_to_state"": ""SWEEP"", ""operands"": [{""name"": ""high"", ""runtime_value"": 2383.74, ""source_class"": ""RAW_OHLC"", ""source_name"": ""candle.high"", ""source_location"": ""process_candle:RANGE"", ""feature_id"": ""high"", ""formula_id"": null, ""config_key"": null, ""provenance_status"": ""PROVEN""}, {""name"": ""low"", ""runtime_value"": 2381.66, ""source_class"": ""RAW_OHLC"", ""source_name"": ""candle.low"", ""source_location"": ""process_candle:RANGE"", ""feature_id"": ""low"", ""formula_id"": null, ""config_key"": null, ""provenance_status"": ""PROVEN""}, {""name"": ""close"", ""runtime_value"": 2383.15, ""source_class"": ""RAW_OHLC"", ""source_name"": ""candle.close"", ""source_location"": ""process_candle:RANGE"", ""feature_id"": ""close"", ""formula_id"": null, ""config_key"": null, ""provenance_status"": ""PROVEN""}, {""name"": ""h_ref"", ""runtime_value"": 2382.79, ""source_class"": ""STATE_MEMORY"", ""source_name"": ""active_range.h_ref"", ""source_location"": ""process_candle:RANGE"", ""feature_id"": null, ""formula_id"": null, ""config_key"": null, ""provenance_status"": ""PROVEN""}, {""name"": ""l_ref"", ""runtime_value"": 2376.87, ""source_class"": ""STATE_MEMORY"", ""source_name"": ""active_range.l_ref"", ""source_location"": ""process_candle:RANGE"", ""feature_id"": null, ""formula_id"": null, ""config_key"": null, ""provenance_status"": ""PROVEN""}], ""operator"": ""RangeDetector.detect_sweep(...)"", ""thresholds"": [], ""result"": false, ""short_circuit_status"": ""NO_SWEEP"", ""failure_reason"": ""no_sweep_detected""}], ""selected_transition"": {""transition_selected"": false, ""from_state"": ""RANGE"", ""to_state"": ""RANGE"", ""selection_location"": ""CRTEngine.process_candle"", ""winning_guard_id"": null, ""selection_reason"": ""NONE""}, ""action"": {""candle"": ""2024-05-23T03:00:00"", ""candle_index"": 74, ""state"": ""RANGE"", ""action"": ""NONE"", ""state_after"": ""RANGE""}}, ""outputs"": {""returned_value"": {""candle"": ""2024-05-23T03:00:00"", ""candle_index"": 74, ""state"": ""RANGE"", ""action"": ""NONE"", ""state_after"": ""RANGE""}, ""events_emitted"": [], ""trade_output"": null, ""rejection"": null, ""diversion"": null, ""output_classification"": ""NO_OUTPUT""}, ""integrity"": {""trace_complete"": true, ""raw_bar_complete"": true, ""canonical_feature_complete"": true, ""canonical_feature_count"": 38, ""crt_input_provenance_complete"": true, ""effective_config_complete"": true, ""state_before_captured"": true, ""guards_complete"": true, ""state_after_captured"": true, ""outputs_complete"": true, ""missing_fields"": [], ""unknown_provenance"": [], ""nonfinite_features"": [], ""exceptions"": [], ""warnings"": [], ""status"": ""COMPLETE"", ""evaluated_guard_count"": 1, ""true_guard_count"": 0}}"
"docs\governance\xauusd_crt_transition_trace\xauusd_crt_transition_trace_v1.jsonl","14","{""trace_identity"": {""trace_schema_version"": ""1.0.0"", ""run_id"": ""xauusd-crt-transition-20260714T074256Z-d455dd97"", ""trace_sequence"": 13, ""window_role"": ""POST_CONTEXT"", ""transition_families"": [], ""symbol"": ""XAUUSD"", ""timeframe"": ""M15"", ""bar_index"": 102, ""timestamp"": ""2024-05-23 03:15:00"", ""corpus_path"": ""data/mt5/XAUUSD_M15.csv"", ""corpus_sha256"": ""4d73f5cebe33ec91c5312340337eb62c2cf1f49060c91c42761bf631b26aba56"", ""repository_commit"": ""b48d4d9a7abfb429f2a17c790d4b32083da5dd92"", ""dirty_worktree_status"": ""DIRTY"", ""production_config_path"": ""configs/production/v2_multi_2026_04.json"", ""production_config_sha256"": ""03a3b8aa497d116a3bb32620253a2d1b6ce53737ec10e837d4bc83334f194990"", ""config_id"": ""v2_multi_2026_04"", ""prod_version"": ""v2_multi_2026_04"", ""canonical_schema_hash"": ""1ba02abbafdd0786831181677de547c1"", ""feature_order_hash"": ""235553310100a340"", ""artifact_id"": ""XAUUSD_CRT_TRANSITION_TRACE_V1""}, ""raw_bar"": {""timestamp"": ""2024-05-23 03:15:00"", ""open"": 2383.15, ""high"": 2383.17, ""low"": 2381.47, ""close"": 2382.85, ""volume"": 1104.0}, ""canonical_features"": {""feature_count"": 38, ""feature_names_in_canonical_order"": [""open"", ""high"", ""low"", ""close"", ""volume"", ""volume_ratio"", ""double_sweep"", ""ema_fast"", ""ema_slow"", ""ema_spread"", ""trend_bias"", ""trend_strength"", ""momentum_score"", ""atr"", ""volatility_ratio"", ""rsi_14"", ""macd_line"", ""macd_signal"", ""macd_hist"", ""sweep_detected"", ""liquidity_sweep"", ""break_of_structure"", ""swing_high"", ""swing_low"", ""higher_high"", ""lower_low"", ""body_size"", ""wick_size"", ""body_ratio"", ""volatility_regime"", ""session"", ""hour_of_day"", ""disp_strength"", ""retest_depth"", ""candles_since_retest"", ""liquidity_distance"", ""liquidity_pressure_score"", ""volume_spike""], ""values_by_name"": {""open"": 2383.14990234375, ""high"": 2383.169921875, ""low"": 2381.469970703125, ""close"": 2382.85009765625, ""volume"": 1104.0, ""volume_ratio"": 0.9072232842445374, ""double_sweep"": 0.0, ""ema_fast"": 2381.877685546875, ""ema_slow"": 2382.703125, ""ema_spread"": -1222.760986328125, ""trend_bias"": -1.0, ""trend_strength"": 0.7173013687133789, ""momentum_score"": -444.4036560058594, ""atr"": 0.0006750619504600763, ""volatility_ratio"": 1.0568383932113647, ""rsi_14"": 75.89286041259766, ""macd_line"": -2.045647144317627, ""macd_signal"": -3.3072800636291504, ""macd_hist"": 1.4712812900543213, ""sweep_detected"": 0.0, ""liquidity_sweep"": 0.0, ""break_of_structure"": 1.0, ""swing_high"": 0.0, ""swing_low"": 0.0, ""higher_high"": 1.0, ""lower_low"": 0.0, ""body_size"": 0.30000001192092896, ""wick_size"": 1.7000000476837158, ""body_ratio"": 0.1764705926179886, ""volatility_regime"": 0.0, ""session"": 0.0, ""hour_of_day"": 3.0, ""disp_strength"": 0.1865008920431137, ""retest_depth"": 0.6044583916664124, ""candles_since_retest"": 8.0, ""liquidity_distance"": 1.3490231037139893, ""liquidity_pressure_score"": 0.5094051361083984, ""volume_spike"": 0.0}, ""values_in_canonical_order"": [2383.14990234375, 2383.169921875, 2381.469970703125, 2382.85009765625, 1104.0, 0.9072232842445374, 0.0, 2381.877685546875, 2382.703125, -1222.760986328125, -1.0, 0.7173013687133789, -444.4036560058594, 0.0006750619504600763, 1.0568383932113647, 75.89286041259766, -2.045647144317627, -3.3072800636291504, 1.4712812900543213, 0.0, 0.0, 1.0, 0.0, 0.0, 1.0, 0.0, 0.30000001192092896, 1.7000000476837158, 0.1764705926179886, 0.0, 0.0, 3.0, 0.1865008920431137, 0.6044583916664124, 8.0, 1.3490231037139893, 0.5094051361083984, 0.0], ""schema_hash"": ""1ba02abbafdd0786831181677de547c1"", ""feature_order_hash"": ""235553310100a340"", ""feature_vector_index"": 23, ""lookup_miss"": false, ""consumed_by_crt_guards"": false, ""consumption_note"": ""38-vector not read by process_candle transition guards""}, ""crt_inputs"": {""inputs"": [{""name"": ""high"", ""runtime_value"": 2383.17, ""source_class"": ""RAW_OHLC"", ""source_name"": ""candle.high"", ""source_location"": ""process_candle:RANGE"", ""formula_id"": null, ""feature_id"": ""high"", ""config_key"": null, ""provenance_status"": ""PROVEN""}, {""name"": ""low"", ""runtime_value"": 2381.47, ""source_class"": ""RAW_OHLC"", ""source_name"": ""candle.low"", ""source_location"": ""process_candle:RANGE"", ""formula_id"": null, ""feature_id"": ""low"", ""config_key"": null, ""provenance_status"": ""PROVEN""}, {""name"": ""close"", ""runtime_value"": 2382.85, ""source_class"": ""RAW_OHLC"", ""source_name"": ""candle.close"", ""source_location"": ""process_candle:RANGE"", ""formula_id"": null, ""feature_id"": ""close"", ""config_key"": null, ""provenance_status"": ""PROVEN""}, {""name"": ""h_ref"", ""runtime_value"": 2382.79, ""source_class"": ""STATE_MEMORY"", ""source_name"": ""active_range.h_ref"", ""source_location"": ""process_candle:RANGE"", ""formula_id"": null, ""feature_id"": null, ""config_key"": null, ""provenance_status"": ""PROVEN""}, {""name"": ""l_ref"", ""runtime_value"": 2376.87, ""source_class"": ""STATE_MEMORY"", ""source_name"": ""active_range.l_ref"", ""source_location"": ""process_candle:RANGE"", ""formula_id"": null, ""feature_id"": null, ""config_key"": null, ""provenance_status"": ""PROVEN""}]}, ""effective_config"": {""config_file_path"": ""configs/production/v2_multi_2026_04.json"", ""config_file_sha256"": ""03a3b8aa497d116a3bb32620253a2d1b6ce53737ec10e837d4bc83334f194990"", ""prod_version"": ""v2_multi_2026_04"", ""effective_crt_config"": {""body_ratio_min"": 0.65, ""atr_multiplier_min"": 1.0, ""retest_depth_max"": 0.15, ""atr_period"": 14, ""atr_buffer_multiplier"": 3, ""max_sweep_age_candles"": 20, ""expansion_atr_min_distance"": 0.3, ""retest_atr_depth_fraction"": 0.3, ""retest_min_depth_atr_fraction"": 0.1, ""risk_score_weights"": [0.35, 0.25, 0.2, 0.2], ""score_component_weights"": [0.35, 0.25, 0.2, 0.2], ""max_displacement_strength"": 2.0, ""score_decay_lambda"": 0.05, ""score_threshold"": 0.45, ""max_spread_pct"": 0.05, ""atr_min_displacement"": 1.2, ""confirmation_body_min"": 0.6, ""sl_atr_buffer"": 0.2, ""tp1_atr_multiplier"": 1.0, ""tp2_atr_multiplier"": 2.0, ""exit_model"": ""intrabar_touch"", ""breakout_disp_threshold"": 1.5, ""tp1_atr_multiplier_breakout"": 1.5, ""tp1_atr_multiplier_pullback"": 0.8, ""tp1_atr_multiplier_liq_sweep"": 1.2, ""tp1_atr_multiplier_reversal"": 1.0, ""bitnet_main_threshold"": 0.55, ""use_bitnet"": false, ""session_windows"": {""LONDON"": [""07:00:00"", ""10:00:00""], ""NEWYORK"": [""13:00:00"", ""16:00:00""], ""ASIA"": [""00:00:00"", ""03:00:00""]}, ""allowed_sessions"": [""LONDON"", ""NEWYORK"", ""OVERLAP""], ""retrace_reset_pct"": 0.5, ""extension_reset_fib"": 1.618, ""news_blackout_minutes"": 15, ""conf_alpha"": 0.7, ""conf_beta"": 0.3, ""conf_weights"": [0.35, 0.35, 0.15, 0.15], ""conf_floor"": 0.2, ""weak_link_weight"": 0.3, ""ema_fast"": 2, ""ema_slow"": 5, ""tier_1_threshold"": 0.75, ""tier_2_threshold"": 0.3, ""soft_conf_max_candles"": 3, ""pending_displacement_ttl_candles"": 4, ""max_expansion_age_candles"": 495, ""max_expansion_age_hours"": 124, ""expansion_age_warn_candles"": 342, ""shadow_age_penalty_lambda"": 0.0, ""shadow_age_norm_candles"": 0, ""shadow_advisory_only"": false, ""sizing_bands"": [[0.75, 0.01], [0.55, 0.005]]}, ""constructor_mapping"": ""load_prod_config_from_registry + BacktestConfig.from_prod_config"", ""runtime_overrides"": {}, ""environment_overrides"": {""TRUST_INTRABAR_TOUCH"": null, ""BACKTEST_ENGINE_GATE"": ""1""}, ""note"": ""CRT process_candle does not consume 38-dim FeaturePipeline vector for guards.""}, ""state_transition"": {""state_before"": ""RANGE"", ""state_after"": ""RANGE"", ""state_changed"": false, ""persistent_state_snapshot_before"": {""current_state"": ""RANGE"", ""current_candle_index"": 74, ""atr"": 1.6657142857142975, ""direction"": ""NONE"", ""ema_fast_val"": 2382.840172971875, ""ema_slow_val"": 2382.203634571811, ""evaluating_soft_conf"": false, ""soft_conf_candles"": 0, ""cached_features"": {}, ""sweep_event"": null, ""active_range"": {""h_ref"": 2382.79, ""l_ref"": 2376.87, ""size"": 5.920000000000073, ""session"": ""UNKNOWN"", ""htf_candle_id"": ""XAUUSD-HTF-000025""}, ""displacement_candle_index"": null, ""retest_candle_index"": null, ""_displacement_entry_idx"": 0, ""_expansion_entry_idx"": 0, ""_came_from_shadow"": false, ""pending_displacement_ttl"": 0, ""active_trade"": null, ""transition_log_len"": 24}, ""persistent_state_snapshot_after"": {""current_state"": ""RANGE"", ""current_candle_index"": 75, ""atr"": 1.6085714285714598, ""direction"": ""NONE"", ""ema_fast_val"": 2382.8467243239584, ""ema_slow_val"": 2382.419089714541, ""evaluating_soft_conf"": false, ""soft_conf_candles"": 0, ""cached_features"": {}, ""sweep_event"": null, ""active_range"": {""h_ref"": 2382.79, ""l_ref"": 2376.87, ""size"": 5.920000000000073, ""session"": ""UNKNOWN"", ""htf_candle_id"": ""XAUUSD-HTF-000025""}, ""displacement_candle_index"": null, ""retest_candle_index"": null, ""_displacement_entry_idx"": 0, ""_expansion_entry_idx"": 0, ""_came_from_shadow"": false, ""pending_displacement_ttl"": 0, ""active_trade"": null, ""transition_log_len"": 24}, ""guards_evaluated"": [{""evaluation_order"": 1, ""guard_id"": ""G_RANGE_SWEEP_DETECT"", ""guard_name"": ""detect_sweep"", ""source_location"": ""crt_engine_v2.CRTEngine.process_candle:RANGE"", ""from_state"": ""RANGE"", ""candidate_to_state"": ""SWEEP"", ""operands"": [{""name"": ""high"", ""runtime_value"": 2383.17, ""source_class"": ""RAW_OHLC"", ""source_name"": ""candle.high"", ""source_location"": ""process_candle:RANGE"", ""feature_id"": ""high"", ""formula_id"": null, ""config_key"": null, ""provenance_status"": ""PROVEN""}, {""name"": ""low"", ""runtime_value"": 2381.47, ""source_class"": ""RAW_OHLC"", ""source_name"": ""candle.low"", ""source_location"": ""process_candle:RANGE"", ""feature_id"": ""low"", ""formula_id"": null, ""config_key"": null, ""provenance_status"": ""PROVEN""}, {""name"": ""close"", ""runtime_value"": 2382.85, ""source_class"": ""RAW_OHLC"", ""source_name"": ""candle.close"", ""source_location"": ""process_candle:RANGE"", ""feature_id"": ""close"", ""formula_id"": null, ""config_key"": null, ""provenance_status"": ""PROVEN""}, {""name"": ""h_ref"", ""runtime_value"": 2382.79, ""source_class"": ""STATE_MEMORY"", ""source_name"": ""active_range.h_ref"", ""source_location"": ""process_candle:RANGE"", ""feature_id"": null, ""formula_id"": null, ""config_key"": null, ""provenance_status"": ""PROVEN""}, {""name"": ""l_ref"", ""runtime_value"": 2376.87, ""source_class"": ""STATE_MEMORY"", ""source_name"": ""active_range.l_ref"", ""source_location"": ""process_candle:RANGE"", ""feature_id"": null, ""formula_id"": null, ""config_key"": null, ""provenance_status"": ""PROVEN""}], ""operator"": ""RangeDetector.detect_sweep(...)"", ""thresholds"": [], ""result"": false, ""short_circuit_status"": ""NO_SWEEP"", ""failure_reason"": ""no_sweep_detected""}], ""selected_transition"": {""transition_selected"": false, ""from_state"": ""RANGE"", ""to_state"": ""RANGE"", ""selection_location"": ""CRTEngine.process_candle"", ""winning_guard_id"": null, ""selection_reason"": ""NONE""}, ""action"": {""candle"": ""2024-05-23T03:15:00"", ""candle_index"": 75, ""state"": ""RANGE"", ""action"": ""NONE"", ""state_after"": ""RANGE""}}, ""outputs"": {""returned_value"": {""candle"": ""2024-05-23T03:15:00"", ""candle_index"": 75, ""state"": ""RANGE"", ""action"": ""NONE"", ""state_after"": ""RANGE""}, ""events_emitted"": [], ""trade_output"": null, ""rejection"": null, ""diversion"": null, ""output_classification"": ""NO_OUTPUT""}, ""integrity"": {""trace_complete"": true, ""raw_bar_complete"": true, ""canonical_feature_complete"": true, ""canonical_feature_count"": 38, ""crt_input_provenance_complete"": true, ""effective_config_complete"": true, ""state_before_captured"": true, ""guards_complete"": true, ""state_after_captured"": true, ""outputs_complete"": true, ""missing_fields"": [], ""unknown_provenance"": [], ""nonfinite_features"": [], ""exceptions"": [], ""warnings"": [], ""status"": ""COMPLETE"", ""evaluated_guard_count"": 1, ""true_guard_count"": 0}}"
"docs\governance\xauusd_crt_transition_trace\xauusd_crt_transition_trace_v1.jsonl","15","{""trace_identity"": {""trace_schema_version"": ""1.0.0"", ""run_id"": ""xauusd-crt-transition-20260714T074256Z-d455dd97"", ""trace_sequence"": 14, ""window_role"": ""POST_CONTEXT"", ""transition_families"": [""RANGE_TO_SWEEP""], ""symbol"": ""XAUUSD"", ""timeframe"": ""M15"", ""bar_index"": 103, ""timestamp"": ""2024-05-23 03:30:00"", ""corpus_path"": ""data/mt5/XAUUSD_M15.csv"", ""corpus_sha256"": ""4d73f5cebe33ec91c5312340337eb62c2cf1f49060c91c42761bf631b26aba56"", ""repository_commit"": ""b48d4d9a7abfb429f2a17c790d4b32083da5dd92"", ""dirty_worktree_status"": ""DIRTY"", ""production_config_path"": ""configs/production/v2_multi_2026_04.json"", ""production_config_sha256"": ""03a3b8aa497d116a3bb32620253a2d1b6ce53737ec10e837d4bc83334f194990"", ""config_id"": ""v2_multi_2026_04"", ""prod_version"": ""v2_multi_2026_04"", ""canonical_schema_hash"": ""1ba02abbafdd0786831181677de547c1"", ""feature_order_hash"": ""235553310100a340"", ""artifact_id"": ""XAUUSD_CRT_TRANSITION_TRACE_V1""}, ""raw_bar"": {""timestamp"": ""2024-05-23 03:30:00"", ""open"": 2382.84, ""high"": 2383.22, ""low"": 2381.16, ""close"": 2381.76, ""volume"": 1113.0}, ""canonical_features"": {""feature_count"": 38, ""feature_names_in_canonical_order"": [""open"", ""high"", ""low"", ""close"", ""volume"", ""volume_ratio"", ""double_sweep"", ""ema_fast"", ""ema_slow"", ""ema_spread"", ""trend_bias"", ""trend_strength"", ""momentum_score"", ""atr"", ""volatility_ratio"", ""rsi_14"", ""macd_line"", ""macd_signal"", ""macd_hist"", ""sweep_detected"", ""liquidity_sweep"", ""break_of_structure"", ""swing_high"", ""swing_low"", ""higher_high"", ""lower_low"", ""body_size"", ""wick_size"", ""body_ratio"", ""volatility_regime"", ""session"", ""hour_of_day"", ""disp_strength"", ""retest_depth"", ""candles_since_retest"", ""liquidity_distance"", ""liquidity_pressure_score"", ""volume_spike""], ""values_by_name"": {""open"": 2382.840087890625, ""high"": 2383.219970703125, ""low"": 2381.159912109375, ""close"": 2381.760009765625, ""volume"": 1113.0, ""volume_ratio"": 0.9904338121414185, ""double_sweep"": 0.0, ""ema_fast"": 2381.85400390625, ""ema_slow"": 2382.617431640625, ""ema_spread"": -1116.9908447265625, ""trend_bias"": -1.0, ""trend_strength"": 0.9717158079147339, ""momentum_score"": -1594.8072509765625, ""atr"": 0.0006834681844338775, ""volatility_ratio"": 1.2654672861099243, ""rsi_14"": 67.90945434570312, ""macd_line"": -1.892639398574829, ""macd_signal"": -3.0243518352508545, ""macd_hist"": 1.297773838043213, ""sweep_detected"": 0.0, ""liquidity_sweep"": 0.0, ""break_of_structure"": 1.0, ""swing_high"": 1.0, ""swing_low"": 0.0, ""higher_high"": 1.0, ""lower_low"": 0.0, ""body_size"": 1.0800000429153442, ""wick_size"": 2.059999942779541, ""body_ratio"": 0.5242718458175659, ""volatility_regime"": 0.0, ""session"": 0.0, ""hour_of_day"": 3.0, ""disp_strength"": 0.6634488701820374, ""retest_depth"": 0.057747021317481995, ""candles_since_retest"": 9.0, ""liquidity_distance"": 0.6634488701820374, ""liquidity_pressure_score"": 0.7176849842071533, ""volume_spike"": 0.0}, ""values_in_canonical_order"": [2382.840087890625, 2383.219970703125, 2381.159912109375, 2381.760009765625, 1113.0, 0.9904338121414185, 0.0, 2381.85400390625, 2382.617431640625, -1116.9908447265625, -1.0, 0.9717158079147339, -1594.8072509765625, 0.0006834681844338775, 1.2654672861099243, 67.90945434570312, -1.892639398574829, -3.0243518352508545, 1.297773838043213, 0.0, 0.0, 1.0, 1.0, 0.0, 1.0, 0.0, 1.0800000429153442, 2.059999942779541, 0.5242718458175659, 0.0, 0.0, 3.0, 0.6634488701820374, 0.057747021317481995, 9.0, 0.6634488701820374, 0.7176849842071533, 0.0], ""schema_hash"": ""1ba02abbafdd0786831181677de547c1"", ""feature_order_hash"": ""235553310100a340"", ""feature_vector_index"": 24, ""lookup_miss"": false, ""consumed_by_crt_guards"": false, ""consumption_note"": ""38-vector not read by process_candle transition guards""}, ""crt_inputs"": {""inputs"": [{""name"": ""high"", ""runtime_value"": 2383.22, ""source_class"": ""RAW_OHLC"", ""source_name"": ""candle.high"", ""source_location"": ""process_candle:RANGE"", ""formula_id"": null, ""feature_id"": ""high"", ""config_key"": null, ""provenance_status"": ""PROVEN""}, {""name"": ""low"", ""runtime_value"": 2381.16, ""source_class"": ""RAW_OHLC"", ""source_name"": ""candle.low"", ""source_location"": ""process_candle:RANGE"", ""formula_id"": null, ""feature_id"": ""low"", ""config_key"": null, ""provenance_status"": ""PROVEN""}, {""name"": ""close"", ""runtime_value"": 2381.76, ""source_class"": ""RAW_OHLC"", ""source_name"": ""candle.close"", ""source_location"": ""process_candle:RANGE"", ""formula_id"": null, ""feature_id"": ""close"", ""config_key"": null, ""provenance_status"": ""PROVEN""}, {""name"": ""h_ref"", ""runtime_value"": 2382.79, ""source_class"": ""STATE_MEMORY"", ""source_name"": ""active_range.h_ref"", ""source_location"": ""process_candle:RANGE"", ""formula_id"": null, ""feature_id"": null, ""config_key"": null, ""provenance_status"": ""PROVEN""}, {""name"": ""l_ref"", ""runtime_value"": 2376.87, ""source_class"": ""STATE_MEMORY"", ""source_name"": ""active_range.l_ref"", ""source_location"": ""process_candle:RANGE"", ""formula_id"": null, ""feature_id"": null, ""config_key"": null, ""provenance_status"": ""PROVEN""}]}, ""effective_config"": {""config_file_path"": ""configs/production/v2_multi_2026_04.json"", ""config_file_sha256"": ""03a3b8aa497d116a3bb32620253a2d1b6ce53737ec10e837d4bc83334f194990"", ""prod_version"": ""v2_multi_2026_04"", ""effective_crt_config"": {""body_ratio_min"": 0.65, ""atr_multiplier_min"": 1.0, ""retest_depth_max"": 0.15, ""atr_period"": 14, ""atr_buffer_multiplier"": 3, ""max_sweep_age_candles"": 20, ""expansion_atr_min_distance"": 0.3, ""retest_atr_depth_fraction"": 0.3, ""retest_min_depth_atr_fraction"": 0.1, ""risk_score_weights"": [0.35, 0.25, 0.2, 0.2], ""score_component_weights"": [0.35, 0.25, 0.2, 0.2], ""max_displacement_strength"": 2.0, ""score_decay_lambda"": 0.05, ""score_threshold"": 0.45, ""max_spread_pct"": 0.05, ""atr_min_displacement"": 1.2, ""confirmation_body_min"": 0.6, ""sl_atr_buffer"": 0.2, ""tp1_atr_multiplier"": 1.0, ""tp2_atr_multiplier"": 2.0, ""exit_model"": ""intrabar_touch"", ""breakout_disp_threshold"": 1.5, ""tp1_atr_multiplier_breakout"": 1.5, ""tp1_atr_multiplier_pullback"": 0.8, ""tp1_atr_multiplier_liq_sweep"": 1.2, ""tp1_atr_multiplier_reversal"": 1.0, ""bitnet_main_threshold"": 0.55, ""use_bitnet"": false, ""session_windows"": {""LONDON"": [""07:00:00"", ""10:00:00""], ""NEWYORK"": [""13:00:00"", ""16:00:00""], ""ASIA"": [""00:00:00"", ""03:00:00""]}, ""allowed_sessions"": [""LONDON"", ""NEWYORK"", ""OVERLAP""], ""retrace_reset_pct"": 0.5, ""extension_reset_fib"": 1.618, ""news_blackout_minutes"": 15, ""conf_alpha"": 0.7, ""conf_beta"": 0.3, ""conf_weights"": [0.35, 0.35, 0.15, 0.15], ""conf_floor"": 0.2, ""weak_link_weight"": 0.3, ""ema_fast"": 2, ""ema_slow"": 5, ""tier_1_threshold"": 0.75, ""tier_2_threshold"": 0.3, ""soft_conf_max_candles"": 3, ""pending_displacement_ttl_candles"": 4, ""max_expansion_age_candles"": 495, ""max_expansion_age_hours"": 124, ""expansion_age_warn_candles"": 342, ""shadow_age_penalty_lambda"": 0.0, ""shadow_age_norm_candles"": 0, ""shadow_advisory_only"": false, ""sizing_bands"": [[0.75, 0.01], [0.55, 0.005]]}, ""constructor_mapping"": ""load_prod_config_from_registry + BacktestConfig.from_prod_config"", ""runtime_overrides"": {}, ""environment_overrides"": {""TRUST_INTRABAR_TOUCH"": null, ""BACKTEST_ENGINE_GATE"": ""1""}, ""note"": ""CRT process_candle does not consume 38-dim FeaturePipeline vector for guards.""}, ""state_transition"": {""state_before"": ""RANGE"", ""state_after"": ""SWEEP"", ""state_changed"": true, ""persistent_state_snapshot_before"": {""current_state"": ""RANGE"", ""current_candle_index"": 75, ""atr"": 1.6085714285714598, ""direction"": ""NONE"", ""ema_fast_val"": 2382.8467243239584, ""ema_slow_val"": 2382.419089714541, ""evaluating_soft_conf"": false, ""soft_conf_candles"": 0, ""cached_features"": {}, ""sweep_event"": null, ""active_range"": {""h_ref"": 2382.79, ""l_ref"": 2376.87, ""size"": 5.920000000000073, ""session"": ""UNKNOWN"", ""htf_candle_id"": ""XAUUSD-HTF-000025""}, ""displacement_candle_index"": null, ""retest_candle_index"": null, ""_displacement_entry_idx"": 0, ""_expansion_entry_idx"": 0, ""_came_from_shadow"": false, ""pending_displacement_ttl"": 0, ""active_trade"": null, ""transition_log_len"": 24}, ""persistent_state_snapshot_after"": {""current_state"": ""SWEEP"", ""current_candle_index"": 76, ""atr"": 1.6278571428571726, ""direction"": ""SHORT"", ""ema_fast_val"": 2382.1222414413196, ""ema_slow_val"": 2382.1993931430275, ""evaluating_soft_conf"": false, ""soft_conf_candles"": 0, ""cached_features"": {}, ""sweep_event"": {""price"": 2383.22, ""direction"": ""SHORT"", ""candle_index"": 76, ""double_confirmed"": false}, ""active_range"": {""h_ref"": 2382.79, ""l_ref"": 2376.87, ""size"": 5.920000000000073, ""session"": ""UNKNOWN"", ""htf_candle_id"": ""XAUUSD-HTF-000025""}, ""displacement_candle_index"": null, ""retest_candle_index"": null, ""_displacement_entry_idx"": 0, ""_expansion_entry_idx"": 0, ""_came_from_shadow"": false, ""pending_displacement_ttl"": 0, ""active_trade"": null, ""transition_log_len"": 25}, ""guards_evaluated"": [{""evaluation_order"": 1, ""guard_id"": ""G_RANGE_SWEEP_DETECT"", ""guard_name"": ""detect_sweep"", ""source_location"": ""crt_engine_v2.CRTEngine.process_candle:RANGE"", ""from_state"": ""RANGE"", ""candidate_to_state"": ""SWEEP"", ""operands"": [{""name"": ""high"", ""runtime_value"": 2383.22, ""source_class"": ""RAW_OHLC"", ""source_name"": ""candle.high"", ""source_location"": ""process_candle:RANGE"", ""feature_id"": ""high"", ""formula_id"": null, ""config_key"": null, ""provenance_status"": ""PROVEN""}, {""name"": ""low"", ""runtime_value"": 2381.16, ""source_class"": ""RAW_OHLC"", ""source_name"": ""candle.low"", ""source_location"": ""process_candle:RANGE"", ""feature_id"": ""low"", ""formula_id"": null, ""config_key"": null, ""provenance_status"": ""PROVEN""}, {""name"": ""close"", ""runtime_value"": 2381.76, ""source_class"": ""RAW_OHLC"", ""source_name"": ""candle.close"", ""source_location"": ""process_candle:RANGE"", ""feature_id"": ""close"", ""formula_id"": null, ""config_key"": null, ""provenance_status"": ""PROVEN""}, {""name"": ""h_ref"", ""runtime_value"": 2382.79, ""source_class"": ""STATE_MEMORY"", ""source_name"": ""active_range.h_ref"", ""source_location"": ""process_candle:RANGE"", ""feature_id"": null, ""formula_id"": null, ""config_key"": null, ""provenance_status"": ""PROVEN""}, {""name"": ""l_ref"", ""runtime_value"": 2376.87, ""source_class"": ""STATE_MEMORY"", ""source_name"": ""active_range.l_ref"", ""source_location"": ""process_candle:RANGE"", ""feature_id"": null, ""formula_id"": null, ""config_key"": null, ""provenance_status"": ""PROVEN""}], ""operator"": ""RangeDetector.detect_sweep(...)"", ""thresholds"": [], ""result"": true, ""short_circuit_status"": ""NONE"", ""failure_reason"": null}], ""selected_transition"": {""transition_selected"": true, ""from_state"": ""RANGE"", ""to_state"": ""SWEEP"", ""selection_location"": ""CRTEngine.process_candle / StateMachine"", ""winning_guard_id"": ""G_RANGE_SWEEP_DETECT"", ""selection_reason"": ""SWEEP_DETECTED""}, ""action"": {""candle"": ""2024-05-23T03:30:00"", ""candle_index"": 76, ""state"": ""RANGE"", ""action"": ""SWEEP_DETECTED"", ""state_after"": ""SWEEP""}}, ""outputs"": {""returned_value"": {""candle"": ""2024-05-23T03:30:00"", ""candle_index"": 76, ""state"": ""RANGE"", ""action"": ""SWEEP_DETECTED"", ""state_after"": ""SWEEP""}, ""events_emitted"": [{""event"": ""SWEEP"", ""timestamp"": ""2024-05-23T03:30:00"", ""candle_index"": 76, ""state_from"": null, ""state_to"": null, ""reason"": null, ""direction"": ""SHORT"", ""price"": 2383.22}, {""event"": ""STATE_TRANSITION"", ""timestamp"": ""2024-05-23T03:30:00"", ""candle_index"": 76, ""state_from"": ""RANGE"", ""state_to"": ""SWEEP"", ""reason"": ""Sweep @ 2383.22000 idx=76"", ""direction"": null, ""price"": null}], ""trade_output"": null, ""rejection"": null, ""diversion"": null, ""output_classification"": ""STATE_EVENT""}, ""integrity"": {""trace_complete"": true, ""raw_bar_complete"": true, ""canonical_feature_complete"": true, ""canonical_feature_count"": 38, ""crt_input_provenance_complete"": true, ""effective_config_complete"": true, ""state_before_captured"": true, ""guards_complete"": true, ""state_after_captured"": true, ""outputs_complete"": true, ""missing_fields"": [], ""unknown_provenance"": [], ""nonfinite_features"": [], ""exceptions"": [], ""warnings"": [], ""status"": ""COMPLETE"", ""evaluated_guard_count"": 1, ""true_guard_count"": 1}}"
"docs\governance\xauusd_crt_transition_trace\xauusd_crt_transition_trace_v1.jsonl","16","{""trace_identity"": {""trace_schema_version"": ""1.0.0"", ""run_id"": ""xauusd-crt-transition-20260714T074256Z-d455dd97"", ""trace_sequence"": 15, ""window_role"": ""POST_CONTEXT"", ""transition_families"": [""RESET_TO_RANGE""], ""symbol"": ""XAUUSD"", ""timeframe"": ""M15"", ""bar_index"": 104, ""timestamp"": ""2024-05-23 03:45:00"", ""corpus_path"": ""data/mt5/XAUUSD_M15.csv"", ""corpus_sha256"": ""4d73f5cebe33ec91c5312340337eb62c2cf1f49060c91c42761bf631b26aba56"", ""repository_commit"": ""b48d4d9a7abfb429f2a17c790d4b32083da5dd92"", ""dirty_worktree_status"": ""DIRTY"", ""production_config_path"": ""configs/production/v2_multi_2026_04.json"", ""production_config_sha256"": ""03a3b8aa497d116a3bb32620253a2d1b6ce53737ec10e837d4bc83334f194990"", ""config_id"": ""v2_multi_2026_04"", ""prod_version"": ""v2_multi_2026_04"", ""canonical_schema_hash"": ""1ba02abbafdd0786831181677de547c1"", ""feature_order_hash"": ""235553310100a340"", ""artifact_id"": ""XAUUSD_CRT_TRANSITION_TRACE_V1""}, ""raw_bar"": {""timestamp"": ""2024-05-23 03:45:00"", ""open"": 2381.76, ""high"": 2381.8, ""low"": 2379.02, ""close"": 2380.4, ""volume"": 1396.0}, ""canonical_features"": {""feature_count"": 38, ""feature_names_in_canonical_order"": [""open"", ""high"", ""low"", ""close"", ""volume"", ""volume_ratio"", ""double_sweep"", ""ema_fast"", ""ema_slow"", ""ema_spread"", ""trend_bias"", ""trend_strength"", ""momentum_score"", ""atr"", ""volatility_ratio"", ""rsi_14"", ""macd_line"", ""macd_signal"", ""macd_hist"", ""sweep_detected"", ""liquidity_sweep"", ""break_of_structure"", ""swing_high"", ""swing_low"", ""higher_high"", ""lower_low"", ""body_size"", ""wick_size"", ""body_ratio"", ""volatility_regime"", ""session"", ""hour_of_day"", ""disp_strength"", ""retest_depth"", ""candles_since_retest"", ""liquidity_distance"", ""liquidity_pressure_score"", ""volume_spike""], ""values_by_name"": {""open"": 2381.760009765625, ""high"": 2381.800048828125, ""low"": 2379.02001953125, ""close"": 2380.39990234375, ""volume"": 1396.0, ""volume_ratio"": 1.3387035131454468, ""double_sweep"": 0.0, ""ema_fast"": 2381.563232421875, ""ema_slow"": 2382.415771484375, ""ema_spread"": -1216.240478515625, ""trend_bias"": -1.0, ""trend_strength"": 1.1767146587371826, ""momentum_score"": -1940.1890869140625, ""atr"": 0.0007009626133367419, ""volatility_ratio"": 1.6660959720611572, ""rsi_14"": 57.40113067626953, ""macd_line"": -1.8596830368041992, ""macd_signal"": -2.7914180755615234, ""macd_hist"": 1.0711126327514648, ""sweep_detected"": 0.0, ""liquidity_sweep"": 0.0, ""break_of_structure"": 0.0, ""swing_high"": 0.0, ""swing_low"": 0.0, ""higher_high"": 0.0, ""lower_low"": 0.0, ""body_size"": 1.3600000143051147, ""wick_size"": 2.7799999713897705, ""body_ratio"": 0.4892086386680603, ""volatility_regime"": 0.0, ""session"": 0.0, ""hour_of_day"": 3.0, ""disp_strength"": 0.8150684833526611, ""retest_depth"": 0.0, ""candles_since_retest"": 10.0, ""liquidity_distance"": 0.16780821979045868, ""liquidity_pressure_score"": 0.9195194840431213, ""volume_spike"": 0.0}, ""values_in_canonical_order"": [2381.760009765625, 2381.800048828125, 2379.02001953125, 2380.39990234375, 1396.0, 1.3387035131454468, 0.0, 2381.563232421875, 2382.415771484375, -1216.240478515625, -1.0, 1.1767146587371826, -1940.1890869140625, 0.0007009626133367419, 1.6660959720611572, 57.40113067626953, -1.8596830368041992, -2.7914180755615234, 1.0711126327514648, 0.0, 0.0, 0.0, 0.0, 0.0, 0.0, 0.0, 1.3600000143051147, 2.7799999713897705, 0.4892086386680603, 0.0, 0.0, 3.0, 0.8150684833526611, 0.0, 10.0, 0.16780821979045868, 0.9195194840431213, 0.0], ""schema_hash"": ""1ba02abbafdd0786831181677de547c1"", ""feature_order_hash"": ""235553310100a340"", ""feature_vector_index"": 25, ""lookup_miss"": false, ""consumed_by_crt_guards"": false, ""consumption_note"": ""38-vector not read by process_candle transition guards""}, ""crt_inputs"": {""inputs"": [{""name"": ""high"", ""runtime_value"": 2381.8, ""source_class"": ""RAW_OHLC"", ""source_name"": ""candle.high"", ""source_location"": ""process_candle:RANGE"", ""formula_id"": null, ""feature_id"": ""high"", ""config_key"": null, ""provenance_status"": ""PROVEN""}, {""name"": ""low"", ""runtime_value"": 2379.02, ""source_class"": ""RAW_OHLC"", ""source_name"": ""candle.low"", ""source_location"": ""process_candle:RANGE"", ""formula_id"": null, ""feature_id"": ""low"", ""config_key"": null, ""provenance_status"": ""PROVEN""}, {""name"": ""close"", ""runtime_value"": 2380.4, ""source_class"": ""RAW_OHLC"", ""source_name"": ""candle.close"", ""source_location"": ""process_candle:RANGE"", ""formula_id"": null, ""feature_id"": ""close"", ""config_key"": null, ""provenance_status"": ""PROVEN""}, {""name"": ""h_ref"", ""runtime_value"": 2383.74, ""source_class"": ""STATE_MEMORY"", ""source_name"": ""active_range.h_ref"", ""source_location"": ""process_candle:RANGE"", ""formula_id"": null, ""feature_id"": null, ""config_key"": null, ""provenance_status"": ""PROVEN""}, {""name"": ""l_ref"", ""runtime_value"": 2377.53, ""source_class"": ""STATE_MEMORY"", ""source_name"": ""active_range.l_ref"", ""source_location"": ""process_candle:RANGE"", ""formula_id"": null, ""feature_id"": null, ""config_key"": null, ""provenance_status"": ""PROVEN""}]}, ""effective_config"": {""config_file_path"": ""configs/production/v2_multi_2026_04.json"", ""config_file_sha256"": ""03a3b8aa497d116a3bb32620253a2d1b6ce53737ec10e837d4bc83334f194990"", ""prod_version"": ""v2_multi_2026_04"", ""effective_crt_config"": {""body_ratio_min"": 0.65, ""atr_multiplier_min"": 1.0, ""retest_depth_max"": 0.15, ""atr_period"": 14, ""atr_buffer_multiplier"": 3, ""max_sweep_age_candles"": 20, ""expansion_atr_min_distance"": 0.3, ""retest_atr_depth_fraction"": 0.3, ""retest_min_depth_atr_fraction"": 0.1, ""risk_score_weights"": [0.35, 0.25, 0.2, 0.2], ""score_component_weights"": [0.35, 0.25, 0.2, 0.2], ""max_displacement_strength"": 2.0, ""score_decay_lambda"": 0.05, ""score_threshold"": 0.45, ""max_spread_pct"": 0.05, ""atr_min_displacement"": 1.2, ""confirmation_body_min"": 0.6, ""sl_atr_buffer"": 0.2, ""tp1_atr_multiplier"": 1.0, ""tp2_atr_multiplier"": 2.0, ""exit_model"": ""intrabar_touch"", ""breakout_disp_threshold"": 1.5, ""tp1_atr_multiplier_breakout"": 1.5, ""tp1_atr_multiplier_pullback"": 0.8, ""tp1_atr_multiplier_liq_sweep"": 1.2, ""tp1_atr_multiplier_reversal"": 1.0, ""bitnet_main_threshold"": 0.55, ""use_bitnet"": false, ""session_windows"": {""LONDON"": [""07:00:00"", ""10:00:00""], ""NEWYORK"": [""13:00:00"", ""16:00:00""], ""ASIA"": [""00:00:00"", ""03:00:00""]}, ""allowed_sessions"": [""LONDON"", ""NEWYORK"", ""OVERLAP""], ""retrace_reset_pct"": 0.5, ""extension_reset_fib"": 1.618, ""news_blackout_minutes"": 15, ""conf_alpha"": 0.7, ""conf_beta"": 0.3, ""conf_weights"": [0.35, 0.35, 0.15, 0.15], ""conf_floor"": 0.2, ""weak_link_weight"": 0.3, ""ema_fast"": 2, ""ema_slow"": 5, ""tier_1_threshold"": 0.75, ""tier_2_threshold"": 0.3, ""soft_conf_max_candles"": 3, ""pending_displacement_ttl_candles"": 4, ""max_expansion_age_candles"": 495, ""max_expansion_age_hours"": 124, ""expansion_age_warn_candles"": 342, ""shadow_age_penalty_lambda"": 0.0, ""shadow_age_norm_candles"": 0, ""shadow_advisory_only"": false, ""sizing_bands"": [[0.75, 0.01], [0.55, 0.005]]}, ""constructor_mapping"": ""load_prod_config_from_registry + BacktestConfig.from_prod_config"", ""runtime_overrides"": {}, ""environment_overrides"": {""TRUST_INTRABAR_TOUCH"": null, ""BACKTEST_ENGINE_GATE"": ""1""}, ""note"": ""CRT process_candle does not consume 38-dim FeaturePipeline vector for guards.""}, ""state_transition"": {""state_before"": ""SWEEP"", ""state_after"": ""RANGE"", ""state_changed"": true, ""persistent_state_snapshot_before"": {""current_state"": ""SWEEP"", ""current_candle_index"": 76, ""atr"": 1.6278571428571726, ""direction"": ""SHORT"", ""ema_fast_val"": 2382.1222414413196, ""ema_slow_val"": 2382.1993931430275, ""evaluating_soft_conf"": false, ""soft_conf_candles"": 0, ""cached_features"": {}, ""sweep_event"": {""price"": 2383.22, ""direction"": ""SHORT"", ""candle_index"": 76, ""double_confirmed"": false}, ""active_range"": {""h_ref"": 2382.79, ""l_ref"": 2376.87, ""size"": 5.920000000000073, ""session"": ""UNKNOWN"", ""htf_candle_id"": ""XAUUSD-HTF-000025""}, ""displacement_candle_index"": null, ""retest_candle_index"": null, ""_displacement_entry_idx"": 0, ""_expansion_entry_idx"": 0, ""_came_from_shadow"": false, ""pending_displacement_ttl"": 0, ""active_trade"": null, ""transition_log_len"": 25}, ""persistent_state_snapshot_after"": {""current_state"": ""RANGE"", ""current_candle_index"": 77, ""atr"": 1.6685714285714701, ""direction"": ""NONE"", ""ema_fast_val"": 2380.97408048044, ""ema_slow_val"": 2381.5995954286855, ""evaluating_soft_conf"": false, ""soft_conf_candles"": 0, ""cached_features"": {}, ""sweep_event"": null, ""active_range"": {""h_ref"": 2383.74, ""l_ref"": 2377.53, ""size"": 6.209999999999582, ""session"": ""UNKNOWN"", ""htf_candle_id"": ""XAUUSD-HTF-000026""}, ""displacement_candle_index"": null, ""retest_candle_index"": null, ""_displacement_entry_idx"": 0, ""_expansion_entry_idx"": 0, ""_came_from_shadow"": false, ""pending_displacement_ttl"": 0, ""active_trade"": null, ""transition_log_len"": 26}, ""guards_evaluated"": [{""evaluation_order"": 1, ""guard_id"": ""G_RANGE_SWEEP_DETECT"", ""guard_name"": ""detect_sweep"", ""source_location"": ""crt_engine_v2.CRTEngine.process_candle:RANGE"", ""from_state"": ""RANGE"", ""candidate_to_state"": ""SWEEP"", ""operands"": [{""name"": ""high"", ""runtime_value"": 2381.8, ""source_class"": ""RAW_OHLC"", ""source_name"": ""candle.high"", ""source_location"": ""process_candle:RANGE"", ""feature_id"": ""high"", ""formula_id"": null, ""config_key"": null, ""provenance_status"": ""PROVEN""}, {""name"": ""low"", ""runtime_value"": 2379.02, ""source_class"": ""RAW_OHLC"", ""source_name"": ""candle.low"", ""source_location"": ""process_candle:RANGE"", ""feature_id"": ""low"", ""formula_id"": null, ""config_key"": null, ""provenance_status"": ""PROVEN""}, {""name"": ""close"", ""runtime_value"": 2380.4, ""source_class"": ""RAW_OHLC"", ""source_name"": ""candle.close"", ""source_location"": ""process_candle:RANGE"", ""feature_id"": ""close"", ""formula_id"": null, ""config_key"": null, ""provenance_status"": ""PROVEN""}, {""name"": ""h_ref"", ""runtime_value"": 2383.74, ""source_class"": ""STATE_MEMORY"", ""source_name"": ""active_range.h_ref"", ""source_location"": ""process_candle:RANGE"", ""feature_id"": null, ""formula_id"": null, ""config_key"": null, ""provenance_status"": ""PROVEN""}, {""name"": ""l_ref"", ""runtime_value"": 2377.53, ""source_class"": ""STATE_MEMORY"", ""source_name"": ""active_range.l_ref"", ""source_location"": ""process_candle:RANGE"", ""feature_id"": null, ""formula_id"": null, ""config_key"": null, ""provenance_status"": ""PROVEN""}], ""operator"": ""RangeDetector.detect_sweep(...)"", ""thresholds"": [], ""result"": false, ""short_circuit_status"": ""NO_SWEEP"", ""failure_reason"": ""no_sweep_detected""}], ""selected_transition"": {""transition_selected"": true, ""from_state"": ""SWEEP"", ""to_state"": ""RANGE"", ""selection_location"": ""CRTEngine.process_candle / StateMachine"", ""winning_guard_id"": null, ""selection_reason"": ""RESET""}, ""action"": {""candle"": ""2024-05-23T03:45:00"", ""candle_index"": 77, ""state"": ""SWEEP"", ""action"": ""RESET"", ""reason"": ""HTF changed: XAUUSD-HTF-000025 → XAUUSD-HTF-000026"", ""state_after"": ""RANGE""}}, ""outputs"": {""returned_value"": {""candle"": ""2024-05-23T03:45:00"", ""candle_index"": 77, ""state"": ""SWEEP"", ""action"": ""RESET"", ""reason"": ""HTF changed: XAUUSD-HTF-000025 → XAUUSD-HTF-000026"", ""state_after"": ""RANGE""}, ""events_emitted"": [{""event"": ""RESET"", ""timestamp"": ""2024-05-23T03:45:00"", ""candle_index"": 77, ""state_from"": ""SWEEP"", ""state_to"": ""RANGE"", ""reason"": ""HTF changed: XAUUSD-HTF-000025 → XAUUSD-HTF-000026"", ""direction"": null, ""price"": null}], ""trade_output"": null, ""rejection"": null, ""diversion"": {""candle"": ""2024-05-23T03:45:00"", ""candle_index"": 77, ""state"": ""SWEEP"", ""action"": ""RESET"", ""reason"": ""HTF changed: XAUUSD-HTF-000025 → XAUUSD-HTF-000026"", ""state_after"": ""RANGE""}, ""output_classification"": ""DIVERTED""}, ""integrity"": {""trace_complete"": true, ""raw_bar_complete"": true, ""canonical_feature_complete"": true, ""canonical_feature_count"": 38, ""crt_input_provenance_complete"": true, ""effective_config_complete"": true, ""state_before_captured"": true, ""guards_complete"": true, ""state_after_captured"": true, ""outputs_complete"": true, ""missing_fields"": [], ""unknown_provenance"": [], ""nonfinite_features"": [], ""exceptions"": [], ""warnings"": [], ""status"": ""COMPLETE"", ""evaluated_guard_count"": 1, ""true_guard_count"": 0}}"
"docs\governance\xauusd_crt_transition_trace\xauusd_crt_transition_trace_v1.jsonl","17","{""trace_identity"": {""trace_schema_version"": ""1.0.0"", ""run_id"": ""xauusd-crt-transition-20260714T074256Z-d455dd97"", ""trace_sequence"": 16, ""window_role"": ""POST_CONTEXT"", ""transition_families"": [], ""symbol"": ""XAUUSD"", ""timeframe"": ""M15"", ""bar_index"": 105, ""timestamp"": ""2024-05-23 04:00:00"", ""corpus_path"": ""data/mt5/XAUUSD_M15.csv"", ""corpus_sha256"": ""4d73f5cebe33ec91c5312340337eb62c2cf1f49060c91c42761bf631b26aba56"", ""repository_commit"": ""b48d4d9a7abfb429f2a17c790d4b32083da5dd92"", ""dirty_worktree_status"": ""DIRTY"", ""production_config_path"": ""configs/production/v2_multi_2026_04.json"", ""production_config_sha256"": ""03a3b8aa497d116a3bb32620253a2d1b6ce53737ec10e837d4bc83334f194990"", ""config_id"": ""v2_multi_2026_04"", ""prod_version"": ""v2_multi_2026_04"", ""canonical_schema_hash"": ""1ba02abbafdd0786831181677de547c1"", ""feature_order_hash"": ""235553310100a340"", ""artifact_id"": ""XAUUSD_CRT_TRANSITION_TRACE_V1""}, ""raw_bar"": {""timestamp"": ""2024-05-23 04:00:00"", ""open"": 2380.4, ""high"": 2381.98, ""low"": 2375.03, ""close"": 2375.62, ""volume"": 2900.0}, ""canonical_features"": {""feature_count"": 38, ""feature_names_in_canonical_order"": [""open"", ""high"", ""low"", ""close"", ""volume"", ""volume_ratio"", ""double_sweep"", ""ema_fast"", ""ema_slow"", ""ema_spread"", ""trend_bias"", ""trend_strength"", ""momentum_score"", ""atr"", ""volatility_ratio"", ""rsi_14"", ""macd_line"", ""macd_signal"", ""macd_hist"", ""sweep_detected"", ""liquidity_sweep"", ""break_of_structure"", ""swing_high"", ""swing_low"", ""higher_high"", ""lower_low"", ""body_size"", ""wick_size"", ""body_ratio"", ""volatility_regime"", ""session"", ""hour_of_day"", ""disp_strength"", ""retest_depth"", ""candles_since_retest"", ""liquidity_distance"", ""liquidity_pressure_score"", ""volume_spike""], ""values_by_name"": {""open"": 2380.39990234375, ""high"": 2381.97998046875, ""low"": 2375.030029296875, ""close"": 2375.6201171875, ""volume"": 2900.0, ""volume_ratio"": 2.682328939437866, ""double_sweep"": 0.0, ""ema_fast"": 2380.37451171875, ""ema_slow"": 2381.798095703125, ""ema_spread"": -1661.281494140625, ""trend_bias"": -1.0, ""trend_strength"": 1.3103492259979248, ""momentum_score"": -5578.12255859375, ""atr"": 0.000856919155921787, ""volatility_ratio"": 3.4140350818634033, ""rsi_14"": 39.379844665527344, ""macd_line"": -2.1939799785614014, ""macd_signal"": -2.6719305515289307, ""macd_hist"": 0.6146544218063354, ""sweep_detected"": 0.0, ""liquidity_sweep"": 0.0, ""break_of_structure"": -1.0, ""swing_high"": 0.0, ""swing_low"": 0.0, ""higher_high"": 0.0, ""lower_low"": 1.0, ""body_size"": 4.78000020980835, ""wick_size"": 6.949999809265137, ""body_ratio"": 0.6877697706222534, ""volatility_regime"": 0.0, ""session"": 0.0, ""hour_of_day"": 4.0, ""disp_strength"": 2.3480701446533203, ""retest_depth"": 0.0, ""candles_since_retest"": 11.0, ""liquidity_distance"": 0.9382455945014954, ""liquidity_pressure_score"": 0.6255507469177246, ""volume_spike"": 1.0}, ""values_in_canonical_order"": [2380.39990234375, 2381.97998046875, 2375.030029296875, 2375.6201171875, 2900.0, 2.682328939437866, 0.0, 2380.37451171875, 2381.798095703125, -1661.281494140625, -1.0, 1.3103492259979248, -5578.12255859375, 0.000856919155921787, 3.4140350818634033, 39.379844665527344, -2.1939799785614014, -2.6719305515289307, 0.6146544218063354, 0.0, 0.0, -1.0, 0.0, 0.0, 0.0, 1.0, 4.78000020980835, 6.949999809265137, 0.6877697706222534, 0.0, 0.0, 4.0, 2.3480701446533203, 0.0, 11.0, 0.9382455945014954, 0.6255507469177246, 1.0], ""schema_hash"": ""1ba02abbafdd0786831181677de547c1"", ""feature_order_hash"": ""235553310100a340"", ""feature_vector_index"": 26, ""lookup_miss"": false, ""consumed_by_crt_guards"": false, ""consumption_note"": ""38-vector not read by process_candle transition guards""}, ""crt_inputs"": {""inputs"": [{""name"": ""high"", ""runtime_value"": 2381.98, ""source_class"": ""RAW_OHLC"", ""source_name"": ""candle.high"", ""source_location"": ""process_candle:RANGE"", ""formula_id"": null, ""feature_id"": ""high"", ""config_key"": null, ""provenance_status"": ""PROVEN""}, {""name"": ""low"", ""runtime_value"": 2375.03, ""source_class"": ""RAW_OHLC"", ""source_name"": ""candle.low"", ""source_location"": ""process_candle:RANGE"", ""formula_id"": null, ""feature_id"": ""low"", ""config_key"": null, ""provenance_status"": ""PROVEN""}, {""name"": ""close"", ""runtime_value"": 2375.62, ""source_class"": ""RAW_OHLC"", ""source_name"": ""candle.close"", ""source_location"": ""process_candle:RANGE"", ""formula_id"": null, ""feature_id"": ""close"", ""config_key"": null, ""provenance_status"": ""PROVEN""}, {""name"": ""h_ref"", ""runtime_value"": 2383.74, ""source_class"": ""STATE_MEMORY"", ""source_name"": ""active_range.h_ref"", ""source_location"": ""process_candle:RANGE"", ""formula_id"": null, ""feature_id"": null, ""config_key"": null, ""provenance_status"": ""PROVEN""}, {""name"": ""l_ref"", ""runtime_value"": 2377.53, ""source_class"": ""STATE_MEMORY"", ""source_name"": ""active_range.l_ref"", ""source_location"": ""process_candle:RANGE"", ""formula_id"": null, ""feature_id"": null, ""config_key"": null, ""provenance_status"": ""PROVEN""}]}, ""effective_config"": {""config_file_path"": ""configs/production/v2_multi_2026_04.json"", ""config_file_sha256"": ""03a3b8aa497d116a3bb32620253a2d1b6ce53737ec10e837d4bc83334f194990"", ""prod_version"": ""v2_multi_2026_04"", ""effective_crt_config"": {""body_ratio_min"": 0.65, ""atr_multiplier_min"": 1.0, ""retest_depth_max"": 0.15, ""atr_period"": 14, ""atr_buffer_multiplier"": 3, ""max_sweep_age_candles"": 20, ""expansion_atr_min_distance"": 0.3, ""retest_atr_depth_fraction"": 0.3, ""retest_min_depth_atr_fraction"": 0.1, ""risk_score_weights"": [0.35, 0.25, 0.2, 0.2], ""score_component_weights"": [0.35, 0.25, 0.2, 0.2], ""max_displacement_strength"": 2.0, ""score_decay_lambda"": 0.05, ""score_threshold"": 0.45, ""max_spread_pct"": 0.05, ""atr_min_displacement"": 1.2, ""confirmation_body_min"": 0.6, ""sl_atr_buffer"": 0.2, ""tp1_atr_multiplier"": 1.0, ""tp2_atr_multiplier"": 2.0, ""exit_model"": ""intrabar_touch"", ""breakout_disp_threshold"": 1.5, ""tp1_atr_multiplier_breakout"": 1.5, ""tp1_atr_multiplier_pullback"": 0.8, ""tp1_atr_multiplier_liq_sweep"": 1.2, ""tp1_atr_multiplier_reversal"": 1.0, ""bitnet_main_threshold"": 0.55, ""use_bitnet"": false, ""session_windows"": {""LONDON"": [""07:00:00"", ""10:00:00""], ""NEWYORK"": [""13:00:00"", ""16:00:00""], ""ASIA"": [""00:00:00"", ""03:00:00""]}, ""allowed_sessions"": [""LONDON"", ""NEWYORK"", ""OVERLAP""], ""retrace_reset_pct"": 0.5, ""extension_reset_fib"": 1.618, ""news_blackout_minutes"": 15, ""conf_alpha"": 0.7, ""conf_beta"": 0.3, ""conf_weights"": [0.35, 0.35, 0.15, 0.15], ""conf_floor"": 0.2, ""weak_link_weight"": 0.3, ""ema_fast"": 2, ""ema_slow"": 5, ""tier_1_threshold"": 0.75, ""tier_2_threshold"": 0.3, ""soft_conf_max_candles"": 3, ""pending_displacement_ttl_candles"": 4, ""max_expansion_age_candles"": 495, ""max_expansion_age_hours"": 124, ""expansion_age_warn_candles"": 342, ""shadow_age_penalty_lambda"": 0.0, ""shadow_age_norm_candles"": 0, ""shadow_advisory_only"": false, ""sizing_bands"": [[0.75, 0.01], [0.55, 0.005]]}, ""constructor_mapping"": ""load_prod_config_from_registry + BacktestConfig.from_prod_config"", ""runtime_overrides"": {}, ""environment_overrides"": {""TRUST_INTRABAR_TOUCH"": null, ""BACKTEST_ENGINE_GATE"": ""1""}, ""note"": ""CRT process_candle does not consume 38-dim FeaturePipeline vector for guards.""}, ""state_transition"": {""state_before"": ""RANGE"", ""state_after"": ""RANGE"", ""state_changed"": false, ""persistent_state_snapshot_before"": {""current_state"": ""RANGE"", ""current_candle_index"": 77, ""atr"": 1.6685714285714701, ""direction"": ""NONE"", ""ema_fast_val"": 2380.97408048044, ""ema_slow_val"": 2381.5995954286855, ""evaluating_soft_conf"": false, ""soft_conf_candles"": 0, ""cached_features"": {}, ""sweep_event"": null, ""active_range"": {""h_ref"": 2383.74, ""l_ref"": 2377.53, ""size"": 6.209999999999582, ""session"": ""UNKNOWN"", ""htf_candle_id"": ""XAUUSD-HTF-000026""}, ""displacement_candle_index"": null, ""retest_candle_index"": null, ""_displacement_entry_idx"": 0, ""_expansion_entry_idx"": 0, ""_came_from_shadow"": false, ""pending_displacement_ttl"": 0, ""active_trade"": null, ""transition_log_len"": 26}, ""persistent_state_snapshot_after"": {""current_state"": ""RANGE"", ""current_candle_index"": 78, ""atr"": 2.035714285714318, ""direction"": ""NONE"", ""ema_fast_val"": 2377.40469349348, ""ema_slow_val"": 2379.606396952457, ""evaluating_soft_conf"": false, ""soft_conf_candles"": 0, ""cached_features"": {}, ""sweep_event"": null, ""active_range"": {""h_ref"": 2383.74, ""l_ref"": 2377.53, ""size"": 6.209999999999582, ""session"": ""UNKNOWN"", ""htf_candle_id"": ""XAUUSD-HTF-000026""}, ""displacement_candle_index"": null, ""retest_candle_index"": null, ""_displacement_entry_idx"": 0, ""_expansion_entry_idx"": 0, ""_came_from_shadow"": false, ""pending_displacement_ttl"": 0, ""active_trade"": null, ""transition_log_len"": 26}, ""guards_evaluated"": [{""evaluation_order"": 1, ""guard_id"": ""G_RANGE_SWEEP_DETECT"", ""guard_name"": ""detect_sweep"", ""source_location"": ""crt_engine_v2.CRTEngine.process_candle:RANGE"", ""from_state"": ""RANGE"", ""candidate_to_state"": ""SWEEP"", ""operands"": [{""name"": ""high"", ""runtime_value"": 2381.98, ""source_class"": ""RAW_OHLC"", ""source_name"": ""candle.high"", ""source_location"": ""process_candle:RANGE"", ""feature_id"": ""high"", ""formula_id"": null, ""config_key"": null, ""provenance_status"": ""PROVEN""}, {""name"": ""low"", ""runtime_value"": 2375.03, ""source_class"": ""RAW_OHLC"", ""source_name"": ""candle.low"", ""source_location"": ""process_candle:RANGE"", ""feature_id"": ""low"", ""formula_id"": null, ""config_key"": null, ""provenance_status"": ""PROVEN""}, {""name"": ""close"", ""runtime_value"": 2375.62, ""source_class"": ""RAW_OHLC"", ""source_name"": ""candle.close"", ""source_location"": ""process_candle:RANGE"", ""feature_id"": ""close"", ""formula_id"": null, ""config_key"": null, ""provenance_status"": ""PROVEN""}, {""name"": ""h_ref"", ""runtime_value"": 2383.74, ""source_class"": ""STATE_MEMORY"", ""source_name"": ""active_range.h_ref"", ""source_location"": ""process_candle:RANGE"", ""feature_id"": null, ""formula_id"": null, ""config_key"": null, ""provenance_status"": ""PROVEN""}, {""name"": ""l_ref"", ""runtime_value"": 2377.53, ""source_class"": ""STATE_MEMORY"", ""source_name"": ""active_range.l_ref"", ""source_location"": ""process_candle:RANGE"", ""feature_id"": null, ""formula_id"": null, ""config_key"": null, ""provenance_status"": ""PROVEN""}], ""operator"": ""RangeDetector.detect_sweep(...)"", ""thresholds"": [], ""result"": false, ""short_circuit_status"": ""NO_SWEEP"", ""failure_reason"": ""no_sweep_detected""}], ""selected_transition"": {""transition_selected"": false, ""from_state"": ""RANGE"", ""to_state"": ""RANGE"", ""selection_location"": ""CRTEngine.process_candle"", ""winning_guard_id"": null, ""selection_reason"": ""NONE""}, ""action"": {""candle"": ""2024-05-23T04:00:00"", ""candle_index"": 78, ""state"": ""RANGE"", ""action"": ""NONE"", ""state_after"": ""RANGE""}}, ""outputs"": {""returned_value"": {""candle"": ""2024-05-23T04:00:00"", ""candle_index"": 78, ""state"": ""RANGE"", ""action"": ""NONE"", ""state_after"": ""RANGE""}, ""events_emitted"": [], ""trade_output"": null, ""rejection"": null, ""diversion"": null, ""output_classification"": ""NO_OUTPUT""}, ""integrity"": {""trace_complete"": true, ""raw_bar_complete"": true, ""canonical_feature_complete"": true, ""canonical_feature_count"": 38, ""crt_input_provenance_complete"": true, ""effective_config_complete"": true, ""state_before_captured"": true, ""guards_complete"": true, ""state_after_captured"": true, ""outputs_complete"": true, ""missing_fields"": [], ""unknown_provenance"": [], ""nonfinite_features"": [], ""exceptions"": [], ""warnings"": [], ""status"": ""COMPLETE"", ""evaluated_guard_count"": 1, ""true_guard_count"": 0}}"
"docs\governance\xauusd_crt_transition_trace\xauusd_crt_transition_trace_v1.jsonl","18","{""trace_identity"": {""trace_schema_version"": ""1.0.0"", ""run_id"": ""xauusd-crt-transition-20260714T074256Z-d455dd97"", ""trace_sequence"": 17, ""window_role"": ""POST_CONTEXT"", ""transition_families"": [], ""symbol"": ""XAUUSD"", ""timeframe"": ""M15"", ""bar_index"": 106, ""timestamp"": ""2024-05-23 04:15:00"", ""corpus_path"": ""data/mt5/XAUUSD_M15.csv"", ""corpus_sha256"": ""4d73f5cebe33ec91c5312340337eb62c2cf1f49060c91c42761bf631b26aba56"", ""repository_commit"": ""b48d4d9a7abfb429f2a17c790d4b32083da5dd92"", ""dirty_worktree_status"": ""DIRTY"", ""production_config_path"": ""configs/production/v2_multi_2026_04.json"", ""production_config_sha256"": ""03a3b8aa497d116a3bb32620253a2d1b6ce53737ec10e837d4bc83334f194990"", ""config_id"": ""v2_multi_2026_04"", ""prod_version"": ""v2_multi_2026_04"", ""canonical_schema_hash"": ""1ba02abbafdd0786831181677de547c1"", ""feature_order_hash"": ""235553310100a340"", ""artifact_id"": ""XAUUSD_CRT_TRANSITION_TRACE_V1""}, ""raw_bar"": {""timestamp"": ""2024-05-23 04:15:00"", ""open"": 2375.52, ""high"": 2377.89, ""low"": 2369.11, ""close"": 2371.38, ""volume"": 3375.0}, ""canonical_features"": {""feature_count"": 38, ""feature_names_in_canonical_order"": [""open"", ""high"", ""low"", ""close"", ""volume"", ""volume_ratio"", ""double_sweep"", ""ema_fast"", ""ema_slow"", ""ema_spread"", ""trend_bias"", ""trend_strength"", ""momentum_score"", ""atr"", ""volatility_ratio"", ""rsi_14"", ""macd_line"", ""macd_signal"", ""macd_hist"", ""sweep_detected"", ""liquidity_sweep"", ""break_of_structure"", ""swing_high"", ""swing_low"", ""higher_high"", ""lower_low"", ""body_size"", ""wick_size"", ""body_ratio"", ""volatility_regime"", ""session"", ""hour_of_day"", ""disp_strength"", ""retest_depth"", ""candles_since_retest"", ""liquidity_distance"", ""liquidity_pressure_score"", ""volume_spike""], ""values_by_name"": {""open"": 2375.52001953125, ""high"": 2377.889892578125, ""low"": 2369.110107421875, ""close"": 2371.3798828125, ""volume"": 3375.0, ""volume_ratio"": 2.9001073837280273, ""double_sweep"": 0.0, ""ema_fast"": 2378.57568359375, ""ema_slow"": 2380.850830078125, ""ema_spread"": -2112.820068359375, ""trend_bias"": -1.0, ""trend_strength"": 1.3736763000488281, ""momentum_score"": -3937.48583984375, ""atr"": 0.0010768292704597116, ""volatility_ratio"": 3.438321828842163, ""rsi_14"": 28.723403930664062, ""macd_line"": -2.769124746322632, ""macd_signal"": -2.6913692951202393, ""macd_hist"": 0.07120271027088165, ""sweep_detected"": 0.0, ""liquidity_sweep"": 0.0, ""break_of_structure"": -1.0, ""swing_high"": 0.0, ""swing_low"": 0.0, ""higher_high"": 0.0, ""lower_low"": 1.0, ""body_size"": 4.139999866485596, ""wick_size"": 8.779999732971191, ""body_ratio"": 0.47152620553970337, ""volatility_regime"": 0.0, ""session"": 0.0, ""hour_of_day"": 4.0, ""disp_strength"": 1.6212587356567383, ""retest_depth"": 0.0, ""candles_since_retest"": 12.0, ""liquidity_distance"": 2.4083917140960693, ""liquidity_pressure_score"": 0.2999331057071686, ""volume_spike"": 1.0}, ""values_in_canonical_order"": [2375.52001953125, 2377.889892578125, 2369.110107421875, 2371.3798828125, 3375.0, 2.9001073837280273, 0.0, 2378.57568359375, 2380.850830078125, -2112.820068359375, -1.0, 1.3736763000488281, -3937.48583984375, 0.0010768292704597116, 3.438321828842163, 28.723403930664062, -2.769124746322632, -2.6913692951202393, 0.07120271027088165, 0.0, 0.0, -1.0, 0.0, 0.0, 0.0, 1.0, 4.139999866485596, 8.779999732971191, 0.47152620553970337, 0.0, 0.0, 4.0, 1.6212587356567383, 0.0, 12.0, 2.4083917140960693, 0.2999331057071686, 1.0], ""schema_hash"": ""1ba02abbafdd0786831181677de547c1"", ""feature_order_hash"": ""235553310100a340"", ""feature_vector_index"": 27, ""lookup_miss"": false, ""consumed_by_crt_guards"": false, ""consumption_note"": ""38-vector not read by process_candle transition guards""}, ""crt_inputs"": {""inputs"": [{""name"": ""high"", ""runtime_value"": 2377.89, ""source_class"": ""RAW_OHLC"", ""source_name"": ""candle.high"", ""source_location"": ""process_candle:RANGE"", ""formula_id"": null, ""feature_id"": ""high"", ""config_key"": null, ""provenance_status"": ""PROVEN""}, {""name"": ""low"", ""runtime_value"": 2369.11, ""source_class"": ""RAW_OHLC"", ""source_name"": ""candle.low"", ""source_location"": ""process_candle:RANGE"", ""formula_id"": null, ""feature_id"": ""low"", ""config_key"": null, ""provenance_status"": ""PROVEN""}, {""name"": ""close"", ""runtime_value"": 2371.38, ""source_class"": ""RAW_OHLC"", ""source_name"": ""candle.close"", ""source_location"": ""process_candle:RANGE"", ""formula_id"": null, ""feature_id"": ""close"", ""config_key"": null, ""provenance_status"": ""PROVEN""}, {""name"": ""h_ref"", ""runtime_value"": 2383.74, ""source_class"": ""STATE_MEMORY"", ""source_name"": ""active_range.h_ref"", ""source_location"": ""process_candle:RANGE"", ""formula_id"": null, ""feature_id"": null, ""config_key"": null, ""provenance_status"": ""PROVEN""}, {""name"": ""l_ref"", ""runtime_value"": 2377.53, ""source_class"": ""STATE_MEMORY"", ""source_name"": ""active_range.l_ref"", ""source_location"": ""process_candle:RANGE"", ""formula_id"": null, ""feature_id"": null, ""config_key"": null, ""provenance_status"": ""PROVEN""}]}, ""effective_config"": {""config_file_path"": ""configs/production/v2_multi_2026_04.json"", ""config_file_sha256"": ""03a3b8aa497d116a3bb32620253a2d1b6ce53737ec10e837d4bc83334f194990"", ""prod_version"": ""v2_multi_2026_04"", ""effective_crt_config"": {""body_ratio_min"": 0.65, ""atr_multiplier_min"": 1.0, ""retest_depth_max"": 0.15, ""atr_period"": 14, ""atr_buffer_multiplier"": 3, ""max_sweep_age_candles"": 20, ""expansion_atr_min_distance"": 0.3, ""retest_atr_depth_fraction"": 0.3, ""retest_min_depth_atr_fraction"": 0.1, ""risk_score_weights"": [0.35, 0.25, 0.2, 0.2], ""score_component_weights"": [0.35, 0.25, 0.2, 0.2], ""max_displacement_strength"": 2.0, ""score_decay_lambda"": 0.05, ""score_threshold"": 0.45, ""max_spread_pct"": 0.05, ""atr_min_displacement"": 1.2, ""confirmation_body_min"": 0.6, ""sl_atr_buffer"": 0.2, ""tp1_atr_multiplier"": 1.0, ""tp2_atr_multiplier"": 2.0, ""exit_model"": ""intrabar_touch"", ""breakout_disp_threshold"": 1.5, ""tp1_atr_multiplier_breakout"": 1.5, ""tp1_atr_multiplier_pullback"": 0.8, ""tp1_atr_multiplier_liq_sweep"": 1.2, ""tp1_atr_multiplier_reversal"": 1.0, ""bitnet_main_threshold"": 0.55, ""use_bitnet"": false, ""session_windows"": {""LONDON"": [""07:00:00"", ""10:00:00""], ""NEWYORK"": [""13:00:00"", ""16:00:00""], ""ASIA"": [""00:00:00"", ""03:00:00""]}, ""allowed_sessions"": [""LONDON"", ""NEWYORK"", ""OVERLAP""], ""retrace_reset_pct"": 0.5, ""extension_reset_fib"": 1.618, ""news_blackout_minutes"": 15, ""conf_alpha"": 0.7, ""conf_beta"": 0.3, ""conf_weights"": [0.35, 0.35, 0.15, 0.15], ""conf_floor"": 0.2, ""weak_link_weight"": 0.3, ""ema_fast"": 2, ""ema_slow"": 5, ""tier_1_threshold"": 0.75, ""tier_2_threshold"": 0.3, ""soft_conf_max_candles"": 3, ""pending_displacement_ttl_candles"": 4, ""max_expansion_age_candles"": 495, ""max_expansion_age_hours"": 124, ""expansion_age_warn_candles"": 342, ""shadow_age_penalty_lambda"": 0.0, ""shadow_age_norm_candles"": 0, ""shadow_advisory_only"": false, ""sizing_bands"": [[0.75, 0.01], [0.55, 0.005]]}, ""constructor_mapping"": ""load_prod_config_from_registry + BacktestConfig.from_prod_config"", ""runtime_overrides"": {}, ""environment_overrides"": {""TRUST_INTRABAR_TOUCH"": null, ""BACKTEST_ENGINE_GATE"": ""1""}, ""note"": ""CRT process_candle does not consume 38-dim FeaturePipeline vector for guards.""}, ""state_transition"": {""state_before"": ""RANGE"", ""state_after"": ""RANGE"", ""state_changed"": false, ""persistent_state_snapshot_before"": {""current_state"": ""RANGE"", ""current_candle_index"": 78, ""atr"": 2.035714285714318, ""direction"": ""NONE"", ""ema_fast_val"": 2377.40469349348, ""ema_slow_val"": 2379.606396952457, ""evaluating_soft_conf"": false, ""soft_conf_candles"": 0, ""cached_features"": {}, ""sweep_event"": null, ""active_range"": {""h_ref"": 2383.74, ""l_ref"": 2377.53, ""size"": 6.209999999999582, ""session"": ""UNKNOWN"", ""htf_candle_id"": ""XAUUSD-HTF-000026""}, ""displacement_candle_index"": null, ""retest_candle_index"": null, ""_displacement_entry_idx"": 0, ""_expansion_entry_idx"": 0, ""_came_from_shadow"": false, ""pending_displacement_ttl"": 0, ""active_trade"": null, ""transition_log_len"": 26}, ""persistent_state_snapshot_after"": {""current_state"": ""RANGE"", ""current_candle_index"": 79, ""atr"": 2.5535714285714612, ""direction"": ""NONE"", ""ema_fast_val"": 2373.3882311644934, ""ema_slow_val"": 2376.8642646349717, ""evaluating_soft_conf"": false, ""soft_conf_candles"": 0, ""cached_features"": {}, ""sweep_event"": null, ""active_range"": {""h_ref"": 2383.74, ""l_ref"": 2377.53, ""size"": 6.209999999999582, ""session"": ""UNKNOWN"", ""htf_candle_id"": ""XAUUSD-HTF-000026""}, ""displacement_candle_index"": null, ""retest_candle_index"": null, ""_displacement_entry_idx"": 0, ""_expansion_entry_idx"": 0, ""_came_from_shadow"": false, ""pending_displacement_ttl"": 0, ""active_trade"": null, ""transition_log_len"": 26}, ""guards_evaluated"": [{""evaluation_order"": 1, ""guard_id"": ""G_RANGE_SWEEP_DETECT"", ""guard_name"": ""detect_sweep"", ""source_location"": ""crt_engine_v2.CRTEngine.process_candle:RANGE"", ""from_state"": ""RANGE"", ""candidate_to_state"": ""SWEEP"", ""operands"": [{""name"": ""high"", ""runtime_value"": 2377.89, ""source_class"": ""RAW_OHLC"", ""source_name"": ""candle.high"", ""source_location"": ""process_candle:RANGE"", ""feature_id"": ""high"", ""formula_id"": null, ""config_key"": null, ""provenance_status"": ""PROVEN""}, {""name"": ""low"", ""runtime_value"": 2369.11, ""source_class"": ""RAW_OHLC"", ""source_name"": ""candle.low"", ""source_location"": ""process_candle:RANGE"", ""feature_id"": ""low"", ""formula_id"": null, ""config_key"": null, ""provenance_status"": ""PROVEN""}, {""name"": ""close"", ""runtime_value"": 2371.38, ""source_class"": ""RAW_OHLC"", ""source_name"": ""candle.close"", ""source_location"": ""process_candle:RANGE"", ""feature_id"": ""close"", ""formula_id"": null, ""config_key"": null, ""provenance_status"": ""PROVEN""}, {""name"": ""h_ref"", ""runtime_value"": 2383.74, ""source_class"": ""STATE_MEMORY"", ""source_name"": ""active_range.h_ref"", ""source_location"": ""process_candle:RANGE"", ""feature_id"": null, ""formula_id"": null, ""config_key"": null, ""provenance_status"": ""PROVEN""}, {""name"": ""l_ref"", ""runtime_value"": 2377.53, ""source_class"": ""STATE_MEMORY"", ""source_name"": ""active_range.l_ref"", ""source_location"": ""process_candle:RANGE"", ""feature_id"": null, ""formula_id"": null, ""config_key"": null, ""provenance_status"": ""PROVEN""}], ""operator"": ""RangeDetector.detect_sweep(...)"", ""thresholds"": [], ""result"": false, ""short_circuit_status"": ""NO_SWEEP"", ""failure_reason"": ""no_sweep_detected""}], ""selected_transition"": {""transition_selected"": false, ""from_state"": ""RANGE"", ""to_state"": ""RANGE"", ""selection_location"": ""CRTEngine.process_candle"", ""winning_guard_id"": null, ""selection_reason"": ""NONE""}, ""action"": {""candle"": ""2024-05-23T04:15:00"", ""candle_index"": 79, ""state"": ""RANGE"", ""action"": ""NONE"", ""state_after"": ""RANGE""}}, ""outputs"": {""returned_value"": {""candle"": ""2024-05-23T04:15:00"", ""candle_index"": 79, ""state"": ""RANGE"", ""action"": ""NONE"", ""state_after"": ""RANGE""}, ""events_emitted"": [], ""trade_output"": null, ""rejection"": null, ""diversion"": null, ""output_classification"": ""NO_OUTPUT""}, ""integrity"": {""trace_complete"": true, ""raw_bar_complete"": true, ""canonical_feature_complete"": true, ""canonical_feature_count"": 38, ""crt_input_provenance_complete"": true, ""effective_config_complete"": true, ""state_before_captured"": true, ""guards_complete"": true, ""state_after_captured"": true, ""outputs_complete"": true, ""missing_fields"": [], ""unknown_provenance"": [], ""nonfinite_features"": [], ""exceptions"": [], ""warnings"": [], ""status"": ""COMPLETE"", ""evaluated_guard_count"": 1, ""true_guard_count"": 0}}"
"docs\governance\xauusd_crt_transition_trace\xauusd_crt_transition_trace_v1.jsonl","19","{""trace_identity"": {""trace_schema_version"": ""1.0.0"", ""run_id"": ""xauusd-crt-transition-20260714T074256Z-d455dd97"", ""trace_sequence"": 18, ""window_role"": ""POST_CONTEXT"", ""transition_families"": [], ""symbol"": ""XAUUSD"", ""timeframe"": ""M15"", ""bar_index"": 107, ""timestamp"": ""2024-05-23 04:30:00"", ""corpus_path"": ""data/mt5/XAUUSD_M15.csv"", ""corpus_sha256"": ""4d73f5cebe33ec91c5312340337eb62c2cf1f49060c91c42761bf631b26aba56"", ""repository_commit"": ""b48d4d9a7abfb429f2a17c790d4b32083da5dd92"", ""dirty_worktree_status"": ""DIRTY"", ""production_config_path"": ""configs/production/v2_multi_2026_04.json"", ""production_config_sha256"": ""03a3b8aa497d116a3bb32620253a2d1b6ce53737ec10e837d4bc83334f194990"", ""config_id"": ""v2_multi_2026_04"", ""prod_version"": ""v2_multi_2026_04"", ""canonical_schema_hash"": ""1ba02abbafdd0786831181677de547c1"", ""feature_order_hash"": ""235553310100a340"", ""artifact_id"": ""XAUUSD_CRT_TRANSITION_TRACE_V1""}, ""raw_bar"": {""timestamp"": ""2024-05-23 04:30:00"", ""open"": 2371.36, ""high"": 2372.87, ""low"": 2366.77, ""close"": 2372.12, ""volume"": 3779.0}, ""canonical_features"": {""feature_count"": 38, ""feature_names_in_canonical_order"": [""open"", ""high"", ""low"", ""close"", ""volume"", ""volume_ratio"", ""double_sweep"", ""ema_fast"", ""ema_slow"", ""ema_spread"", ""trend_bias"", ""trend_strength"", ""momentum_score"", ""atr"", ""volatility_ratio"", ""rsi_14"", ""macd_line"", ""macd_signal"", ""macd_hist"", ""sweep_detected"", ""liquidity_sweep"", ""break_of_structure"", ""swing_high"", ""swing_low"", ""higher_high"", ""lower_low"", ""body_size"", ""wick_size"", ""body_ratio"", ""volatility_regime"", ""session"", ""hour_of_day"", ""disp_strength"", ""retest_depth"", ""candles_since_retest"", ""liquidity_distance"", ""liquidity_pressure_score"", ""volume_spike""], ""values_by_name"": {""open"": 2371.360107421875, ""high"": 2372.8701171875, ""low"": 2366.77001953125, ""close"": 2372.1201171875, ""volume"": 3779.0, ""volume_ratio"": 2.9468183517456055, ""double_sweep"": 0.0, ""ema_fast"": 2377.28466796875, ""ema_slow"": 2380.05712890625, ""ema_spread"": -2338.647216796875, ""trend_bias"": -1.0, ""trend_strength"": 1.4615312814712524, ""momentum_score"": 624.2103881835938, ""atr"": 0.001185497734695673, ""volatility_ratio"": 2.1691644191741943, ""rsi_14"": 28.469751358032227, ""macd_line"": -3.129148244857788, ""macd_signal"": -2.7789251804351807, ""macd_hist"": -0.19722186028957367, ""sweep_detected"": 0.0, ""liquidity_sweep"": 0.0, ""break_of_structure"": -1.0, ""swing_high"": 0.0, ""swing_low"": 0.0, ""higher_high"": 0.0, ""lower_low"": 1.0, ""body_size"": 0.7599999904632568, ""wick_size"": 6.099999904632568, ""body_ratio"": 0.12459016591310501, ""volatility_regime"": 0.0, ""session"": 0.0, ""hour_of_day"": 4.0, ""disp_strength"": 0.27025654911994934, ""retest_depth"": 0.0, ""candles_since_retest"": 13.0, ""liquidity_distance"": 1.9237998723983765, ""liquidity_pressure_score"": 0.3821661174297333, ""volume_spike"": 1.0}, ""values_in_canonical_order"": [2371.360107421875, 2372.8701171875, 2366.77001953125, 2372.1201171875, 3779.0, 2.9468183517456055, 0.0, 2377.28466796875, 2380.05712890625, -2338.647216796875, -1.0, 1.4615312814712524, 624.2103881835938, 0.001185497734695673, 2.1691644191741943, 28.469751358032227, -3.129148244857788, -2.7789251804351807, -0.19722186028957367, 0.0, 0.0, -1.0, 0.0, 0.0, 0.0, 1.0, 0.7599999904632568, 6.099999904632568, 0.12459016591310501, 0.0, 0.0, 4.0, 0.27025654911994934, 0.0, 13.0, 1.9237998723983765, 0.3821661174297333, 1.0], ""schema_hash"": ""1ba02abbafdd0786831181677de547c1"", ""feature_order_hash"": ""235553310100a340"", ""feature_vector_index"": 28, ""lookup_miss"": false, ""consumed_by_crt_guards"": false, ""consumption_note"": ""38-vector not read by process_candle transition guards""}, ""crt_inputs"": {""inputs"": [{""name"": ""high"", ""runtime_value"": 2372.87, ""source_class"": ""RAW_OHLC"", ""source_name"": ""candle.high"", ""source_location"": ""process_candle:RANGE"", ""formula_id"": null, ""feature_id"": ""high"", ""config_key"": null, ""provenance_status"": ""PROVEN""}, {""name"": ""low"", ""runtime_value"": 2366.77, ""source_class"": ""RAW_OHLC"", ""source_name"": ""candle.low"", ""source_location"": ""process_candle:RANGE"", ""formula_id"": null, ""feature_id"": ""low"", ""config_key"": null, ""provenance_status"": ""PROVEN""}, {""name"": ""close"", ""runtime_value"": 2372.12, ""source_class"": ""RAW_OHLC"", ""source_name"": ""candle.close"", ""source_location"": ""process_candle:RANGE"", ""formula_id"": null, ""feature_id"": ""close"", ""config_key"": null, ""provenance_status"": ""PROVEN""}, {""name"": ""h_ref"", ""runtime_value"": 2383.74, ""source_class"": ""STATE_MEMORY"", ""source_name"": ""active_range.h_ref"", ""source_location"": ""process_candle:RANGE"", ""formula_id"": null, ""feature_id"": null, ""config_key"": null, ""provenance_status"": ""PROVEN""}, {""name"": ""l_ref"", ""runtime_value"": 2377.53, ""source_class"": ""STATE_MEMORY"", ""source_name"": ""active_range.l_ref"", ""source_location"": ""process_candle:RANGE"", ""formula_id"": null, ""feature_id"": null, ""config_key"": null, ""provenance_status"": ""PROVEN""}]}, ""effective_config"": {""config_file_path"": ""configs/production/v2_multi_2026_04.json"", ""config_file_sha256"": ""03a3b8aa497d116a3bb32620253a2d1b6ce53737ec10e837d4bc83334f194990"", ""prod_version"": ""v2_multi_2026_04"", ""effective_crt_config"": {""body_ratio_min"": 0.65, ""atr_multiplier_min"": 1.0, ""retest_depth_max"": 0.15, ""atr_period"": 14, ""atr_buffer_multiplier"": 3, ""max_sweep_age_candles"": 20, ""expansion_atr_min_distance"": 0.3, ""retest_atr_depth_fraction"": 0.3, ""retest_min_depth_atr_fraction"": 0.1, ""risk_score_weights"": [0.35, 0.25, 0.2, 0.2], ""score_component_weights"": [0.35, 0.25, 0.2, 0.2], ""max_displacement_strength"": 2.0, ""score_decay_lambda"": 0.05, ""score_threshold"": 0.45, ""max_spread_pct"": 0.05, ""atr_min_displacement"": 1.2, ""confirmation_body_min"": 0.6, ""sl_atr_buffer"": 0.2, ""tp1_atr_multiplier"": 1.0, ""tp2_atr_multiplier"": 2.0, ""exit_model"": ""intrabar_touch"", ""breakout_disp_threshold"": 1.5, ""tp1_atr_multiplier_breakout"": 1.5, ""tp1_atr_multiplier_pullback"": 0.8, ""tp1_atr_multiplier_liq_sweep"": 1.2, ""tp1_atr_multiplier_reversal"": 1.0, ""bitnet_main_threshold"": 0.55, ""use_bitnet"": false, ""session_windows"": {""LONDON"": [""07:00:00"", ""10:00:00""], ""NEWYORK"": [""13:00:00"", ""16:00:00""], ""ASIA"": [""00:00:00"", ""03:00:00""]}, ""allowed_sessions"": [""LONDON"", ""NEWYORK"", ""OVERLAP""], ""retrace_reset_pct"": 0.5, ""extension_reset_fib"": 1.618, ""news_blackout_minutes"": 15, ""conf_alpha"": 0.7, ""conf_beta"": 0.3, ""conf_weights"": [0.35, 0.35, 0.15, 0.15], ""conf_floor"": 0.2, ""weak_link_weight"": 0.3, ""ema_fast"": 2, ""ema_slow"": 5, ""tier_1_threshold"": 0.75, ""tier_2_threshold"": 0.3, ""soft_conf_max_candles"": 3, ""pending_displacement_ttl_candles"": 4, ""max_expansion_age_candles"": 495, ""max_expansion_age_hours"": 124, ""expansion_age_warn_candles"": 342, ""shadow_age_penalty_lambda"": 0.0, ""shadow_age_norm_candles"": 0, ""shadow_advisory_only"": false, ""sizing_bands"": [[0.75, 0.01], [0.55, 0.005]]}, ""constructor_mapping"": ""load_prod_config_from_registry + BacktestConfig.from_prod_config"", ""runtime_overrides"": {}, ""environment_overrides"": {""TRUST_INTRABAR_TOUCH"": null, ""BACKTEST_ENGINE_GATE"": ""1""}, ""note"": ""CRT process_candle does not consume 38-dim FeaturePipeline vector for guards.""}, ""state_transition"": {""state_before"": ""RANGE"", ""state_after"": ""RANGE"", ""state_changed"": false, ""persistent_state_snapshot_before"": {""current_state"": ""RANGE"", ""current_candle_index"": 79, ""atr"": 2.5535714285714612, ""direction"": ""NONE"", ""ema_fast_val"": 2373.3882311644934, ""ema_slow_val"": 2376.8642646349717, ""evaluating_soft_conf"": false, ""soft_conf_candles"": 0, ""cached_features"": {}, ""sweep_event"": null, ""active_range"": {""h_ref"": 2383.74, ""l_ref"": 2377.53, ""size"": 6.209999999999582, ""session"": ""UNKNOWN"", ""htf_candle_id"": ""XAUUSD-HTF-000026""}, ""displacement_candle_index"": null, ""retest_candle_index"": null, ""_displacement_entry_idx"": 0, ""_expansion_entry_idx"": 0, ""_came_from_shadow"": false, ""pending_displacement_ttl"": 0, ""active_trade"": null, ""transition_log_len"": 26}, ""persistent_state_snapshot_after"": {""current_state"": ""RANGE"", ""current_candle_index"": 80, ""atr"": 2.8121428571428817, ""direction"": ""NONE"", ""ema_fast_val"": 2372.5427437214976, ""ema_slow_val"": 2375.2828430899813, ""evaluating_soft_conf"": false, ""soft_conf_candles"": 0, ""cached_features"": {}, ""sweep_event"": null, ""active_range"": {""h_ref"": 2383.74, ""l_ref"": 2377.53, ""size"": 6.209999999999582, ""session"": ""UNKNOWN"", ""htf_candle_id"": ""XAUUSD-HTF-000026""}, ""displacement_candle_index"": null, ""retest_candle_index"": null, ""_displacement_entry_idx"": 0, ""_expansion_entry_idx"": 0, ""_came_from_shadow"": false, ""pending_displacement_ttl"": 0, ""active_trade"": null, ""transition_log_len"": 26}, ""guards_evaluated"": [{""evaluation_order"": 1, ""guard_id"": ""G_RANGE_SWEEP_DETECT"", ""guard_name"": ""detect_sweep"", ""source_location"": ""crt_engine_v2.CRTEngine.process_candle:RANGE"", ""from_state"": ""RANGE"", ""candidate_to_state"": ""SWEEP"", ""operands"": [{""name"": ""high"", ""runtime_value"": 2372.87, ""source_class"": ""RAW_OHLC"", ""source_name"": ""candle.high"", ""source_location"": ""process_candle:RANGE"", ""feature_id"": ""high"", ""formula_id"": null, ""config_key"": null, ""provenance_status"": ""PROVEN""}, {""name"": ""low"", ""runtime_value"": 2366.77, ""source_class"": ""RAW_OHLC"", ""source_name"": ""candle.low"", ""source_location"": ""process_candle:RANGE"", ""feature_id"": ""low"", ""formula_id"": null, ""config_key"": null, ""provenance_status"": ""PROVEN""}, {""name"": ""close"", ""runtime_value"": 2372.12, ""source_class"": ""RAW_OHLC"", ""source_name"": ""candle.close"", ""source_location"": ""process_candle:RANGE"", ""feature_id"": ""close"", ""formula_id"": null, ""config_key"": null, ""provenance_status"": ""PROVEN""}, {""name"": ""h_ref"", ""runtime_value"": 2383.74, ""source_class"": ""STATE_MEMORY"", ""source_name"": ""active_range.h_ref"", ""source_location"": ""process_candle:RANGE"", ""feature_id"": null, ""formula_id"": null, ""config_key"": null, ""provenance_status"": ""PROVEN""}, {""name"": ""l_ref"", ""runtime_value"": 2377.53, ""source_class"": ""STATE_MEMORY"", ""source_name"": ""active_range.l_ref"", ""source_location"": ""process_candle:RANGE"", ""feature_id"": null, ""formula_id"": null, ""config_key"": null, ""provenance_status"": ""PROVEN""}], ""operator"": ""RangeDetector.detect_sweep(...)"", ""thresholds"": [], ""result"": false, ""short_circuit_status"": ""NO_SWEEP"", ""failure_reason"": ""no_sweep_detected""}], ""selected_transition"": {""transition_selected"": false, ""from_state"": ""RANGE"", ""to_state"": ""RANGE"", ""selection_location"": ""CRTEngine.process_candle"", ""winning_guard_id"": null, ""selection_reason"": ""NONE""}, ""action"": {""candle"": ""2024-05-23T04:30:00"", ""candle_index"": 80, ""state"": ""RANGE"", ""action"": ""NONE"", ""state_after"": ""RANGE""}}, ""outputs"": {""returned_value"": {""candle"": ""2024-05-23T04:30:00"", ""candle_index"": 80, ""state"": ""RANGE"", ""action"": ""NONE"", ""state_after"": ""RANGE""}, ""events_emitted"": [], ""trade_output"": null, ""rejection"": null, ""diversion"": null, ""output_classification"": ""NO_OUTPUT""}, ""integrity"": {""trace_complete"": true, ""raw_bar_complete"": true, ""canonical_feature_complete"": true, ""canonical_feature_count"": 38, ""crt_input_provenance_complete"": true, ""effective_config_complete"": true, ""state_before_captured"": true, ""guards_complete"": true, ""state_after_captured"": true, ""outputs_complete"": true, ""missing_fields"": [], ""unknown_provenance"": [], ""nonfinite_features"": [], ""exceptions"": [], ""warnings"": [], ""status"": ""COMPLETE"", ""evaluated_guard_count"": 1, ""true_guard_count"": 0}}"
"docs\governance\xauusd_crt_transition_trace\xauusd_crt_transition_trace_v1.jsonl","20","{""trace_identity"": {""trace_schema_version"": ""1.0.0"", ""run_id"": ""xauusd-crt-transition-20260714T074256Z-d455dd97"", ""trace_sequence"": 19, ""window_role"": ""POST_CONTEXT"", ""transition_families"": [""RESET_TO_RANGE""], ""symbol"": ""XAUUSD"", ""timeframe"": ""M15"", ""bar_index"": 108, ""timestamp"": ""2024-05-23 04:45:00"", ""corpus_path"": ""data/mt5/XAUUSD_M15.csv"", ""corpus_sha256"": ""4d73f5cebe33ec91c5312340337eb62c2cf1f49060c91c42761bf631b26aba56"", ""repository_commit"": ""b48d4d9a7abfb429f2a17c790d4b32083da5dd92"", ""dirty_worktree_status"": ""DIRTY"", ""production_config_path"": ""configs/production/v2_multi_2026_04.json"", ""production_config_sha256"": ""03a3b8aa497d116a3bb32620253a2d1b6ce53737ec10e837d4bc83334f194990"", ""config_id"": ""v2_multi_2026_04"", ""prod_version"": ""v2_multi_2026_04"", ""canonical_schema_hash"": ""1ba02abbafdd0786831181677de547c1"", ""feature_order_hash"": ""235553310100a340"", ""artifact_id"": ""XAUUSD_CRT_TRANSITION_TRACE_V1""}, ""raw_bar"": {""timestamp"": ""2024-05-23 04:45:00"", ""open"": 2372.15, ""high"": 2374.58, ""low"": 2369.48, ""close"": 2373.11, ""volume"": 3341.0}, ""canonical_features"": {""feature_count"": 38, ""feature_names_in_canonical_order"": [""open"", ""high"", ""low"", ""close"", ""volume"", ""volume_ratio"", ""double_sweep"", ""ema_fast"", ""ema_slow"", ""ema_spread"", ""trend_bias"", ""trend_strength"", ""momentum_score"", ""atr"", ""volatility_ratio"", ""rsi_14"", ""macd_line"", ""macd_signal"", ""macd_hist"", ""sweep_detected"", ""liquidity_sweep"", ""break_of_structure"", ""swing_high"", ""swing_low"", ""higher_high"", ""lower_low"", ""body_size"", ""wick_size"", ""body_ratio"", ""volatility_regime"", ""session"", ""hour_of_day"", ""disp_strength"", ""retest_depth"", ""candles_since_retest"", ""liquidity_distance"", ""liquidity_pressure_score"", ""volume_spike""], ""values_by_name"": {""open"": 2372.14990234375, ""high"": 2374.580078125, ""low"": 2369.47998046875, ""close"": 2373.110107421875, ""volume"": 3341.0, ""volume_ratio"": 2.438775062561035, ""double_sweep"": 0.0, ""ema_fast"": 2376.44970703125, ""ema_slow"": 2379.425537109375, ""ema_spread"": -2305.68115234375, ""trend_bias"": -1.0, ""trend_strength"": 1.483176350593567, ""momentum_score"": 767.0546875, ""atr"": 0.001290651154704392, ""volatility_ratio"": 1.6651118993759155, ""rsi_14"": 27.654468536376953, ""macd_line"": -3.296583890914917, ""macd_signal"": -2.8824567794799805, ""macd_hist"": -0.25669926404953003, ""sweep_detected"": 0.0, ""liquidity_sweep"": 0.0, ""break_of_structure"": -1.0, ""swing_high"": 0.0, ""swing_low"": 0.0, ""higher_high"": 0.0, ""lower_low"": 1.0, ""body_size"": 0.9599999785423279, ""wick_size"": 5.099999904632568, ""body_ratio"": 0.1882352977991104, ""volatility_regime"": 1.0, ""session"": 0.0, ""hour_of_day"": 4.0, ""disp_strength"": 0.31343284249305725, ""retest_depth"": 0.0, ""candles_since_retest"": 14.0, ""liquidity_distance"": 1.4430969953536987, ""liquidity_pressure_score"": 0.48599907755851746, ""volume_spike"": 1.0}, ""values_in_canonical_order"": [2372.14990234375, 2374.580078125, 2369.47998046875, 2373.110107421875, 3341.0, 2.438775062561035, 0.0, 2376.44970703125, 2379.425537109375, -2305.68115234375, -1.0, 1.483176350593567, 767.0546875, 0.001290651154704392, 1.6651118993759155, 27.654468536376953, -3.296583890914917, -2.8824567794799805, -0.25669926404953003, 0.0, 0.0, -1.0, 0.0, 0.0, 0.0, 1.0, 0.9599999785423279, 5.099999904632568, 0.1882352977991104, 1.0, 0.0, 4.0, 0.31343284249305725, 0.0, 14.0, 1.4430969953536987, 0.48599907755851746, 1.0], ""schema_hash"": ""1ba02abbafdd0786831181677de547c1"", ""feature_order_hash"": ""235553310100a340"", ""feature_vector_index"": 29, ""lookup_miss"": false, ""consumed_by_crt_guards"": false, ""consumption_note"": ""38-vector not read by process_candle transition guards""}, ""crt_inputs"": {""inputs"": [{""name"": ""high"", ""runtime_value"": 2374.58, ""source_class"": ""RAW_OHLC"", ""source_name"": ""candle.high"", ""source_location"": ""process_candle:RANGE"", ""formula_id"": null, ""feature_id"": ""high"", ""config_key"": null, ""provenance_status"": ""PROVEN""}, {""name"": ""low"", ""runtime_value"": 2369.48, ""source_class"": ""RAW_OHLC"", ""source_name"": ""candle.low"", ""source_location"": ""process_candle:RANGE"", ""formula_id"": null, ""feature_id"": ""low"", ""config_key"": null, ""provenance_status"": ""PROVEN""}, {""name"": ""close"", ""runtime_value"": 2373.11, ""source_class"": ""RAW_OHLC"", ""source_name"": ""candle.close"", ""source_location"": ""process_candle:RANGE"", ""formula_id"": null, ""feature_id"": ""close"", ""config_key"": null, ""provenance_status"": ""PROVEN""}, {""name"": ""h_ref"", ""runtime_value"": 2383.74, ""source_class"": ""STATE_MEMORY"", ""source_name"": ""active_range.h_ref"", ""source_location"": ""process_candle:RANGE"", ""formula_id"": null, ""feature_id"": null, ""config_key"": null, ""provenance_status"": ""PROVEN""}, {""name"": ""l_ref"", ""runtime_value"": 2366.77, ""source_class"": ""STATE_MEMORY"", ""source_name"": ""active_range.l_ref"", ""source_location"": ""process_candle:RANGE"", ""formula_id"": null, ""feature_id"": null, ""config_key"": null, ""provenance_status"": ""PROVEN""}]}, ""effective_config"": {""config_file_path"": ""configs/production/v2_multi_2026_04.json"", ""config_file_sha256"": ""03a3b8aa497d116a3bb32620253a2d1b6ce53737ec10e837d4bc83334f194990"", ""prod_version"": ""v2_multi_2026_04"", ""effective_crt_config"": {""body_ratio_min"": 0.65, ""atr_multiplier_min"": 1.0, ""retest_depth_max"": 0.15, ""atr_period"": 14, ""atr_buffer_multiplier"": 3, ""max_sweep_age_candles"": 20, ""expansion_atr_min_distance"": 0.3, ""retest_atr_depth_fraction"": 0.3, ""retest_min_depth_atr_fraction"": 0.1, ""risk_score_weights"": [0.35, 0.25, 0.2, 0.2], ""score_component_weights"": [0.35, 0.25, 0.2, 0.2], ""max_displacement_strength"": 2.0, ""score_decay_lambda"": 0.05, ""score_threshold"": 0.45, ""max_spread_pct"": 0.05, ""atr_min_displacement"": 1.2, ""confirmation_body_min"": 0.6, ""sl_atr_buffer"": 0.2, ""tp1_atr_multiplier"": 1.0, ""tp2_atr_multiplier"": 2.0, ""exit_model"": ""intrabar_touch"", ""breakout_disp_threshold"": 1.5, ""tp1_atr_multiplier_breakout"": 1.5, ""tp1_atr_multiplier_pullback"": 0.8, ""tp1_atr_multiplier_liq_sweep"": 1.2, ""tp1_atr_multiplier_reversal"": 1.0, ""bitnet_main_threshold"": 0.55, ""use_bitnet"": false, ""session_windows"": {""LONDON"": [""07:00:00"", ""10:00:00""], ""NEWYORK"": [""13:00:00"", ""16:00:00""], ""ASIA"": [""00:00:00"", ""03:00:00""]}, ""allowed_sessions"": [""LONDON"", ""NEWYORK"", ""OVERLAP""], ""retrace_reset_pct"": 0.5, ""extension_reset_fib"": 1.618, ""news_blackout_minutes"": 15, ""conf_alpha"": 0.7, ""conf_beta"": 0.3, ""conf_weights"": [0.35, 0.35, 0.15, 0.15], ""conf_floor"": 0.2, ""weak_link_weight"": 0.3, ""ema_fast"": 2, ""ema_slow"": 5, ""tier_1_threshold"": 0.75, ""tier_2_threshold"": 0.3, ""soft_conf_max_candles"": 3, ""pending_displacement_ttl_candles"": 4, ""max_expansion_age_candles"": 495, ""max_expansion_age_hours"": 124, ""expansion_age_warn_candles"": 342, ""shadow_age_penalty_lambda"": 0.0, ""shadow_age_norm_candles"": 0, ""shadow_advisory_only"": false, ""sizing_bands"": [[0.75, 0.01], [0.55, 0.005]]}, ""constructor_mapping"": ""load_prod_config_from_registry + BacktestConfig.from_prod_config"", ""runtime_overrides"": {}, ""environment_overrides"": {""TRUST_INTRABAR_TOUCH"": null, ""BACKTEST_ENGINE_GATE"": ""1""}, ""note"": ""CRT process_candle does not consume 38-dim FeaturePipeline vector for guards.""}, ""state_transition"": {""state_before"": ""RANGE"", ""state_after"": ""RANGE"", ""state_changed"": false, ""persistent_state_snapshot_before"": {""current_state"": ""RANGE"", ""current_candle_index"": 80, ""atr"": 2.8121428571428817, ""direction"": ""NONE"", ""ema_fast_val"": 2372.5427437214976, ""ema_slow_val"": 2375.2828430899813, ""evaluating_soft_conf"": false, ""soft_conf_candles"": 0, ""cached_features"": {}, ""sweep_event"": null, ""active_range"": {""h_ref"": 2383.74, ""l_ref"": 2377.53, ""size"": 6.209999999999582, ""session"": ""UNKNOWN"", ""htf_candle_id"": ""XAUUSD-HTF-000026""}, ""displacement_candle_index"": null, ""retest_candle_index"": null, ""_displacement_entry_idx"": 0, ""_expansion_entry_idx"": 0, ""_came_from_shadow"": false, ""pending_displacement_ttl"": 0, ""active_trade"": null, ""transition_log_len"": 26}, ""persistent_state_snapshot_after"": {""current_state"": ""RANGE"", ""current_candle_index"": 81, ""atr"": 3.0628571428571507, ""direction"": ""NONE"", ""ema_fast_val"": 2372.9209145738323, ""ema_slow_val"": 2374.5585620599877, ""evaluating_soft_conf"": false, ""soft_conf_candles"": 0, ""cached_features"": {}, ""sweep_event"": null, ""active_range"": {""h_ref"": 2383.74, ""l_ref"": 2366.77, ""size"": 16.9699999999998, ""session"": ""UNKNOWN"", ""htf_candle_id"": ""XAUUSD-HTF-000027""}, ""displacement_candle_index"": null, ""retest_candle_index"": null, ""_displacement_entry_idx"": 0, ""_expansion_entry_idx"": 0, ""_came_from_shadow"": false, ""pending_displacement_ttl"": 0, ""active_trade"": null, ""transition_log_len"": 27}, ""guards_evaluated"": [{""evaluation_order"": 1, ""guard_id"": ""G_RANGE_SWEEP_DETECT"", ""guard_name"": ""detect_sweep"", ""source_location"": ""crt_engine_v2.CRTEngine.process_candle:RANGE"", ""from_state"": ""RANGE"", ""candidate_to_state"": ""SWEEP"", ""operands"": [{""name"": ""high"", ""runtime_value"": 2374.58, ""source_class"": ""RAW_OHLC"", ""source_name"": ""candle.high"", ""source_location"": ""process_candle:RANGE"", ""feature_id"": ""high"", ""formula_id"": null, ""config_key"": null, ""provenance_status"": ""PROVEN""}, {""name"": ""low"", ""runtime_value"": 2369.48, ""source_class"": ""RAW_OHLC"", ""source_name"": ""candle.low"", ""source_location"": ""process_candle:RANGE"", ""feature_id"": ""low"", ""formula_id"": null, ""config_key"": null, ""provenance_status"": ""PROVEN""}, {""name"": ""close"", ""runtime_value"": 2373.11, ""source_class"": ""RAW_OHLC"", ""source_name"": ""candle.close"", ""source_location"": ""process_candle:RANGE"", ""feature_id"": ""close"", ""formula_id"": null, ""config_key"": null, ""provenance_status"": ""PROVEN""}, {""name"": ""h_ref"", ""runtime_value"": 2383.74, ""source_class"": ""STATE_MEMORY"", ""source_name"": ""active_range.h_ref"", ""source_location"": ""process_candle:RANGE"", ""feature_id"": null, ""formula_id"": null, ""config_key"": null, ""provenance_status"": ""PROVEN""}, {""name"": ""l_ref"", ""runtime_value"": 2366.77, ""source_class"": ""STATE_MEMORY"", ""source_name"": ""active_range.l_ref"", ""source_location"": ""process_candle:RANGE"", ""feature_id"": null, ""formula_id"": null, ""config_key"": null, ""provenance_status"": ""PROVEN""}], ""operator"": ""RangeDetector.detect_sweep(...)"", ""thresholds"": [], ""result"": false, ""short_circuit_status"": ""NO_SWEEP"", ""failure_reason"": ""no_sweep_detected""}], ""selected_transition"": {""transition_selected"": false, ""from_state"": ""RANGE"", ""to_state"": ""RANGE"", ""selection_location"": ""CRTEngine.process_candle"", ""winning_guard_id"": null, ""selection_reason"": ""RESET""}, ""action"": {""candle"": ""2024-05-23T04:45:00"", ""candle_index"": 81, ""state"": ""RANGE"", ""action"": ""RESET"", ""reason"": ""HTF changed: XAUUSD-HTF-000026 → XAUUSD-HTF-000027"", ""state_after"": ""RANGE""}}, ""outputs"": {""returned_value"": {""candle"": ""2024-05-23T04:45:00"", ""candle_index"": 81, ""state"": ""RANGE"", ""action"": ""RESET"", ""reason"": ""HTF changed: XAUUSD-HTF-000026 → XAUUSD-HTF-000027"", ""state_after"": ""RANGE""}, ""events_emitted"": [{""event"": ""RESET"", ""timestamp"": ""2024-05-23T04:45:00"", ""candle_index"": 81, ""state_from"": ""RANGE"", ""state_to"": ""RANGE"", ""reason"": ""HTF changed: XAUUSD-HTF-000026 → XAUUSD-HTF-000027"", ""direction"": null, ""price"": null}], ""trade_output"": null, ""rejection"": null, ""diversion"": {""candle"": ""2024-05-23T04:45:00"", ""candle_index"": 81, ""state"": ""RANGE"", ""action"": ""RESET"", ""reason"": ""HTF changed: XAUUSD-HTF-000026 → XAUUSD-HTF-000027"", ""state_after"": ""RANGE""}, ""output_classification"": ""DIVERTED""}, ""integrity"": {""trace_complete"": true, ""raw_bar_complete"": true, ""canonical_feature_complete"": true, ""canonical_feature_count"": 38, ""crt_input_provenance_complete"": true, ""effective_config_complete"": true, ""state_before_captured"": true, ""guards_complete"": true, ""state_after_captured"": true, ""outputs_complete"": true, ""missing_fields"": [], ""unknown_provenance"": [], ""nonfinite_features"": [], ""exceptions"": [], ""warnings"": [], ""status"": ""COMPLETE"", ""evaluated_guard_count"": 1, ""true_guard_count"": 0}}"
"docs\governance\xauusd_crt_transition_trace\xauusd_crt_transition_trace_v1.jsonl","21","{""trace_identity"": {""trace_schema_version"": ""1.0.0"", ""run_id"": ""xauusd-crt-transition-20260714T074256Z-d455dd97"", ""trace_sequence"": 20, ""window_role"": ""POST_CONTEXT"", ""transition_families"": [], ""symbol"": ""XAUUSD"", ""timeframe"": ""M15"", ""bar_index"": 109, ""timestamp"": ""2024-05-23 05:00:00"", ""corpus_path"": ""data/mt5/XAUUSD_M15.csv"", ""corpus_sha256"": ""4d73f5cebe33ec91c5312340337eb62c2cf1f49060c91c42761bf631b26aba56"", ""repository_commit"": ""b48d4d9a7abfb429f2a17c790d4b32083da5dd92"", ""dirty_worktree_status"": ""DIRTY"", ""production_config_path"": ""configs/production/v2_multi_2026_04.json"", ""production_config_sha256"": ""03a3b8aa497d116a3bb32620253a2d1b6ce53737ec10e837d4bc83334f194990"", ""config_id"": ""v2_multi_2026_04"", ""prod_version"": ""v2_multi_2026_04"", ""canonical_schema_hash"": ""1ba02abbafdd0786831181677de547c1"", ""feature_order_hash"": ""235553310100a340"", ""artifact_id"": ""XAUUSD_CRT_TRANSITION_TRACE_V1""}, ""raw_bar"": {""timestamp"": ""2024-05-23 05:00:00"", ""open"": 2373.1, ""high"": 2375.74, ""low"": 2370.52, ""close"": 2371.92, ""volume"": 3010.0}, ""canonical_features"": {""feature_count"": 38, ""feature_names_in_canonical_order"": [""open"", ""high"", ""low"", ""close"", ""volume"", ""volume_ratio"", ""double_sweep"", ""ema_fast"", ""ema_slow"", ""ema_spread"", ""trend_bias"", ""trend_strength"", ""momentum_score"", ""atr"", ""volatility_ratio"", ""rsi_14"", ""macd_line"", ""macd_signal"", ""macd_hist"", ""sweep_detected"", ""liquidity_sweep"", ""break_of_structure"", ""swing_high"", ""swing_low"", ""higher_high"", ""lower_low"", ""body_size"", ""wick_size"", ""body_ratio"", ""volatility_regime"", ""session"", ""hour_of_day"", ""disp_strength"", ""retest_depth"", ""candles_since_retest"", ""liquidity_distance"", ""liquidity_pressure_score"", ""volume_spike""], ""values_by_name"": {""open"": 2373.10009765625, ""high"": 2375.739990234375, ""low"": 2370.52001953125, ""close"": 2371.919921875, ""volume"": 3010.0, ""volume_ratio"": 2.032616376876831, ""double_sweep"": 0.0, ""ema_fast"": 2375.543701171875, ""ema_slow"": 2378.743408203125, ""ema_spread"": -2253.97314453125, ""trend_bias"": -1.0, ""trend_strength"": 1.460074543952942, ""momentum_score"": -838.27294921875, ""atr"": 0.001419585314579308, ""volatility_ratio"": 1.5502758026123047, ""rsi_14"": 23.850574493408203, ""macd_line"": -3.485126495361328, ""macd_signal"": -3.00299072265625, ""macd_hist"": -0.3169463276863098, ""sweep_detected"": 0.0, ""liquidity_sweep"": 0.0, ""break_of_structure"": -1.0, ""swing_high"": 0.0, ""swing_low"": 1.0, ""higher_high"": 0.0, ""lower_low"": 1.0, ""body_size"": 1.1799999475479126, ""wick_size"": 5.21999979019165, ""body_ratio"": 0.2260536402463913, ""volatility_regime"": 1.0, ""session"": 0.0, ""hour_of_day"": 5.0, ""disp_strength"": 0.3504454791545868, ""retest_depth"": 0.0, ""candles_since_retest"": 15.0, ""liquidity_distance"": 1.6661009788513184, ""liquidity_pressure_score"": 0.43472111225128174, ""volume_spike"": 1.0}, ""values_in_canonical_order"": [2373.10009765625, 2375.739990234375, 2370.52001953125, 2371.919921875, 3010.0, 2.032616376876831, 0.0, 2375.543701171875, 2378.743408203125, -2253.97314453125, -1.0, 1.460074543952942, -838.27294921875, 0.001419585314579308, 1.5502758026123047, 23.850574493408203, -3.485126495361328, -3.00299072265625, -0.3169463276863098, 0.0, 0.0, -1.0, 0.0, 1.0, 0.0, 1.0, 1.1799999475479126, 5.21999979019165, 0.2260536402463913, 1.0, 0.0, 5.0, 0.3504454791545868, 0.0, 15.0, 1.6661009788513184, 0.43472111225128174, 1.0], ""schema_hash"": ""1ba02abbafdd0786831181677de547c1"", ""feature_order_hash"": ""235553310100a340"", ""feature_vector_index"": 30, ""lookup_miss"": false, ""consumed_by_crt_guards"": false, ""consumption_note"": ""38-vector not read by process_candle transition guards""}, ""crt_inputs"": {""inputs"": [{""name"": ""high"", ""runtime_value"": 2375.74, ""source_class"": ""RAW_OHLC"", ""source_name"": ""candle.high"", ""source_location"": ""process_candle:RANGE"", ""formula_id"": null, ""feature_id"": ""high"", ""config_key"": null, ""provenance_status"": ""PROVEN""}, {""name"": ""low"", ""runtime_value"": 2370.52, ""source_class"": ""RAW_OHLC"", ""source_name"": ""candle.low"", ""source_location"": ""process_candle:RANGE"", ""formula_id"": null, ""feature_id"": ""low"", ""config_key"": null, ""provenance_status"": ""PROVEN""}, {""name"": ""close"", ""runtime_value"": 2371.92, ""source_class"": ""RAW_OHLC"", ""source_name"": ""candle.close"", ""source_location"": ""process_candle:RANGE"", ""formula_id"": null, ""feature_id"": ""close"", ""config_key"": null, ""provenance_status"": ""PROVEN""}, {""name"": ""h_ref"", ""runtime_value"": 2383.74, ""source_class"": ""STATE_MEMORY"", ""source_name"": ""active_range.h_ref"", ""source_location"": ""process_candle:RANGE"", ""formula_id"": null, ""feature_id"": null, ""config_key"": null, ""provenance_status"": ""PROVEN""}, {""name"": ""l_ref"", ""runtime_value"": 2366.77, ""source_class"": ""STATE_MEMORY"", ""source_name"": ""active_range.l_ref"", ""source_location"": ""process_candle:RANGE"", ""formula_id"": null, ""feature_id"": null, ""config_key"": null, ""provenance_status"": ""PROVEN""}]}, ""effective_config"": {""config_file_path"": ""configs/production/v2_multi_2026_04.json"", ""config_file_sha256"": ""03a3b8aa497d116a3bb32620253a2d1b6ce53737ec10e837d4bc83334f194990"", ""prod_version"": ""v2_multi_2026_04"", ""effective_crt_config"": {""body_ratio_min"": 0.65, ""atr_multiplier_min"": 1.0, ""retest_depth_max"": 0.15, ""atr_period"": 14, ""atr_buffer_multiplier"": 3, ""max_sweep_age_candles"": 20, ""expansion_atr_min_distance"": 0.3, ""retest_atr_depth_fraction"": 0.3, ""retest_min_depth_atr_fraction"": 0.1, ""risk_score_weights"": [0.35, 0.25, 0.2, 0.2], ""score_component_weights"": [0.35, 0.25, 0.2, 0.2], ""max_displacement_strength"": 2.0, ""score_decay_lambda"": 0.05, ""score_threshold"": 0.45, ""max_spread_pct"": 0.05, ""atr_min_displacement"": 1.2, ""confirmation_body_min"": 0.6, ""sl_atr_buffer"": 0.2, ""tp1_atr_multiplier"": 1.0, ""tp2_atr_multiplier"": 2.0, ""exit_model"": ""intrabar_touch"", ""breakout_disp_threshold"": 1.5, ""tp1_atr_multiplier_breakout"": 1.5, ""tp1_atr_multiplier_pullback"": 0.8, ""tp1_atr_multiplier_liq_sweep"": 1.2, ""tp1_atr_multiplier_reversal"": 1.0, ""bitnet_main_threshold"": 0.55, ""use_bitnet"": false, ""session_windows"": {""LONDON"": [""07:00:00"", ""10:00:00""], ""NEWYORK"": [""13:00:00"", ""16:00:00""], ""ASIA"": [""00:00:00"", ""03:00:00""]}, ""allowed_sessions"": [""LONDON"", ""NEWYORK"", ""OVERLAP""], ""retrace_reset_pct"": 0.5, ""extension_reset_fib"": 1.618, ""news_blackout_minutes"": 15, ""conf_alpha"": 0.7, ""conf_beta"": 0.3, ""conf_weights"": [0.35, 0.35, 0.15, 0.15], ""conf_floor"": 0.2, ""weak_link_weight"": 0.3, ""ema_fast"": 2, ""ema_slow"": 5, ""tier_1_threshold"": 0.75, ""tier_2_threshold"": 0.3, ""soft_conf_max_candles"": 3, ""pending_displacement_ttl_candles"": 4, ""max_expansion_age_candles"": 495, ""max_expansion_age_hours"": 124, ""expansion_age_warn_candles"": 342, ""shadow_age_penalty_lambda"": 0.0, ""shadow_age_norm_candles"": 0, ""shadow_advisory_only"": false, ""sizing_bands"": [[0.75, 0.01], [0.55, 0.005]]}, ""constructor_mapping"": ""load_prod_config_from_registry + BacktestConfig.from_prod_config"", ""runtime_overrides"": {}, ""environment_overrides"": {""TRUST_INTRABAR_TOUCH"": null, ""BACKTEST_ENGINE_GATE"": ""1""}, ""note"": ""CRT process_candle does not consume 38-dim FeaturePipeline vector for guards.""}, ""state_transition"": {""state_before"": ""RANGE"", ""state_after"": ""RANGE"", ""state_changed"": false, ""persistent_state_snapshot_before"": {""current_state"": ""RANGE"", ""current_candle_index"": 81, ""atr"": 3.0628571428571507, ""direction"": ""NONE"", ""ema_fast_val"": 2372.9209145738323, ""ema_slow_val"": 2374.5585620599877, ""evaluating_soft_conf"": false, ""soft_conf_candles"": 0, ""cached_features"": {}, ""sweep_event"": null, ""active_range"": {""h_ref"": 2383.74, ""l_ref"": 2366.77, ""size"": 16.9699999999998, ""session"": ""UNKNOWN"", ""htf_candle_id"": ""XAUUSD-HTF-000027""}, ""displacement_candle_index"": null, ""retest_candle_index"": null, ""_displacement_entry_idx"": 0, ""_expansion_entry_idx"": 0, ""_came_from_shadow"": false, ""pending_displacement_ttl"": 0, ""active_trade"": null, ""transition_log_len"": 27}, ""persistent_state_snapshot_after"": {""current_state"": ""RANGE"", ""current_candle_index"": 82, ""atr"": 3.367142857142848, ""direction"": ""NONE"", ""ema_fast_val"": 2372.2536381912773, ""ema_slow_val"": 2373.679041373325, ""evaluating_soft_conf"": false, ""soft_conf_candles"": 0, ""cached_features"": {}, ""sweep_event"": null, ""active_range"": {""h_ref"": 2383.74, ""l_ref"": 2366.77, ""size"": 16.9699999999998, ""session"": ""UNKNOWN"", ""htf_candle_id"": ""XAUUSD-HTF-000027""}, ""displacement_candle_index"": null, ""retest_candle_index"": null, ""_displacement_entry_idx"": 0, ""_expansion_entry_idx"": 0, ""_came_from_shadow"": false, ""pending_displacement_ttl"": 0, ""active_trade"": null, ""transition_log_len"": 27}, ""guards_evaluated"": [{""evaluation_order"": 1, ""guard_id"": ""G_RANGE_SWEEP_DETECT"", ""guard_name"": ""detect_sweep"", ""source_location"": ""crt_engine_v2.CRTEngine.process_candle:RANGE"", ""from_state"": ""RANGE"", ""candidate_to_state"": ""SWEEP"", ""operands"": [{""name"": ""high"", ""runtime_value"": 2375.74, ""source_class"": ""RAW_OHLC"", ""source_name"": ""candle.high"", ""source_location"": ""process_candle:RANGE"", ""feature_id"": ""high"", ""formula_id"": null, ""config_key"": null, ""provenance_status"": ""PROVEN""}, {""name"": ""low"", ""runtime_value"": 2370.52, ""source_class"": ""RAW_OHLC"", ""source_name"": ""candle.low"", ""source_location"": ""process_candle:RANGE"", ""feature_id"": ""low"", ""formula_id"": null, ""config_key"": null, ""provenance_status"": ""PROVEN""}, {""name"": ""close"", ""runtime_value"": 2371.92, ""source_class"": ""RAW_OHLC"", ""source_name"": ""candle.close"", ""source_location"": ""process_candle:RANGE"", ""feature_id"": ""close"", ""formula_id"": null, ""config_key"": null, ""provenance_status"": ""PROVEN""}, {""name"": ""h_ref"", ""runtime_value"": 2383.74, ""source_class"": ""STATE_MEMORY"", ""source_name"": ""active_range.h_ref"", ""source_location"": ""process_candle:RANGE"", ""feature_id"": null, ""formula_id"": null, ""config_key"": null, ""provenance_status"": ""PROVEN""}, {""name"": ""l_ref"", ""runtime_value"": 2366.77, ""source_class"": ""STATE_MEMORY"", ""source_name"": ""active_range.l_ref"", ""source_location"": ""process_candle:RANGE"", ""feature_id"": null, ""formula_id"": null, ""config_key"": null, ""provenance_status"": ""PROVEN""}], ""operator"": ""RangeDetector.detect_sweep(...)"", ""thresholds"": [], ""result"": false, ""short_circuit_status"": ""NO_SWEEP"", ""failure_reason"": ""no_sweep_detected""}], ""selected_transition"": {""transition_selected"": false, ""from_state"": ""RANGE"", ""to_state"": ""RANGE"", ""selection_location"": ""CRTEngine.process_candle"", ""winning_guard_id"": null, ""selection_reason"": ""NONE""}, ""action"": {""candle"": ""2024-05-23T05:00:00"", ""candle_index"": 82, ""state"": ""RANGE"", ""action"": ""NONE"", ""state_after"": ""RANGE""}}, ""outputs"": {""returned_value"": {""candle"": ""2024-05-23T05:00:00"", ""candle_index"": 82, ""state"": ""RANGE"", ""action"": ""NONE"", ""state_after"": ""RANGE""}, ""events_emitted"": [], ""trade_output"": null, ""rejection"": null, ""diversion"": null, ""output_classification"": ""NO_OUTPUT""}, ""integrity"": {""trace_complete"": true, ""raw_bar_complete"": true, ""canonical_feature_complete"": true, ""canonical_feature_count"": 38, ""crt_input_provenance_complete"": true, ""effective_config_complete"": true, ""state_before_captured"": true, ""guards_complete"": true, ""state_after_captured"": true, ""outputs_complete"": true, ""missing_fields"": [], ""unknown_provenance"": [], ""nonfinite_features"": [], ""exceptions"": [], ""warnings"": [], ""status"": ""COMPLETE"", ""evaluated_guard_count"": 1, ""true_guard_count"": 0}}"
"docs\governance\xauusd_crt_transition_trace\xauusd_crt_transition_trace_v1.jsonl","22","{""trace_identity"": {""trace_schema_version"": ""1.0.0"", ""run_id"": ""xauusd-crt-transition-20260714T074256Z-d455dd97"", ""trace_sequence"": 21, ""window_role"": ""POST_CONTEXT"", ""transition_families"": [], ""symbol"": ""XAUUSD"", ""timeframe"": ""M15"", ""bar_index"": 110, ""timestamp"": ""2024-05-23 05:15:00"", ""corpus_path"": ""data/mt5/XAUUSD_M15.csv"", ""corpus_sha256"": ""4d73f5cebe33ec91c5312340337eb62c2cf1f49060c91c42761bf631b26aba56"", ""repository_commit"": ""b48d4d9a7abfb429f2a17c790d4b32083da5dd92"", ""dirty_worktree_status"": ""DIRTY"", ""production_config_path"": ""configs/production/v2_multi_2026_04.json"", ""production_config_sha256"": ""03a3b8aa497d116a3bb32620253a2d1b6ce53737ec10e837d4bc83334f194990"", ""config_id"": ""v2_multi_2026_04"", ""prod_version"": ""v2_multi_2026_04"", ""canonical_schema_hash"": ""1ba02abbafdd0786831181677de547c1"", ""feature_order_hash"": ""235553310100a340"", ""artifact_id"": ""XAUUSD_CRT_TRANSITION_TRACE_V1""}, ""raw_bar"": {""timestamp"": ""2024-05-23 05:15:00"", ""open"": 2371.88, ""high"": 2372.87, ""low"": 2370.76, ""close"": 2372.13, ""volume"": 1391.0}, ""canonical_features"": {""feature_count"": 38, ""feature_names_in_canonical_order"": [""open"", ""high"", ""low"", ""close"", ""volume"", ""volume_ratio"", ""double_sweep"", ""ema_fast"", ""ema_slow"", ""ema_spread"", ""trend_bias"", ""trend_strength"", ""momentum_score"", ""atr"", ""volatility_ratio"", ""rsi_14"", ""macd_line"", ""macd_signal"", ""macd_hist"", ""sweep_detected"", ""liquidity_sweep"", ""break_of_structure"", ""swing_high"", ""swing_low"", ""higher_high"", ""lower_low"", ""body_size"", ""wick_size"", ""body_ratio"", ""volatility_regime"", ""session"", ""hour_of_day"", ""disp_strength"", ""retest_depth"", ""candles_since_retest"", ""liquidity_distance"", ""liquidity_pressure_score"", ""volume_spike""], ""values_by_name"": {""open"": 2371.8798828125, ""high"": 2372.8701171875, ""low"": 2370.760009765625, ""close"": 2372.1298828125, ""volume"": 1391.0, ""volume_ratio"": 0.9265920519828796, ""double_sweep"": 0.0, ""ema_fast"": 2374.861083984375, ""ema_slow"": 2378.14208984375, ""ema_spread"": -2263.431884765625, ""trend_bias"": -1.0, ""trend_strength"": 1.4438669681549072, ""momentum_score"": 144.87042236328125, ""atr"": 0.0014495712239295244, ""volatility_ratio"": 0.6136269569396973, ""rsi_14"": 25.17321014404297, ""macd_line"": -3.57637619972229, ""macd_signal"": -3.1176679134368896, ""macd_hist"": -0.2878665328025818, ""sweep_detected"": 0.0, ""liquidity_sweep"": 0.0, ""break_of_structure"": 0.0, ""swing_high"": 0.0, ""swing_low"": 0.0, ""higher_high"": 0.0, ""lower_low"": 0.0, ""body_size"": 0.25, ""wick_size"": 2.109999895095825, ""body_ratio"": 0.11848340928554535, ""volatility_regime"": 1.0, ""session"": 0.0, ""hour_of_day"": 5.0, ""disp_strength"": 0.07270461320877075, ""retest_depth"": 0.0, ""candles_since_retest"": 16.0, ""liquidity_distance"": 1.5587868690490723, ""liquidity_pressure_score"": 0.45868414640426636, ""volume_spike"": 0.0}, ""values_in_canonical_order"": [2371.8798828125, 2372.8701171875, 2370.760009765625, 2372.1298828125, 1391.0, 0.9265920519828796, 0.0, 2374.861083984375, 2378.14208984375, -2263.431884765625, -1.0, 1.4438669681549072, 144.87042236328125, 0.0014495712239295244, 0.6136269569396973, 25.17321014404297, -3.57637619972229, -3.1176679134368896, -0.2878665328025818, 0.0, 0.0, 0.0, 0.0, 0.0, 0.0, 0.0, 0.25, 2.109999895095825, 0.11848340928554535, 1.0, 0.0, 5.0, 0.07270461320877075, 0.0, 16.0, 1.5587868690490723, 0.45868414640426636, 0.0], ""schema_hash"": ""1ba02abbafdd0786831181677de547c1"", ""feature_order_hash"": ""235553310100a340"", ""feature_vector_index"": 31, ""lookup_miss"": false, ""consumed_by_crt_guards"": false, ""consumption_note"": ""38-vector not read by process_candle transition guards""}, ""crt_inputs"": {""inputs"": [{""name"": ""high"", ""runtime_value"": 2372.87, ""source_class"": ""RAW_OHLC"", ""source_name"": ""candle.high"", ""source_location"": ""process_candle:RANGE"", ""formula_id"": null, ""feature_id"": ""high"", ""config_key"": null, ""provenance_status"": ""PROVEN""}, {""name"": ""low"", ""runtime_value"": 2370.76, ""source_class"": ""RAW_OHLC"", ""source_name"": ""candle.low"", ""source_location"": ""process_candle:RANGE"", ""formula_id"": null, ""feature_id"": ""low"", ""config_key"": null, ""provenance_status"": ""PROVEN""}, {""name"": ""close"", ""runtime_value"": 2372.13, ""source_class"": ""RAW_OHLC"", ""source_name"": ""candle.close"", ""source_location"": ""process_candle:RANGE"", ""formula_id"": null, ""feature_id"": ""close"", ""config_key"": null, ""provenance_status"": ""PROVEN""}, {""name"": ""h_ref"", ""runtime_value"": 2383.74, ""source_class"": ""STATE_MEMORY"", ""source_name"": ""active_range.h_ref"", ""source_location"": ""process_candle:RANGE"", ""formula_id"": null, ""feature_id"": null, ""config_key"": null, ""provenance_status"": ""PROVEN""}, {""name"": ""l_ref"", ""runtime_value"": 2366.77, ""source_class"": ""STATE_MEMORY"", ""source_name"": ""active_range.l_ref"", ""source_location"": ""process_candle:RANGE"", ""formula_id"": null, ""feature_id"": null, ""config_key"": null, ""provenance_status"": ""PROVEN""}]}, ""effective_config"": {""config_file_path"": ""configs/production/v2_multi_2026_04.json"", ""config_file_sha256"": ""03a3b8aa497d116a3bb32620253a2d1b6ce53737ec10e837d4bc83334f194990"", ""prod_version"": ""v2_multi_2026_04"", ""effective_crt_config"": {""body_ratio_min"": 0.65, ""atr_multiplier_min"": 1.0, ""retest_depth_max"": 0.15, ""atr_period"": 14, ""atr_buffer_multiplier"": 3, ""max_sweep_age_candles"": 20, ""expansion_atr_min_distance"": 0.3, ""retest_atr_depth_fraction"": 0.3, ""retest_min_depth_atr_fraction"": 0.1, ""risk_score_weights"": [0.35, 0.25, 0.2, 0.2], ""score_component_weights"": [0.35, 0.25, 0.2, 0.2], ""max_displacement_strength"": 2.0, ""score_decay_lambda"": 0.05, ""score_threshold"": 0.45, ""max_spread_pct"": 0.05, ""atr_min_displacement"": 1.2, ""confirmation_body_min"": 0.6, ""sl_atr_buffer"": 0.2, ""tp1_atr_multiplier"": 1.0, ""tp2_atr_multiplier"": 2.0, ""exit_model"": ""intrabar_touch"", ""breakout_disp_threshold"": 1.5, ""tp1_atr_multiplier_breakout"": 1.5, ""tp1_atr_multiplier_pullback"": 0.8, ""tp1_atr_multiplier_liq_sweep"": 1.2, ""tp1_atr_multiplier_reversal"": 1.0, ""bitnet_main_threshold"": 0.55, ""use_bitnet"": false, ""session_windows"": {""LONDON"": [""07:00:00"", ""10:00:00""], ""NEWYORK"": [""13:00:00"", ""16:00:00""], ""ASIA"": [""00:00:00"", ""03:00:00""]}, ""allowed_sessions"": [""LONDON"", ""NEWYORK"", ""OVERLAP""], ""retrace_reset_pct"": 0.5, ""extension_reset_fib"": 1.618, ""news_blackout_minutes"": 15, ""conf_alpha"": 0.7, ""conf_beta"": 0.3, ""conf_weights"": [0.35, 0.35, 0.15, 0.15], ""conf_floor"": 0.2, ""weak_link_weight"": 0.3, ""ema_fast"": 2, ""ema_slow"": 5, ""tier_1_threshold"": 0.75, ""tier_2_threshold"": 0.3, ""soft_conf_max_candles"": 3, ""pending_displacement_ttl_candles"": 4, ""max_expansion_age_candles"": 495, ""max_expansion_age_hours"": 124, ""expansion_age_warn_candles"": 342, ""shadow_age_penalty_lambda"": 0.0, ""shadow_age_norm_candles"": 0, ""shadow_advisory_only"": false, ""sizing_bands"": [[0.75, 0.01], [0.55, 0.005]]}, ""constructor_mapping"": ""load_prod_config_from_registry + BacktestConfig.from_prod_config"", ""runtime_overrides"": {}, ""environment_overrides"": {""TRUST_INTRABAR_TOUCH"": null, ""BACKTEST_ENGINE_GATE"": ""1""}, ""note"": ""CRT process_candle does not consume 38-dim FeaturePipeline vector for guards.""}, ""state_transition"": {""state_before"": ""RANGE"", ""state_after"": ""RANGE"", ""state_changed"": false, ""persistent_state_snapshot_before"": {""current_state"": ""RANGE"", ""current_candle_index"": 82, ""atr"": 3.367142857142848, ""direction"": ""NONE"", ""ema_fast_val"": 2372.2536381912773, ""ema_slow_val"": 2373.679041373325, ""evaluating_soft_conf"": false, ""soft_conf_candles"": 0, ""cached_features"": {}, ""sweep_event"": null, ""active_range"": {""h_ref"": 2383.74, ""l_ref"": 2366.77, ""size"": 16.9699999999998, ""session"": ""UNKNOWN"", ""htf_candle_id"": ""XAUUSD-HTF-000027""}, ""displacement_candle_index"": null, ""retest_candle_index"": null, ""_displacement_entry_idx"": 0, ""_expansion_entry_idx"": 0, ""_came_from_shadow"": false, ""pending_displacement_ttl"": 0, ""active_trade"": null, ""transition_log_len"": 27}, ""persistent_state_snapshot_after"": {""current_state"": ""RANGE"", ""current_candle_index"": 83, ""atr"": 3.438571428571387, ""direction"": ""NONE"", ""ema_fast_val"": 2372.171212730426, ""ema_slow_val"": 2373.162694248884, ""evaluating_soft_conf"": false, ""soft_conf_candles"": 0, ""cached_features"": {}, ""sweep_event"": null, ""active_range"": {""h_ref"": 2383.74, ""l_ref"": 2366.77, ""size"": 16.9699999999998, ""session"": ""UNKNOWN"", ""htf_candle_id"": ""XAUUSD-HTF-000027""}, ""displacement_candle_index"": null, ""retest_candle_index"": null, ""_displacement_entry_idx"": 0, ""_expansion_entry_idx"": 0, ""_came_from_shadow"": false, ""pending_displacement_ttl"": 0, ""active_trade"": null, ""transition_log_len"": 27}, ""guards_evaluated"": [{""evaluation_order"": 1, ""guard_id"": ""G_RANGE_SWEEP_DETECT"", ""guard_name"": ""detect_sweep"", ""source_location"": ""crt_engine_v2.CRTEngine.process_candle:RANGE"", ""from_state"": ""RANGE"", ""candidate_to_state"": ""SWEEP"", ""operands"": [{""name"": ""high"", ""runtime_value"": 2372.87, ""source_class"": ""RAW_OHLC"", ""source_name"": ""candle.high"", ""source_location"": ""process_candle:RANGE"", ""feature_id"": ""high"", ""formula_id"": null, ""config_key"": null, ""provenance_status"": ""PROVEN""}, {""name"": ""low"", ""runtime_value"": 2370.76, ""source_class"": ""RAW_OHLC"", ""source_name"": ""candle.low"", ""source_location"": ""process_candle:RANGE"", ""feature_id"": ""low"", ""formula_id"": null, ""config_key"": null, ""provenance_status"": ""PROVEN""}, {""name"": ""close"", ""runtime_value"": 2372.13, ""source_class"": ""RAW_OHLC"", ""source_name"": ""candle.close"", ""source_location"": ""process_candle:RANGE"", ""feature_id"": ""close"", ""formula_id"": null, ""config_key"": null, ""provenance_status"": ""PROVEN""}, {""name"": ""h_ref"", ""runtime_value"": 2383.74, ""source_class"": ""STATE_MEMORY"", ""source_name"": ""active_range.h_ref"", ""source_location"": ""process_candle:RANGE"", ""feature_id"": null, ""formula_id"": null, ""config_key"": null, ""provenance_status"": ""PROVEN""}, {""name"": ""l_ref"", ""runtime_value"": 2366.77, ""source_class"": ""STATE_MEMORY"", ""source_name"": ""active_range.l_ref"", ""source_location"": ""process_candle:RANGE"", ""feature_id"": null, ""formula_id"": null, ""config_key"": null, ""provenance_status"": ""PROVEN""}], ""operator"": ""RangeDetector.detect_sweep(...)"", ""thresholds"": [], ""result"": false, ""short_circuit_status"": ""NO_SWEEP"", ""failure_reason"": ""no_sweep_detected""}], ""selected_transition"": {""transition_selected"": false, ""from_state"": ""RANGE"", ""to_state"": ""RANGE"", ""selection_location"": ""CRTEngine.process_candle"", ""winning_guard_id"": null, ""selection_reason"": ""NONE""}, ""action"": {""candle"": ""2024-05-23T05:15:00"", ""candle_index"": 83, ""state"": ""RANGE"", ""action"": ""NONE"", ""state_after"": ""RANGE""}}, ""outputs"": {""returned_value"": {""candle"": ""2024-05-23T05:15:00"", ""candle_index"": 83, ""state"": ""RANGE"", ""action"": ""NONE"", ""state_after"": ""RANGE""}, ""events_emitted"": [], ""trade_output"": null, ""rejection"": null, ""diversion"": null, ""output_classification"": ""NO_OUTPUT""}, ""integrity"": {""trace_complete"": true, ""raw_bar_complete"": true, ""canonical_feature_complete"": true, ""canonical_feature_count"": 38, ""crt_input_provenance_complete"": true, ""effective_config_complete"": true, ""state_before_captured"": true, ""guards_complete"": true, ""state_after_captured"": true, ""outputs_complete"": true, ""missing_fields"": [], ""unknown_provenance"": [], ""nonfinite_features"": [], ""exceptions"": [], ""warnings"": [], ""status"": ""COMPLETE"", ""evaluated_guard_count"": 1, ""true_guard_count"": 0}}"
"docs\governance\xauusd_crt_transition_trace\xauusd_crt_transition_trace_v1.jsonl","23","{""trace_identity"": {""trace_schema_version"": ""1.0.0"", ""run_id"": ""xauusd-crt-transition-20260714T074256Z-d455dd97"", ""trace_sequence"": 22, ""window_role"": ""POST_CONTEXT"", ""transition_families"": [], ""symbol"": ""XAUUSD"", ""timeframe"": ""M15"", ""bar_index"": 111, ""timestamp"": ""2024-05-23 05:30:00"", ""corpus_path"": ""data/mt5/XAUUSD_M15.csv"", ""corpus_sha256"": ""4d73f5cebe33ec91c5312340337eb62c2cf1f49060c91c42761bf631b26aba56"", ""repository_commit"": ""b48d4d9a7abfb429f2a17c790d4b32083da5dd92"", ""dirty_worktree_status"": ""DIRTY"", ""production_config_path"": ""configs/production/v2_multi_2026_04.json"", ""production_config_sha256"": ""03a3b8aa497d116a3bb32620253a2d1b6ce53737ec10e837d4bc83334f194990"", ""config_id"": ""v2_multi_2026_04"", ""prod_version"": ""v2_multi_2026_04"", ""canonical_schema_hash"": ""1ba02abbafdd0786831181677de547c1"", ""feature_order_hash"": ""235553310100a340"", ""artifact_id"": ""XAUUSD_CRT_TRANSITION_TRACE_V1""}, ""raw_bar"": {""timestamp"": ""2024-05-23 05:30:00"", ""open"": 2372.13, ""high"": 2373.24, ""low"": 2368.29, ""close"": 2369.42, ""volume"": 2889.0}, ""canonical_features"": {""feature_count"": 38, ""feature_names_in_canonical_order"": [""open"", ""high"", ""low"", ""close"", ""volume"", ""volume_ratio"", ""double_sweep"", ""ema_fast"", ""ema_slow"", ""ema_spread"", ""trend_bias"", ""trend_strength"", ""momentum_score"", ""atr"", ""volatility_ratio"", ""rsi_14"", ""macd_line"", ""macd_signal"", ""macd_hist"", ""sweep_detected"", ""liquidity_sweep"", ""break_of_structure"", ""swing_high"", ""swing_low"", ""higher_high"", ""lower_low"", ""body_size"", ""wick_size"", ""body_ratio"", ""volatility_regime"", ""session"", ""hour_of_day"", ""disp_strength"", ""retest_depth"", ""candles_since_retest"", ""liquidity_distance"", ""liquidity_pressure_score"", ""volume_spike""], ""values_by_name"": {""open"": 2372.1298828125, ""high"": 2373.239990234375, ""low"": 2368.2900390625, ""close"": 2369.419921875, ""volume"": 2889.0, ""volume_ratio"": 1.8265734910964966, ""double_sweep"": 0.0, ""ema_fast"": 2373.772705078125, ""ema_slow"": 2377.34912109375, ""ema_spread"": -2282.347900390625, ""trend_bias"": -1.0, ""trend_strength"": 1.3623552322387695, ""momentum_score"": -1729.430419921875, ""atr"": 0.0015669899294152856, ""volatility_ratio"": 1.333204984664917, ""rsi_14"": 20.416454315185547, ""macd_line"": -3.823294162750244, ""macd_signal"": -3.2587931156158447, ""macd_hist"": -0.382432222366333, ""sweep_detected"": 0.0, ""liquidity_sweep"": 0.0, ""break_of_structure"": 0.0, ""swing_high"": 1.0, ""swing_low"": 0.0, ""higher_high"": 0.0, ""lower_low"": 0.0, ""body_size"": 2.7100000381469727, ""wick_size"": 4.949999809265137, ""body_ratio"": 0.54747474193573, ""volatility_regime"": 2.0, ""session"": 0.0, ""hour_of_day"": 5.0, ""disp_strength"": 0.729896068572998, ""retest_depth"": 0.0, ""candles_since_retest"": 17.0, ""liquidity_distance"": 0.7137359976768494, ""liquidity_pressure_score"": 0.6998648643493652, ""volume_spike"": 1.0}, ""values_in_canonical_order"": [2372.1298828125, 2373.239990234375, 2368.2900390625, 2369.419921875, 2889.0, 1.8265734910964966, 0.0, 2373.772705078125, 2377.34912109375, -2282.347900390625, -1.0, 1.3623552322387695, -1729.430419921875, 0.0015669899294152856, 1.333204984664917, 20.416454315185547, -3.823294162750244, -3.2587931156158447, -0.382432222366333, 0.0, 0.0, 0.0, 1.0, 0.0, 0.0, 0.0, 2.7100000381469727, 4.949999809265137, 0.54747474193573, 2.0, 0.0, 5.0, 0.729896068572998, 0.0, 17.0, 0.7137359976768494, 0.6998648643493652, 1.0], ""schema_hash"": ""1ba02abbafdd0786831181677de547c1"", ""feature_order_hash"": ""235553310100a340"", ""feature_vector_index"": 32, ""lookup_miss"": false, ""consumed_by_crt_guards"": false, ""consumption_note"": ""38-vector not read by process_candle transition guards""}, ""crt_inputs"": {""inputs"": [{""name"": ""high"", ""runtime_value"": 2373.24, ""source_class"": ""RAW_OHLC"", ""source_name"": ""candle.high"", ""source_location"": ""process_candle:RANGE"", ""formula_id"": null, ""feature_id"": ""high"", ""config_key"": null, ""provenance_status"": ""PROVEN""}, {""name"": ""low"", ""runtime_value"": 2368.29, ""source_class"": ""RAW_OHLC"", ""source_name"": ""candle.low"", ""source_location"": ""process_candle:RANGE"", ""formula_id"": null, ""feature_id"": ""low"", ""config_key"": null, ""provenance_status"": ""PROVEN""}, {""name"": ""close"", ""runtime_value"": 2369.42, ""source_class"": ""RAW_OHLC"", ""source_name"": ""candle.close"", ""source_location"": ""process_candle:RANGE"", ""formula_id"": null, ""feature_id"": ""close"", ""config_key"": null, ""provenance_status"": ""PROVEN""}, {""name"": ""h_ref"", ""runtime_value"": 2383.74, ""source_class"": ""STATE_MEMORY"", ""source_name"": ""active_range.h_ref"", ""source_location"": ""process_candle:RANGE"", ""formula_id"": null, ""feature_id"": null, ""config_key"": null, ""provenance_status"": ""PROVEN""}, {""name"": ""l_ref"", ""runtime_value"": 2366.77, ""source_class"": ""STATE_MEMORY"", ""source_name"": ""active_range.l_ref"", ""source_location"": ""process_candle:RANGE"", ""formula_id"": null, ""feature_id"": null, ""config_key"": null, ""provenance_status"": ""PROVEN""}]}, ""effective_config"": {""config_file_path"": ""configs/production/v2_multi_2026_04.json"", ""config_file_sha256"": ""03a3b8aa497d116a3bb32620253a2d1b6ce53737ec10e837d4bc83334f194990"", ""prod_version"": ""v2_multi_2026_04"", ""effective_crt_config"": {""body_ratio_min"": 0.65, ""atr_multiplier_min"": 1.0, ""retest_depth_max"": 0.15, ""atr_period"": 14, ""atr_buffer_multiplier"": 3, ""max_sweep_age_candles"": 20, ""expansion_atr_min_distance"": 0.3, ""retest_atr_depth_fraction"": 0.3, ""retest_min_depth_atr_fraction"": 0.1, ""risk_score_weights"": [0.35, 0.25, 0.2, 0.2], ""score_component_weights"": [0.35, 0.25, 0.2, 0.2], ""max_displacement_strength"": 2.0, ""score_decay_lambda"": 0.05, ""score_threshold"": 0.45, ""max_spread_pct"": 0.05, ""atr_min_displacement"": 1.2, ""confirmation_body_min"": 0.6, ""sl_atr_buffer"": 0.2, ""tp1_atr_multiplier"": 1.0, ""tp2_atr_multiplier"": 2.0, ""exit_model"": ""intrabar_touch"", ""breakout_disp_threshold"": 1.5, ""tp1_atr_multiplier_breakout"": 1.5, ""tp1_atr_multiplier_pullback"": 0.8, ""tp1_atr_multiplier_liq_sweep"": 1.2, ""tp1_atr_multiplier_reversal"": 1.0, ""bitnet_main_threshold"": 0.55, ""use_bitnet"": false, ""session_windows"": {""LONDON"": [""07:00:00"", ""10:00:00""], ""NEWYORK"": [""13:00:00"", ""16:00:00""], ""ASIA"": [""00:00:00"", ""03:00:00""]}, ""allowed_sessions"": [""LONDON"", ""NEWYORK"", ""OVERLAP""], ""retrace_reset_pct"": 0.5, ""extension_reset_fib"": 1.618, ""news_blackout_minutes"": 15, ""conf_alpha"": 0.7, ""conf_beta"": 0.3, ""conf_weights"": [0.35, 0.35, 0.15, 0.15], ""conf_floor"": 0.2, ""weak_link_weight"": 0.3, ""ema_fast"": 2, ""ema_slow"": 5, ""tier_1_threshold"": 0.75, ""tier_2_threshold"": 0.3, ""soft_conf_max_candles"": 3, ""pending_displacement_ttl_candles"": 4, ""max_expansion_age_candles"": 495, ""max_expansion_age_hours"": 124, ""expansion_age_warn_candles"": 342, ""shadow_age_penalty_lambda"": 0.0, ""shadow_age_norm_candles"": 0, ""shadow_advisory_only"": false, ""sizing_bands"": [[0.75, 0.01], [0.55, 0.005]]}, ""constructor_mapping"": ""load_prod_config_from_registry + BacktestConfig.from_prod_config"", ""runtime_overrides"": {}, ""environment_overrides"": {""TRUST_INTRABAR_TOUCH"": null, ""BACKTEST_ENGINE_GATE"": ""1""}, ""note"": ""CRT process_candle does not consume 38-dim FeaturePipeline vector for guards.""}, ""state_transition"": {""state_before"": ""RANGE"", ""state_after"": ""RANGE"", ""state_changed"": false, ""persistent_state_snapshot_before"": {""current_state"": ""RANGE"", ""current_candle_index"": 83, ""atr"": 3.438571428571387, ""direction"": ""NONE"", ""ema_fast_val"": 2372.171212730426, ""ema_slow_val"": 2373.162694248884, ""evaluating_soft_conf"": false, ""soft_conf_candles"": 0, ""cached_features"": {}, ""sweep_event"": null, ""active_range"": {""h_ref"": 2383.74, ""l_ref"": 2366.77, ""size"": 16.9699999999998, ""session"": ""UNKNOWN"", ""htf_candle_id"": ""XAUUSD-HTF-000027""}, ""displacement_candle_index"": null, ""retest_candle_index"": null, ""_displacement_entry_idx"": 0, ""_expansion_entry_idx"": 0, ""_came_from_shadow"": false, ""pending_displacement_ttl"": 0, ""active_trade"": null, ""transition_log_len"": 27}, ""persistent_state_snapshot_after"": {""current_state"": ""RANGE"", ""current_candle_index"": 84, ""atr"": 3.712857142857079, ""direction"": ""NONE"", ""ema_fast_val"": 2370.337070910142, ""ema_slow_val"": 2371.915129499256, ""evaluating_soft_conf"": false, ""soft_conf_candles"": 0, ""cached_features"": {}, ""sweep_event"": null, ""active_range"": {""h_ref"": 2383.74, ""l_ref"": 2366.77, ""size"": 16.9699999999998, ""session"": ""UNKNOWN"", ""htf_candle_id"": ""XAUUSD-HTF-000027""}, ""displacement_candle_index"": null, ""retest_candle_index"": null, ""_displacement_entry_idx"": 0, ""_expansion_entry_idx"": 0, ""_came_from_shadow"": false, ""pending_displacement_ttl"": 0, ""active_trade"": null, ""transition_log_len"": 27}, ""guards_evaluated"": [{""evaluation_order"": 1, ""guard_id"": ""G_RANGE_SWEEP_DETECT"", ""guard_name"": ""detect_sweep"", ""source_location"": ""crt_engine_v2.CRTEngine.process_candle:RANGE"", ""from_state"": ""RANGE"", ""candidate_to_state"": ""SWEEP"", ""operands"": [{""name"": ""high"", ""runtime_value"": 2373.24, ""source_class"": ""RAW_OHLC"", ""source_name"": ""candle.high"", ""source_location"": ""process_candle:RANGE"", ""feature_id"": ""high"", ""formula_id"": null, ""config_key"": null, ""provenance_status"": ""PROVEN""}, {""name"": ""low"", ""runtime_value"": 2368.29, ""source_class"": ""RAW_OHLC"", ""source_name"": ""candle.low"", ""source_location"": ""process_candle:RANGE"", ""feature_id"": ""low"", ""formula_id"": null, ""config_key"": null, ""provenance_status"": ""PROVEN""}, {""name"": ""close"", ""runtime_value"": 2369.42, ""source_class"": ""RAW_OHLC"", ""source_name"": ""candle.close"", ""source_location"": ""process_candle:RANGE"", ""feature_id"": ""close"", ""formula_id"": null, ""config_key"": null, ""provenance_status"": ""PROVEN""}, {""name"": ""h_ref"", ""runtime_value"": 2383.74, ""source_class"": ""STATE_MEMORY"", ""source_name"": ""active_range.h_ref"", ""source_location"": ""process_candle:RANGE"", ""feature_id"": null, ""formula_id"": null, ""config_key"": null, ""provenance_status"": ""PROVEN""}, {""name"": ""l_ref"", ""runtime_value"": 2366.77, ""source_class"": ""STATE_MEMORY"", ""source_name"": ""active_range.l_ref"", ""source_location"": ""process_candle:RANGE"", ""feature_id"": null, ""formula_id"": null, ""config_key"": null, ""provenance_status"": ""PROVEN""}], ""operator"": ""RangeDetector.detect_sweep(...)"", ""thresholds"": [], ""result"": false, ""short_circuit_status"": ""NO_SWEEP"", ""failure_reason"": ""no_sweep_detected""}], ""selected_transition"": {""transition_selected"": false, ""from_state"": ""RANGE"", ""to_state"": ""RANGE"", ""selection_location"": ""CRTEngine.process_candle"", ""winning_guard_id"": null, ""selection_reason"": ""NONE""}, ""action"": {""candle"": ""2024-05-23T05:30:00"", ""candle_index"": 84, ""state"": ""RANGE"", ""action"": ""NONE"", ""state_after"": ""RANGE""}}, ""outputs"": {""returned_value"": {""candle"": ""2024-05-23T05:30:00"", ""candle_index"": 84, ""state"": ""RANGE"", ""action"": ""NONE"", ""state_after"": ""RANGE""}, ""events_emitted"": [], ""trade_output"": null, ""rejection"": null, ""diversion"": null, ""output_classification"": ""NO_OUTPUT""}, ""integrity"": {""trace_complete"": true, ""raw_bar_complete"": true, ""canonical_feature_complete"": true, ""canonical_feature_count"": 38, ""crt_input_provenance_complete"": true, ""effective_config_complete"": true, ""state_before_captured"": true, ""guards_complete"": true, ""state_after_captured"": true, ""outputs_complete"": true, ""missing_fields"": [], ""unknown_provenance"": [], ""nonfinite_features"": [], ""exceptions"": [], ""warnings"": [], ""status"": ""COMPLETE"", ""evaluated_guard_count"": 1, ""true_guard_count"": 0}}"
"docs\governance\xauusd_crt_transition_trace\xauusd_crt_transition_trace_v1.jsonl","24","{""trace_identity"": {""trace_schema_version"": ""1.0.0"", ""run_id"": ""xauusd-crt-transition-20260714T074256Z-d455dd97"", ""trace_sequence"": 23, ""window_role"": ""POST_CONTEXT"", ""transition_families"": [""RESET_TO_RANGE""], ""symbol"": ""XAUUSD"", ""timeframe"": ""M15"", ""bar_index"": 112, ""timestamp"": ""2024-05-23 05:45:00"", ""corpus_path"": ""data/mt5/XAUUSD_M15.csv"", ""corpus_sha256"": ""4d73f5cebe33ec91c5312340337eb62c2cf1f49060c91c42761bf631b26aba56"", ""repository_commit"": ""b48d4d9a7abfb429f2a17c790d4b32083da5dd92"", ""dirty_worktree_status"": ""DIRTY"", ""production_config_path"": ""configs/production/v2_multi_2026_04.json"", ""production_config_sha256"": ""03a3b8aa497d116a3bb32620253a2d1b6ce53737ec10e837d4bc83334f194990"", ""config_id"": ""v2_multi_2026_04"", ""prod_version"": ""v2_multi_2026_04"", ""canonical_schema_hash"": ""1ba02abbafdd0786831181677de547c1"", ""feature_order_hash"": ""235553310100a340"", ""artifact_id"": ""XAUUSD_CRT_TRANSITION_TRACE_V1""}, ""raw_bar"": {""timestamp"": ""2024-05-23 05:45:00"", ""open"": 2369.42, ""high"": 2369.93, ""low"": 2368.18, ""close"": 2369.59, ""volume"": 2390.0}, ""canonical_features"": {""feature_count"": 38, ""feature_names_in_canonical_order"": [""open"", ""high"", ""low"", ""close"", ""volume"", ""volume_ratio"", ""double_sweep"", ""ema_fast"", ""ema_slow"", ""ema_spread"", ""trend_bias"", ""trend_strength"", ""momentum_score"", ""atr"", ""volatility_ratio"", ""rsi_14"", ""macd_line"", ""macd_signal"", ""macd_hist"", ""sweep_detected"", ""liquidity_sweep"", ""break_of_structure"", ""swing_high"", ""swing_low"", ""higher_high"", ""lower_low"", ""body_size"", ""wick_size"", ""body_ratio"", ""volatility_regime"", ""session"", ""hour_of_day"", ""disp_strength"", ""retest_depth"", ""candles_since_retest"", ""liquidity_distance"", ""liquidity_pressure_score"", ""volume_spike""], ""values_by_name"": {""open"": 2369.419921875, ""high"": 2369.929931640625, ""low"": 2368.179931640625, ""close"": 2369.590087890625, ""volume"": 2390.0, ""volume_ratio"": 1.4397156238555908, ""double_sweep"": 0.0, ""ema_fast"": 2372.936279296875, ""ema_slow"": 2376.643798828125, ""ema_spread"": -2350.806884765625, ""trend_bias"": -1.0, ""trend_strength"": 1.208534598350525, ""momentum_score"": 107.79098510742188, ""atr"": 0.0015771263279020786, ""volatility_ratio"": 0.4682721793651581, ""rsi_14"": 16.870025634765625, ""macd_line"": -3.9596168994903564, ""macd_signal"": -3.3989579677581787, ""macd_hist"": -0.3711917996406555, ""sweep_detected"": 0.0, ""liquidity_sweep"": 0.0, ""break_of_structure"": 0.0, ""swing_high"": 0.0, ""swing_low"": 0.0, ""higher_high"": 0.0, ""lower_low"": 0.0, ""body_size"": 0.17000000178813934, ""wick_size"": 1.75, ""body_ratio"": 0.09714286029338837, ""volatility_regime"": 2.0, ""session"": 0.0, ""hour_of_day"": 5.0, ""disp_strength"": 0.045489296317100525, ""retest_depth"": 0.0, ""candles_since_retest"": 18.0, ""liquidity_distance"": 0.7545871734619141, ""liquidity_pressure_score"": 0.6857146620750427, ""volume_spike"": 1.0}, ""values_in_canonical_order"": [2369.419921875, 2369.929931640625, 2368.179931640625, 2369.590087890625, 2390.0, 1.4397156238555908, 0.0, 2372.936279296875, 2376.643798828125, -2350.806884765625, -1.0, 1.208534598350525, 107.79098510742188, 0.0015771263279020786, 0.4682721793651581, 16.870025634765625, -3.9596168994903564, -3.3989579677581787, -0.3711917996406555, 0.0, 0.0, 0.0, 0.0, 0.0, 0.0, 0.0, 0.17000000178813934, 1.75, 0.09714286029338837, 2.0, 0.0, 5.0, 0.045489296317100525, 0.0, 18.0, 0.7545871734619141, 0.6857146620750427, 1.0], ""schema_hash"": ""1ba02abbafdd0786831181677de547c1"", ""feature_order_hash"": ""235553310100a340"", ""feature_vector_index"": 33, ""lookup_miss"": false, ""consumed_by_crt_guards"": false, ""consumption_note"": ""38-vector not read by process_candle transition guards""}, ""crt_inputs"": {""inputs"": [{""name"": ""high"", ""runtime_value"": 2369.93, ""source_class"": ""RAW_OHLC"", ""source_name"": ""candle.high"", ""source_location"": ""process_candle:RANGE"", ""formula_id"": null, ""feature_id"": ""high"", ""config_key"": null, ""provenance_status"": ""PROVEN""}, {""name"": ""low"", ""runtime_value"": 2368.18, ""source_class"": ""RAW_OHLC"", ""source_name"": ""candle.low"", ""source_location"": ""process_candle:RANGE"", ""formula_id"": null, ""feature_id"": ""low"", ""config_key"": null, ""provenance_status"": ""PROVEN""}, {""name"": ""close"", ""runtime_value"": 2369.59, ""source_class"": ""RAW_OHLC"", ""source_name"": ""candle.close"", ""source_location"": ""process_candle:RANGE"", ""formula_id"": null, ""feature_id"": ""close"", ""config_key"": null, ""provenance_status"": ""PROVEN""}, {""name"": ""h_ref"", ""runtime_value"": 2383.74, ""source_class"": ""STATE_MEMORY"", ""source_name"": ""active_range.h_ref"", ""source_location"": ""process_candle:RANGE"", ""formula_id"": null, ""feature_id"": null, ""config_key"": null, ""provenance_status"": ""PROVEN""}, {""name"": ""l_ref"", ""runtime_value"": 2366.77, ""source_class"": ""STATE_MEMORY"", ""source_name"": ""active_range.l_ref"", ""source_location"": ""process_candle:RANGE"", ""formula_id"": null, ""feature_id"": null, ""config_key"": null, ""provenance_status"": ""PROVEN""}]}, ""effective_config"": {""config_file_path"": ""configs/production/v2_multi_2026_04.json"", ""config_file_sha256"": ""03a3b8aa497d116a3bb32620253a2d1b6ce53737ec10e837d4bc83334f194990"", ""prod_version"": ""v2_multi_2026_04"", ""effective_crt_config"": {""body_ratio_min"": 0.65, ""atr_multiplier_min"": 1.0, ""retest_depth_max"": 0.15, ""atr_period"": 14, ""atr_buffer_multiplier"": 3, ""max_sweep_age_candles"": 20, ""expansion_atr_min_distance"": 0.3, ""retest_atr_depth_fraction"": 0.3, ""retest_min_depth_atr_fraction"": 0.1, ""risk_score_weights"": [0.35, 0.25, 0.2, 0.2], ""score_component_weights"": [0.35, 0.25, 0.2, 0.2], ""max_displacement_strength"": 2.0, ""score_decay_lambda"": 0.05, ""score_threshold"": 0.45, ""max_spread_pct"": 0.05, ""atr_min_displacement"": 1.2, ""confirmation_body_min"": 0.6, ""sl_atr_buffer"": 0.2, ""tp1_atr_multiplier"": 1.0, ""tp2_atr_multiplier"": 2.0, ""exit_model"": ""intrabar_touch"", ""breakout_disp_threshold"": 1.5, ""tp1_atr_multiplier_breakout"": 1.5, ""tp1_atr_multiplier_pullback"": 0.8, ""tp1_atr_multiplier_liq_sweep"": 1.2, ""tp1_atr_multiplier_reversal"": 1.0, ""bitnet_main_threshold"": 0.55, ""use_bitnet"": false, ""session_windows"": {""LONDON"": [""07:00:00"", ""10:00:00""], ""NEWYORK"": [""13:00:00"", ""16:00:00""], ""ASIA"": [""00:00:00"", ""03:00:00""]}, ""allowed_sessions"": [""LONDON"", ""NEWYORK"", ""OVERLAP""], ""retrace_reset_pct"": 0.5, ""extension_reset_fib"": 1.618, ""news_blackout_minutes"": 15, ""conf_alpha"": 0.7, ""conf_beta"": 0.3, ""conf_weights"": [0.35, 0.35, 0.15, 0.15], ""conf_floor"": 0.2, ""weak_link_weight"": 0.3, ""ema_fast"": 2, ""ema_slow"": 5, ""tier_1_threshold"": 0.75, ""tier_2_threshold"": 0.3, ""soft_conf_max_candles"": 3, ""pending_displacement_ttl_candles"": 4, ""max_expansion_age_candles"": 495, ""max_expansion_age_hours"": 124, ""expansion_age_warn_candles"": 342, ""shadow_age_penalty_lambda"": 0.0, ""shadow_age_norm_candles"": 0, ""shadow_advisory_only"": false, ""sizing_bands"": [[0.75, 0.01], [0.55, 0.005]]}, ""constructor_mapping"": ""load_prod_config_from_registry + BacktestConfig.from_prod_config"", ""runtime_overrides"": {}, ""environment_overrides"": {""TRUST_INTRABAR_TOUCH"": null, ""BACKTEST_ENGINE_GATE"": ""1""}, ""note"": ""CRT process_candle does not consume 38-dim FeaturePipeline vector for guards.""}, ""state_transition"": {""state_before"": ""RANGE"", ""state_after"": ""RANGE"", ""state_changed"": false, ""persistent_state_snapshot_before"": {""current_state"": ""RANGE"", ""current_candle_index"": 84, ""atr"": 3.712857142857079, ""direction"": ""NONE"", ""ema_fast_val"": 2370.337070910142, ""ema_slow_val"": 2371.915129499256, ""evaluating_soft_conf"": false, ""soft_conf_candles"": 0, ""cached_features"": {}, ""sweep_event"": null, ""active_range"": {""h_ref"": 2383.74, ""l_ref"": 2366.77, ""size"": 16.9699999999998, ""session"": ""UNKNOWN"", ""htf_candle_id"": ""XAUUSD-HTF-000027""}, ""displacement_candle_index"": null, ""retest_candle_index"": null, ""_displacement_entry_idx"": 0, ""_expansion_entry_idx"": 0, ""_came_from_shadow"": false, ""pending_displacement_ttl"": 0, ""active_trade"": null, ""transition_log_len"": 27}, ""persistent_state_snapshot_after"": {""current_state"": ""RANGE"", ""current_candle_index"": 85, ""atr"": 3.737142857142804, ""direction"": ""NONE"", ""ema_fast_val"": 2369.839023636714, ""ema_slow_val"": 2371.1400863328377, ""evaluating_soft_conf"": false, ""soft_conf_candles"": 0, ""cached_features"": {}, ""sweep_event"": null, ""active_range"": {""h_ref"": 2383.74, ""l_ref"": 2366.77, ""size"": 16.9699999999998, ""session"": ""UNKNOWN"", ""htf_candle_id"": ""XAUUSD-HTF-000028""}, ""displacement_candle_index"": null, ""retest_candle_index"": null, ""_displacement_entry_idx"": 0, ""_expansion_entry_idx"": 0, ""_came_from_shadow"": false, ""pending_displacement_ttl"": 0, ""active_trade"": null, ""transition_log_len"": 28}, ""guards_evaluated"": [{""evaluation_order"": 1, ""guard_id"": ""G_RANGE_SWEEP_DETECT"", ""guard_name"": ""detect_sweep"", ""source_location"": ""crt_engine_v2.CRTEngine.process_candle:RANGE"", ""from_state"": ""RANGE"", ""candidate_to_state"": ""SWEEP"", ""operands"": [{""name"": ""high"", ""runtime_value"": 2369.93, ""source_class"": ""RAW_OHLC"", ""source_name"": ""candle.high"", ""source_location"": ""process_candle:RANGE"", ""feature_id"": ""high"", ""formula_id"": null, ""config_key"": null, ""provenance_status"": ""PROVEN""}, {""name"": ""low"", ""runtime_value"": 2368.18, ""source_class"": ""RAW_OHLC"", ""source_name"": ""candle.low"", ""source_location"": ""process_candle:RANGE"", ""feature_id"": ""low"", ""formula_id"": null, ""config_key"": null, ""provenance_status"": ""PROVEN""}, {""name"": ""close"", ""runtime_value"": 2369.59, ""source_class"": ""RAW_OHLC"", ""source_name"": ""candle.close"", ""source_location"": ""process_candle:RANGE"", ""feature_id"": ""close"", ""formula_id"": null, ""config_key"": null, ""provenance_status"": ""PROVEN""}, {""name"": ""h_ref"", ""runtime_value"": 2383.74, ""source_class"": ""STATE_MEMORY"", ""source_name"": ""active_range.h_ref"", ""source_location"": ""process_candle:RANGE"", ""feature_id"": null, ""formula_id"": null, ""config_key"": null, ""provenance_status"": ""PROVEN""}, {""name"": ""l_ref"", ""runtime_value"": 2366.77, ""source_class"": ""STATE_MEMORY"", ""source_name"": ""active_range.l_ref"", ""source_location"": ""process_candle:RANGE"", ""feature_id"": null, ""formula_id"": null, ""config_key"": null, ""provenance_status"": ""PROVEN""}], ""operator"": ""RangeDetector.detect_sweep(...)"", ""thresholds"": [], ""result"": false, ""short_circuit_status"": ""NO_SWEEP"", ""failure_reason"": ""no_sweep_detected""}], ""selected_transition"": {""transition_selected"": false, ""from_state"": ""RANGE"", ""to_state"": ""RANGE"", ""selection_location"": ""CRTEngine.process_candle"", ""winning_guard_id"": null, ""selection_reason"": ""RESET""}, ""action"": {""candle"": ""2024-05-23T05:45:00"", ""candle_index"": 85, ""state"": ""RANGE"", ""action"": ""RESET"", ""reason"": ""HTF changed: XAUUSD-HTF-000027 → XAUUSD-HTF-000028"", ""state_after"": ""RANGE""}}, ""outputs"": {""returned_value"": {""candle"": ""2024-05-23T05:45:00"", ""candle_index"": 85, ""state"": ""RANGE"", ""action"": ""RESET"", ""reason"": ""HTF changed: XAUUSD-HTF-000027 → XAUUSD-HTF-000028"", ""state_after"": ""RANGE""}, ""events_emitted"": [{""event"": ""RESET"", ""timestamp"": ""2024-05-23T05:45:00"", ""candle_index"": 85, ""state_from"": ""RANGE"", ""state_to"": ""RANGE"", ""reason"": ""HTF changed: XAUUSD-HTF-000027 → XAUUSD-HTF-000028"", ""direction"": null, ""price"": null}], ""trade_output"": null, ""rejection"": null, ""diversion"": {""candle"": ""2024-05-23T05:45:00"", ""candle_index"": 85, ""state"": ""RANGE"", ""action"": ""RESET"", ""reason"": ""HTF changed: XAUUSD-HTF-000027 → XAUUSD-HTF-000028"", ""state_after"": ""RANGE""}, ""output_classification"": ""DIVERTED""}, ""integrity"": {""trace_complete"": true, ""raw_bar_complete"": true, ""canonical_feature_complete"": true, ""canonical_feature_count"": 38, ""crt_input_provenance_complete"": true, ""effective_config_complete"": true, ""state_before_captured"": true, ""guards_complete"": true, ""state_after_captured"": true, ""outputs_complete"": true, ""missing_fields"": [], ""unknown_provenance"": [], ""nonfinite_features"": [], ""exceptions"": [], ""warnings"": [], ""status"": ""COMPLETE"", ""evaluated_guard_count"": 1, ""true_guard_count"": 0}}"
"docs\governance\behavioral_constant_authority_trace-2026-07-11.json","4","""trace_id"": ""behavioral_constant_authority_trace"","
"docs\governance\behavioral_constant_authority_trace-2026-07-11.json","124","""deep_trace_ids"": [],"
"docs\governance\behavioral_constant_authority_trace-2026-07-11.json","144","""deep_trace_ids"": [],"
"docs\governance\behavioral_constant_authority_trace-2026-07-11.json","162","""deep_trace_ids"": [],"
"docs\governance\behavioral_constant_authority_trace-2026-07-11.json","180","""deep_trace_ids"": [],"
"docs\governance\behavioral_constant_authority_trace-2026-07-11.json","199","""deep_trace_ids"": [],"
"docs\governance\behavioral_constant_authority_trace-2026-07-11.json","218","""deep_trace_ids"": [],"
"docs\governance\behavioral_constant_authority_trace-2026-07-11.json","238","""deep_trace_ids"": [],"
"docs\governance\behavioral_constant_authority_trace-2026-07-11.json","257","""deep_trace_ids"": [],"
"docs\governance\behavioral_constant_authority_trace-2026-07-11.json","277","""deep_trace_ids"": [],"
"docs\governance\behavioral_constant_authority_trace-2026-07-11.json","295","""deep_trace_ids"": [],"
"docs\governance\behavioral_constant_authority_trace-2026-07-11.json","313","""deep_trace_ids"": [],"
"docs\governance\behavioral_constant_authority_trace-2026-07-11.json","331","""deep_trace_ids"": [],"
"docs\governance\behavioral_constant_authority_trace-2026-07-11.json","349","""deep_trace_ids"": [],"
"docs\governance\behavioral_constant_authority_trace-2026-07-11.json","367","""deep_trace_ids"": [],"
"docs\governance\behavioral_constant_authority_trace-2026-07-11.json","385","""deep_trace_ids"": [],"
"docs\governance\behavioral_constant_authority_trace-2026-07-11.json","403","""deep_trace_ids"": [],"
"docs\governance\behavioral_constant_authority_trace-2026-07-11.json","421","""deep_trace_ids"": [],"
"docs\governance\behavioral_constant_authority_trace-2026-07-11.json","439","""deep_trace_ids"": [],"
"docs\governance\behavioral_constant_authority_trace-2026-07-11.json","457","""deep_trace_ids"": [],"
"docs\governance\behavioral_constant_authority_trace-2026-07-11.json","475","""deep_trace_ids"": [],"
"docs\governance\behavioral_constant_authority_trace-2026-07-11.json","493","""deep_trace_ids"": [],"
"docs\governance\behavioral_constant_authority_trace-2026-07-11.json","512","""deep_trace_ids"": [],"
"docs\governance\behavioral_constant_authority_trace-2026-07-11.json","531","""deep_trace_ids"": [],"
"docs\governance\behavioral_constant_authority_trace-2026-07-11.json","550","""deep_trace_ids"": [],"
"docs\governance\behavioral_constant_authority_trace-2026-07-11.json","569","""deep_trace_ids"": [],"
"docs\governance\behavioral_constant_authority_trace-2026-07-11.json","588","""deep_trace_ids"": [],"
"docs\governance\behavioral_constant_authority_trace-2026-07-11.json","608","""deep_trace_ids"": [],"
"docs\governance\behavioral_constant_authority_trace-2026-07-11.json","628","""deep_trace_ids"": [],"
"docs\governance\behavioral_constant_authority_trace-2026-07-11.json","648","""deep_trace_ids"": [],"
"docs\governance\behavioral_constant_authority_trace-2026-07-11.json","668","""deep_trace_ids"": [],"
"docs\governance\behavioral_constant_authority_trace-2026-07-11.json","686","""deep_trace_ids"": [],"
"docs\governance\behavioral_constant_authority_trace-2026-07-11.json","704","""deep_trace_ids"": [],"
"docs\governance\behavioral_constant_authority_trace-2026-07-11.json","722","""deep_trace_ids"": [],"
"docs\governance\behavioral_constant_authority_trace-2026-07-11.json","740","""deep_trace_ids"": [],"
"docs\governance\behavioral_constant_authority_trace-2026-07-11.json","760","""deep_trace_ids"": [],"
"docs\governance\behavioral_constant_authority_trace-2026-07-11.json","780","""deep_trace_ids"": [],"
"docs\governance\behavioral_constant_authority_trace-2026-07-11.json","798","""deep_trace_ids"": [],"
"docs\governance\behavioral_constant_authority_trace-2026-07-11.json","816","""deep_trace_ids"": [],"
"docs\governance\behavioral_constant_authority_trace-2026-07-11.json","835","""deep_trace_ids"": [],"
"docs\governance\behavioral_constant_authority_trace-2026-07-11.json","854","""deep_trace_ids"": [],"
"docs\governance\behavioral_constant_authority_trace-2026-07-11.json","873","""deep_trace_ids"": [],"
"docs\governance\behavioral_constant_authority_trace-2026-07-11.json","892","""deep_trace_ids"": [],"
"docs\governance\behavioral_constant_authority_trace-2026-07-11.json","912","""deep_trace_ids"": [],"
"docs\governance\behavioral_constant_authority_trace-2026-07-11.json","932","""deep_trace_ids"": [],"
"docs\governance\behavioral_constant_authority_trace-2026-07-11.json","952","""deep_trace_ids"": [],"
"docs\governance\behavioral_constant_authority_trace-2026-07-11.json","972","""deep_trace_ids"": [],"
"docs\governance\behavioral_constant_authority_trace-2026-07-11.json","991","""deep_trace_ids"": [],"
"docs\governance\behavioral_constant_authority_trace-2026-07-11.json","1010","""deep_trace_ids"": [],"
"docs\governance\behavioral_constant_authority_trace-2026-07-11.json","1029","""deep_trace_ids"": [],"
"docs\governance\behavioral_constant_authority_trace-2026-07-11.json","1048","""deep_trace_ids"": [],"
"docs\governance\behavioral_constant_authority_trace-2026-07-11.json","1067","""deep_trace_ids"": [],"
"docs\governance\behavioral_constant_authority_trace-2026-07-11.json","1086","""deep_trace_ids"": [],"
"docs\governance\behavioral_constant_authority_trace-2026-07-11.json","1105","""deep_trace_ids"": [],"
"docs\governance\behavioral_constant_authority_trace-2026-07-11.json","1124","""deep_trace_ids"": [],"
"docs\governance\behavioral_constant_authority_trace-2026-07-11.json","1143","""deep_trace_ids"": [],"
"docs\governance\behavioral_constant_authority_trace-2026-07-11.json","1162","""deep_trace_ids"": [],"
"docs\governance\behavioral_constant_authority_trace-2026-07-11.json","1181","""deep_trace_ids"": [],"
"docs\governance\behavioral_constant_authority_trace-2026-07-11.json","1200","""deep_trace_ids"": [],"
"docs\governance\behavioral_constant_authority_trace-2026-07-11.json","1219","""deep_trace_ids"": [],"
"docs\governance\behavioral_constant_authority_trace-2026-07-11.json","1238","""deep_trace_ids"": [],"
"docs\governance\behavioral_constant_authority_trace-2026-07-11.json","1257","""deep_trace_ids"": [],"
"docs\governance\behavioral_constant_authority_trace-2026-07-11.json","1276","""deep_trace_ids"": [],"
"docs\governance\behavioral_constant_authority_trace-2026-07-11.json","1296","""deep_trace_ids"": [],"
"docs\governance\behavioral_constant_authority_trace-2026-07-11.json","1316","""deep_trace_ids"": [],"
"docs\governance\behavioral_constant_authority_trace-2026-07-11.json","1335","""deep_trace_ids"": [],"
"docs\governance\behavioral_constant_authority_trace-2026-07-11.json","1355","""deep_trace_ids"": [],"
"docs\governance\behavioral_constant_authority_trace-2026-07-11.json","1374","""deep_trace_ids"": [],"
"docs\governance\behavioral_constant_authority_trace-2026-07-11.json","1394","""deep_trace_ids"": [],"
"docs\governance\behavioral_constant_authority_trace-2026-07-11.json","1414","""deep_trace_ids"": [],"
"docs\governance\behavioral_constant_authority_trace-2026-07-11.json","1434","""deep_trace_ids"": [],"
"docs\governance\behavioral_constant_authority_trace-2026-07-11.json","1454","""deep_trace_ids"": [],"
"docs\governance\behavioral_constant_authority_trace-2026-07-11.json","1474","""deep_trace_ids"": [],"
"docs\governance\behavioral_constant_authority_trace-2026-07-11.json","1494","""deep_trace_ids"": [],"
"docs\governance\behavioral_constant_authority_trace-2026-07-11.json","1514","""deep_trace_ids"": [],"
"docs\governance\behavioral_constant_authority_trace-2026-07-11.json","1534","""deep_trace_ids"": [],"
"docs\governance\behavioral_constant_authority_trace-2026-07-11.json","1554","""deep_trace_ids"": [],"
"docs\governance\behavioral_constant_authority_trace-2026-07-11.json","1573","""deep_trace_ids"": [],"
"docs\governance\behavioral_constant_authority_trace-2026-07-11.json","1593","""deep_trace_ids"": [],"
"docs\governance\behavioral_constant_authority_trace-2026-07-11.json","1612","""deep_trace_ids"": [],"
"docs\governance\behavioral_constant_authority_trace-2026-07-11.json","1632","""deep_trace_ids"": [],"
"docs\governance\behavioral_constant_authority_trace-2026-07-11.json","1651","""deep_trace_ids"": [],"
"docs\governance\behavioral_constant_authority_trace-2026-07-11.json","1671","""deep_trace_ids"": [],"
"docs\governance\behavioral_constant_authority_trace-2026-07-11.json","1691","""deep_trace_ids"": [],"
"docs\governance\behavioral_constant_authority_trace-2026-07-11.json","1711","""deep_trace_ids"": [],"
"docs\governance\behavioral_constant_authority_trace-2026-07-11.json","1731","""deep_trace_ids"": [],"
"docs\governance\behavioral_constant_authority_trace-2026-07-11.json","1751","""deep_trace_ids"": [],"
"docs\governance\behavioral_constant_authority_trace-2026-07-11.json","1772","""deep_trace_ids"": [],"
"docs\governance\behavioral_constant_authority_trace-2026-07-11.json","1792","""deep_trace_ids"": [],"
"docs\governance\behavioral_constant_authority_trace-2026-07-11.json","1812","""deep_trace_ids"": [],"
"docs\governance\behavioral_constant_authority_trace-2026-07-11.json","1832","""deep_trace_ids"": [],"
"docs\governance\behavioral_constant_authority_trace-2026-07-11.json","1852","""deep_trace_ids"": [],"
"docs\governance\behavioral_constant_authority_trace-2026-07-11.json","1872","""deep_trace_ids"": [],"
"docs\governance\behavioral_constant_authority_trace-2026-07-11.json","1892","""deep_trace_ids"": [],"
"docs\governance\behavioral_constant_authority_trace-2026-07-11.json","1912","""deep_trace_ids"": [],"
"docs\governance\behavioral_constant_authority_trace-2026-07-11.json","1932","""deep_trace_ids"": [],"
"docs\governance\behavioral_constant_authority_trace-2026-07-11.json","1952","""deep_trace_ids"": [],"
"docs\governance\behavioral_constant_authority_trace-2026-07-11.json","1972","""deep_trace_ids"": [],"
"docs\governance\behavioral_constant_authority_trace-2026-07-11.json","1992","""deep_trace_ids"": [],"
"docs\governance\behavioral_constant_authority_trace-2026-07-11.json","2012","""deep_trace_ids"": [],"
"docs\governance\behavioral_constant_authority_trace-2026-07-11.json","2032","""deep_trace_ids"": [],"
"docs\governance\behavioral_constant_authority_trace-2026-07-11.json","2052","""deep_trace_ids"": [],"
"docs\governance\behavioral_constant_authority_trace-2026-07-11.json","2072","""deep_trace_ids"": [],"
"docs\governance\behavioral_constant_authority_trace-2026-07-11.json","2092","""deep_trace_ids"": [],"
"docs\governance\behavioral_constant_authority_trace-2026-07-11.json","2112","""deep_trace_ids"": [],"
"docs\governance\behavioral_constant_authority_trace-2026-07-11.json","2132","""deep_trace_ids"": [],"
"docs\governance\behavioral_constant_authority_trace-2026-07-11.json","2152","""deep_trace_ids"": [],"
"docs\governance\behavioral_constant_authority_trace-2026-07-11.json","2172","""deep_trace_ids"": [],"
"docs\governance\behavioral_constant_authority_trace-2026-07-11.json","2192","""deep_trace_ids"": [],"
"docs\governance\behavioral_constant_authority_trace-2026-07-11.json","2212","""deep_trace_ids"": [],"
"docs\governance\behavioral_constant_authority_trace-2026-07-11.json","2232","""deep_trace_ids"": [],"
"docs\governance\behavioral_constant_authority_trace-2026-07-11.json","2252","""deep_trace_ids"": [],"
"docs\governance\behavioral_constant_authority_trace-2026-07-11.json","2272","""deep_trace_ids"": [],"
"docs\governance\behavioral_constant_authority_trace-2026-07-11.json","2292","""deep_trace_ids"": [],"
"docs\governance\behavioral_constant_authority_trace-2026-07-11.json","2312","""deep_trace_ids"": [],"
"docs\governance\behavioral_constant_authority_trace-2026-07-11.json","2332","""deep_trace_ids"": [],"
"docs\governance\behavioral_constant_authority_trace-2026-07-11.json","2352","""deep_trace_ids"": [],"
"docs\governance\behavioral_constant_authority_trace-2026-07-11.json","2372","""deep_trace_ids"": [],"
"docs\governance\behavioral_constant_authority_trace-2026-07-11.json","2392","""deep_trace_ids"": [],"
"docs\governance\behavioral_constant_authority_trace-2026-07-11.json","2412","""deep_trace_ids"": [],"
"docs\governance\behavioral_constant_authority_trace-2026-07-11.json","2432","""deep_trace_ids"": [],"
"docs\governance\behavioral_constant_authority_trace-2026-07-11.json","2452","""deep_trace_ids"": [],"
"docs\governance\behavioral_constant_authority_trace-2026-07-11.json","2472","""deep_trace_ids"": [],"
"docs\governance\behavioral_constant_authority_trace-2026-07-11.json","2492","""deep_trace_ids"": [],"
"docs\governance\behavioral_constant_authority_trace-2026-07-11.json","2511","""deep_trace_ids"": [],"
"docs\governance\behavioral_constant_authority_trace-2026-07-11.json","2530","""deep_trace_ids"": [],"
"docs\governance\behavioral_constant_authority_trace-2026-07-11.json","2549","""deep_trace_ids"": [],"
"docs\governance\behavioral_constant_authority_trace-2026-07-11.json","2568","""deep_trace_ids"": [],"
"docs\governance\behavioral_constant_authority_trace-2026-07-11.json","2587","""deep_trace_ids"": [],"
"docs\governance\behavioral_constant_authority_trace-2026-07-11.json","2606","""deep_trace_ids"": [],"
"docs\governance\behavioral_constant_authority_trace-2026-07-11.json","2625","""deep_trace_ids"": [],"
"docs\governance\behavioral_constant_authority_trace-2026-07-11.json","2644","""deep_trace_ids"": [],"
"docs\governance\behavioral_constant_authority_trace-2026-07-11.json","2664","""deep_trace_ids"": [],"
"docs\governance\behavioral_constant_authority_trace-2026-07-11.json","2684","""deep_trace_ids"": [],"
"docs\governance\behavioral_constant_authority_trace-2026-07-11.json","2704","""deep_trace_ids"": [],"
"docs\governance\behavioral_constant_authority_trace-2026-07-11.json","2724","""deep_trace_ids"": [],"
"docs\governance\behavioral_constant_authority_trace-2026-07-11.json","2744","""deep_trace_ids"": [],"
"docs\governance\behavioral_constant_authority_trace-2026-07-11.json","2763","""deep_trace_ids"": [],"
"docs\governance\behavioral_constant_authority_trace-2026-07-11.json","2783","""deep_trace_ids"": [],"
"docs\governance\behavioral_constant_authority_trace-2026-07-11.json","2803","""deep_trace_ids"": [],"
"docs\governance\behavioral_constant_authority_trace-2026-07-11.json","2823","""deep_trace_ids"": [],"
"docs\governance\behavioral_constant_authority_trace-2026-07-11.json","2843","""deep_trace_ids"": [],"
"docs\governance\behavioral_constant_authority_trace-2026-07-11.json","2863","""deep_trace_ids"": [],"
"docs\governance\behavioral_constant_authority_trace-2026-07-11.json","2883","""deep_trace_ids"": [],"
"docs\governance\behavioral_constant_authority_trace-2026-07-11.json","2903","""deep_trace_ids"": [],"
"docs\governance\behavioral_constant_authority_trace-2026-07-11.json","2923","""deep_trace_ids"": [],"
"docs\governance\behavioral_constant_authority_trace-2026-07-11.json","2943","""deep_trace_ids"": [],"
"docs\governance\behavioral_constant_authority_trace-2026-07-11.json","2963","""deep_trace_ids"": [],"
"docs\governance\behavioral_constant_authority_trace-2026-07-11.json","2983","""deep_trace_ids"": [],"
"docs\governance\behavioral_constant_authority_trace-2026-07-11.json","3001","""deep_trace_ids"": [],"
"docs\governance\behavioral_constant_authority_trace-2026-07-11.json","3021","""deep_trace_ids"": [],"
"docs\governance\behavioral_constant_authority_trace-2026-07-11.json","3039","""deep_trace_ids"": [],"
"docs\governance\behavioral_constant_authority_trace-2026-07-11.json","3059","""deep_trace_ids"": [],"
"docs\governance\behavioral_constant_authority_trace-2026-07-11.json","3079","""deep_trace_ids"": [],"
"docs\governance\behavioral_constant_authority_trace-2026-07-11.json","3099","""deep_trace_ids"": [],"
"docs\governance\behavioral_constant_authority_trace-2026-07-11.json","3119","""deep_trace_ids"": [],"
"docs\governance\behavioral_constant_authority_trace-2026-07-11.json","3139","""deep_trace_ids"": [],"
"docs\governance\behavioral_constant_authority_trace-2026-07-11.json","3158","""deep_trace_ids"": [],"
"docs\governance\behavioral_constant_authority_trace-2026-07-11.json","3178","""deep_trace_ids"": [],"
"docs\governance\behavioral_constant_authority_trace-2026-07-11.json","3197","""deep_trace_ids"": [],"
"docs\governance\behavioral_constant_authority_trace-2026-07-11.json","3217","""deep_trace_ids"": [],"
"docs\governance\behavioral_constant_authority_trace-2026-07-11.json","3236","""deep_trace_ids"": [],"
"docs\governance\behavioral_constant_authority_trace-2026-07-11.json","3256","""deep_trace_ids"": [],"
"docs\governance\behavioral_constant_authority_trace-2026-07-11.json","3275","""deep_trace_ids"": [],"
"docs\governance\behavioral_constant_authority_trace-2026-07-11.json","3295","""deep_trace_ids"": [],"
"docs\governance\behavioral_constant_authority_trace-2026-07-11.json","3314","""deep_trace_ids"": [],"
"docs\governance\behavioral_constant_authority_trace-2026-07-11.json","3334","""deep_trace_ids"": [],"
"docs\governance\behavioral_constant_authority_trace-2026-07-11.json","3354","""deep_trace_ids"": [],"
"docs\governance\behavioral_constant_authority_trace-2026-07-11.json","3374","""deep_trace_ids"": [],"
"docs\governance\behavioral_constant_authority_trace-2026-07-11.json","3393","""deep_trace_ids"": [],"
"docs\governance\behavioral_constant_authority_trace-2026-07-11.json","3413","""deep_trace_ids"": [],"
"docs\governance\behavioral_constant_authority_trace-2026-07-11.json","3433","""deep_trace_ids"": [],"
"docs\governance\behavioral_constant_authority_trace-2026-07-11.json","3453","""deep_trace_ids"": [],"
"docs\governance\behavioral_constant_authority_trace-2026-07-11.json","3473","""deep_trace_ids"": [],"
"docs\governance\behavioral_constant_authority_trace-2026-07-11.json","3493","""deep_trace_ids"": [],"
"docs\governance\behavioral_constant_authority_trace-2026-07-11.json","3512","""deep_trace_ids"": [],"
"docs\governance\behavioral_constant_authority_trace-2026-07-11.json","3532","""deep_trace_ids"": [],"
"docs\governance\behavioral_constant_authority_trace-2026-07-11.json","3551","""deep_trace_ids"": [],"
"docs\governance\behavioral_constant_authority_trace-2026-07-11.json","3570","""deep_trace_ids"": [],"
"docs\governance\behavioral_constant_authority_trace-2026-07-11.json","3589","""deep_trace_ids"": [],"
"docs\governance\behavioral_constant_authority_trace-2026-07-11.json","3608","""deep_trace_ids"": [],"
"docs\governance\behavioral_constant_authority_trace-2026-07-11.json","3628","""deep_trace_ids"": [],"
"docs\governance\behavioral_constant_authority_trace-2026-07-11.json","3648","""deep_trace_ids"": [],"
"docs\governance\behavioral_constant_authority_trace-2026-07-11.json","3668","""deep_trace_ids"": [],"
"docs\governance\behavioral_constant_authority_trace-2026-07-11.json","3688","""deep_trace_ids"": [],"
"docs\governance\behavioral_constant_authority_trace-2026-07-11.json","3707","""deep_trace_ids"": [],"
"docs\governance\behavioral_constant_authority_trace-2026-07-11.json","3726","""deep_trace_ids"": [],"
"docs\governance\behavioral_constant_authority_trace-2026-07-11.json","3745","""deep_trace_ids"": [],"
"docs\governance\behavioral_constant_authority_trace-2026-07-11.json","3764","""deep_trace_ids"": [],"
"docs\governance\behavioral_constant_authority_trace-2026-07-11.json","3783","""deep_trace_ids"": [],"
"docs\governance\behavioral_constant_authority_trace-2026-07-11.json","3802","""deep_trace_ids"": [],"
"docs\governance\behavioral_constant_authority_trace-2026-07-11.json","3821","""deep_trace_ids"": [],"
"docs\governance\behavioral_constant_authority_trace-2026-07-11.json","3840","""deep_trace_ids"": [],"
"docs\governance\behavioral_constant_authority_trace-2026-07-11.json","3859","""deep_trace_ids"": [],"
"docs\governance\behavioral_constant_authority_trace-2026-07-11.json","3878","""deep_trace_ids"": [],"
"docs\governance\behavioral_constant_authority_trace-2026-07-11.json","3898","""deep_trace_ids"": [],"
"docs\governance\behavioral_constant_authority_trace-2026-07-11.json","3918","""deep_trace_ids"": [],"
"docs\governance\behavioral_constant_authority_trace-2026-07-11.json","3938","""deep_trace_ids"": [],"
"docs\governance\behavioral_constant_authority_trace-2026-07-11.json","3958","""deep_trace_ids"": [],"
"docs\governance\behavioral_constant_authority_trace-2026-07-11.json","3977","""deep_trace_ids"": [],"
"docs\governance\behavioral_constant_authority_trace-2026-07-11.json","3996","""deep_trace_ids"": [],"
"docs\governance\behavioral_constant_authority_trace-2026-07-11.json","4015","""deep_trace_ids"": [],"
"docs\governance\behavioral_constant_authority_trace-2026-07-11.json","4035","""deep_trace_ids"": [],"
"docs\governance\behavioral_constant_authority_trace-2026-07-11.json","4054","""deep_trace_ids"": [],"
"docs\governance\behavioral_constant_authority_trace-2026-07-11.json","4074","""deep_trace_ids"": [],"
"docs\governance\behavioral_constant_authority_trace-2026-07-11.json","4093","""deep_trace_ids"": [],"
"docs\governance\behavioral_constant_authority_trace-2026-07-11.json","4112","""deep_trace_ids"": [],"
"docs\governance\behavioral_constant_authority_trace-2026-07-11.json","4130","""deep_trace_ids"": [],"
"docs\governance\behavioral_constant_authority_trace-2026-07-11.json","4149","""deep_trace_ids"": [],"
"docs\governance\behavioral_constant_authority_trace-2026-07-11.json","4168","""deep_trace_ids"": [],"
"docs\governance\behavioral_constant_authority_trace-2026-07-11.json","4187","""deep_trace_ids"": [],"
"docs\governance\behavioral_constant_authority_trace-2026-07-11.json","4207","""deep_trace_ids"": [],"
"docs\governance\behavioral_constant_authority_trace-2026-07-11.json","4226","""deep_trace_ids"": [],"
"docs\governance\behavioral_constant_authority_trace-2026-07-11.json","4245","""deep_trace_ids"": [],"
"docs\governance\behavioral_constant_authority_trace-2026-07-11.json","4265","""deep_trace_ids"": [],"
"docs\governance\behavioral_constant_authority_trace-2026-07-11.json","4285","""deep_trace_ids"": [],"
"docs\governance\behavioral_constant_authority_trace-2026-07-11.json","4304","""deep_trace_ids"": [],"
"docs\governance\behavioral_constant_authority_trace-2026-07-11.json","4323","""deep_trace_ids"": [],"
"docs\governance\behavioral_constant_authority_trace-2026-07-11.json","4343","""deep_trace_ids"": [],"
"docs\governance\behavioral_constant_authority_trace-2026-07-11.json","4362","""deep_trace_ids"": [],"
"docs\governance\behavioral_constant_authority_trace-2026-07-11.json","4381","""deep_trace_ids"": [],"
"docs\governance\behavioral_constant_authority_trace-2026-07-11.json","4400","""deep_trace_ids"": [],"
"docs\governance\behavioral_constant_authority_trace-2026-07-11.json","4419","""deep_trace_ids"": [],"
"docs\governance\behavioral_constant_authority_trace-2026-07-11.json","4438","""deep_trace_ids"": [],"
"docs\governance\behavioral_constant_authority_trace-2026-07-11.json","4457","""deep_trace_ids"": [],"
"docs\governance\behavioral_constant_authority_trace-2026-07-11.json","4476","""deep_trace_ids"": [],"
"docs\governance\behavioral_constant_authority_trace-2026-07-11.json","4495","""deep_trace_ids"": [],"
"docs\governance\behavioral_constant_authority_trace-2026-07-11.json","4514","""deep_trace_ids"": [],"
"docs\governance\behavioral_constant_authority_trace-2026-07-11.json","4534","""deep_trace_ids"": [],"
"docs\governance\behavioral_constant_authority_trace-2026-07-11.json","4554","""deep_trace_ids"": [],"
"docs\governance\behavioral_constant_authority_trace-2026-07-11.json","4573","""deep_trace_ids"": [],"
"docs\governance\behavioral_constant_authority_trace-2026-07-11.json","4593","""deep_trace_ids"": [],"
"docs\governance\behavioral_constant_authority_trace-2026-07-11.json","4613","""deep_trace_ids"": [],"
"docs\governance\behavioral_constant_authority_trace-2026-07-11.json","4633","""deep_trace_ids"": [],"
"docs\governance\behavioral_constant_authority_trace-2026-07-11.json","4653","""deep_trace_ids"": [],"
"docs\governance\behavioral_constant_authority_trace-2026-07-11.json","4673","""deep_trace_ids"": [],"
"docs\governance\behavioral_constant_authority_trace-2026-07-11.json","4693","""deep_trace_ids"": [],"
"docs\governance\behavioral_constant_authority_trace-2026-07-11.json","4712","""deep_trace_ids"": [],"
"docs\governance\behavioral_constant_authority_trace-2026-07-11.json","4732","""deep_trace_ids"": [],"
"docs\governance\behavioral_constant_authority_trace-2026-07-11.json","4752","""deep_trace_ids"": [],"
"docs\governance\behavioral_constant_authority_trace-2026-07-11.json","4771","""deep_trace_ids"": [],"
"docs\governance\behavioral_constant_authority_trace-2026-07-11.json","4791","""deep_trace_ids"": [],"
"docs\governance\behavioral_constant_authority_trace-2026-07-11.json","4811","""deep_trace_ids"": [],"
"docs\governance\behavioral_constant_authority_trace-2026-07-11.json","4831","""deep_trace_ids"": [],"
"docs\governance\behavioral_constant_authority_trace-2026-07-11.json","4851","""deep_trace_ids"": [],"
"docs\governance\behavioral_constant_authority_trace-2026-07-11.json","4871","""deep_trace_ids"": [],"
"docs\governance\behavioral_constant_authority_trace-2026-07-11.json","4891","""deep_trace_ids"": [],"
"docs\governance\behavioral_constant_authority_trace-2026-07-11.json","4911","""deep_trace_ids"": [],"
"docs\governance\behavioral_constant_authority_trace-2026-07-11.json","4931","""deep_trace_ids"": [],"
"docs\governance\behavioral_constant_authority_trace-2026-07-11.json","4950","""deep_trace_ids"": [],"
"docs\governance\behavioral_constant_authority_trace-2026-07-11.json","4969","""deep_trace_ids"": [],"
"docs\governance\behavioral_constant_authority_trace-2026-07-11.json","4988","""deep_trace_ids"": [],"
"docs\governance\behavioral_constant_authority_trace-2026-07-11.json","5007","""deep_trace_ids"": [],"
"docs\governance\behavioral_constant_authority_trace-2026-07-11.json","5026","""deep_trace_ids"": [],"
"docs\governance\behavioral_constant_authority_trace-2026-07-11.json","5046","""deep_trace_ids"": [],"
"docs\governance\behavioral_constant_authority_trace-2026-07-11.json","5065","""deep_trace_ids"": [],"
"docs\governance\behavioral_constant_authority_trace-2026-07-11.json","5084","""deep_trace_ids"": [],"
"docs\governance\behavioral_constant_authority_trace-2026-07-11.json","5104","""deep_trace_ids"": [],"
"docs\governance\behavioral_constant_authority_trace-2026-07-11.json","5123","""deep_trace_ids"": [],"
"docs\governance\behavioral_constant_authority_trace-2026-07-11.json","5142","""deep_trace_ids"": [],"
"docs\governance\behavioral_constant_authority_trace-2026-07-11.json","5160","""deep_trace_ids"": [],"
"docs\governance\behavioral_constant_authority_trace-2026-07-11.json","5178","""deep_trace_ids"": [],"
"docs\governance\behavioral_constant_authority_trace-2026-07-11.json","5196","""deep_trace_ids"": [],"
"docs\governance\behavioral_constant_authority_trace-2026-07-11.json","5214","""deep_trace_ids"": [],"
"docs\governance\behavioral_constant_authority_trace-2026-07-11.json","5233","""deep_trace_ids"": [],"
"docs\governance\behavioral_constant_authority_trace-2026-07-11.json","5253","""deep_trace_ids"": [],"
"docs\governance\behavioral_constant_authority_trace-2026-07-11.json","5272","""deep_trace_ids"": [],"
"docs\governance\behavioral_constant_authority_trace-2026-07-11.json","5291","""deep_trace_ids"": [],"
"docs\governance\behavioral_constant_authority_trace-2026-07-11.json","5310","""deep_trace_ids"": [],"
"docs\governance\behavioral_constant_authority_trace-2026-07-11.json","5328","""deep_trace_ids"": [],"
"docs\governance\behavioral_constant_authority_trace-2026-07-11.json","5347","""deep_trace_ids"": [],"
"docs\governance\behavioral_constant_authority_trace-2026-07-11.json","5366","""deep_trace_ids"": [],"
"docs\governance\behavioral_constant_authority_trace-2026-07-11.json","5385","""deep_trace_ids"": [],"
"docs\governance\behavioral_constant_authority_trace-2026-07-11.json","5405","""deep_trace_ids"": [],"
"docs\governance\behavioral_constant_authority_trace-2026-07-11.json","5423","""deep_trace_ids"": [],"
"docs\governance\behavioral_constant_authority_trace-2026-07-11.json","5442","""deep_trace_ids"": [],"
"docs\governance\behavioral_constant_authority_trace-2026-07-11.json","5461","""deep_trace_ids"": [],"
"docs\governance\behavioral_constant_authority_trace-2026-07-11.json","5479","""deep_trace_ids"": [],"
"docs\governance\behavioral_constant_authority_trace-2026-07-11.json","5497","""deep_trace_ids"": [],"
"docs\governance\behavioral_constant_authority_trace-2026-07-11.json","5515","""deep_trace_ids"": [],"
"docs\governance\behavioral_constant_authority_trace-2026-07-11.json","5533","""deep_trace_ids"": [],"
"docs\governance\behavioral_constant_authority_trace-2026-07-11.json","5551","""deep_trace_ids"": [],"
"docs\governance\behavioral_constant_authority_trace-2026-07-11.json","5569","""deep_trace_ids"": [],"
"docs\governance\behavioral_constant_authority_trace-2026-07-11.json","5587","""deep_trace_ids"": [],"
"docs\governance\behavioral_constant_authority_trace-2026-07-11.json","5605","""deep_trace_ids"": [],"
"docs\governance\behavioral_constant_authority_trace-2026-07-11.json","5623","""deep_trace_ids"": [],"
"docs\governance\behavioral_constant_authority_trace-2026-07-11.json","5641","""deep_trace_ids"": [],"
"docs\governance\behavioral_constant_authority_trace-2026-07-11.json","5660","""deep_trace_ids"": [],"
"docs\governance\behavioral_constant_authority_trace-2026-07-11.json","5679","""deep_trace_ids"": [],"
"docs\governance\behavioral_constant_authority_trace-2026-07-11.json","5698","""deep_trace_ids"": [],"
"docs\governance\behavioral_constant_authority_trace-2026-07-11.json","5717","""deep_trace_ids"": [],"
"docs\governance\behavioral_constant_authority_trace-2026-07-11.json","5736","""deep_trace_ids"": [],"
"docs\governance\behavioral_constant_authority_trace-2026-07-11.json","5755","""deep_trace_ids"": [],"
"docs\governance\behavioral_constant_authority_trace-2026-07-11.json","5774","""deep_trace_ids"": [],"
"docs\governance\behavioral_constant_authority_trace-2026-07-11.json","5793","""deep_trace_ids"": [],"
"docs\governance\behavioral_constant_authority_trace-2026-07-11.json","5812","""deep_trace_ids"": [],"
"docs\governance\behavioral_constant_authority_trace-2026-07-11.json","5831","""deep_trace_ids"": [],"
"docs\governance\behavioral_constant_authority_trace-2026-07-11.json","5850","""deep_trace_ids"": [],"
"docs\governance\behavioral_constant_authority_trace-2026-07-11.json","5869","""deep_trace_ids"": [],"
"docs\governance\behavioral_constant_authority_trace-2026-07-11.json","5887","""deep_trace_ids"": [],"
"docs\governance\behavioral_constant_authority_trace-2026-07-11.json","5905","""deep_trace_ids"": [],"
"docs\governance\behavioral_constant_authority_trace-2026-07-11.json","5924","""deep_trace_ids"": [],"
"docs\governance\behavioral_constant_authority_trace-2026-07-11.json","5942","""deep_trace_ids"": [],"
"docs\governance\behavioral_constant_authority_trace-2026-07-11.json","5960","""deep_trace_ids"": [],"
"docs\governance\behavioral_constant_authority_trace-2026-07-11.json","5979","""deep_trace_ids"": [],"
"docs\governance\behavioral_constant_authority_trace-2026-07-11.json","5998","""deep_trace_ids"": [],"
"docs\governance\behavioral_constant_authority_trace-2026-07-11.json","6017","""deep_trace_ids"": [],"
"docs\governance\behavioral_constant_authority_trace-2026-07-11.json","6035","""deep_trace_ids"": [],"
"docs\governance\behavioral_constant_authority_trace-2026-07-11.json","6053","""deep_trace_ids"": [],"
"docs\governance\behavioral_constant_authority_trace-2026-07-11.json","6072","""deep_trace_ids"": [],"
"docs\governance\behavioral_constant_authority_trace-2026-07-11.json","6090","""deep_trace_ids"": [],"
"docs\governance\behavioral_constant_authority_trace-2026-07-11.json","6108","""deep_trace_ids"": [],"
"docs\governance\behavioral_constant_authority_trace-2026-07-11.json","6126","""deep_trace_ids"": [],"
"docs\governance\behavioral_constant_authority_trace-2026-07-11.json","6144","""deep_trace_ids"": [],"
"docs\governance\behavioral_constant_authority_trace-2026-07-11.json","6162","""deep_trace_ids"": [],"
"docs\governance\behavioral_constant_authority_trace-2026-07-11.json","6181","""deep_trace_ids"": [],"
"docs\governance\behavioral_constant_authority_trace-2026-07-11.json","6199","""deep_trace_ids"": [],"
"docs\governance\behavioral_constant_authority_trace-2026-07-11.json","6218","""deep_trace_ids"": [],"
"docs\governance\behavioral_constant_authority_trace-2026-07-11.json","6236","""deep_trace_ids"": [],"
"docs\governance\behavioral_constant_authority_trace-2026-07-11.json","6254","""deep_trace_ids"": [],"
"docs\governance\behavioral_constant_authority_trace-2026-07-11.json","6272","""deep_trace_ids"": [],"
"docs\governance\behavioral_constant_authority_trace-2026-07-11.json","6290","""deep_trace_ids"": [],"
"docs\governance\behavioral_constant_authority_trace-2026-07-11.json","6308","""deep_trace_ids"": [],"
"docs\governance\behavioral_constant_authority_trace-2026-07-11.json","6327","""deep_trace_ids"": [],"
"docs\governance\behavioral_constant_authority_trace-2026-07-11.json","6345","""deep_trace_ids"": [],"
"docs\governance\behavioral_constant_authority_trace-2026-07-11.json","6363","""deep_trace_ids"": [],"
"docs\governance\behavioral_constant_authority_trace-2026-07-11.json","6382","""deep_trace_ids"": [],"
"docs\governance\behavioral_constant_authority_trace-2026-07-11.json","6400","""deep_trace_ids"": [],"
"docs\governance\behavioral_constant_authority_trace-2026-07-11.json","6418","""deep_trace_ids"": [],"
"docs\governance\behavioral_constant_authority_trace-2026-07-11.json","6436","""deep_trace_ids"": [],"
"docs\governance\behavioral_constant_authority_trace-2026-07-11.json","6454","""deep_trace_ids"": [],"
"docs\governance\behavioral_constant_authority_trace-2026-07-11.json","6472","""deep_trace_ids"": [],"
"docs\governance\behavioral_constant_authority_trace-2026-07-11.json","6490","""deep_trace_ids"": [],"
"docs\governance\behavioral_constant_authority_trace-2026-07-11.json","6508","""deep_trace_ids"": [],"
"docs\governance\behavioral_constant_authority_trace-2026-07-11.json","6526","""deep_trace_ids"": [],"
"docs\governance\behavioral_constant_authority_trace-2026-07-11.json","6544","""deep_trace_ids"": [],"
"docs\governance\behavioral_constant_authority_trace-2026-07-11.json","6562","""deep_trace_ids"": [],"
"docs\governance\behavioral_constant_authority_trace-2026-07-11.json","6580","""deep_trace_ids"": [],"
"docs\governance\behavioral_constant_authority_trace-2026-07-11.json","6599","""deep_trace_ids"": [],"
"docs\governance\behavioral_constant_authority_trace-2026-07-11.json","6617","""deep_trace_ids"": [],"
"docs\governance\behavioral_constant_authority_trace-2026-07-11.json","6635","""deep_trace_ids"": [],"
"docs\governance\behavioral_constant_authority_trace-2026-07-11.json","6653","""deep_trace_ids"": [],"
"docs\governance\behavioral_constant_authority_trace-2026-07-11.json","6671","""deep_trace_ids"": [],"
"docs\governance\behavioral_constant_authority_trace-2026-07-11.json","6690","""deep_trace_ids"": [],"
"docs\governance\behavioral_constant_authority_trace-2026-07-11.json","6708","""deep_trace_ids"": [],"
"docs\governance\behavioral_constant_authority_trace-2026-07-11.json","6726","""deep_trace_ids"": [],"
"docs\governance\behavioral_constant_authority_trace-2026-07-11.json","6744","""deep_trace_ids"": [],"
"docs\governance\behavioral_constant_authority_trace-2026-07-11.json","6762","""deep_trace_ids"": [],"
"docs\governance\behavioral_constant_authority_trace-2026-07-11.json","6780","""deep_trace_ids"": [],"
"docs\governance\behavioral_constant_authority_trace-2026-07-11.json","6798","""deep_trace_ids"": [],"
"docs\governance\behavioral_constant_authority_trace-2026-07-11.json","6816","""deep_trace_ids"": [],"
"docs\governance\behavioral_constant_authority_trace-2026-07-11.json","6834","""deep_trace_ids"": [],"
"docs\governance\behavioral_constant_authority_trace-2026-07-11.json","6852","""deep_trace_ids"": [],"
"docs\governance\behavioral_constant_authority_trace-2026-07-11.json","6870","""deep_trace_ids"": [],"
"docs\governance\behavioral_constant_authority_trace-2026-07-11.json","6888","""deep_trace_ids"": [],"
"docs\governance\behavioral_constant_authority_trace-2026-07-11.json","6907","""deep_trace_ids"": [],"
"docs\governance\behavioral_constant_authority_trace-2026-07-11.json","6926","""deep_trace_ids"": [],"
"docs\governance\behavioral_constant_authority_trace-2026-07-11.json","6945","""deep_trace_ids"": [],"
"docs\governance\behavioral_constant_authority_trace-2026-07-11.json","6964","""deep_trace_ids"": [],"
"docs\governance\behavioral_constant_authority_trace-2026-07-11.json","6983","""deep_trace_ids"": [],"
"docs\governance\behavioral_constant_authority_trace-2026-07-11.json","7002","""deep_trace_ids"": [],"
"docs\governance\behavioral_constant_authority_trace-2026-07-11.json","7021","""deep_trace_ids"": [],"
"docs\governance\behavioral_constant_authority_trace-2026-07-11.json","7040","""deep_trace_ids"": [],"
"docs\governance\behavioral_constant_authority_trace-2026-07-11.json","7060","""deep_trace_ids"": [],"
"docs\governance\behavioral_constant_authority_trace-2026-07-11.json","7080","""deep_trace_ids"": [],"
"docs\governance\behavioral_constant_authority_trace-2026-07-11.json","7100","""deep_trace_ids"": [],"
"docs\governance\behavioral_constant_authority_trace-2026-07-11.json","7119","""deep_trace_ids"": [],"
"docs\governance\behavioral_constant_authority_trace-2026-07-11.json","7139","""deep_trace_ids"": [],"
"docs\governance\behavioral_constant_authority_trace-2026-07-11.json","7159","""deep_trace_ids"": [],"
"docs\governance\behavioral_constant_authority_trace-2026-07-11.json","7179","""deep_trace_ids"": [],"
"docs\governance\behavioral_constant_authority_trace-2026-07-11.json","7198","""deep_trace_ids"": [],"
"docs\governance\behavioral_constant_authority_trace-2026-07-11.json","7217","""deep_trace_ids"": [],"
"docs\governance\behavioral_constant_authority_trace-2026-07-11.json","7237","""deep_trace_ids"": [],"
"docs\governance\behavioral_constant_authority_trace-2026-07-11.json","7257","""deep_trace_ids"": [],"
"docs\governance\behavioral_constant_authority_trace-2026-07-11.json","7277","""deep_trace_ids"": [],"
"docs\governance\behavioral_constant_authority_trace-2026-07-11.json","7295","""deep_trace_ids"": [],"
"docs\governance\behavioral_constant_authority_trace-2026-07-11.json","7314","""deep_trace_ids"": [],"
"docs\governance\behavioral_constant_authority_trace-2026-07-11.json","7333","""deep_trace_ids"": [],"
"docs\governance\behavioral_constant_authority_trace-2026-07-11.json","7352","""deep_trace_ids"": [],"
"docs\governance\behavioral_constant_authority_trace-2026-07-11.json","7371","""deep_trace_ids"": [],"
"docs\governance\behavioral_constant_authority_trace-2026-07-11.json","7390","""deep_trace_ids"": [],"
"docs\governance\behavioral_constant_authority_trace-2026-07-11.json","7409","""deep_trace_ids"": [],"
"docs\governance\behavioral_constant_authority_trace-2026-07-11.json","7428","""deep_trace_ids"": [],"
"docs\governance\behavioral_constant_authority_trace-2026-07-11.json","7448","""deep_trace_ids"": [],"
"docs\governance\behavioral_constant_authority_trace-2026-07-11.json","7468","""deep_trace_ids"": [],"
"docs\governance\behavioral_constant_authority_trace-2026-07-11.json","7488","""deep_trace_ids"": [],"
"docs\governance\behavioral_constant_authority_trace-2026-07-11.json","7507","""deep_trace_ids"": [],"
"docs\governance\behavioral_constant_authority_trace-2026-07-11.json","7527","""deep_trace_ids"": [],"
"docs\governance\behavioral_constant_authority_trace-2026-07-11.json","7546","""deep_trace_ids"": [],"
"docs\governance\behavioral_constant_authority_trace-2026-07-11.json","7565","""deep_trace_ids"": [],"
"docs\governance\behavioral_constant_authority_trace-2026-07-11.json","7584","""deep_trace_ids"": [],"
"docs\governance\behavioral_constant_authority_trace-2026-07-11.json","7604","""deep_trace_ids"": [],"
"docs\governance\behavioral_constant_authority_trace-2026-07-11.json","7624","""deep_trace_ids"": [],"
"docs\governance\behavioral_constant_authority_trace-2026-07-11.json","7644","""deep_trace_ids"": [],"
"docs\governance\behavioral_constant_authority_trace-2026-07-11.json","7664","""deep_trace_ids"": [],"
"docs\governance\behavioral_constant_authority_trace-2026-07-11.json","7682","""deep_trace_ids"": [],"
"docs\governance\behavioral_constant_authority_trace-2026-07-11.json","7700","""deep_trace_ids"": [],"
"docs\governance\behavioral_constant_authority_trace-2026-07-11.json","7718","""deep_trace_ids"": [],"
"docs\governance\behavioral_constant_authority_trace-2026-07-11.json","7736","""deep_trace_ids"": [],"
"docs\governance\behavioral_constant_authority_trace-2026-07-11.json","7754","""deep_trace_ids"": [],"
"docs\governance\behavioral_constant_authority_trace-2026-07-11.json","7772","""deep_trace_ids"": [],"
"docs\governance\behavioral_constant_authority_trace-2026-07-11.json","7790","""deep_trace_ids"": [],"
"docs\governance\behavioral_constant_authority_trace-2026-07-11.json","7808","""deep_trace_ids"": [],"
"docs\governance\behavioral_constant_authority_trace-2026-07-11.json","7827","""deep_trace_ids"": [],"
"docs\governance\behavioral_constant_authority_trace-2026-07-11.json","7845","""deep_trace_ids"": [],"
"docs\governance\behavioral_constant_authority_trace-2026-07-11.json","7863","""deep_trace_ids"": [],"
"docs\governance\behavioral_constant_authority_trace-2026-07-11.json","7881","""deep_trace_ids"": [],"
"docs\governance\behavioral_constant_authority_trace-2026-07-11.json","7899","""deep_trace_ids"": [],"
"docs\governance\behavioral_constant_authority_trace-2026-07-11.json","7917","""deep_trace_ids"": [],"
"docs\governance\behavioral_constant_authority_trace-2026-07-11.json","7935","""deep_trace_ids"": [],"
"docs\governance\behavioral_constant_authority_trace-2026-07-11.json","7953","""deep_trace_ids"": [],"
"docs\governance\behavioral_constant_authority_trace-2026-07-11.json","7971","""deep_trace_ids"": [],"
"docs\governance\behavioral_constant_authority_trace-2026-07-11.json","7989","""deep_trace_ids"": [],"
"docs\governance\behavioral_constant_authority_trace-2026-07-11.json","8007","""deep_trace_ids"": [],"
"docs\governance\behavioral_constant_authority_trace-2026-07-11.json","8026","""deep_trace_ids"": [],"
"docs\governance\behavioral_constant_authority_trace-2026-07-11.json","8045","""deep_trace_ids"": [],"
"docs\governance\behavioral_constant_authority_trace-2026-07-11.json","8064","""deep_trace_ids"": [],"
"docs\governance\behavioral_constant_authority_trace-2026-07-11.json","8082","""deep_trace_ids"": [],"
"docs\governance\behavioral_constant_authority_trace-2026-07-11.json","8100","""deep_trace_ids"": [],"
"docs\governance\behavioral_constant_authority_trace-2026-07-11.json","8118","""deep_trace_ids"": [],"
"docs\governance\behavioral_constant_authority_trace-2026-07-11.json","8136","""deep_trace_ids"": [],"
"docs\governance\behavioral_constant_authority_trace-2026-07-11.json","8154","""deep_trace_ids"": [],"
"docs\governance\behavioral_constant_authority_trace-2026-07-11.json","8173","""deep_trace_ids"": [],"
"docs\governance\behavioral_constant_authority_trace-2026-07-11.json","8191","""deep_trace_ids"": [],"
"docs\governance\behavioral_constant_authority_trace-2026-07-11.json","8210","""deep_trace_ids"": [],"
"docs\governance\behavioral_constant_authority_trace-2026-07-11.json","8228","""deep_trace_ids"": [],"
"docs\governance\behavioral_constant_authority_trace-2026-07-11.json","8246","""deep_trace_ids"": [],"
"docs\governance\behavioral_constant_authority_trace-2026-07-11.json","8264","""deep_trace_ids"": [],"
"docs\governance\behavioral_constant_authority_trace-2026-07-11.json","8283","""deep_trace_ids"": [],"
"docs\governance\behavioral_constant_authority_trace-2026-07-11.json","8301","""deep_trace_ids"": [],"
"docs\governance\behavioral_constant_authority_trace-2026-07-11.json","8319","""deep_trace_ids"": [],"
"docs\governance\behavioral_constant_authority_trace-2026-07-11.json","8338","""deep_trace_ids"": [],"
"docs\governance\behavioral_constant_authority_trace-2026-07-11.json","8357","""deep_trace_ids"": [],"
"docs\governance\behavioral_constant_authority_trace-2026-07-11.json","8375","""deep_trace_ids"": [],"
"docs\governance\behavioral_constant_authority_trace-2026-07-11.json","8393","""deep_trace_ids"": [],"
"docs\governance\behavioral_constant_authority_trace-2026-07-11.json","8411","""deep_trace_ids"": [],"
"docs\governance\behavioral_constant_authority_trace-2026-07-11.json","8429","""deep_trace_ids"": [],"
"docs\governance\behavioral_constant_authority_trace-2026-07-11.json","8447","""deep_trace_ids"": [],"
"docs\governance\behavioral_constant_authority_trace-2026-07-11.json","8465","""deep_trace_ids"": [],"
"docs\governance\behavioral_constant_authority_trace-2026-07-11.json","8483","""deep_trace_ids"": [],"
"docs\governance\behavioral_constant_authority_trace-2026-07-11.json","8501","""deep_trace_ids"": [],"
"docs\governance\behavioral_constant_authority_trace-2026-07-11.json","8520","""deep_trace_ids"": [],"
"docs\governance\behavioral_constant_authority_trace-2026-07-11.json","8539","""deep_trace_ids"": [],"
"docs\governance\behavioral_constant_authority_trace-2026-07-11.json","8558","""deep_trace_ids"": [],"
"docs\governance\behavioral_constant_authority_trace-2026-07-11.json","8577","""deep_trace_ids"": [],"
"docs\governance\behavioral_constant_authority_trace-2026-07-11.json","8595","""deep_trace_ids"": [],"
"docs\governance\behavioral_constant_authority_trace-2026-07-11.json","8613","""deep_trace_ids"": [],"
"docs\governance\behavioral_constant_authority_trace-2026-07-11.json","8631","""deep_trace_ids"": [],"
"docs\governance\behavioral_constant_authority_trace-2026-07-11.json","8650","""deep_trace_ids"": [],"
"docs\governance\behavioral_constant_authority_trace-2026-07-11.json","8669","""deep_trace_ids"": [],"
"docs\governance\behavioral_constant_authority_trace-2026-07-11.json","8688","""deep_trace_ids"": [],"
"docs\governance\behavioral_constant_authority_trace-2026-07-11.json","8707","""deep_trace_ids"": [],"
"docs\governance\behavioral_constant_authority_trace-2026-07-11.json","8725","""deep_trace_ids"": [],"
"docs\governance\behavioral_constant_authority_trace-2026-07-11.json","8743","""deep_trace_ids"": [],"
"docs\governance\behavioral_constant_authority_trace-2026-07-11.json","8763","""deep_trace_ids"": [],"
"docs\governance\behavioral_constant_authority_trace-2026-07-11.json","8783","""deep_trace_ids"": [],"
"docs\governance\behavioral_constant_authority_trace-2026-07-11.json","8803","""deep_trace_ids"": [],"
"docs\governance\behavioral_constant_authority_trace-2026-07-11.json","8822","""deep_trace_ids"": [],"
"docs\governance\behavioral_constant_authority_trace-2026-07-11.json","8841","""deep_trace_ids"": [],"
"docs\governance\behavioral_constant_authority_trace-2026-07-11.json","8861","""deep_trace_ids"": [],"
"docs\governance\behavioral_constant_authority_trace-2026-07-11.json","8881","""deep_trace_ids"": [],"
"docs\governance\behavioral_constant_authority_trace-2026-07-11.json","8901","""deep_trace_ids"": [],"
"docs\governance\behavioral_constant_authority_trace-2026-07-11.json","8920","""deep_trace_ids"": [],"
"docs\governance\behavioral_constant_authority_trace-2026-07-11.json","8940","""deep_trace_ids"": [],"
"docs\governance\behavioral_constant_authority_trace-2026-07-11.json","8960","""deep_trace_ids"": [],"
"docs\governance\behavioral_constant_authority_trace-2026-07-11.json","8980","""deep_trace_ids"": [],"
"docs\governance\behavioral_constant_authority_trace-2026-07-11.json","9000","""deep_trace_ids"": [],"
"docs\governance\behavioral_constant_authority_trace-2026-07-11.json","9020","""deep_trace_ids"": [],"
"docs\governance\behavioral_constant_authority_trace-2026-07-11.json","9041","""deep_trace_ids"": [],"
"docs\governance\behavioral_constant_authority_trace-2026-07-11.json","9062","""deep_trace_ids"": ["
"docs\governance\behavioral_constant_authority_trace-2026-07-11.json","9067","""trace_id"": ""RT-011"","
"docs\governance\behavioral_constant_authority_trace-2026-07-11.json","9106","""deep_trace_ids"": [],"
"docs\governance\behavioral_constant_authority_trace-2026-07-11.json","9127","""deep_trace_ids"": [],"
"docs\governance\behavioral_constant_authority_trace-2026-07-11.json","9148","""deep_trace_ids"": [],"
"docs\governance\behavioral_constant_authority_trace-2026-07-11.json","9167","""deep_trace_ids"": [],"
"docs\governance\behavioral_constant_authority_trace-2026-07-11.json","9188","""deep_trace_ids"": ["
"docs\governance\behavioral_constant_authority_trace-2026-07-11.json","9193","""trace_id"": ""RT-011"","
"docs\governance\behavioral_constant_authority_trace-2026-07-11.json","9232","""deep_trace_ids"": [],"
"docs\governance\behavioral_constant_authority_trace-2026-07-11.json","9253","""deep_trace_ids"": [],"
"docs\governance\behavioral_constant_authority_trace-2026-07-11.json","9274","""deep_trace_ids"": [],"
"docs\governance\behavioral_constant_authority_trace-2026-07-11.json","9295","""deep_trace_ids"": [],"
"docs\governance\behavioral_constant_authority_trace-2026-07-11.json","9316","""deep_trace_ids"": [],"
"docs\governance\behavioral_constant_authority_trace-2026-07-11.json","9337","""deep_trace_ids"": [],"
"docs\governance\behavioral_constant_authority_trace-2026-07-11.json","9358","""deep_trace_ids"": ["
"docs\governance\behavioral_constant_authority_trace-2026-07-11.json","9363","""trace_id"": ""RT-012"","
"docs\governance\behavioral_constant_authority_trace-2026-07-11.json","9399","""deep_trace_ids"": ["
"docs\governance\behavioral_constant_authority_trace-2026-07-11.json","9404","""trace_id"": ""RT-012"","
"docs\governance\behavioral_constant_authority_trace-2026-07-11.json","9440","""deep_trace_ids"": [],"
"docs\governance\behavioral_constant_authority_trace-2026-07-11.json","9458","""deep_trace_ids"": [],"
"docs\governance\behavioral_constant_authority_trace-2026-07-11.json","9479","""deep_trace_ids"": [],"
"docs\governance\behavioral_constant_authority_trace-2026-07-11.json","9500","""deep_trace_ids"": [],"
"docs\governance\behavioral_constant_authority_trace-2026-07-11.json","9521","""deep_trace_ids"": [],"
"docs\governance\behavioral_constant_authority_trace-2026-07-11.json","9542","""deep_trace_ids"": ["
"docs\governance\behavioral_constant_authority_trace-2026-07-11.json","9547","""trace_id"": ""RT-013"","
"docs\governance\behavioral_constant_authority_trace-2026-07-11.json","9580","""deep_trace_ids"": [],"
"docs\governance\behavioral_constant_authority_trace-2026-07-11.json","9599","""deep_trace_ids"": [],"
"docs\governance\behavioral_constant_authority_trace-2026-07-11.json","9618","""deep_trace_ids"": [],"
"docs\governance\behavioral_constant_authority_trace-2026-07-11.json","9637","""deep_trace_ids"": [],"
"docs\governance\behavioral_constant_authority_trace-2026-07-11.json","9656","""deep_trace_ids"": [],"
"docs\governance\behavioral_constant_authority_trace-2026-07-11.json","9675","""deep_trace_ids"": [],"
"docs\governance\behavioral_constant_authority_trace-2026-07-11.json","9694","""deep_trace_ids"": [],"
"docs\governance\behavioral_constant_authority_trace-2026-07-11.json","9713","""deep_trace_ids"": [],"
"docs\governance\behavioral_constant_authority_trace-2026-07-11.json","9732","""deep_trace_ids"": [],"
"docs\governance\behavioral_constant_authority_trace-2026-07-11.json","9751","""deep_trace_ids"": [],"
"docs\governance\behavioral_constant_authority_trace-2026-07-11.json","9771","""deep_trace_ids"": [],"
"docs\governance\behavioral_constant_authority_trace-2026-07-11.json","9791","""deep_trace_ids"": [],"
"docs\governance\behavioral_constant_authority_trace-2026-07-11.json","9811","""deep_trace_ids"": [],"
"docs\governance\behavioral_constant_authority_trace-2026-07-11.json","9831","""deep_trace_ids"": [],"
"docs\governance\behavioral_constant_authority_trace-2026-07-11.json","9851","""deep_trace_ids"": [],"
"docs\governance\behavioral_constant_authority_trace-2026-07-11.json","9871","""deep_trace_ids"": [],"
"docs\governance\behavioral_constant_authority_trace-2026-07-11.json","9891","""deep_trace_ids"": [],"
"docs\governance\behavioral_constant_authority_trace-2026-07-11.json","9910","""deep_trace_ids"": [],"
"docs\governance\behavioral_constant_authority_trace-2026-07-11.json","9929","""deep_trace_ids"": [],"
"docs\governance\behavioral_constant_authority_trace-2026-07-11.json","9948","""deep_trace_ids"": [],"
"docs\governance\behavioral_constant_authority_trace-2026-07-11.json","9968","""deep_trace_ids"": [],"
"docs\governance\behavioral_constant_authority_trace-2026-07-11.json","9987","""deep_trace_ids"": [],"
"docs\governance\behavioral_constant_authority_trace-2026-07-11.json","10007","""deep_trace_ids"": [],"
"docs\governance\behavioral_constant_authority_trace-2026-07-11.json","10028","""deep_trace_ids"": [],"
"docs\governance\behavioral_constant_authority_trace-2026-07-11.json","10048","""deep_trace_ids"": [],"
"docs\governance\behavioral_constant_authority_trace-2026-07-11.json","10068","""deep_trace_ids"": [],"
"docs\governance\behavioral_constant_authority_trace-2026-07-11.json","10088","""deep_trace_ids"": [],"
"docs\governance\behavioral_constant_authority_trace-2026-07-11.json","10108","""deep_trace_ids"": [],"
"docs\governance\behavioral_constant_authority_trace-2026-07-11.json","10128","""deep_trace_ids"": [],"
"docs\governance\behavioral_constant_authority_trace-2026-07-11.json","10148","""deep_trace_ids"": [],"
"docs\governance\behavioral_constant_authority_trace-2026-07-11.json","10168","""deep_trace_ids"": [],"
"docs\governance\behavioral_constant_authority_trace-2026-07-11.json","10188","""deep_trace_ids"": [],"
"docs\governance\behavioral_constant_authority_trace-2026-07-11.json","10208","""deep_trace_ids"": [],"
"docs\governance\behavioral_constant_authority_trace-2026-07-11.json","10228","""deep_trace_ids"": [],"
"docs\governance\behavioral_constant_authority_trace-2026-07-11.json","10248","""deep_trace_ids"": [],"
"docs\governance\behavioral_constant_authority_trace-2026-07-11.json","10268","""deep_trace_ids"": [],"
"docs\governance\behavioral_constant_authority_trace-2026-07-11.json","10287","""deep_trace_ids"": [],"
"docs\governance\behavioral_constant_authority_trace-2026-07-11.json","10307","""deep_trace_ids"": [],"
"docs\governance\behavioral_constant_authority_trace-2026-07-11.json","10327","""deep_trace_ids"": [],"
"docs\governance\behavioral_constant_authority_trace-2026-07-11.json","10347","""deep_trace_ids"": [],"
"docs\governance\behavioral_constant_authority_trace-2026-07-11.json","10367","""deep_trace_ids"": [],"
"docs\governance\behavioral_constant_authority_trace-2026-07-11.json","10387","""deep_trace_ids"": [],"
"docs\governance\behavioral_constant_authority_trace-2026-07-11.json","10407","""deep_trace_ids"": [],"
"docs\governance\behavioral_constant_authority_trace-2026-07-11.json","10427","""deep_trace_ids"": [],"
"docs\governance\behavioral_constant_authority_trace-2026-07-11.json","10447","""deep_trace_ids"": [],"
"docs\governance\behavioral_constant_authority_trace-2026-07-11.json","10467","""deep_trace_ids"": [],"
"docs\governance\behavioral_constant_authority_trace-2026-07-11.json","10487","""deep_trace_ids"": [],"
"docs\governance\behavioral_constant_authority_trace-2026-07-11.json","10506","""deep_trace_ids"": [],"
"docs\governance\behavioral_constant_authority_trace-2026-07-11.json","10525","""deep_trace_ids"": [],"
"docs\governance\behavioral_constant_authority_trace-2026-07-11.json","10544","""deep_trace_ids"": [],"
"docs\governance\behavioral_constant_authority_trace-2026-07-11.json","10563","""deep_trace_ids"": [],"
"docs\governance\behavioral_constant_authority_trace-2026-07-11.json","10582","""deep_trace_ids"": [],"
"docs\governance\behavioral_constant_authority_trace-2026-07-11.json","10602","""deep_trace_ids"": [],"
"docs\governance\behavioral_constant_authority_trace-2026-07-11.json","10622","""deep_trace_ids"": [],"
"docs\governance\behavioral_constant_authority_trace-2026-07-11.json","10642","""deep_trace_ids"": [],"
"docs\governance\behavioral_constant_authority_trace-2026-07-11.json","10662","""deep_trace_ids"": [],"
"docs\governance\behavioral_constant_authority_trace-2026-07-11.json","10682","""deep_trace_ids"": [],"
"docs\governance\behavioral_constant_authority_trace-2026-07-11.json","10702","""deep_trace_ids"": [],"
"docs\governance\behavioral_constant_authority_trace-2026-07-11.json","10722","""deep_trace_ids"": [],"
"docs\governance\behavioral_constant_authority_trace-2026-07-11.json","10742","""deep_trace_ids"": [],"
"docs\governance\behavioral_constant_authority_trace-2026-07-11.json","10762","""deep_trace_ids"": [],"
"docs\governance\behavioral_constant_authority_trace-2026-07-11.json","10782","""deep_trace_ids"": [],"
"docs\governance\behavioral_constant_authority_trace-2026-07-11.json","10802","""deep_trace_ids"": [],"
"docs\governance\behavioral_constant_authority_trace-2026-07-11.json","10822","""deep_trace_ids"": [],"
"docs\governance\behavioral_constant_authority_trace-2026-07-11.json","10842","""deep_trace_ids"": [],"
"docs\governance\behavioral_constant_authority_trace-2026-07-11.json","10862","""deep_trace_ids"": [],"
"docs\governance\behavioral_constant_authority_trace-2026-07-11.json","10882","""deep_trace_ids"": [],"
"docs\governance\behavioral_constant_authority_trace-2026-07-11.json","10901","""deep_trace_ids"": [],"
"docs\governance\behavioral_constant_authority_trace-2026-07-11.json","10920","""deep_trace_ids"": [],"
"docs\governance\behavioral_constant_authority_trace-2026-07-11.json","10939","""deep_trace_ids"": [],"
"docs\governance\behavioral_constant_authority_trace-2026-07-11.json","10958","""deep_trace_ids"": [],"
"docs\governance\behavioral_constant_authority_trace-2026-07-11.json","10978","""deep_trace_ids"": [],"
"docs\governance\behavioral_constant_authority_trace-2026-07-11.json","10998","""deep_trace_ids"": [],"
"docs\governance\behavioral_constant_authority_trace-2026-07-11.json","11018","""deep_trace_ids"": [],"
"docs\governance\behavioral_constant_authority_trace-2026-07-11.json","11038","""deep_trace_ids"": [],"
"docs\governance\behavioral_constant_authority_trace-2026-07-11.json","11058","""deep_trace_ids"": [],"
"docs\governance\behavioral_constant_authority_trace-2026-07-11.json","11078","""deep_trace_ids"": [],"
"docs\governance\behavioral_constant_authority_trace-2026-07-11.json","11098","""deep_trace_ids"": [],"
"docs\governance\behavioral_constant_authority_trace-2026-07-11.json","11118","""deep_trace_ids"": [],"
"docs\governance\behavioral_constant_authority_trace-2026-07-11.json","11138","""deep_trace_ids"": [],"
"docs\governance\behavioral_constant_authority_trace-2026-07-11.json","11158","""deep_trace_ids"": [],"
"docs\governance\behavioral_constant_authority_trace-2026-07-11.json","11178","""deep_trace_ids"": [],"
"docs\governance\behavioral_constant_authority_trace-2026-07-11.json","11198","""deep_trace_ids"": [],"
"docs\governance\behavioral_constant_authority_trace-2026-07-11.json","11218","""deep_trace_ids"": [],"
"docs\governance\behavioral_constant_authority_trace-2026-07-11.json","11238","""deep_trace_ids"": [],"
"docs\governance\behavioral_constant_authority_trace-2026-07-11.json","11258","""deep_trace_ids"": [],"
"docs\governance\behavioral_constant_authority_trace-2026-07-11.json","11278","""deep_trace_ids"": [],"
"docs\governance\behavioral_constant_authority_trace-2026-07-11.json","11298","""deep_trace_ids"": [],"
"docs\governance\behavioral_constant_authority_trace-2026-07-11.json","11318","""deep_trace_ids"": [],"
"docs\governance\behavioral_constant_authority_trace-2026-07-11.json","11338","""deep_trace_ids"": [],"
"docs\governance\behavioral_constant_authority_trace-2026-07-11.json","11358","""deep_trace_ids"": [],"
"docs\governance\behavioral_constant_authority_trace-2026-07-11.json","11378","""deep_trace_ids"": [],"
"docs\governance\behavioral_constant_authority_trace-2026-07-11.json","11398","""deep_trace_ids"": [],"
"docs\governance\behavioral_constant_authority_trace-2026-07-11.json","11418","""deep_trace_ids"": [],"
"docs\governance\behavioral_constant_authority_trace-2026-07-11.json","11438","""deep_trace_ids"": [],"
"docs\governance\behavioral_constant_authority_trace-2026-07-11.json","11458","""deep_trace_ids"": [],"
"docs\governance\behavioral_constant_authority_trace-2026-07-11.json","11477","""deep_trace_ids"": [],"
"docs\governance\behavioral_constant_authority_trace-2026-07-11.json","11496","""deep_trace_ids"": [],"
"docs\governance\behavioral_constant_authority_trace-2026-07-11.json","11515","""deep_trace_ids"": [],"
"docs\governance\behavioral_constant_authority_trace-2026-07-11.json","11535","""deep_trace_ids"": [],"
"docs\governance\behavioral_constant_authority_trace-2026-07-11.json","11554","""deep_trace_ids"": [],"
"docs\governance\behavioral_constant_authority_trace-2026-07-11.json","11574","""deep_trace_ids"": [],"
"docs\governance\behavioral_constant_authority_trace-2026-07-11.json","11594","""deep_trace_ids"": [],"
"docs\governance\behavioral_constant_authority_trace-2026-07-11.json","11614","""deep_trace_ids"": [],"
"docs\governance\behavioral_constant_authority_trace-2026-07-11.json","11634","""deep_trace_ids"": [],"
"docs\governance\behavioral_constant_authority_trace-2026-07-11.json","11654","""deep_trace_ids"": [],"
"docs\governance\behavioral_constant_authority_trace-2026-07-11.json","11674","""deep_trace_ids"": [],"
"docs\governance\behavioral_constant_authority_trace-2026-07-11.json","11694","""deep_trace_ids"": [],"
"docs\governance\behavioral_constant_authority_trace-2026-07-11.json","11713","""deep_trace_ids"": [],"
"docs\governance\behavioral_constant_authority_trace-2026-07-11.json","11732","""deep_trace_ids"": [],"
"docs\governance\behavioral_constant_authority_trace-2026-07-11.json","11751","""deep_trace_ids"": [],"
"docs\governance\behavioral_constant_authority_trace-2026-07-11.json","11770","""deep_trace_ids"": [],"
"docs\governance\behavioral_constant_authority_trace-2026-07-11.json","11789","""deep_trace_ids"": [],"
"docs\governance\behavioral_constant_authority_trace-2026-07-11.json","11807","""deep_trace_ids"": [],"
"docs\governance\behavioral_constant_authority_trace-2026-07-11.json","11825","""deep_trace_ids"": [],"
"docs\governance\behavioral_constant_authority_trace-2026-07-11.json","11843","""deep_trace_ids"": [],"
"docs\governance\behavioral_constant_authority_trace-2026-07-11.json","11861","""deep_trace_ids"": [],"
"docs\governance\behavioral_constant_authority_trace-2026-07-11.json","11879","""deep_trace_ids"": [],"
"docs\governance\behavioral_constant_authority_trace-2026-07-11.json","11897","""deep_trace_ids"": [],"
"docs\governance\behavioral_constant_authority_trace-2026-07-11.json","11917","""deep_trace_ids"": [],"
"docs\governance\behavioral_constant_authority_trace-2026-07-11.json","11937","""deep_trace_ids"": [],"
"docs\governance\behavioral_constant_authority_trace-2026-07-11.json","11957","""deep_trace_ids"": [],"
"docs\governance\behavioral_constant_authority_trace-2026-07-11.json","11977","""deep_trace_ids"": [],"
"docs\governance\behavioral_constant_authority_trace-2026-07-11.json","11997","""deep_trace_ids"": [],"
"docs\governance\behavioral_constant_authority_trace-2026-07-11.json","12017","""deep_trace_ids"": [],"
"docs\governance\behavioral_constant_authority_trace-2026-07-11.json","12037","""deep_trace_ids"": [],"
"docs\governance\behavioral_constant_authority_trace-2026-07-11.json","12056","""deep_trace_ids"": [],"
"docs\governance\behavioral_constant_authority_trace-2026-07-11.json","12075","""deep_trace_ids"": [],"
"docs\governance\behavioral_constant_authority_trace-2026-07-11.json","12094","""deep_trace_ids"": [],"
"docs\governance\behavioral_constant_authority_trace-2026-07-11.json","12114","""deep_trace_ids"": [],"
"docs\governance\behavioral_constant_authority_trace-2026-07-11.json","12134","""deep_trace_ids"": [],"
"docs\governance\behavioral_constant_authority_trace-2026-07-11.json","12154","""deep_trace_ids"": [],"
"docs\governance\behavioral_constant_authority_trace-2026-07-11.json","12174","""deep_trace_ids"": [],"
"docs\governance\behavioral_constant_authority_trace-2026-07-11.json","12193","""deep_trace_ids"": [],"
"docs\governance\behavioral_constant_authority_trace-2026-07-11.json","12213","""deep_trace_ids"": [],"
"docs\governance\behavioral_constant_authority_trace-2026-07-11.json","12232","""deep_trace_ids"": [],"
"docs\governance\behavioral_constant_authority_trace-2026-07-11.json","12252","""deep_trace_ids"": [],"
"docs\governance\behavioral_constant_authority_trace-2026-07-11.json","12271","""deep_trace_ids"": [],"
"docs\governance\behavioral_constant_authority_trace-2026-07-11.json","12290","""deep_trace_ids"": [],"
"docs\governance\behavioral_constant_authority_trace-2026-07-11.json","12309","""deep_trace_ids"": [],"
"docs\governance\behavioral_constant_authority_trace-2026-07-11.json","12329","""deep_trace_ids"": [],"
"docs\governance\behavioral_constant_authority_trace-2026-07-11.json","12349","""deep_trace_ids"": [],"
"docs\governance\behavioral_constant_authority_trace-2026-07-11.json","12369","""deep_trace_ids"": [],"
"docs\governance\behavioral_constant_authority_trace-2026-07-11.json","12388","""deep_trace_ids"": [],"
"docs\governance\behavioral_constant_authority_trace-2026-07-11.json","12407","""deep_trace_ids"": [],"
"docs\governance\behavioral_constant_authority_trace-2026-07-11.json","12426","""deep_trace_ids"": [],"
"docs\governance\behavioral_constant_authority_trace-2026-07-11.json","12445","""deep_trace_ids"": [],"
"docs\governance\behavioral_constant_authority_trace-2026-07-11.json","12464","""deep_trace_ids"": [],"
"docs\governance\behavioral_constant_authority_trace-2026-07-11.json","12483","""deep_trace_ids"": [],"
"docs\governance\behavioral_constant_authority_trace-2026-07-11.json","12502","""deep_trace_ids"": [],"
"docs\governance\behavioral_constant_authority_trace-2026-07-11.json","12521","""deep_trace_ids"": [],"
"docs\governance\behavioral_constant_authority_trace-2026-07-11.json","12539","""deep_trace_ids"": [],"
"docs\governance\behavioral_constant_authority_trace-2026-07-11.json","12557","""deep_trace_ids"": [],"
"docs\governance\behavioral_constant_authority_trace-2026-07-11.json","12575","""deep_trace_ids"": [],"
"docs\governance\behavioral_constant_authority_trace-2026-07-11.json","12594","""deep_trace_ids"": [],"
"docs\governance\behavioral_constant_authority_trace-2026-07-11.json","12613","""deep_trace_ids"": [],"
"docs\governance\behavioral_constant_authority_trace-2026-07-11.json","12632","""deep_trace_ids"": [],"
"docs\governance\behavioral_constant_authority_trace-2026-07-11.json","12651","""deep_trace_ids"": [],"
"docs\governance\behavioral_constant_authority_trace-2026-07-11.json","12669","""deep_trace_ids"": [],"
"docs\governance\behavioral_constant_authority_trace-2026-07-11.json","12687","""deep_trace_ids"": [],"
"docs\governance\behavioral_constant_authority_trace-2026-07-11.json","12706","""deep_trace_ids"": [],"
"docs\governance\behavioral_constant_authority_trace-2026-07-11.json","12725","""deep_trace_ids"": [],"
"docs\governance\behavioral_constant_authority_trace-2026-07-11.json","12743","""deep_trace_ids"": [],"
"docs\governance\behavioral_constant_authority_trace-2026-07-11.json","12762","""deep_trace_ids"": [],"
"docs\governance\behavioral_constant_authority_trace-2026-07-11.json","12781","""deep_trace_ids"": [],"
"docs\governance\behavioral_constant_authority_trace-2026-07-11.json","12799","""deep_trace_ids"": [],"
"docs\governance\behavioral_constant_authority_trace-2026-07-11.json","12817","""deep_trace_ids"": [],"
"docs\governance\behavioral_constant_authority_trace-2026-07-11.json","12836","""deep_trace_ids"": [],"
"docs\governance\behavioral_constant_authority_trace-2026-07-11.json","12854","""deep_trace_ids"": [],"
"docs\governance\behavioral_constant_authority_trace-2026-07-11.json","12872","""deep_trace_ids"": [],"
"docs\governance\behavioral_constant_authority_trace-2026-07-11.json","12890","""deep_trace_ids"": [],"
"docs\governance\behavioral_constant_authority_trace-2026-07-11.json","12908","""deep_trace_ids"": [],"
"docs\governance\behavioral_constant_authority_trace-2026-07-11.json","12926","""deep_trace_ids"": [],"
"docs\governance\behavioral_constant_authority_trace-2026-07-11.json","12944","""deep_trace_ids"": [],"
"docs\governance\behavioral_constant_authority_trace-2026-07-11.json","12962","""deep_trace_ids"": [],"
"docs\governance\behavioral_constant_authority_trace-2026-07-11.json","12980","""deep_trace_ids"": [],"
"docs\governance\behavioral_constant_authority_trace-2026-07-11.json","12999","""deep_trace_ids"": [],"
"docs\governance\behavioral_constant_authority_trace-2026-07-11.json","13018","""deep_trace_ids"": [],"
"docs\governance\behavioral_constant_authority_trace-2026-07-11.json","13036","""deep_trace_ids"": [],"
"docs\governance\behavioral_constant_authority_trace-2026-07-11.json","13054","""deep_trace_ids"": [],"
"docs\governance\behavioral_constant_authority_trace-2026-07-11.json","13072","""deep_trace_ids"": [],"
"docs\governance\behavioral_constant_authority_trace-2026-07-11.json","13090","""deep_trace_ids"": [],"
"docs\governance\behavioral_constant_authority_trace-2026-07-11.json","13108","""deep_trace_ids"": [],"
"docs\governance\behavioral_constant_authority_trace-2026-07-11.json","13126","""deep_trace_ids"": [],"
"docs\governance\behavioral_constant_authority_trace-2026-07-11.json","13144","""deep_trace_ids"": [],"
"docs\governance\behavioral_constant_authority_trace-2026-07-11.json","13163","""deep_trace_ids"": [],"
"docs\governance\behavioral_constant_authority_trace-2026-07-11.json","13182","""deep_trace_ids"": [],"
"docs\governance\behavioral_constant_authority_trace-2026-07-11.json","13200","""deep_trace_ids"": [],"
"docs\governance\behavioral_constant_authority_trace-2026-07-11.json","13219","""deep_trace_ids"": [],"
"docs\governance\behavioral_constant_authority_trace-2026-07-11.json","13237","""deep_trace_ids"": [],"
"docs\governance\behavioral_constant_authority_trace-2026-07-11.json","13255","""deep_trace_ids"": [],"
"docs\governance\behavioral_constant_authority_trace-2026-07-11.json","13273","""deep_trace_ids"": [],"
"docs\governance\behavioral_constant_authority_trace-2026-07-11.json","13291","""deep_trace_ids"": [],"
"docs\governance\behavioral_constant_authority_trace-2026-07-11.json","13310","""deep_trace_ids"": [],"
"docs\governance\behavioral_constant_authority_trace-2026-07-11.json","13329","""deep_trace_ids"": [],"
"docs\governance\behavioral_constant_authority_trace-2026-07-11.json","13347","""deep_trace_ids"": [],"
"docs\governance\behavioral_constant_authority_trace-2026-07-11.json","13365","""deep_trace_ids"": [],"
"docs\governance\behavioral_constant_authority_trace-2026-07-11.json","13383","""deep_trace_ids"": [],"
"docs\governance\behavioral_constant_authority_trace-2026-07-11.json","13401","""deep_trace_ids"": [],"
"docs\governance\behavioral_constant_authority_trace-2026-07-11.json","13419","""deep_trace_ids"": [],"
"docs\governance\behavioral_constant_authority_trace-2026-07-11.json","13437","""deep_trace_ids"": [],"
"docs\governance\behavioral_constant_authority_trace-2026-07-11.json","13455","""deep_trace_ids"": [],"
"docs\governance\behavioral_constant_authority_trace-2026-07-11.json","13473","""deep_trace_ids"": [],"
"docs\governance\behavioral_constant_authority_trace-2026-07-11.json","13491","""deep_trace_ids"": [],"
"docs\governance\behavioral_constant_authority_trace-2026-07-11.json","13509","""deep_trace_ids"": [],"
"docs\governance\behavioral_constant_authority_trace-2026-07-11.json","13527","""deep_trace_ids"": [],"
"docs\governance\behavioral_constant_authority_trace-2026-07-11.json","13545","""deep_trace_ids"": [],"
"docs\governance\behavioral_constant_authority_trace-2026-07-11.json","13563","""deep_trace_ids"": [],"
"docs\governance\behavioral_constant_authority_trace-2026-07-11.json","13581","""deep_trace_ids"": [],"
"docs\governance\behavioral_constant_authority_trace-2026-07-11.json","13599","""deep_trace_ids"": [],"
"docs\governance\behavioral_constant_authority_trace-2026-07-11.json","13617","""deep_trace_ids"": [],"
"docs\governance\behavioral_constant_authority_trace-2026-07-11.json","13635","""deep_trace_ids"": [],"
"docs\governance\behavioral_constant_authority_trace-2026-07-11.json","13653","""deep_trace_ids"": [],"
"docs\governance\behavioral_constant_authority_trace-2026-07-11.json","13672","""deep_trace_ids"": [],"
"docs\governance\behavioral_constant_authority_trace-2026-07-11.json","13691","""deep_trace_ids"": [],"
"docs\governance\behavioral_constant_authority_trace-2026-07-11.json","13709","""deep_trace_ids"": [],"
"docs\governance\behavioral_constant_authority_trace-2026-07-11.json","13727","""deep_trace_ids"": [],"
"docs\governance\behavioral_constant_authority_trace-2026-07-11.json","13745","""deep_trace_ids"": [],"
"docs\governance\behavioral_constant_authority_trace-2026-07-11.json","13763","""deep_trace_ids"": [],"
"docs\governance\behavioral_constant_authority_trace-2026-07-11.json","13781","""deep_trace_ids"": [],"
"docs\governance\behavioral_constant_authority_trace-2026-07-11.json","13799","""deep_trace_ids"": [],"
"docs\governance\behavioral_constant_authority_trace-2026-07-11.json","13817","""deep_trace_ids"": [],"
"docs\governance\behavioral_constant_authority_trace-2026-07-11.json","13835","""deep_trace_ids"": [],"
"docs\governance\behavioral_constant_authority_trace-2026-07-11.json","13854","""deep_trace_ids"": [],"
"docs\governance\behavioral_constant_authority_trace-2026-07-11.json","13872","""deep_trace_ids"": [],"
"docs\governance\behavioral_constant_authority_trace-2026-07-11.json","13891","""deep_trace_ids"": [],"
"docs\governance\behavioral_constant_authority_trace-2026-07-11.json","13909","""deep_trace_ids"": [],"
"docs\governance\behavioral_constant_authority_trace-2026-07-11.json","13927","""deep_trace_ids"": [],"
"docs\governance\behavioral_constant_authority_trace-2026-07-11.json","13945","""deep_trace_ids"": [],"
"docs\governance\behavioral_constant_authority_trace-2026-07-11.json","13964","""deep_trace_ids"": [],"
"docs\governance\behavioral_constant_authority_trace-2026-07-11.json","13983","""deep_trace_ids"": [],"
"docs\governance\behavioral_constant_authority_trace-2026-07-11.json","14002","""deep_trace_ids"": [],"
"docs\governance\behavioral_constant_authority_trace-2026-07-11.json","14022","""deep_trace_ids"": [],"
"docs\governance\behavioral_constant_authority_trace-2026-07-11.json","14042","""deep_trace_ids"": [],"
"docs\governance\behavioral_constant_authority_trace-2026-07-11.json","14062","""deep_trace_ids"": [],"
"docs\governance\behavioral_constant_authority_trace-2026-07-11.json","14081","""deep_trace_ids"": [],"
"docs\governance\behavioral_constant_authority_trace-2026-07-11.json","14100","""deep_trace_ids"": [],"
"docs\governance\behavioral_constant_authority_trace-2026-07-11.json","14119","""deep_trace_ids"": [],"
"docs\governance\behavioral_constant_authority_trace-2026-07-11.json","14138","""deep_trace_ids"": [],"
"docs\governance\behavioral_constant_authority_trace-2026-07-11.json","14156","""deep_trace_ids"": [],"
"docs\governance\behavioral_constant_authority_trace-2026-07-11.json","14176","""deep_trace_ids"": [],"
"docs\governance\behavioral_constant_authority_trace-2026-07-11.json","14196","""deep_trace_ids"": [],"
"docs\governance\behavioral_constant_authority_trace-2026-07-11.json","14216","""deep_trace_ids"": [],"
"docs\governance\behavioral_constant_authority_trace-2026-07-11.json","14236","""deep_trace_ids"": [],"
"docs\governance\behavioral_constant_authority_trace-2026-07-11.json","14256","""deep_trace_ids"": [],"
"docs\governance\behavioral_constant_authority_trace-2026-07-11.json","14276","""deep_trace_ids"": [],"
"docs\governance\behavioral_constant_authority_trace-2026-07-11.json","14296","""deep_trace_ids"": [],"
"docs\governance\behavioral_constant_authority_trace-2026-07-11.json","14316","""deep_trace_ids"": [],"
"docs\governance\behavioral_constant_authority_trace-2026-07-11.json","14336","""deep_trace_ids"": [],"
"docs\governance\behavioral_constant_authority_trace-2026-07-11.json","14356","""deep_trace_ids"": [],"
"docs\governance\behavioral_constant_authority_trace-2026-07-11.json","14376","""deep_trace_ids"": [],"
"docs\governance\behavioral_constant_authority_trace-2026-07-11.json","14396","""deep_trace_ids"": [],"
"docs\governance\behavioral_constant_authority_trace-2026-07-11.json","14416","""deep_trace_ids"": [],"
"docs\governance\behavioral_constant_authority_trace-2026-07-11.json","14436","""deep_trace_ids"": [],"
"docs\governance\behavioral_constant_authority_trace-2026-07-11.json","14456","""deep_trace_ids"": [],"
"docs\governance\behavioral_constant_authority_trace-2026-07-11.json","14476","""deep_trace_ids"": [],"
"docs\governance\behavioral_constant_authority_trace-2026-07-11.json","14496","""deep_trace_ids"": [],"
"docs\governance\behavioral_constant_authority_trace-2026-07-11.json","14516","""deep_trace_ids"": [],"
"docs\governance\behavioral_constant_authority_trace-2026-07-11.json","14536","""deep_trace_ids"": [],"
"docs\governance\behavioral_constant_authority_trace-2026-07-11.json","14556","""deep_trace_ids"": [],"
"docs\governance\behavioral_constant_authority_trace-2026-07-11.json","14576","""deep_trace_ids"": [],"
"docs\governance\behavioral_constant_authority_trace-2026-07-11.json","14596","""deep_trace_ids"": [],"
"docs\governance\behavioral_constant_authority_trace-2026-07-11.json","14616","""deep_trace_ids"": [],"
"docs\governance\behavioral_constant_authority_trace-2026-07-11.json","14636","""deep_trace_ids"": [],"
"docs\governance\behavioral_constant_authority_trace-2026-07-11.json","14656","""deep_trace_ids"": [],"
"docs\governance\behavioral_constant_authority_trace-2026-07-11.json","14676","""deep_trace_ids"": [],"
"docs\governance\behavioral_constant_authority_trace-2026-07-11.json","14696","""deep_trace_ids"": [],"
"docs\governance\behavioral_constant_authority_trace-2026-07-11.json","14716","""deep_trace_ids"": [],"
"docs\governance\behavioral_constant_authority_trace-2026-07-11.json","14736","""deep_trace_ids"": [],"
"docs\governance\behavioral_constant_authority_trace-2026-07-11.json","14756","""deep_trace_ids"": [],"
"docs\governance\behavioral_constant_authority_trace-2026-07-11.json","14776","""deep_trace_ids"": [],"
"docs\governance\behavioral_constant_authority_trace-2026-07-11.json","14796","""deep_trace_ids"": [],"
"docs\governance\behavioral_constant_authority_trace-2026-07-11.json","14816","""deep_trace_ids"": [],"
"docs\governance\behavioral_constant_authority_trace-2026-07-11.json","14836","""deep_trace_ids"": [],"
"docs\governance\behavioral_constant_authority_trace-2026-07-11.json","14856","""deep_trace_ids"": [],"
"docs\governance\behavioral_constant_authority_trace-2026-07-11.json","14876","""deep_trace_ids"": [],"
"docs\governance\behavioral_constant_authority_trace-2026-07-11.json","14896","""deep_trace_ids"": [],"
"docs\governance\behavioral_constant_authority_trace-2026-07-11.json","14916","""deep_trace_ids"": [],"
"docs\governance\behavioral_constant_authority_trace-2026-07-11.json","14936","""deep_trace_ids"": [],"
"docs\governance\behavioral_constant_authority_trace-2026-07-11.json","14956","""deep_trace_ids"": [],"
"docs\governance\behavioral_constant_authority_trace-2026-07-11.json","14976","""deep_trace_ids"": [],"
"docs\governance\behavioral_constant_authority_trace-2026-07-11.json","14996","""deep_trace_ids"": [],"
"docs\governance\behavioral_constant_authority_trace-2026-07-11.json","15016","""deep_trace_ids"": [],"
"docs\governance\behavioral_constant_authority_trace-2026-07-11.json","15036","""deep_trace_ids"": [],"
"docs\governance\behavioral_constant_authority_trace-2026-07-11.json","15056","""deep_trace_ids"": [],"
"docs\governance\behavioral_constant_authority_trace-2026-07-11.json","15076","""deep_trace_ids"": [],"
"docs\governance\behavioral_constant_authority_trace-2026-07-11.json","15096","""deep_trace_ids"": [],"
"docs\governance\behavioral_constant_authority_trace-2026-07-11.json","15116","""deep_trace_ids"": [],"
"docs\governance\behavioral_constant_authority_trace-2026-07-11.json","15136","""deep_trace_ids"": [],"
"docs\governance\behavioral_constant_authority_trace-2026-07-11.json","15155","""deep_trace_ids"": [],"
"docs\governance\behavioral_constant_authority_trace-2026-07-11.json","15174","""deep_trace_ids"": [],"
"docs\governance\behavioral_constant_authority_trace-2026-07-11.json","15194","""deep_trace_ids"": [],"
"docs\governance\behavioral_constant_authority_trace-2026-07-11.json","15214","""deep_trace_ids"": [],"
"docs\governance\behavioral_constant_authority_trace-2026-07-11.json","15234","""deep_trace_ids"": [],"
"docs\governance\behavioral_constant_authority_trace-2026-07-11.json","15254","""deep_trace_ids"": [],"
"docs\governance\behavioral_constant_authority_trace-2026-07-11.json","15274","""deep_trace_ids"": [],"
"docs\governance\behavioral_constant_authority_trace-2026-07-11.json","15294","""deep_trace_ids"": [],"
"docs\governance\behavioral_constant_authority_trace-2026-07-11.json","15313","""deep_trace_ids"": [],"
"docs\governance\behavioral_constant_authority_trace-2026-07-11.json","15332","""deep_trace_ids"": [],"
"docs\governance\behavioral_constant_authority_trace-2026-07-11.json","15351","""deep_trace_ids"": [],"
"docs\governance\behavioral_constant_authority_trace-2026-07-11.json","15370","""deep_trace_ids"": [],"
"docs\governance\behavioral_constant_authority_trace-2026-07-11.json","15389","""deep_trace_ids"": [],"
"docs\governance\behavioral_constant_authority_trace-2026-07-11.json","15408","""deep_trace_ids"": [],"
"docs\governance\behavioral_constant_authority_trace-2026-07-11.json","15427","""deep_trace_ids"": [],"
"docs\governance\behavioral_constant_authority_trace-2026-07-11.json","15446","""deep_trace_ids"": [],"
"docs\governance\behavioral_constant_authority_trace-2026-07-11.json","15465","""deep_trace_ids"": [],"
"docs\governance\behavioral_constant_authority_trace-2026-07-11.json","15485","""deep_trace_ids"": [],"
"docs\governance\behavioral_constant_authority_trace-2026-07-11.json","15505","""deep_trace_ids"": [],"
"docs\governance\behavioral_constant_authority_trace-2026-07-11.json","15525","""deep_trace_ids"": [],"
"docs\governance\behavioral_constant_authority_trace-2026-07-11.json","15545","""deep_trace_ids"": [],"
"docs\governance\behavioral_constant_authority_trace-2026-07-11.json","15565","""deep_trace_ids"": [],"
"docs\governance\behavioral_constant_authority_trace-2026-07-11.json","15585","""deep_trace_ids"": [],"
"docs\governance\behavioral_constant_authority_trace-2026-07-11.json","15605","""deep_trace_ids"": [],"
"docs\governance\behavioral_constant_authority_trace-2026-07-11.json","15625","""deep_trace_ids"": [],"
"docs\governance\behavioral_constant_authority_trace-2026-07-11.json","15645","""deep_trace_ids"": [],"
"docs\governance\behavioral_constant_authority_trace-2026-07-11.json","15664","""deep_trace_ids"": [],"
"docs\governance\behavioral_constant_authority_trace-2026-07-11.json","15683","""deep_trace_ids"": [],"
"docs\governance\behavioral_constant_authority_trace-2026-07-11.json","15702","""deep_trace_ids"": [],"
"docs\governance\behavioral_constant_authority_trace-2026-07-11.json","15720","""deep_trace_ids"": [],"
"docs\governance\behavioral_constant_authority_trace-2026-07-11.json","15738","""deep_trace_ids"": [],"
"docs\governance\behavioral_constant_authority_trace-2026-07-11.json","15758","""deep_trace_ids"": [],"
"docs\governance\behavioral_constant_authority_trace-2026-07-11.json","15777","""deep_trace_ids"": [],"
"docs\governance\behavioral_constant_authority_trace-2026-07-11.json","15796","""deep_trace_ids"": [],"
"docs\governance\behavioral_constant_authority_trace-2026-07-11.json","15815","""deep_trace_ids"": [],"
"docs\governance\behavioral_constant_authority_trace-2026-07-11.json","15834","""deep_trace_ids"": [],"
"docs\governance\behavioral_constant_authority_trace-2026-07-11.json","15853","""deep_trace_ids"": [],"
"docs\governance\behavioral_constant_authority_trace-2026-07-11.json","15872","""deep_trace_ids"": [],"
"docs\governance\behavioral_constant_authority_trace-2026-07-11.json","15892","""deep_trace_ids"": [],"
"docs\governance\behavioral_constant_authority_trace-2026-07-11.json","15911","""deep_trace_ids"": [],"
"docs\governance\behavioral_constant_authority_trace-2026-07-11.json","15930","""deep_trace_ids"": [],"
"docs\governance\behavioral_constant_authority_trace-2026-07-11.json","15949","""deep_trace_ids"": [],"
"docs\governance\behavioral_constant_authority_trace-2026-07-11.json","15968","""deep_trace_ids"": [],"
"docs\governance\behavioral_constant_authority_trace-2026-07-11.json","15988","""deep_trace_ids"": [],"
"docs\governance\behavioral_constant_authority_trace-2026-07-11.json","16007","""deep_trace_ids"": [],"
"docs\governance\behavioral_constant_authority_trace-2026-07-11.json","16026","""deep_trace_ids"": [],"
"docs\governance\behavioral_constant_authority_trace-2026-07-11.json","16045","""deep_trace_ids"": [],"
"docs\governance\behavioral_constant_authority_trace-2026-07-11.json","16064","""deep_trace_ids"": [],"
"docs\governance\behavioral_constant_authority_trace-2026-07-11.json","16084","""deep_trace_ids"": [],"
"docs\governance\behavioral_constant_authority_trace-2026-07-11.json","16104","""deep_trace_ids"": [],"
"docs\governance\behavioral_constant_authority_trace-2026-07-11.json","16123","""deep_trace_ids"": [],"
"docs\governance\behavioral_constant_authority_trace-2026-07-11.json","16142","""deep_trace_ids"": [],"
"docs\governance\behavioral_constant_authority_trace-2026-07-11.json","16161","""deep_trace_ids"": [],"
"docs\governance\behavioral_constant_authority_trace-2026-07-11.json","16180","""deep_trace_ids"": [],"
"docs\governance\behavioral_constant_authority_trace-2026-07-11.json","16200","""deep_trace_ids"": [],"
"docs\governance\behavioral_constant_authority_trace-2026-07-11.json","16219","""deep_trace_ids"": [],"
"docs\governance\behavioral_constant_authority_trace-2026-07-11.json","16238","""deep_trace_ids"": [],"
"docs\governance\behavioral_constant_authority_trace-2026-07-11.json","16257","""deep_trace_ids"": [],"
"docs\governance\behavioral_constant_authority_trace-2026-07-11.json","16275","""deep_trace_ids"": [],"
"docs\governance\behavioral_constant_authority_trace-2026-07-11.json","16293","""deep_trace_ids"": [],"
"docs\governance\behavioral_constant_authority_trace-2026-07-11.json","16312","""deep_trace_ids"": [],"
"docs\governance\behavioral_constant_authority_trace-2026-07-11.json","16330","""deep_trace_ids"": [],"
"docs\governance\behavioral_constant_authority_trace-2026-07-11.json","16348","""deep_trace_ids"": [],"
"docs\governance\behavioral_constant_authority_trace-2026-07-11.json","16368","""deep_trace_ids"": [],"
"docs\governance\behavioral_constant_authority_trace-2026-07-11.json","16388","""deep_trace_ids"": [],"
"docs\governance\behavioral_constant_authority_trace-2026-07-11.json","16408","""deep_trace_ids"": [],"
"docs\governance\behavioral_constant_authority_trace-2026-07-11.json","16428","""deep_trace_ids"": [],"
"docs\governance\behavioral_constant_authority_trace-2026-07-11.json","16447","""deep_trace_ids"": [],"
"docs\governance\behavioral_constant_authority_trace-2026-07-11.json","16466","""deep_trace_ids"": [],"
"docs\governance\behavioral_constant_authority_trace-2026-07-11.json","16485","""deep_trace_ids"": [],"
"docs\governance\behavioral_constant_authority_trace-2026-07-11.json","16504","""deep_trace_ids"": [],"
"docs\governance\behavioral_constant_authority_trace-2026-07-11.json","16522","""deep_trace_ids"": [],"
"docs\governance\behavioral_constant_authority_trace-2026-07-11.json","16540","""deep_trace_ids"": [],"
"docs\governance\behavioral_constant_authority_trace-2026-07-11.json","16558","""deep_trace_ids"": [],"
"docs\governance\behavioral_constant_authority_trace-2026-07-11.json","16576","""deep_trace_ids"": [],"
"docs\governance\behavioral_constant_authority_trace-2026-07-11.json","16594","""deep_trace_ids"": [],"
"docs\governance\behavioral_constant_authority_trace-2026-07-11.json","16612","""deep_trace_ids"": [],"
"docs\governance\behavioral_constant_authority_trace-2026-07-11.json","16630","""deep_trace_ids"": [],"
"docs\governance\behavioral_constant_authority_trace-2026-07-11.json","16648","""deep_trace_ids"": [],"
"docs\governance\behavioral_constant_authority_trace-2026-07-11.json","16666","""deep_trace_ids"": [],"
"docs\governance\behavioral_constant_authority_trace-2026-07-11.json","16684","""deep_trace_ids"": [],"
"docs\governance\behavioral_constant_authority_trace-2026-07-11.json","16702","""deep_trace_ids"": [],"
"docs\governance\behavioral_constant_authority_trace-2026-07-11.json","16720","""deep_trace_ids"": [],"
"docs\governance\behavioral_constant_authority_trace-2026-07-11.json","16739","""deep_trace_ids"": [],"
"docs\governance\behavioral_constant_authority_trace-2026-07-11.json","16757","""deep_trace_ids"": [],"
"docs\governance\behavioral_constant_authority_trace-2026-07-11.json","16776","""deep_trace_ids"": [],"
"docs\governance\behavioral_constant_authority_trace-2026-07-11.json","16795","""deep_trace_ids"": [],"
"docs\governance\behavioral_constant_authority_trace-2026-07-11.json","16814","""deep_trace_ids"": [],"
"docs\governance\behavioral_constant_authority_trace-2026-07-11.json","16833","""deep_trace_ids"": [],"
"docs\governance\behavioral_constant_authority_trace-2026-07-11.json","16852","""deep_trace_ids"": [],"
"docs\governance\behavioral_constant_authority_trace-2026-07-11.json","16871","""deep_trace_ids"": [],"
"docs\governance\behavioral_constant_authority_trace-2026-07-11.json","16891","""deep_trace_ids"": [],"
"docs\governance\behavioral_constant_authority_trace-2026-07-11.json","16911","""deep_trace_ids"": [],"
"docs\governance\behavioral_constant_authority_trace-2026-07-11.json","16930","""deep_trace_ids"": [],"
"docs\governance\behavioral_constant_authority_trace-2026-07-11.json","16949","""deep_trace_ids"": [],"
"docs\governance\behavioral_constant_authority_trace-2026-07-11.json","16968","""deep_trace_ids"": [],"
"docs\governance\behavioral_constant_authority_trace-2026-07-11.json","16987","""deep_trace_ids"": [],"
"docs\governance\behavioral_constant_authority_trace-2026-07-11.json","17005","""deep_trace_ids"": [],"
"docs\governance\behavioral_constant_authority_trace-2026-07-11.json","17023","""deep_trace_ids"": [],"
"docs\governance\behavioral_constant_authority_trace-2026-07-11.json","17041","""deep_trace_ids"": [],"
"docs\governance\behavioral_constant_authority_trace-2026-07-11.json","17059","""deep_trace_ids"": [],"
"docs\governance\behavioral_constant_authority_trace-2026-07-11.json","17079","""deep_trace_ids"": [],"
"docs\governance\behavioral_constant_authority_trace-2026-07-11.json","17099","""deep_trace_ids"": [],"
"docs\governance\behavioral_constant_authority_trace-2026-07-11.json","17119","""deep_trace_ids"": [],"
"docs\governance\behavioral_constant_authority_trace-2026-07-11.json","17137","""deep_trace_ids"": [],"
"docs\governance\behavioral_constant_authority_trace-2026-07-11.json","17156","""deep_trace_ids"": [],"
"docs\governance\behavioral_constant_authority_trace-2026-07-11.json","17174","""deep_trace_ids"": [],"
"docs\governance\behavioral_constant_authority_trace-2026-07-11.json","17194","""deep_trace_ids"": [],"
"docs\governance\behavioral_constant_authority_trace-2026-07-11.json","17214","""deep_trace_ids"": [],"
"docs\governance\behavioral_constant_authority_trace-2026-07-11.json","17233","""deep_trace_ids"": [],"
"docs\governance\behavioral_constant_authority_trace-2026-07-11.json","17252","""deep_trace_ids"": [],"
"docs\governance\behavioral_constant_authority_trace-2026-07-11.json","17271","""deep_trace_ids"": [],"
"docs\governance\behavioral_constant_authority_trace-2026-07-11.json","17290","""deep_trace_ids"": [],"
"docs\governance\behavioral_constant_authority_trace-2026-07-11.json","17309","""deep_trace_ids"": [],"
"docs\governance\behavioral_constant_authority_trace-2026-07-11.json","17329","""deep_trace_ids"": [],"
"docs\governance\behavioral_constant_authority_trace-2026-07-11.json","17348","""deep_trace_ids"": [],"
"docs\governance\behavioral_constant_authority_trace-2026-07-11.json","17367","""deep_trace_ids"": [],"
"docs\governance\behavioral_constant_authority_trace-2026-07-11.json","17387","""deep_trace_ids"": [],"
"docs\governance\behavioral_constant_authority_trace-2026-07-11.json","17407","""deep_trace_ids"": [],"
"docs\governance\behavioral_constant_authority_trace-2026-07-11.json","17427","""deep_trace_ids"": [],"
"docs\governance\behavioral_constant_authority_trace-2026-07-11.json","17447","""deep_trace_ids"": [],"
"docs\governance\behavioral_constant_authority_trace-2026-07-11.json","17467","""deep_trace_ids"": [],"
"docs\governance\behavioral_constant_authority_trace-2026-07-11.json","17487","""deep_trace_ids"": [],"
"docs\governance\behavioral_constant_authority_trace-2026-07-11.json","17507","""deep_trace_ids"": [],"
"docs\governance\behavioral_constant_authority_trace-2026-07-11.json","17526","""deep_trace_ids"": [],"
"docs\governance\behavioral_constant_authority_trace-2026-07-11.json","17545","""deep_trace_ids"": [],"
"docs\governance\behavioral_constant_authority_trace-2026-07-11.json","17564","""deep_trace_ids"": [],"
"docs\governance\behavioral_constant_authority_trace-2026-07-11.json","17583","""deep_trace_ids"": [],"
"docs\governance\behavioral_constant_authority_trace-2026-07-11.json","17602","""deep_trace_ids"": [],"
"docs\governance\behavioral_constant_authority_trace-2026-07-11.json","17621","""deep_trace_ids"": [],"
"docs\governance\behavioral_constant_authority_trace-2026-07-11.json","17640","""deep_trace_ids"": [],"
"docs\governance\behavioral_constant_authority_trace-2026-07-11.json","17659","""deep_trace_ids"": [],"
"docs\governance\behavioral_constant_authority_trace-2026-07-11.json","17678","""deep_trace_ids"": [],"
"docs\governance\behavioral_constant_authority_trace-2026-07-11.json","17698","""deep_trace_ids"": [],"
"docs\governance\behavioral_constant_authority_trace-2026-07-11.json","17717","""deep_trace_ids"": [],"
"docs\governance\behavioral_constant_authority_trace-2026-07-11.json","17737","""deep_trace_ids"": [],"
"docs\governance\behavioral_constant_authority_trace-2026-07-11.json","17757","""deep_trace_ids"": [],"
"docs\governance\behavioral_constant_authority_trace-2026-07-11.json","17777","""deep_trace_ids"": [],"
"docs\governance\behavioral_constant_authority_trace-2026-07-11.json","17797","""deep_trace_ids"": [],"
"docs\governance\behavioral_constant_authority_trace-2026-07-11.json","17817","""deep_trace_ids"": [],"
"docs\governance\behavioral_constant_authority_trace-2026-07-11.json","17837","""deep_trace_ids"": [],"
"docs\governance\behavioral_constant_authority_trace-2026-07-11.json","17857","""deep_trace_ids"": [],"
"docs\governance\behavioral_constant_authority_trace-2026-07-11.json","17876","""deep_trace_ids"": [],"
"docs\governance\behavioral_constant_authority_trace-2026-07-11.json","17895","""deep_trace_ids"": [],"
"docs\governance\behavioral_constant_authority_trace-2026-07-11.json","17915","""deep_trace_ids"": [],"
"docs\governance\behavioral_constant_authority_trace-2026-07-11.json","17934","""deep_trace_ids"": [],"
"docs\governance\behavioral_constant_authority_trace-2026-07-11.json","17953","""deep_trace_ids"": [],"
"docs\governance\behavioral_constant_authority_trace-2026-07-11.json","17972","""deep_trace_ids"": [],"
"docs\governance\behavioral_constant_authority_trace-2026-07-11.json","17991","""deep_trace_ids"": [],"
"docs\governance\behavioral_constant_authority_trace-2026-07-11.json","18010","""deep_trace_ids"": [],"
"docs\governance\behavioral_constant_authority_trace-2026-07-11.json","18030","""deep_trace_ids"": [],"
"docs\governance\behavioral_constant_authority_trace-2026-07-11.json","18050","""deep_trace_ids"": [],"
"docs\governance\behavioral_constant_authority_trace-2026-07-11.json","18069","""deep_trace_ids"": [],"
"docs\governance\behavioral_constant_authority_trace-2026-07-11.json","18089","""deep_trace_ids"": [],"
"docs\governance\behavioral_constant_authority_trace-2026-07-11.json","18109","""deep_trace_ids"": [],"
"docs\governance\behavioral_constant_authority_trace-2026-07-11.json","18129","""deep_trace_ids"": [],"
"docs\governance\behavioral_constant_authority_trace-2026-07-11.json","18149","""deep_trace_ids"": [],"
"docs\governance\behavioral_constant_authority_trace-2026-07-11.json","18169","""deep_trace_ids"": [],"
"docs\governance\behavioral_constant_authority_trace-2026-07-11.json","18189","""deep_trace_ids"": [],"
"docs\governance\behavioral_constant_authority_trace-2026-07-11.json","18209","""deep_trace_ids"": [],"
"docs\governance\behavioral_constant_authority_trace-2026-07-11.json","18229","""deep_trace_ids"": [],"
"docs\governance\behavioral_constant_authority_trace-2026-07-11.json","18248","""deep_trace_ids"": [],"
"docs\governance\behavioral_constant_authority_trace-2026-07-11.json","18268","""deep_trace_ids"": [],"
"docs\governance\behavioral_constant_authority_trace-2026-07-11.json","18288","""deep_trace_ids"": [],"
"docs\governance\behavioral_constant_authority_trace-2026-07-11.json","18308","""deep_trace_ids"": [],"
"docs\governance\behavioral_constant_authority_trace-2026-07-11.json","18328","""deep_trace_ids"": [],"
"docs\governance\behavioral_constant_authority_trace-2026-07-11.json","18348","""deep_trace_ids"": [],"
"docs\governance\behavioral_constant_authority_trace-2026-07-11.json","18367","""deep_trace_ids"": [],"
"docs\governance\behavioral_constant_authority_trace-2026-07-11.json","18386","""deep_trace_ids"": [],"
"docs\governance\behavioral_constant_authority_trace-2026-07-11.json","18406","""deep_trace_ids"": [],"
"docs\governance\behavioral_constant_authority_trace-2026-07-11.json","18426","""deep_trace_ids"": [],"
"docs\governance\behavioral_constant_authority_trace-2026-07-11.json","18445","""deep_trace_ids"": [],"
"docs\governance\behavioral_constant_authority_trace-2026-07-11.json","18465","""deep_trace_ids"": [],"
"docs\governance\behavioral_constant_authority_trace-2026-07-11.json","18485","""deep_trace_ids"": [],"
"docs\governance\behavioral_constant_authority_trace-2026-07-11.json","18505","""deep_trace_ids"": [],"
"docs\governance\behavioral_constant_authority_trace-2026-07-11.json","18525","""deep_trace_ids"": [],"
"docs\governance\behavioral_constant_authority_trace-2026-07-11.json","18545","""deep_trace_ids"": [],"
"docs\governance\behavioral_constant_authority_trace-2026-07-11.json","18564","""deep_trace_ids"": [],"
"docs\governance\behavioral_constant_authority_trace-2026-07-11.json","18584","""deep_trace_ids"": [],"
"docs\governance\behavioral_constant_authority_trace-2026-07-11.json","18604","""deep_trace_ids"": [],"
"docs\governance\behavioral_constant_authority_trace-2026-07-11.json","18624","""deep_trace_ids"": [],"
"docs\governance\behavioral_constant_authority_trace-2026-07-11.json","18644","""deep_trace_ids"": [],"
"docs\governance\behavioral_constant_authority_trace-2026-07-11.json","18664","""deep_trace_ids"": [],"
"docs\governance\behavioral_constant_authority_trace-2026-07-11.json","18684","""deep_trace_ids"": [],"
"docs\governance\behavioral_constant_authority_trace-2026-07-11.json","18704","""deep_trace_ids"": [],"
"docs\governance\behavioral_constant_authority_trace-2026-07-11.json","18724","""deep_trace_ids"": [],"
"docs\governance\behavioral_constant_authority_trace-2026-07-11.json","18744","""deep_trace_ids"": [],"
"docs\governance\behavioral_constant_authority_trace-2026-07-11.json","18763","""deep_trace_ids"": [],"
"docs\governance\behavioral_constant_authority_trace-2026-07-11.json","18783","""deep_trace_ids"": [],"
"docs\governance\behavioral_constant_authority_trace-2026-07-11.json","18803","""deep_trace_ids"": [],"
"docs\governance\behavioral_constant_authority_trace-2026-07-11.json","18823","""deep_trace_ids"": [],"
"docs\governance\behavioral_constant_authority_trace-2026-07-11.json","18843","""deep_trace_ids"": [],"
"docs\governance\behavioral_constant_authority_trace-2026-07-11.json","18863","""deep_trace_ids"": [],"
"docs\governance\behavioral_constant_authority_trace-2026-07-11.json","18883","""deep_trace_ids"": [],"
"docs\governance\behavioral_constant_authority_trace-2026-07-11.json","18902","""deep_trace_ids"": [],"
"docs\governance\behavioral_constant_authority_trace-2026-07-11.json","18920","""deep_trace_ids"": [],"
"docs\governance\behavioral_constant_authority_trace-2026-07-11.json","18938","""deep_trace_ids"": [],"
"docs\governance\behavioral_constant_authority_trace-2026-07-11.json","18956","""deep_trace_ids"": [],"
"docs\governance\behavioral_constant_authority_trace-2026-07-11.json","18974","""deep_trace_ids"": [],"
"docs\governance\behavioral_constant_authority_trace-2026-07-11.json","18993","""deep_trace_ids"": [],"
"docs\governance\behavioral_constant_authority_trace-2026-07-11.json","19011","""deep_trace_ids"": [],"
"docs\governance\behavioral_constant_authority_trace-2026-07-11.json","19029","""deep_trace_ids"": [],"
"docs\governance\behavioral_constant_authority_trace-2026-07-11.json","19047","""deep_trace_ids"": [],"
"docs\governance\behavioral_constant_authority_trace-2026-07-11.json","19065","""deep_trace_ids"": [],"
"docs\governance\behavioral_constant_authority_trace-2026-07-11.json","19083","""deep_trace_ids"": [],"
"docs\governance\behavioral_constant_authority_trace-2026-07-11.json","19101","""deep_trace_ids"": [],"
"docs\governance\behavioral_constant_authority_trace-2026-07-11.json","19119","""deep_trace_ids"": [],"
"docs\governance\behavioral_constant_authority_trace-2026-07-11.json","19137","""deep_trace_ids"": [],"
"docs\governance\behavioral_constant_authority_trace-2026-07-11.json","19156","""deep_trace_ids"": [],"
"docs\governance\behavioral_constant_authority_trace-2026-07-11.json","19174","""deep_trace_ids"": [],"
"docs\governance\behavioral_constant_authority_trace-2026-07-11.json","19192","""deep_trace_ids"": [],"
"docs\governance\behavioral_constant_authority_trace-2026-07-11.json","19210","""deep_trace_ids"": [],"
"docs\governance\behavioral_constant_authority_trace-2026-07-11.json","19228","""deep_trace_ids"": [],"
"docs\governance\behavioral_constant_authority_trace-2026-07-11.json","19246","""deep_trace_ids"": [],"
"docs\governance\behavioral_constant_authority_trace-2026-07-11.json","19265","""deep_trace_ids"": [],"
"docs\governance\behavioral_constant_authority_trace-2026-07-11.json","19284","""deep_trace_ids"": [],"
"docs\governance\behavioral_constant_authority_trace-2026-07-11.json","19303","""deep_trace_ids"": [],"
"docs\governance\behavioral_constant_authority_trace-2026-07-11.json","19321","""deep_trace_ids"": [],"
"docs\governance\behavioral_constant_authority_trace-2026-07-11.json","19340","""deep_trace_ids"": [],"
"docs\governance\behavioral_constant_authority_trace-2026-07-11.json","19359","""deep_trace_ids"": [],"
"docs\governance\behavioral_constant_authority_trace-2026-07-11.json","19377","""deep_trace_ids"": [],"
"docs\governance\behavioral_constant_authority_trace-2026-07-11.json","19395","""deep_trace_ids"": [],"
"docs\governance\behavioral_constant_authority_trace-2026-07-11.json","19413","""deep_trace_ids"": [],"
"docs\governance\behavioral_constant_authority_trace-2026-07-11.json","19433","""deep_trace_ids"": [],"
"docs\governance\behavioral_constant_authority_trace-2026-07-11.json","19453","""deep_trace_ids"": [],"
"docs\governance\behavioral_constant_authority_trace-2026-07-11.json","19473","""deep_trace_ids"": [],"
"docs\governance\behavioral_constant_authority_trace-2026-07-11.json","19493","""deep_trace_ids"": [],"
"docs\governance\behavioral_constant_authority_trace-2026-07-11.json","19513","""deep_trace_ids"": [],"
"docs\governance\behavioral_constant_authority_trace-2026-07-11.json","19533","""deep_trace_ids"": [],"
"docs\governance\behavioral_constant_authority_trace-2026-07-11.json","19552","""deep_trace_ids"": [],"
"docs\governance\behavioral_constant_authority_trace-2026-07-11.json","19572","""deep_trace_ids"": [],"
"docs\governance\behavioral_constant_authority_trace-2026-07-11.json","19592","""deep_trace_ids"": [],"
"docs\governance\behavioral_constant_authority_trace-2026-07-11.json","19611","""deep_trace_ids"": [],"
"docs\governance\behavioral_constant_authority_trace-2026-07-11.json","19631","""deep_trace_ids"": [],"
"docs\governance\behavioral_constant_authority_trace-2026-07-11.json","19650","""deep_trace_ids"": [],"
"docs\governance\behavioral_constant_authority_trace-2026-07-11.json","19669","""deep_trace_ids"": [],"
"docs\governance\behavioral_constant_authority_trace-2026-07-11.json","19689","""deep_trace_ids"": [],"
"docs\governance\behavioral_constant_authority_trace-2026-07-11.json","19709","""deep_trace_ids"": [],"
"docs\governance\behavioral_constant_authority_trace-2026-07-11.json","19729","""deep_trace_ids"": [],"
"docs\governance\behavioral_constant_authority_trace-2026-07-11.json","19749","""deep_trace_ids"": [],"
"docs\governance\behavioral_constant_authority_trace-2026-07-11.json","19769","""deep_trace_ids"": [],"
"docs\governance\behavioral_constant_authority_trace-2026-07-11.json","19789","""deep_trace_ids"": [],"
"docs\governance\behavioral_constant_authority_trace-2026-07-11.json","19809","""deep_trace_ids"": [],"
"docs\governance\behavioral_constant_authority_trace-2026-07-11.json","19829","""deep_trace_ids"": [],"
"docs\governance\behavioral_constant_authority_trace-2026-07-11.json","19847","""deep_trace_ids"": [],"
"docs\governance\behavioral_constant_authority_trace-2026-07-11.json","19865","""deep_trace_ids"": [],"
"docs\governance\behavioral_constant_authority_trace-2026-07-11.json","19883","""deep_trace_ids"": [],"
"docs\governance\behavioral_constant_authority_trace-2026-07-11.json","19902","""deep_trace_ids"": [],"
"docs\governance\behavioral_constant_authority_trace-2026-07-11.json","19921","""deep_trace_ids"": [],"
"docs\governance\behavioral_constant_authority_trace-2026-07-11.json","19939","""deep_trace_ids"": [],"
"docs\governance\behavioral_constant_authority_trace-2026-07-11.json","19957","""deep_trace_ids"": [],"
"docs\governance\behavioral_constant_authority_trace-2026-07-11.json","19976","""deep_trace_ids"": [],"
"docs\governance\behavioral_constant_authority_trace-2026-07-11.json","19995","""deep_trace_ids"": [],"
"docs\governance\behavioral_constant_authority_trace-2026-07-11.json","20013","""deep_trace_ids"": [],"
"docs\governance\behavioral_constant_authority_trace-2026-07-11.json","20031","""deep_trace_ids"": [],"
"docs\governance\behavioral_constant_authority_trace-2026-07-11.json","20050","""deep_trace_ids"": [],"
"docs\governance\behavioral_constant_authority_trace-2026-07-11.json","20069","""deep_trace_ids"": [],"
"docs\governance\behavioral_constant_authority_trace-2026-07-11.json","20088","""deep_trace_ids"": [],"
"docs\governance\behavioral_constant_authority_trace-2026-07-11.json","20107","""deep_trace_ids"": [],"
"docs\governance\behavioral_constant_authority_trace-2026-07-11.json","20126","""deep_trace_ids"": [],"
"docs\governance\behavioral_constant_authority_trace-2026-07-11.json","20145","""deep_trace_ids"": [],"
"docs\governance\behavioral_constant_authority_trace-2026-07-11.json","20164","""deep_trace_ids"": [],"
"docs\governance\behavioral_constant_authority_trace-2026-07-11.json","20183","""deep_trace_ids"": [],"
"docs\governance\behavioral_constant_authority_trace-2026-07-11.json","20202","""deep_trace_ids"": [],"
"docs\governance\behavioral_constant_authority_trace-2026-07-11.json","20221","""deep_trace_ids"": [],"
"docs\governance\behavioral_constant_authority_trace-2026-07-11.json","20240","""deep_trace_ids"": [],"
"docs\governance\behavioral_constant_authority_trace-2026-07-11.json","20259","""deep_trace_ids"": [],"
"docs\governance\behavioral_constant_authority_trace-2026-07-11.json","20278","""deep_trace_ids"": [],"
"docs\governance\behavioral_constant_authority_trace-2026-07-11.json","20297","""deep_trace_ids"": [],"
"docs\governance\behavioral_constant_authority_trace-2026-07-11.json","20316","""deep_trace_ids"": [],"
"docs\governance\behavioral_constant_authority_trace-2026-07-11.json","20335","""deep_trace_ids"": [],"
"docs\governance\behavioral_constant_authority_trace-2026-07-11.json","20354","""deep_trace_ids"": [],"
"docs\governance\behavioral_constant_authority_trace-2026-07-11.json","20373","""deep_trace_ids"": [],"
"docs\governance\behavioral_constant_authority_trace-2026-07-11.json","20392","""deep_trace_ids"": [],"
"docs\governance\behavioral_constant_authority_trace-2026-07-11.json","20411","""deep_trace_ids"": [],"
"docs\governance\behavioral_constant_authority_trace-2026-07-11.json","20430","""deep_trace_ids"": [],"
"docs\governance\behavioral_constant_authority_trace-2026-07-11.json","20449","""deep_trace_ids"": [],"
"docs\governance\behavioral_constant_authority_trace-2026-07-11.json","20469","""deep_trace_ids"": [],"
"docs\governance\behavioral_constant_authority_trace-2026-07-11.json","20489","""deep_trace_ids"": [],"
"docs\governance\behavioral_constant_authority_trace-2026-07-11.json","20509","""deep_trace_ids"": [],"
"docs\governance\behavioral_constant_authority_trace-2026-07-11.json","20529","""deep_trace_ids"": [],"
"docs\governance\behavioral_constant_authority_trace-2026-07-11.json","20549","""deep_trace_ids"": [],"
"docs\governance\behavioral_constant_authority_trace-2026-07-11.json","20569","""deep_trace_ids"": [],"
"docs\governance\behavioral_constant_authority_trace-2026-07-11.json","20589","""deep_trace_ids"": [],"
"docs\governance\behavioral_constant_authority_trace-2026-07-11.json","20609","""deep_trace_ids"": [],"
"docs\governance\behavioral_constant_authority_trace-2026-07-11.json","20629","""deep_trace_ids"": [],"
"docs\governance\behavioral_constant_authority_trace-2026-07-11.json","20649","""deep_trace_ids"": [],"
"docs\governance\behavioral_constant_authority_trace-2026-07-11.json","20669","""deep_trace_ids"": [],"
"docs\governance\behavioral_constant_authority_trace-2026-07-11.json","20689","""deep_trace_ids"": [],"
"docs\governance\behavioral_constant_authority_trace-2026-07-11.json","20709","""deep_trace_ids"": [],"
"docs\governance\behavioral_constant_authority_trace-2026-07-11.json","20729","""deep_trace_ids"": [],"
"docs\governance\behavioral_constant_authority_trace-2026-07-11.json","20749","""deep_trace_ids"": [],"
"docs\governance\behavioral_constant_authority_trace-2026-07-11.json","20769","""deep_trace_ids"": [],"
"docs\governance\behavioral_constant_authority_trace-2026-07-11.json","20789","""deep_trace_ids"": [],"
"docs\governance\behavioral_constant_authority_trace-2026-07-11.json","20809","""deep_trace_ids"": [],"
"docs\governance\behavioral_constant_authority_trace-2026-07-11.json","20829","""deep_trace_ids"": [],"
"docs\governance\behavioral_constant_authority_trace-2026-07-11.json","20849","""deep_trace_ids"": [],"
"docs\governance\behavioral_constant_authority_trace-2026-07-11.json","20869","""deep_trace_ids"": [],"
"docs\governance\behavioral_constant_authority_trace-2026-07-11.json","20889","""deep_trace_ids"": [],"
"docs\governance\behavioral_constant_authority_trace-2026-07-11.json","20909","""deep_trace_ids"": [],"
"docs\governance\behavioral_constant_authority_trace-2026-07-11.json","20929","""deep_trace_ids"": [],"
"docs\governance\behavioral_constant_authority_trace-2026-07-11.json","20949","""deep_trace_ids"": [],"
"docs\governance\behavioral_constant_authority_trace-2026-07-11.json","20969","""deep_trace_ids"": [],"
"docs\governance\behavioral_constant_authority_trace-2026-07-11.json","20989","""deep_trace_ids"": [],"
"docs\governance\behavioral_constant_authority_trace-2026-07-11.json","21009","""deep_trace_ids"": [],"
"docs\governance\behavioral_constant_authority_trace-2026-07-11.json","21029","""deep_trace_ids"": [],"
"docs\governance\behavioral_constant_authority_trace-2026-07-11.json","21049","""deep_trace_ids"": [],"
"docs\governance\behavioral_constant_authority_trace-2026-07-11.json","21069","""deep_trace_ids"": [],"
"docs\governance\behavioral_constant_authority_trace-2026-07-11.json","21088","""deep_trace_ids"": [],"
"docs\governance\behavioral_constant_authority_trace-2026-07-11.json","21107","""deep_trace_ids"": [],"
"docs\governance\behavioral_constant_authority_trace-2026-07-11.json","21126","""deep_trace_ids"": [],"
"docs\governance\behavioral_constant_authority_trace-2026-07-11.json","21145","""deep_trace_ids"": [],"
"docs\governance\behavioral_constant_authority_trace-2026-07-11.json","21164","""deep_trace_ids"": [],"
"docs\governance\behavioral_constant_authority_trace-2026-07-11.json","21184","""deep_trace_ids"": [],"
"docs\governance\behavioral_constant_authority_trace-2026-07-11.json","21204","""deep_trace_ids"": [],"
"docs\governance\behavioral_constant_authority_trace-2026-07-11.json","21224","""deep_trace_ids"": [],"
"docs\governance\behavioral_constant_authority_trace-2026-07-11.json","21244","""deep_trace_ids"": [],"
"docs\governance\behavioral_constant_authority_trace-2026-07-11.json","21264","""deep_trace_ids"": [],"
"docs\governance\behavioral_constant_authority_trace-2026-07-11.json","21284","""deep_trace_ids"": [],"
"docs\governance\behavioral_constant_authority_trace-2026-07-11.json","21304","""deep_trace_ids"": [],"
"docs\governance\behavioral_constant_authority_trace-2026-07-11.json","21324","""deep_trace_ids"": [],"
"docs\governance\behavioral_constant_authority_trace-2026-07-11.json","21344","""deep_trace_ids"": [],"
"docs\governance\behavioral_constant_authority_trace-2026-07-11.json","21364","""deep_trace_ids"": [],"
"docs\governance\behavioral_constant_authority_trace-2026-07-11.json","21384","""deep_trace_ids"": [],"
"docs\governance\behavioral_constant_authority_trace-2026-07-11.json","21404","""deep_trace_ids"": [],"
"docs\governance\behavioral_constant_authority_trace-2026-07-11.json","21424","""deep_trace_ids"": [],"
"docs\governance\behavioral_constant_authority_trace-2026-07-11.json","21444","""deep_trace_ids"": [],"
"docs\governance\behavioral_constant_authority_trace-2026-07-11.json","21464","""deep_trace_ids"": [],"
"docs\governance\behavioral_constant_authority_trace-2026-07-11.json","21484","""deep_trace_ids"": [],"
"docs\governance\behavioral_constant_authority_trace-2026-07-11.json","21504","""deep_trace_ids"": [],"
"docs\governance\behavioral_constant_authority_trace-2026-07-11.json","21524","""deep_trace_ids"": [],"
"docs\governance\behavioral_constant_authority_trace-2026-07-11.json","21544","""deep_trace_ids"": [],"
"docs\governance\behavioral_constant_authority_trace-2026-07-11.json","21564","""deep_trace_ids"": [],"
"docs\governance\behavioral_constant_authority_trace-2026-07-11.json","21584","""deep_trace_ids"": [],"
"docs\governance\behavioral_constant_authority_trace-2026-07-11.json","21604","""deep_trace_ids"": [],"
"docs\governance\behavioral_constant_authority_trace-2026-07-11.json","21624","""deep_trace_ids"": [],"
"docs\governance\behavioral_constant_authority_trace-2026-07-11.json","21644","""deep_trace_ids"": [],"
"docs\governance\behavioral_constant_authority_trace-2026-07-11.json","21664","""deep_trace_ids"": [],"
"docs\governance\behavioral_constant_authority_trace-2026-07-11.json","21684","""deep_trace_ids"": [],"
"docs\governance\behavioral_constant_authority_trace-2026-07-11.json","21704","""deep_trace_ids"": [],"
"docs\governance\behavioral_constant_authority_trace-2026-07-11.json","21724","""deep_trace_ids"": [],"
"docs\governance\behavioral_constant_authority_trace-2026-07-11.json","21744","""deep_trace_ids"": [],"
"docs\governance\behavioral_constant_authority_trace-2026-07-11.json","21764","""deep_trace_ids"": [],"
"docs\governance\behavioral_constant_authority_trace-2026-07-11.json","21784","""deep_trace_ids"": [],"
"docs\governance\behavioral_constant_authority_trace-2026-07-11.json","21804","""deep_trace_ids"": [],"
"docs\governance\behavioral_constant_authority_trace-2026-07-11.json","21824","""deep_trace_ids"": [],"
"docs\governance\behavioral_constant_authority_trace-2026-07-11.json","21844","""deep_trace_ids"": [],"
"docs\governance\behavioral_constant_authority_trace-2026-07-11.json","21864","""deep_trace_ids"": [],"
"docs\governance\behavioral_constant_authority_trace-2026-07-11.json","21884","""deep_trace_ids"": [],"
"docs\governance\behavioral_constant_authority_trace-2026-07-11.json","21904","""deep_trace_ids"": [],"
"docs\governance\behavioral_constant_authority_trace-2026-07-11.json","21924","""deep_trace_ids"": [],"
"docs\governance\behavioral_constant_authority_trace-2026-07-11.json","21944","""deep_trace_ids"": [],"
"docs\governance\behavioral_constant_authority_trace-2026-07-11.json","21964","""deep_trace_ids"": [],"
"docs\governance\behavioral_constant_authority_trace-2026-07-11.json","21984","""deep_trace_ids"": [],"
"docs\governance\behavioral_constant_authority_trace-2026-07-11.json","22004","""deep_trace_ids"": [],"
"docs\governance\behavioral_constant_authority_trace-2026-07-11.json","22024","""deep_trace_ids"": [],"
"docs\governance\behavioral_constant_authority_trace-2026-07-11.json","22044","""deep_trace_ids"": [],"
"docs\governance\behavioral_constant_authority_trace-2026-07-11.json","22064","""deep_trace_ids"": [],"
"docs\governance\behavioral_constant_authority_trace-2026-07-11.json","22083","""deep_trace_ids"": [],"
"docs\governance\behavioral_constant_authority_trace-2026-07-11.json","22103","""deep_trace_ids"": [],"
"docs\governance\behavioral_constant_authority_trace-2026-07-11.json","22121","""deep_trace_ids"": [],"
"docs\governance\behavioral_constant_authority_trace-2026-07-11.json","22139","""deep_trace_ids"": [],"
"docs\governance\behavioral_constant_authority_trace-2026-07-11.json","22157","""deep_trace_ids"": [],"
"docs\governance\behavioral_constant_authority_trace-2026-07-11.json","22175","""deep_trace_ids"": [],"
"docs\governance\behavioral_constant_authority_trace-2026-07-11.json","22193","""deep_trace_ids"": [],"
"docs\governance\behavioral_constant_authority_trace-2026-07-11.json","22211","""deep_trace_ids"": [],"
"docs\governance\behavioral_constant_authority_trace-2026-07-11.json","22230","""deep_trace_ids"": [],"
"docs\governance\behavioral_constant_authority_trace-2026-07-11.json","22248","""deep_trace_ids"": [],"
"docs\governance\behavioral_constant_authority_trace-2026-07-11.json","22266","""deep_trace_ids"": [],"
"docs\governance\behavioral_constant_authority_trace-2026-07-11.json","22284","""deep_trace_ids"": [],"
"docs\governance\behavioral_constant_authority_trace-2026-07-11.json","22302","""deep_trace_ids"": [],"
"docs\governance\behavioral_constant_authority_trace-2026-07-11.json","22320","""deep_trace_ids"": [],"
"docs\governance\behavioral_constant_authority_trace-2026-07-11.json","22338","""deep_trace_ids"": [],"
"docs\governance\behavioral_constant_authority_trace-2026-07-11.json","22356","""deep_trace_ids"": [],"
"docs\governance\behavioral_constant_authority_trace-2026-07-11.json","22374","""deep_trace_ids"": [],"
"docs\governance\behavioral_constant_authority_trace-2026-07-11.json","22393","""deep_trace_ids"": [],"
"docs\governance\behavioral_constant_authority_trace-2026-07-11.json","22412","""deep_trace_ids"": [],"
"docs\governance\behavioral_constant_authority_trace-2026-07-11.json","22430","""deep_trace_ids"": [],"
"docs\governance\behavioral_constant_authority_trace-2026-07-11.json","22449","""deep_trace_ids"": [],"
"docs\governance\behavioral_constant_authority_trace-2026-07-11.json","22467","""deep_trace_ids"": [],"
"docs\governance\behavioral_constant_authority_trace-2026-07-11.json","22486","""deep_trace_ids"": [],"
"docs\governance\behavioral_constant_authority_trace-2026-07-11.json","22505","""deep_trace_ids"": [],"
"docs\governance\behavioral_constant_authority_trace-2026-07-11.json","22523","""deep_trace_ids"": [],"
"docs\governance\behavioral_constant_authority_trace-2026-07-11.json","22541","""deep_trace_ids"": [],"
"docs\governance\behavioral_constant_authority_trace-2026-07-11.json","22559","""deep_trace_ids"": [],"
"docs\governance\behavioral_constant_authority_trace-2026-07-11.json","22577","""deep_trace_ids"": [],"
"docs\governance\behavioral_constant_authority_trace-2026-07-11.json","22595","""deep_trace_ids"": [],"
"docs\governance\behavioral_constant_authority_trace-2026-07-11.json","22613","""deep_trace_ids"": [],"
"docs\governance\behavioral_constant_authority_trace-2026-07-11.json","22631","""deep_trace_ids"": [],"
"docs\governance\behavioral_constant_authority_trace-2026-07-11.json","22649","""deep_trace_ids"": [],"
"docs\governance\behavioral_constant_authority_trace-2026-07-11.json","22667","""deep_trace_ids"": [],"
"docs\governance\behavioral_constant_authority_trace-2026-07-11.json","22685","""deep_trace_ids"": [],"
"docs\governance\behavioral_constant_authority_trace-2026-07-11.json","22704","""deep_trace_ids"": [],"
"docs\governance\behavioral_constant_authority_trace-2026-07-11.json","22722","""deep_trace_ids"": [],"
"docs\governance\behavioral_constant_authority_trace-2026-07-11.json","22740","""deep_trace_ids"": [],"
"docs\governance\behavioral_constant_authority_trace-2026-07-11.json","22754","""deep_trace_ids"": [],"
"docs\governance\behavioral_constant_authority_trace-2026-07-11.json","22769","""deep_trace_ids"": [],"
"docs\governance\behavioral_constant_authority_trace-2026-07-11.json","22784","""deep_trace_ids"": [],"
"docs\governance\behavioral_constant_authority_trace-2026-07-11.json","22799","""deep_trace_ids"": [],"
"docs\governance\behavioral_constant_authority_trace-2026-07-11.json","22814","""deep_trace_ids"": [],"
"docs\governance\behavioral_constant_authority_trace-2026-07-11.json","22829","""deep_trace_ids"": [],"
"docs\governance\behavioral_constant_authority_trace-2026-07-11.json","22844","""deep_trace_ids"": [],"
"docs\governance\behavioral_constant_authority_trace-2026-07-11.json","22859","""deep_trace_ids"": [],"
"docs\governance\behavioral_constant_authority_trace-2026-07-11.json","22874","""deep_trace_ids"": [],"
"docs\governance\behavioral_constant_authority_trace-2026-07-11.json","22889","""deep_trace_ids"": [],"
"docs\governance\behavioral_constant_authority_trace-2026-07-11.json","22904","""deep_trace_ids"": [],"
"docs\governance\behavioral_constant_authority_trace-2026-07-11.json","22919","""deep_trace_ids"": [],"
"docs\governance\behavioral_constant_authority_trace-2026-07-11.json","22934","""deep_trace_ids"": [],"
"docs\governance\behavioral_constant_authority_trace-2026-07-11.json","22949","""deep_trace_ids"": [],"
"docs\governance\behavioral_constant_authority_trace-2026-07-11.json","22964","""deep_trace_ids"": [],"
"docs\governance\behavioral_constant_authority_trace-2026-07-11.json","22979","""deep_trace_ids"": [],"
"docs\governance\behavioral_constant_authority_trace-2026-07-11.json","22994","""deep_trace_ids"": [],"
"docs\governance\behavioral_constant_authority_trace-2026-07-11.json","23009","""deep_trace_ids"": [],"
"docs\governance\behavioral_constant_authority_trace-2026-07-11.json","23024","""deep_trace_ids"": [],"
"docs\governance\behavioral_constant_authority_trace-2026-07-11.json","23039","""deep_trace_ids"": [],"
"docs\governance\behavioral_constant_authority_trace-2026-07-11.json","23054","""deep_trace_ids"": [],"
"docs\governance\behavioral_constant_authority_trace-2026-07-11.json","23069","""deep_trace_ids"": [],"
"docs\governance\behavioral_constant_authority_trace-2026-07-11.json","23084","""deep_trace_ids"": [],"
"docs\governance\behavioral_constant_authority_trace-2026-07-11.json","23099","""deep_trace_ids"": [],"
"docs\governance\behavioral_constant_authority_trace-2026-07-11.json","23114","""deep_trace_ids"": [],"
"docs\governance\behavioral_constant_authority_trace-2026-07-11.json","23129","""deep_trace_ids"": [],"
"docs\governance\behavioral_constant_authority_trace-2026-07-11.json","23144","""deep_trace_ids"": [],"
"docs\governance\behavioral_constant_authority_trace-2026-07-11.json","23159","""deep_trace_ids"": [],"
"docs\governance\behavioral_constant_authority_trace-2026-07-11.json","23174","""deep_trace_ids"": [],"
"docs\governance\behavioral_constant_authority_trace-2026-07-11.json","23189","""deep_trace_ids"": [],"
"docs\governance\behavioral_constant_authority_trace-2026-07-11.json","23204","""deep_trace_ids"": [],"
"docs\governance\behavioral_constant_authority_trace-2026-07-11.json","23219","""deep_trace_ids"": [],"
"docs\governance\behavioral_constant_authority_trace-2026-07-11.json","23234","""deep_trace_ids"": [],"
"docs\governance\behavioral_constant_authority_trace-2026-07-11.json","23249","""deep_trace_ids"": [],"
"docs\governance\behavioral_constant_authority_trace-2026-07-11.json","23264","""deep_trace_ids"": [],"
"docs\governance\behavioral_constant_authority_trace-2026-07-11.json","23279","""deep_trace_ids"": [],"
"docs\governance\behavioral_constant_authority_trace-2026-07-11.json","23294","""deep_trace_ids"": [],"
"docs\governance\behavioral_constant_authority_trace-2026-07-11.json","23309","""deep_trace_ids"": [],"
"docs\governance\behavioral_constant_authority_trace-2026-07-11.json","23324","""deep_trace_ids"": [],"
"docs\governance\behavioral_constant_authority_trace-2026-07-11.json","23339","""deep_trace_ids"": [],"
"docs\governance\behavioral_constant_authority_trace-2026-07-11.json","23354","""deep_trace_ids"": [],"
"docs\governance\behavioral_constant_authority_trace-2026-07-11.json","23369","""deep_trace_ids"": [],"
"docs\governance\behavioral_constant_authority_trace-2026-07-11.json","23384","""deep_trace_ids"": [],"
"docs\governance\behavioral_constant_authority_trace-2026-07-11.json","23399","""deep_trace_ids"": [],"
"docs\governance\behavioral_constant_authority_trace-2026-07-11.json","23414","""deep_trace_ids"": [],"
"docs\governance\behavioral_constant_authority_trace-2026-07-11.json","23429","""deep_trace_ids"": [],"
"docs\governance\behavioral_constant_authority_trace-2026-07-11.json","23444","""deep_trace_ids"": [],"
"docs\governance\behavioral_constant_authority_trace-2026-07-11.json","23459","""deep_trace_ids"": [],"
"docs\governance\behavioral_constant_authority_trace-2026-07-11.json","23474","""deep_trace_ids"": [],"
"docs\governance\behavioral_constant_authority_trace-2026-07-11.json","23489","""deep_trace_ids"": [],"
"docs\governance\behavioral_constant_authority_trace-2026-07-11.json","23504","""deep_trace_ids"": [],"
"docs\governance\behavioral_constant_authority_trace-2026-07-11.json","23519","""deep_trace_ids"": [],"
"docs\governance\behavioral_constant_authority_trace-2026-07-11.json","23534","""deep_trace_ids"": [],"
"docs\governance\behavioral_constant_authority_trace-2026-07-11.json","23549","""deep_trace_ids"": [],"
"docs\governance\behavioral_constant_authority_trace-2026-07-11.json","23564","""deep_trace_ids"": [],"
"docs\governance\behavioral_constant_authority_trace-2026-07-11.json","23579","""deep_trace_ids"": [],"
"docs\governance\behavioral_constant_authority_trace-2026-07-11.json","23594","""deep_trace_ids"": [],"
"docs\governance\behavioral_constant_authority_trace-2026-07-11.json","23609","""deep_trace_ids"": [],"
"docs\governance\behavioral_constant_authority_trace-2026-07-11.json","23624","""deep_trace_ids"": [],"
"docs\governance\behavioral_constant_authority_trace-2026-07-11.json","23639","""deep_trace_ids"": [],"
"docs\governance\behavioral_constant_authority_trace-2026-07-11.json","23654","""deep_trace_ids"": [],"
"docs\governance\behavioral_constant_authority_trace-2026-07-11.json","23669","""deep_trace_ids"": [],"
"docs\governance\behavioral_constant_authority_trace-2026-07-11.json","23684","""deep_trace_ids"": [],"
"docs\governance\behavioral_constant_authority_trace-2026-07-11.json","23699","""deep_trace_ids"": [],"
"docs\governance\behavioral_constant_authority_trace-2026-07-11.json","23714","""deep_trace_ids"": [],"
"docs\governance\behavioral_constant_authority_trace-2026-07-11.json","23729","""deep_trace_ids"": [],"
"docs\governance\behavioral_constant_authority_trace-2026-07-11.json","23744","""deep_trace_ids"": [],"
"docs\governance\behavioral_constant_authority_trace-2026-07-11.json","23759","""deep_trace_ids"": [],"
"docs\governance\behavioral_constant_authority_trace-2026-07-11.json","23774","""deep_trace_ids"": [],"
"docs\governance\behavioral_constant_authority_trace-2026-07-11.json","23789","""deep_trace_ids"": [],"
"docs\governance\behavioral_constant_authority_trace-2026-07-11.json","23804","""deep_trace_ids"": [],"
"docs\governance\behavioral_constant_authority_trace-2026-07-11.json","23819","""deep_trace_ids"": [],"
"docs\governance\behavioral_constant_authority_trace-2026-07-11.json","23834","""deep_trace_ids"": [],"
"docs\governance\behavioral_constant_authority_trace-2026-07-11.json","23849","""deep_trace_ids"": [],"
"docs\governance\behavioral_constant_authority_trace-2026-07-11.json","23864","""deep_trace_ids"": [],"
"docs\governance\behavioral_constant_authority_trace-2026-07-11.json","23879","""deep_trace_ids"": [],"
"docs\governance\behavioral_constant_authority_trace-2026-07-11.json","23894","""deep_trace_ids"": [],"
"docs\governance\behavioral_constant_authority_trace-2026-07-11.json","23909","""deep_trace_ids"": [],"
"docs\governance\behavioral_constant_authority_trace-2026-07-11.json","23924","""deep_trace_ids"": [],"
"docs\governance\behavioral_constant_authority_trace-2026-07-11.json","23939","""deep_trace_ids"": [],"
"docs\governance\behavioral_constant_authority_trace-2026-07-11.json","23954","""deep_trace_ids"": [],"
"docs\governance\behavioral_constant_authority_trace-2026-07-11.json","23969","""deep_trace_ids"": [],"
"docs\governance\behavioral_constant_authority_trace-2026-07-11.json","23984","""deep_trace_ids"": [],"
"docs\governance\behavioral_constant_authority_trace-2026-07-11.json","23999","""deep_trace_ids"": [],"
"docs\governance\behavioral_constant_authority_trace-2026-07-11.json","24014","""deep_trace_ids"": [],"
"docs\governance\behavioral_constant_authority_trace-2026-07-11.json","24029","""deep_trace_ids"": [],"
"docs\governance\behavioral_constant_authority_trace-2026-07-11.json","24044","""deep_trace_ids"": [],"
"docs\governance\behavioral_constant_authority_trace-2026-07-11.json","24059","""deep_trace_ids"": [],"
"docs\governance\behavioral_constant_authority_trace-2026-07-11.json","24074","""deep_trace_ids"": [],"
"docs\governance\behavioral_constant_authority_trace-2026-07-11.json","24089","""deep_trace_ids"": [],"
"docs\governance\behavioral_constant_authority_trace-2026-07-11.json","24104","""deep_trace_ids"": [],"
"docs\governance\behavioral_constant_authority_trace-2026-07-11.json","24119","""deep_trace_ids"": [],"
"docs\governance\behavioral_constant_authority_trace-2026-07-11.json","24134","""deep_trace_ids"": [],"
"docs\governance\behavioral_constant_authority_trace-2026-07-11.json","24149","""deep_trace_ids"": [],"
"docs\governance\behavioral_constant_authority_trace-2026-07-11.json","24164","""deep_trace_ids"": [],"
"docs\governance\behavioral_constant_authority_trace-2026-07-11.json","24179","""deep_trace_ids"": [],"
"docs\governance\behavioral_constant_authority_trace-2026-07-11.json","24194","""deep_trace_ids"": [],"
"docs\governance\behavioral_constant_authority_trace-2026-07-11.json","24209","""deep_trace_ids"": [],"
"docs\governance\behavioral_constant_authority_trace-2026-07-11.json","24224","""deep_trace_ids"": [],"
"docs\governance\behavioral_constant_authority_trace-2026-07-11.json","24239","""deep_trace_ids"": [],"
"docs\governance\behavioral_constant_authority_trace-2026-07-11.json","24254","""deep_trace_ids"": [],"
"docs\governance\behavioral_constant_authority_trace-2026-07-11.json","24269","""deep_trace_ids"": [],"
"docs\governance\behavioral_constant_authority_trace-2026-07-11.json","24284","""deep_trace_ids"": [],"
"docs\governance\behavioral_constant_authority_trace-2026-07-11.json","24299","""deep_trace_ids"": [],"
"docs\governance\behavioral_constant_authority_trace-2026-07-11.json","24314","""deep_trace_ids"": [],"
"docs\governance\behavioral_constant_authority_trace-2026-07-11.json","24329","""deep_trace_ids"": [],"
"docs\governance\behavioral_constant_authority_trace-2026-07-11.json","24344","""deep_trace_ids"": [],"
"docs\governance\behavioral_constant_authority_trace-2026-07-11.json","24359","""deep_trace_ids"": [],"
"docs\governance\behavioral_constant_authority_trace-2026-07-11.json","24374","""deep_trace_ids"": [],"
"docs\governance\behavioral_constant_authority_trace-2026-07-11.json","24389","""deep_trace_ids"": [],"
"docs\governance\behavioral_constant_authority_trace-2026-07-11.json","24404","""deep_trace_ids"": [],"
"docs\governance\behavioral_constant_authority_trace-2026-07-11.json","24419","""deep_trace_ids"": [],"
"docs\governance\behavioral_constant_authority_trace-2026-07-11.json","24434","""deep_trace_ids"": [],"
"docs\governance\behavioral_constant_authority_trace-2026-07-11.json","24449","""deep_trace_ids"": [],"
"docs\governance\behavioral_constant_authority_trace-2026-07-11.json","24464","""deep_trace_ids"": [],"
"docs\governance\behavioral_constant_authority_trace-2026-07-11.json","24479","""deep_trace_ids"": [],"
"docs\governance\behavioral_constant_authority_trace-2026-07-11.json","24494","""deep_trace_ids"": [],"
"docs\governance\behavioral_constant_authority_trace-2026-07-11.json","24509","""deep_trace_ids"": [],"
"docs\governance\behavioral_constant_authority_trace-2026-07-11.json","24524","""deep_trace_ids"": [],"
"docs\governance\behavioral_constant_authority_trace-2026-07-11.json","24539","""deep_trace_ids"": [],"
"docs\governance\behavioral_constant_authority_trace-2026-07-11.json","24554","""deep_trace_ids"": [],"
"docs\governance\behavioral_constant_authority_trace-2026-07-11.json","24569","""deep_trace_ids"": [],"
"docs\governance\behavioral_constant_authority_trace-2026-07-11.json","24584","""deep_trace_ids"": [],"
"docs\governance\behavioral_constant_authority_trace-2026-07-11.json","24599","""deep_trace_ids"": [],"
"docs\governance\behavioral_constant_authority_trace-2026-07-11.json","24614","""deep_trace_ids"": [],"
"docs\governance\behavioral_constant_authority_trace-2026-07-11.json","24629","""deep_trace_ids"": [],"
"docs\governance\behavioral_constant_authority_trace-2026-07-11.json","24644","""deep_trace_ids"": [],"
"docs\governance\behavioral_constant_authority_trace-2026-07-11.json","24659","""deep_trace_ids"": [],"
"docs\governance\behavioral_constant_authority_trace-2026-07-11.json","24674","""deep_trace_ids"": [],"
"docs\governance\behavioral_constant_authority_trace-2026-07-11.json","24689","""deep_trace_ids"": [],"
"docs\governance\behavioral_constant_authority_trace-2026-07-11.json","24704","""deep_trace_ids"": [],"
"docs\governance\behavioral_constant_authority_trace-2026-07-11.json","24719","""deep_trace_ids"": [],"
"docs\governance\behavioral_constant_authority_trace-2026-07-11.json","24734","""deep_trace_ids"": [],"
"docs\governance\behavioral_constant_authority_trace-2026-07-11.json","24749","""deep_trace_ids"": [],"
"docs\governance\behavioral_constant_authority_trace-2026-07-11.json","24764","""deep_trace_ids"": [],"
"docs\governance\behavioral_constant_authority_trace-2026-07-11.json","24779","""deep_trace_ids"": [],"
"docs\governance\behavioral_constant_authority_trace-2026-07-11.json","24794","""deep_trace_ids"": [],"
"docs\governance\behavioral_constant_authority_trace-2026-07-11.json","24809","""deep_trace_ids"": [],"
"docs\governance\behavioral_constant_authority_trace-2026-07-11.json","24824","""deep_trace_ids"": [],"
"docs\governance\behavioral_constant_authority_trace-2026-07-11.json","24839","""deep_trace_ids"": [],"
"docs\governance\behavioral_constant_authority_trace-2026-07-11.json","24854","""deep_trace_ids"": [],"
"docs\governance\behavioral_constant_authority_trace-2026-07-11.json","24869","""deep_trace_ids"": [],"
"docs\governance\behavioral_constant_authority_trace-2026-07-11.json","24884","""deep_trace_ids"": [],"
"docs\governance\behavioral_constant_authority_trace-2026-07-11.json","24899","""deep_trace_ids"": [],"
"docs\governance\behavioral_constant_authority_trace-2026-07-11.json","24914","""deep_trace_ids"": [],"
"docs\governance\behavioral_constant_authority_trace-2026-07-11.json","24929","""deep_trace_ids"": [],"
"docs\governance\behavioral_constant_authority_trace-2026-07-11.json","24944","""deep_trace_ids"": [],"
"docs\governance\behavioral_constant_authority_trace-2026-07-11.json","24959","""deep_trace_ids"": [],"
"docs\governance\behavioral_constant_authority_trace-2026-07-11.json","24974","""deep_trace_ids"": [],"
"docs\governance\behavioral_constant_authority_trace-2026-07-11.json","24989","""deep_trace_ids"": [],"
"docs\governance\behavioral_constant_authority_trace-2026-07-11.json","25004","""deep_trace_ids"": [],"
"docs\governance\behavioral_constant_authority_trace-2026-07-11.json","25019","""deep_trace_ids"": [],"
"docs\governance\behavioral_constant_authority_trace-2026-07-11.json","25034","""deep_trace_ids"": [],"
"docs\governance\behavioral_constant_authority_trace-2026-07-11.json","25049","""deep_trace_ids"": [],"
"docs\governance\behavioral_constant_authority_trace-2026-07-11.json","25064","""deep_trace_ids"": [],"
"docs\governance\behavioral_constant_authority_trace-2026-07-11.json","25079","""deep_trace_ids"": [],"
"docs\governance\behavioral_constant_authority_trace-2026-07-11.json","25094","""deep_trace_ids"": [],"
"docs\governance\behavioral_constant_authority_trace-2026-07-11.json","25109","""deep_trace_ids"": ["
"docs\governance\behavioral_constant_authority_trace-2026-07-11.json","25126","""deep_trace_ids"": [],"
"docs\governance\behavioral_constant_authority_trace-2026-07-11.json","25141","""deep_trace_ids"": [],"
"docs\governance\behavioral_constant_authority_trace-2026-07-11.json","25156","""deep_trace_ids"": [],"
"docs\governance\behavioral_constant_authority_trace-2026-07-11.json","25171","""deep_trace_ids"": [],"
"docs\governance\behavioral_constant_authority_trace-2026-07-11.json","25186","""deep_trace_ids"": ["
"docs\governance\behavioral_constant_authority_trace-2026-07-11.json","25203","""deep_trace_ids"": [],"
"docs\governance\behavioral_constant_authority_trace-2026-07-11.json","25218","""deep_trace_ids"": [],"
"docs\governance\behavioral_constant_authority_trace-2026-07-11.json","25233","""deep_trace_ids"": [],"
"docs\governance\behavioral_constant_authority_trace-2026-07-11.json","25248","""deep_trace_ids"": [],"
"docs\governance\behavioral_constant_authority_trace-2026-07-11.json","25263","""deep_trace_ids"": [],"
"docs\governance\behavioral_constant_authority_trace-2026-07-11.json","25278","""deep_trace_ids"": [],"
"docs\governance\behavioral_constant_authority_trace-2026-07-11.json","25293","""deep_trace_ids"": ["
"docs\governance\behavioral_constant_authority_trace-2026-07-11.json","25310","""deep_trace_ids"": ["
"docs\governance\behavioral_constant_authority_trace-2026-07-11.json","25327","""deep_trace_ids"": [],"
"docs\governance\behavioral_constant_authority_trace-2026-07-11.json","25342","""deep_trace_ids"": [],"
"docs\governance\behavioral_constant_authority_trace-2026-07-11.json","25357","""deep_trace_ids"": [],"
"docs\governance\behavioral_constant_authority_trace-2026-07-11.json","25372","""deep_trace_ids"": [],"
"docs\governance\behavioral_constant_authority_trace-2026-07-11.json","25387","""deep_trace_ids"": ["
"docs\governance\behavioral_constant_authority_trace-2026-07-11.json","25404","""deep_trace_ids"": [],"
"docs\governance\behavioral_constant_authority_trace-2026-07-11.json","25419","""deep_trace_ids"": [],"
"docs\governance\behavioral_constant_authority_trace-2026-07-11.json","25434","""deep_trace_ids"": [],"
"docs\governance\behavioral_constant_authority_trace-2026-07-11.json","25449","""deep_trace_ids"": [],"
"docs\governance\behavioral_constant_authority_trace-2026-07-11.json","25464","""deep_trace_ids"": [],"
"docs\governance\behavioral_constant_authority_trace-2026-07-11.json","25479","""deep_trace_ids"": [],"
"docs\governance\behavioral_constant_authority_trace-2026-07-11.json","25494","""deep_trace_ids"": [],"
"docs\governance\behavioral_constant_authority_trace-2026-07-11.json","25509","""deep_trace_ids"": [],"
"docs\governance\behavioral_constant_authority_trace-2026-07-11.json","25524","""deep_trace_ids"": [],"
"docs\governance\behavioral_constant_authority_trace-2026-07-11.json","25539","""deep_trace_ids"": [],"
"docs\governance\behavioral_constant_authority_trace-2026-07-11.json","25554","""deep_trace_ids"": [],"
"docs\governance\behavioral_constant_authority_trace-2026-07-11.json","25569","""deep_trace_ids"": [],"
"docs\governance\behavioral_constant_authority_trace-2026-07-11.json","25584","""deep_trace_ids"": [],"
"docs\governance\behavioral_constant_authority_trace-2026-07-11.json","25599","""deep_trace_ids"": [],"
"docs\governance\behavioral_constant_authority_trace-2026-07-11.json","25614","""deep_trace_ids"": [],"
"docs\governance\behavioral_constant_authority_trace-2026-07-11.json","25629","""deep_trace_ids"": [],"
"docs\governance\behavioral_constant_authority_trace-2026-07-11.json","25644","""deep_trace_ids"": [],"
"docs\governance\behavioral_constant_authority_trace-2026-07-11.json","25659","""deep_trace_ids"": [],"
"docs\governance\behavioral_constant_authority_trace-2026-07-11.json","25674","""deep_trace_ids"": [],"
"docs\governance\behavioral_constant_authority_trace-2026-07-11.json","25689","""deep_trace_ids"": [],"
"docs\governance\behavioral_constant_authority_trace-2026-07-11.json","25704","""deep_trace_ids"": [],"
"docs\governance\behavioral_constant_authority_trace-2026-07-11.json","25719","""deep_trace_ids"": [],"
"docs\governance\behavioral_constant_authority_trace-2026-07-11.json","25734","""deep_trace_ids"": [],"
"docs\governance\behavioral_constant_authority_trace-2026-07-11.json","25749","""deep_trace_ids"": [],"
"docs\governance\behavioral_constant_authority_trace-2026-07-11.json","25764","""deep_trace_ids"": [],"
"docs\governance\behavioral_constant_authority_trace-2026-07-11.json","25779","""deep_trace_ids"": [],"
"docs\governance\behavioral_constant_authority_trace-2026-07-11.json","25794","""deep_trace_ids"": [],"
"docs\governance\behavioral_constant_authority_trace-2026-07-11.json","25809","""deep_trace_ids"": [],"
"docs\governance\behavioral_constant_authority_trace-2026-07-11.json","25824","""deep_trace_ids"": [],"
"docs\governance\behavioral_constant_authority_trace-2026-07-11.json","25839","""deep_trace_ids"": [],"
"docs\governance\behavioral_constant_authority_trace-2026-07-11.json","25854","""deep_trace_ids"": [],"
"docs\governance\behavioral_constant_authority_trace-2026-07-11.json","25869","""deep_trace_ids"": [],"
"docs\governance\behavioral_constant_authority_trace-2026-07-11.json","25884","""deep_trace_ids"": [],"
"docs\governance\behavioral_constant_authority_trace-2026-07-11.json","25899","""deep_trace_ids"": [],"
"docs\governance\behavioral_constant_authority_trace-2026-07-11.json","25914","""deep_trace_ids"": [],"
"docs\governance\behavioral_constant_authority_trace-2026-07-11.json","25929","""deep_trace_ids"": [],"
"docs\governance\behavioral_constant_authority_trace-2026-07-11.json","25944","""deep_trace_ids"": [],"
"docs\governance\behavioral_constant_authority_trace-2026-07-11.json","25959","""deep_trace_ids"": [],"
"docs\governance\behavioral_constant_authority_trace-2026-07-11.json","25974","""deep_trace_ids"": [],"
"docs\governance\behavioral_constant_authority_trace-2026-07-11.json","25989","""deep_trace_ids"": [],"
"docs\governance\behavioral_constant_authority_trace-2026-07-11.json","26004","""deep_trace_ids"": [],"
"docs\governance\behavioral_constant_authority_trace-2026-07-11.json","26019","""deep_trace_ids"": [],"
"docs\governance\behavioral_constant_authority_trace-2026-07-11.json","26034","""deep_trace_ids"": [],"
"docs\governance\behavioral_constant_authority_trace-2026-07-11.json","26049","""deep_trace_ids"": [],"
"docs\governance\behavioral_constant_authority_trace-2026-07-11.json","26064","""deep_trace_ids"": [],"
"docs\governance\behavioral_constant_authority_trace-2026-07-11.json","26079","""deep_trace_ids"": [],"
"docs\governance\behavioral_constant_authority_trace-2026-07-11.json","26094","""deep_trace_ids"": [],"
"docs\governance\behavioral_constant_authority_trace-2026-07-11.json","26109","""deep_trace_ids"": [],"
"docs\governance\behavioral_constant_authority_trace-2026-07-11.json","26124","""deep_trace_ids"": [],"
"docs\governance\behavioral_constant_authority_trace-2026-07-11.json","26139","""deep_trace_ids"": [],"
"docs\governance\behavioral_constant_authority_trace-2026-07-11.json","26154","""deep_trace_ids"": [],"
"docs\governance\behavioral_constant_authority_trace-2026-07-11.json","26169","""deep_trace_ids"": [],"
"docs\governance\behavioral_constant_authority_trace-2026-07-11.json","26184","""deep_trace_ids"": [],"
"docs\governance\behavioral_constant_authority_trace-2026-07-11.json","26199","""deep_trace_ids"": [],"
"docs\governance\behavioral_constant_authority_trace-2026-07-11.json","26214","""deep_trace_ids"": [],"
"docs\governance\behavioral_constant_authority_trace-2026-07-11.json","26229","""deep_trace_ids"": [],"
"docs\governance\behavioral_constant_authority_trace-2026-07-11.json","26244","""deep_trace_ids"": [],"
"docs\governance\behavioral_constant_authority_trace-2026-07-11.json","26259","""deep_trace_ids"": [],"
"docs\governance\behavioral_constant_authority_trace-2026-07-11.json","26274","""deep_trace_ids"": [],"
"docs\governance\behavioral_constant_authority_trace-2026-07-11.json","26289","""deep_trace_ids"": [],"
"docs\governance\behavioral_constant_authority_trace-2026-07-11.json","26304","""deep_trace_ids"": [],"
"docs\governance\behavioral_constant_authority_trace-2026-07-11.json","26319","""deep_trace_ids"": [],"
"docs\governance\behavioral_constant_authority_trace-2026-07-11.json","26334","""deep_trace_ids"": [],"
"docs\governance\behavioral_constant_authority_trace-2026-07-11.json","26349","""deep_trace_ids"": [],"
"docs\governance\behavioral_constant_authority_trace-2026-07-11.json","26364","""deep_trace_ids"": [],"
"docs\governance\behavioral_constant_authority_trace-2026-07-11.json","26379","""deep_trace_ids"": [],"
"docs\governance\behavioral_constant_authority_trace-2026-07-11.json","26394","""deep_trace_ids"": [],"
"docs\governance\behavioral_constant_authority_trace-2026-07-11.json","26409","""deep_trace_ids"": [],"
"docs\governance\behavioral_constant_authority_trace-2026-07-11.json","26424","""deep_trace_ids"": [],"
"docs\governance\behavioral_constant_authority_trace-2026-07-11.json","26439","""deep_trace_ids"": [],"
"docs\governance\behavioral_constant_authority_trace-2026-07-11.json","26454","""deep_trace_ids"": [],"
"docs\governance\behavioral_constant_authority_trace-2026-07-11.json","26469","""deep_trace_ids"": [],"
"docs\governance\behavioral_constant_authority_trace-2026-07-11.json","26484","""deep_trace_ids"": [],"
"docs\governance\behavioral_constant_authority_trace-2026-07-11.json","26499","""deep_trace_ids"": [],"
"docs\governance\behavioral_constant_authority_trace-2026-07-11.json","26514","""deep_trace_ids"": [],"
"docs\governance\behavioral_constant_authority_trace-2026-07-11.json","26529","""deep_trace_ids"": [],"
"docs\governance\behavioral_constant_authority_trace-2026-07-11.json","26544","""deep_trace_ids"": [],"
"docs\governance\behavioral_constant_authority_trace-2026-07-11.json","26559","""deep_trace_ids"": [],"
"docs\governance\behavioral_constant_authority_trace-2026-07-11.json","26574","""deep_trace_ids"": [],"
"docs\governance\behavioral_constant_authority_trace-2026-07-11.json","26589","""deep_trace_ids"": [],"
"docs\governance\behavioral_constant_authority_trace-2026-07-11.json","26604","""deep_trace_ids"": [],"
"docs\governance\behavioral_constant_authority_trace-2026-07-11.json","26619","""deep_trace_ids"": [],"
"docs\governance\behavioral_constant_authority_trace-2026-07-11.json","26634","""deep_trace_ids"": [],"
"docs\governance\behavioral_constant_authority_trace-2026-07-11.json","26649","""deep_trace_ids"": [],"
"docs\governance\behavioral_constant_authority_trace-2026-07-11.json","26664","""deep_trace_ids"": [],"
"docs\governance\behavioral_constant_authority_trace-2026-07-11.json","26679","""deep_trace_ids"": [],"
"docs\governance\behavioral_constant_authority_trace-2026-07-11.json","26694","""deep_trace_ids"": [],"
"docs\governance\behavioral_constant_authority_trace-2026-07-11.json","26709","""deep_trace_ids"": [],"
"docs\governance\behavioral_constant_authority_trace-2026-07-11.json","26724","""deep_trace_ids"": [],"
"docs\governance\behavioral_constant_authority_trace-2026-07-11.json","26739","""deep_trace_ids"": [],"
"docs\governance\behavioral_constant_authority_trace-2026-07-11.json","26754","""deep_trace_ids"": [],"
"docs\governance\behavioral_constant_authority_trace-2026-07-11.json","26769","""deep_trace_ids"": [],"
"docs\governance\behavioral_constant_authority_trace-2026-07-11.json","26784","""deep_trace_ids"": [],"
"docs\governance\behavioral_constant_authority_trace-2026-07-11.json","26799","""deep_trace_ids"": [],"
"docs\governance\behavioral_constant_authority_trace-2026-07-11.json","26814","""deep_trace_ids"": [],"
"docs\governance\behavioral_constant_authority_trace-2026-07-11.json","26829","""deep_trace_ids"": [],"
"docs\governance\behavioral_constant_authority_trace-2026-07-11.json","26844","""deep_trace_ids"": [],"
"docs\governance\behavioral_constant_authority_trace-2026-07-11.json","26859","""deep_trace_ids"": [],"
"docs\governance\behavioral_constant_authority_trace-2026-07-11.json","26874","""deep_trace_ids"": [],"
"docs\governance\behavioral_constant_authority_trace-2026-07-11.json","26889","""deep_trace_ids"": [],"
"docs\governance\behavioral_constant_authority_trace-2026-07-11.json","26904","""deep_trace_ids"": [],"
"docs\governance\behavioral_constant_authority_trace-2026-07-11.json","26919","""deep_trace_ids"": [],"
"docs\governance\behavioral_constant_authority_trace-2026-07-11.json","26934","""deep_trace_ids"": [],"
"docs\governance\behavioral_constant_authority_trace-2026-07-11.json","26949","""deep_trace_ids"": [],"
"docs\governance\behavioral_constant_authority_trace-2026-07-11.json","26964","""deep_trace_ids"": [],"
"docs\governance\behavioral_constant_authority_trace-2026-07-11.json","26979","""deep_trace_ids"": [],"
"docs\governance\behavioral_constant_authority_trace-2026-07-11.json","26994","""deep_trace_ids"": [],"
"docs\governance\behavioral_constant_authority_trace-2026-07-11.json","27009","""deep_trace_ids"": [],"
"docs\governance\behavioral_constant_authority_trace-2026-07-11.json","27024","""deep_trace_ids"": [],"
"docs\governance\behavioral_constant_authority_trace-2026-07-11.json","27039","""deep_trace_ids"": [],"
"docs\governance\behavioral_constant_authority_trace-2026-07-11.json","27054","""deep_trace_ids"": [],"
"docs\governance\behavioral_constant_authority_trace-2026-07-11.json","27069","""deep_trace_ids"": [],"
"docs\governance\behavioral_constant_authority_trace-2026-07-11.json","27084","""deep_trace_ids"": [],"
"docs\governance\behavioral_constant_authority_trace-2026-07-11.json","27099","""deep_trace_ids"": [],"
"docs\governance\behavioral_constant_authority_trace-2026-07-11.json","27114","""deep_trace_ids"": [],"
"docs\governance\behavioral_constant_authority_trace-2026-07-11.json","27129","""deep_trace_ids"": [],"
"docs\governance\behavioral_constant_authority_trace-2026-07-11.json","27144","""deep_trace_ids"": [],"
"docs\governance\behavioral_constant_authority_trace-2026-07-11.json","27159","""deep_trace_ids"": [],"
"docs\governance\behavioral_constant_authority_trace-2026-07-11.json","27174","""deep_trace_ids"": [],"
"docs\governance\behavioral_constant_authority_trace-2026-07-11.json","27189","""deep_trace_ids"": [],"
"docs\governance\behavioral_constant_authority_trace-2026-07-11.json","27204","""deep_trace_ids"": [],"
"docs\governance\behavioral_constant_authority_trace-2026-07-11.json","27219","""deep_trace_ids"": [],"
"docs\governance\behavioral_constant_authority_trace-2026-07-11.json","27234","""deep_trace_ids"": [],"
"docs\governance\behavioral_constant_authority_trace-2026-07-11.json","27249","""deep_trace_ids"": [],"
"docs\governance\behavioral_constant_authority_trace-2026-07-11.json","27264","""deep_trace_ids"": [],"
"docs\governance\behavioral_constant_authority_trace-2026-07-11.json","27279","""deep_trace_ids"": [],"
"docs\governance\behavioral_constant_authority_trace-2026-07-11.json","27294","""deep_trace_ids"": [],"
"docs\governance\behavioral_constant_authority_trace-2026-07-11.json","27309","""deep_trace_ids"": [],"
"docs\governance\behavioral_constant_authority_trace-2026-07-11.json","27324","""deep_trace_ids"": [],"
"docs\governance\behavioral_constant_authority_trace-2026-07-11.json","27339","""deep_trace_ids"": [],"
"docs\governance\behavioral_constant_authority_trace-2026-07-11.json","27354","""deep_trace_ids"": [],"
"docs\governance\behavioral_constant_authority_trace-2026-07-11.json","27369","""deep_trace_ids"": [],"
"docs\governance\behavioral_constant_authority_trace-2026-07-11.json","27384","""deep_trace_ids"": [],"
"docs\governance\behavioral_constant_authority_trace-2026-07-11.json","27399","""deep_trace_ids"": [],"
"docs\governance\behavioral_constant_authority_trace-2026-07-11.json","27414","""deep_trace_ids"": [],"
"docs\governance\behavioral_constant_authority_trace-2026-07-11.json","27429","""deep_trace_ids"": [],"
"docs\governance\behavioral_constant_authority_trace-2026-07-11.json","27444","""deep_trace_ids"": [],"
"docs\governance\behavioral_constant_authority_trace-2026-07-11.json","27459","""deep_trace_ids"": [],"
"docs\governance\behavioral_constant_authority_trace-2026-07-11.json","27474","""deep_trace_ids"": [],"
"docs\governance\behavioral_constant_authority_trace-2026-07-11.json","27489","""deep_trace_ids"": [],"
"docs\governance\behavioral_constant_authority_trace-2026-07-11.json","27504","""deep_trace_ids"": [],"
"docs\governance\behavioral_constant_authority_trace-2026-07-11.json","27519","""deep_trace_ids"": [],"
"docs\governance\behavioral_constant_authority_trace-2026-07-11.json","27534","""deep_trace_ids"": [],"
"docs\governance\behavioral_constant_authority_trace-2026-07-11.json","27549","""deep_trace_ids"": [],"
"docs\governance\behavioral_constant_authority_trace-2026-07-11.json","27564","""deep_trace_ids"": [],"
"docs\governance\behavioral_constant_authority_trace-2026-07-11.json","27579","""deep_trace_ids"": [],"
"docs\governance\behavioral_constant_authority_trace-2026-07-11.json","27594","""deep_trace_ids"": [],"
"docs\governance\behavioral_constant_authority_trace-2026-07-11.json","27609","""deep_trace_ids"": [],"
"docs\governance\behavioral_constant_authority_trace-2026-07-11.json","27624","""deep_trace_ids"": [],"
"docs\governance\behavioral_constant_authority_trace-2026-07-11.json","27639","""deep_trace_ids"": [],"
"docs\governance\behavioral_constant_authority_trace-2026-07-11.json","27654","""deep_trace_ids"": [],"
"docs\governance\behavioral_constant_authority_trace-2026-07-11.json","27669","""deep_trace_ids"": [],"
"docs\governance\behavioral_constant_authority_trace-2026-07-11.json","27684","""deep_trace_ids"": [],"
"docs\governance\behavioral_constant_authority_trace-2026-07-11.json","27699","""deep_trace_ids"": [],"
"docs\governance\behavioral_constant_authority_trace-2026-07-11.json","27714","""deep_trace_ids"": [],"
"docs\governance\behavioral_constant_authority_trace-2026-07-11.json","27729","""deep_trace_ids"": [],"
"docs\governance\behavioral_constant_authority_trace-2026-07-11.json","27744","""deep_trace_ids"": [],"
"docs\governance\behavioral_constant_authority_trace-2026-07-11.json","27759","""deep_trace_ids"": [],"
"docs\governance\behavioral_constant_authority_trace-2026-07-11.json","27774","""deep_trace_ids"": [],"
"docs\governance\behavioral_constant_authority_trace-2026-07-11.json","27789","""deep_trace_ids"": [],"
"docs\governance\behavioral_constant_authority_trace-2026-07-11.json","27804","""deep_trace_ids"": [],"
"docs\governance\behavioral_constant_authority_trace-2026-07-11.json","27819","""deep_trace_ids"": [],"
"docs\governance\behavioral_constant_authority_trace-2026-07-11.json","27834","""deep_trace_ids"": [],"
"docs\governance\behavioral_constant_authority_trace-2026-07-11.json","27849","""deep_trace_ids"": [],"
"docs\governance\behavioral_constant_authority_trace-2026-07-11.json","27864","""deep_trace_ids"": [],"
"docs\governance\behavioral_constant_authority_trace-2026-07-11.json","27879","""deep_trace_ids"": [],"
"docs\governance\behavioral_constant_authority_trace-2026-07-11.json","27894","""deep_trace_ids"": [],"
"docs\governance\behavioral_constant_authority_trace-2026-07-11.json","27909","""deep_trace_ids"": [],"
"docs\governance\behavioral_constant_authority_trace-2026-07-11.json","27924","""deep_trace_ids"": [],"
"docs\governance\behavioral_constant_authority_trace-2026-07-11.json","27939","""deep_trace_ids"": [],"
"docs\governance\behavioral_constant_authority_trace-2026-07-11.json","27954","""deep_trace_ids"": [],"
"docs\governance\behavioral_constant_authority_trace-2026-07-11.json","27969","""deep_trace_ids"": [],"
"docs\governance\behavioral_constant_authority_trace-2026-07-11.json","27984","""deep_trace_ids"": [],"
"docs\governance\behavioral_constant_authority_trace-2026-07-11.json","27999","""deep_trace_ids"": [],"
"docs\governance\behavioral_constant_authority_trace-2026-07-11.json","28014","""deep_trace_ids"": [],"
"docs\governance\behavioral_constant_authority_trace-2026-07-11.json","28029","""deep_trace_ids"": [],"
"docs\governance\behavioral_constant_authority_trace-2026-07-11.json","28044","""deep_trace_ids"": [],"
"docs\governance\behavioral_constant_authority_trace-2026-07-11.json","28059","""deep_trace_ids"": [],"
"docs\governance\behavioral_constant_authority_trace-2026-07-11.json","28074","""deep_trace_ids"": [],"
"docs\governance\behavioral_constant_authority_trace-2026-07-11.json","28089","""deep_trace_ids"": [],"
"docs\governance\behavioral_constant_authority_trace-2026-07-11.json","28104","""deep_trace_ids"": [],"
"docs\governance\behavioral_constant_authority_trace-2026-07-11.json","28119","""deep_trace_ids"": [],"
"docs\governance\behavioral_constant_authority_trace-2026-07-11.json","28134","""deep_trace_ids"": [],"
"docs\governance\behavioral_constant_authority_trace-2026-07-11.json","28149","""deep_trace_ids"": [],"
"docs\governance\behavioral_constant_authority_trace-2026-07-11.json","28164","""deep_trace_ids"": [],"
"docs\governance\behavioral_constant_authority_trace-2026-07-11.json","28179","""deep_trace_ids"": [],"
"docs\governance\behavioral_constant_authority_trace-2026-07-11.json","28194","""deep_trace_ids"": [],"
"docs\governance\behavioral_constant_authority_trace-2026-07-11.json","28209","""deep_trace_ids"": [],"
"docs\governance\behavioral_constant_authority_trace-2026-07-11.json","28224","""deep_trace_ids"": [],"
"docs\governance\behavioral_constant_authority_trace-2026-07-11.json","28239","""deep_trace_ids"": [],"
"docs\governance\behavioral_constant_authority_trace-2026-07-11.json","28254","""deep_trace_ids"": [],"
"docs\governance\behavioral_constant_authority_trace-2026-07-11.json","28269","""deep_trace_ids"": [],"
"docs\governance\behavioral_constant_authority_trace-2026-07-11.json","28284","""deep_trace_ids"": [],"
"docs\governance\behavioral_constant_authority_trace-2026-07-11.json","28299","""deep_trace_ids"": [],"
"docs\governance\behavioral_constant_authority_trace-2026-07-11.json","28314","""deep_trace_ids"": [],"
"docs\governance\behavioral_constant_authority_trace-2026-07-11.json","28329","""deep_trace_ids"": [],"
"docs\governance\behavioral_constant_authority_trace-2026-07-11.json","28344","""deep_trace_ids"": [],"
"docs\governance\behavioral_constant_authority_trace-2026-07-11.json","28359","""deep_trace_ids"": [],"
"docs\governance\behavioral_constant_authority_trace-2026-07-11.json","28374","""deep_trace_ids"": [],"
"docs\governance\behavioral_constant_authority_trace-2026-07-11.json","28389","""deep_trace_ids"": [],"
"docs\governance\behavioral_constant_authority_trace-2026-07-11.json","28404","""deep_trace_ids"": [],"
"docs\governance\behavioral_constant_authority_trace-2026-07-11.json","28419","""deep_trace_ids"": [],"
"docs\governance\behavioral_constant_authority_trace-2026-07-11.json","28434","""deep_trace_ids"": [],"
"docs\governance\behavioral_constant_authority_trace-2026-07-11.json","28449","""deep_trace_ids"": [],"
"docs\governance\behavioral_constant_authority_trace-2026-07-11.json","28464","""deep_trace_ids"": [],"
"docs\governance\behavioral_constant_authority_trace-2026-07-11.json","28479","""deep_trace_ids"": [],"
"docs\governance\behavioral_constant_authority_trace-2026-07-11.json","28494","""deep_trace_ids"": [],"
"docs\governance\behavioral_constant_authority_trace-2026-07-11.json","28509","""deep_trace_ids"": [],"
"docs\governance\behavioral_constant_authority_trace-2026-07-11.json","28524","""deep_trace_ids"": [],"
"docs\governance\behavioral_constant_authority_trace-2026-07-11.json","28539","""deep_trace_ids"": [],"
"docs\governance\behavioral_constant_authority_trace-2026-07-11.json","28554","""deep_trace_ids"": [],"
"docs\governance\behavioral_constant_authority_trace-2026-07-11.json","28569","""deep_trace_ids"": [],"
"docs\governance\behavioral_constant_authority_trace-2026-07-11.json","28584","""deep_trace_ids"": [],"
"docs\governance\behavioral_constant_authority_trace-2026-07-11.json","28599","""deep_trace_ids"": [],"
"docs\governance\behavioral_constant_authority_trace-2026-07-11.json","28614","""deep_trace_ids"": [],"
"docs\governance\behavioral_constant_authority_trace-2026-07-11.json","28629","""deep_trace_ids"": [],"
"docs\governance\behavioral_constant_authority_trace-2026-07-11.json","28644","""deep_trace_ids"": [],"
"docs\governance\behavioral_constant_authority_trace-2026-07-11.json","28659","""deep_trace_ids"": [],"
"docs\governance\behavioral_constant_authority_trace-2026-07-11.json","28674","""deep_trace_ids"": [],"
"docs\governance\behavioral_constant_authority_trace-2026-07-11.json","28689","""deep_trace_ids"": [],"
"docs\governance\behavioral_constant_authority_trace-2026-07-11.json","28704","""deep_trace_ids"": [],"
"docs\governance\behavioral_constant_authority_trace-2026-07-11.json","28719","""deep_trace_ids"": [],"
"docs\governance\behavioral_constant_authority_trace-2026-07-11.json","28734","""deep_trace_ids"": [],"
"docs\governance\behavioral_constant_authority_trace-2026-07-11.json","28749","""deep_trace_ids"": [],"
"docs\governance\behavioral_constant_authority_trace-2026-07-11.json","28764","""deep_trace_ids"": [],"
"docs\governance\behavioral_constant_authority_trace-2026-07-11.json","28779","""deep_trace_ids"": [],"
"docs\governance\behavioral_constant_authority_trace-2026-07-11.json","28794","""deep_trace_ids"": [],"
"docs\governance\behavioral_constant_authority_trace-2026-07-11.json","28809","""deep_trace_ids"": [],"
"docs\governance\behavioral_constant_authority_trace-2026-07-11.json","28824","""deep_trace_ids"": [],"
"docs\governance\behavioral_constant_authority_trace-2026-07-11.json","28839","""deep_trace_ids"": [],"
"docs\governance\behavioral_constant_authority_trace-2026-07-11.json","28854","""deep_trace_ids"": [],"
"docs\governance\behavioral_constant_authority_trace-2026-07-11.json","28869","""deep_trace_ids"": [],"
"docs\governance\behavioral_constant_authority_trace-2026-07-11.json","28884","""deep_trace_ids"": [],"
"docs\governance\behavioral_constant_authority_trace-2026-07-11.json","28899","""deep_trace_ids"": [],"
"docs\governance\behavioral_constant_authority_trace-2026-07-11.json","28914","""deep_trace_ids"": [],"
"docs\governance\behavioral_constant_authority_trace-2026-07-11.json","28929","""deep_trace_ids"": [],"
"docs\governance\behavioral_constant_authority_trace-2026-07-11.json","28944","""deep_trace_ids"": [],"
"docs\governance\behavioral_constant_authority_trace-2026-07-11.json","28959","""deep_trace_ids"": [],"
"docs\governance\behavioral_constant_authority_trace-2026-07-11.json","28974","""deep_trace_ids"": [],"
"docs\governance\behavioral_constant_authority_trace-2026-07-11.json","28989","""deep_trace_ids"": [],"
"docs\governance\behavioral_constant_authority_trace-2026-07-11.json","29004","""deep_trace_ids"": [],"
"docs\governance\behavioral_constant_authority_trace-2026-07-11.json","29019","""deep_trace_ids"": [],"
"docs\governance\behavioral_constant_authority_trace-2026-07-11.json","29034","""deep_trace_ids"": [],"
"docs\governance\behavioral_constant_authority_trace-2026-07-11.json","29049","""deep_trace_ids"": [],"
"docs\governance\behavioral_constant_authority_trace-2026-07-11.json","29064","""deep_trace_ids"": [],"
"docs\governance\behavioral_constant_authority_trace-2026-07-11.json","29079","""deep_trace_ids"": [],"
"docs\governance\behavioral_constant_authority_trace-2026-07-11.json","29094","""deep_trace_ids"": [],"
"docs\governance\behavioral_constant_authority_trace-2026-07-11.json","29109","""deep_trace_ids"": [],"
"docs\governance\behavioral_constant_authority_trace-2026-07-11.json","29124","""deep_trace_ids"": [],"
"docs\governance\behavioral_constant_authority_trace-2026-07-11.json","29139","""deep_trace_ids"": [],"
"docs\governance\behavioral_constant_authority_trace-2026-07-11.json","29154","""deep_trace_ids"": [],"
"docs\governance\behavioral_constant_authority_trace-2026-07-11.json","29169","""deep_trace_ids"": [],"
"docs\governance\behavioral_constant_authority_trace-2026-07-11.json","29184","""deep_trace_ids"": [],"
"docs\governance\behavioral_constant_authority_trace-2026-07-11.json","29199","""deep_trace_ids"": [],"
"docs\governance\behavioral_constant_authority_trace-2026-07-11.json","29214","""deep_trace_ids"": [],"
"docs\governance\behavioral_constant_authority_trace-2026-07-11.json","29229","""deep_trace_ids"": [],"
"docs\governance\behavioral_constant_authority_trace-2026-07-11.json","29244","""deep_trace_ids"": [],"
"docs\governance\behavioral_constant_authority_trace-2026-07-11.json","29259","""deep_trace_ids"": [],"
"docs\governance\behavioral_constant_authority_trace-2026-07-11.json","29274","""deep_trace_ids"": [],"
"docs\governance\behavioral_constant_authority_trace-2026-07-11.json","29289","""deep_trace_ids"": [],"
"docs\governance\behavioral_constant_authority_trace-2026-07-11.json","29304","""deep_trace_ids"": [],"
"docs\governance\behavioral_constant_authority_trace-2026-07-11.json","29319","""deep_trace_ids"": [],"
"docs\governance\behavioral_constant_authority_trace-2026-07-11.json","29334","""deep_trace_ids"": [],"
"docs\governance\behavioral_constant_authority_trace-2026-07-11.json","29349","""deep_trace_ids"": [],"
"docs\governance\behavioral_constant_authority_trace-2026-07-11.json","29364","""deep_trace_ids"": [],"
"docs\governance\behavioral_constant_authority_trace-2026-07-11.json","29379","""deep_trace_ids"": [],"
"docs\governance\behavioral_constant_authority_trace-2026-07-11.json","29394","""deep_trace_ids"": [],"
"docs\governance\behavioral_constant_authority_trace-2026-07-11.json","29409","""deep_trace_ids"": [],"
"docs\governance\behavioral_constant_authority_trace-2026-07-11.json","29424","""deep_trace_ids"": [],"
"docs\governance\behavioral_constant_authority_trace-2026-07-11.json","29439","""deep_trace_ids"": [],"
"docs\governance\behavioral_constant_authority_trace-2026-07-11.json","29454","""deep_trace_ids"": [],"
"docs\governance\behavioral_constant_authority_trace-2026-07-11.json","29469","""deep_trace_ids"": [],"
"docs\governance\behavioral_constant_authority_trace-2026-07-11.json","29484","""deep_trace_ids"": [],"
"docs\governance\behavioral_constant_authority_trace-2026-07-11.json","29499","""deep_trace_ids"": [],"
"docs\governance\behavioral_constant_authority_trace-2026-07-11.json","29514","""deep_trace_ids"": [],"
"docs\governance\behavioral_constant_authority_trace-2026-07-11.json","29529","""deep_trace_ids"": [],"
"docs\governance\behavioral_constant_authority_trace-2026-07-11.json","29544","""deep_trace_ids"": [],"
"docs\governance\behavioral_constant_authority_trace-2026-07-11.json","29559","""deep_trace_ids"": [],"
"docs\governance\behavioral_constant_authority_trace-2026-07-11.json","29574","""deep_trace_ids"": [],"
"docs\governance\behavioral_constant_authority_trace-2026-07-11.json","29589","""deep_trace_ids"": [],"
"docs\governance\behavioral_constant_authority_trace-2026-07-11.json","29604","""deep_trace_ids"": [],"
"docs\governance\behavioral_constant_authority_trace-2026-07-11.json","29619","""deep_trace_ids"": [],"
"docs\governance\behavioral_constant_authority_trace-2026-07-11.json","29634","""deep_trace_ids"": [],"
"docs\governance\behavioral_constant_authority_trace-2026-07-11.json","29649","""deep_trace_ids"": [],"
"docs\governance\behavioral_constant_authority_trace-2026-07-11.json","29664","""deep_trace_ids"": [],"
"docs\governance\behavioral_constant_authority_trace-2026-07-11.json","29679","""deep_trace_ids"": [],"
"docs\governance\behavioral_constant_authority_trace-2026-07-11.json","29694","""deep_trace_ids"": [],"
"docs\governance\behavioral_constant_authority_trace-2026-07-11.json","29709","""deep_trace_ids"": [],"
"docs\governance\behavioral_constant_authority_trace-2026-07-11.json","29724","""deep_trace_ids"": [],"
"docs\governance\behavioral_constant_authority_trace-2026-07-11.json","29739","""deep_trace_ids"": [],"
"docs\governance\behavioral_constant_authority_trace-2026-07-11.json","29754","""deep_trace_ids"": [],"
"docs\governance\behavioral_constant_authority_trace-2026-07-11.json","29769","""deep_trace_ids"": [],"
"docs\governance\behavioral_constant_authority_trace-2026-07-11.json","29784","""deep_trace_ids"": [],"
"docs\governance\behavioral_constant_authority_trace-2026-07-11.json","29799","""deep_trace_ids"": [],"
"docs\governance\behavioral_constant_authority_trace-2026-07-11.json","29814","""deep_trace_ids"": [],"
"docs\governance\behavioral_constant_authority_trace-2026-07-11.json","29829","""deep_trace_ids"": [],"
"docs\governance\behavioral_constant_authority_trace-2026-07-11.json","29844","""deep_trace_ids"": [],"
"docs\governance\behavioral_constant_authority_trace-2026-07-11.json","29859","""deep_trace_ids"": [],"
"docs\governance\behavioral_constant_authority_trace-2026-07-11.json","29874","""deep_trace_ids"": [],"
"docs\governance\behavioral_constant_authority_trace-2026-07-11.json","29889","""deep_trace_ids"": [],"
"docs\governance\behavioral_constant_authority_trace-2026-07-11.json","29904","""deep_trace_ids"": [],"
"docs\governance\behavioral_constant_authority_trace-2026-07-11.json","29919","""deep_trace_ids"": [],"
"docs\governance\behavioral_constant_authority_trace-2026-07-11.json","29934","""deep_trace_ids"": [],"
"docs\governance\behavioral_constant_authority_trace-2026-07-11.json","29949","""deep_trace_ids"": [],"
"docs\governance\behavioral_constant_authority_trace-2026-07-11.json","29964","""deep_trace_ids"": [],"
"docs\governance\behavioral_constant_authority_trace-2026-07-11.json","29979","""deep_trace_ids"": [],"
"docs\governance\behavioral_constant_authority_trace-2026-07-11.json","29994","""deep_trace_ids"": [],"
"docs\governance\behavioral_constant_authority_trace-2026-07-11.json","30009","""deep_trace_ids"": [],"
"docs\governance\behavioral_constant_authority_trace-2026-07-11.json","30024","""deep_trace_ids"": [],"
"docs\governance\behavioral_constant_authority_trace-2026-07-11.json","30039","""deep_trace_ids"": [],"
"docs\governance\behavioral_constant_authority_trace-2026-07-11.json","30054","""deep_trace_ids"": [],"
"docs\governance\behavioral_constant_authority_trace-2026-07-11.json","30069","""deep_trace_ids"": [],"
"docs\governance\behavioral_constant_authority_trace-2026-07-11.json","30084","""deep_trace_ids"": [],"
"docs\governance\behavioral_constant_authority_trace-2026-07-11.json","30099","""deep_trace_ids"": [],"
"docs\governance\behavioral_constant_authority_trace-2026-07-11.json","30114","""deep_trace_ids"": [],"
"docs\governance\behavioral_constant_authority_trace-2026-07-11.json","30129","""deep_trace_ids"": [],"
"docs\governance\behavioral_constant_authority_trace-2026-07-11.json","30144","""deep_trace_ids"": [],"
"docs\governance\behavioral_constant_authority_trace-2026-07-11.json","30159","""deep_trace_ids"": [],"
"docs\governance\behavioral_constant_authority_trace-2026-07-11.json","30174","""deep_trace_ids"": [],"
"docs\governance\behavioral_constant_authority_trace-2026-07-11.json","30189","""deep_trace_ids"": [],"
"docs\governance\behavioral_constant_authority_trace-2026-07-11.json","30204","""deep_trace_ids"": [],"
"docs\governance\behavioral_constant_authority_trace-2026-07-11.json","30219","""deep_trace_ids"": [],"
"docs\governance\behavioral_constant_authority_trace-2026-07-11.json","30234","""deep_trace_ids"": [],"
"docs\governance\behavioral_constant_authority_trace-2026-07-11.json","30249","""deep_trace_ids"": [],"
"docs\governance\behavioral_constant_authority_trace-2026-07-11.json","30264","""deep_trace_ids"": [],"
"docs\governance\behavioral_constant_authority_trace-2026-07-11.json","30279","""deep_trace_ids"": [],"
"docs\governance\behavioral_constant_authority_trace-2026-07-11.json","30294","""deep_trace_ids"": [],"
"docs\governance\behavioral_constant_authority_trace-2026-07-11.json","30309","""deep_trace_ids"": [],"
"docs\governance\behavioral_constant_authority_trace-2026-07-11.json","30324","""deep_trace_ids"": [],"
"docs\governance\behavioral_constant_authority_trace-2026-07-11.json","30339","""deep_trace_ids"": [],"
"docs\governance\behavioral_constant_authority_trace-2026-07-11.json","30354","""deep_trace_ids"": [],"
"docs\governance\behavioral_constant_authority_trace-2026-07-11.json","30369","""deep_trace_ids"": [],"
"docs\governance\behavioral_constant_authority_trace-2026-07-11.json","30384","""deep_trace_ids"": [],"
"docs\governance\behavioral_constant_authority_trace-2026-07-11.json","30399","""deep_trace_ids"": [],"
"docs\governance\behavioral_constant_authority_trace-2026-07-11.json","30414","""deep_trace_ids"": [],"
"docs\governance\behavioral_constant_authority_trace-2026-07-11.json","30429","""deep_trace_ids"": [],"
"docs\governance\behavioral_constant_authority_trace-2026-07-11.json","30444","""deep_trace_ids"": [],"
"docs\governance\behavioral_constant_authority_trace-2026-07-11.json","30459","""deep_trace_ids"": [],"
"docs\governance\behavioral_constant_authority_trace-2026-07-11.json","30474","""deep_trace_ids"": [],"
"docs\governance\behavioral_constant_authority_trace-2026-07-11.json","30489","""deep_trace_ids"": [],"
"docs\governance\behavioral_constant_authority_trace-2026-07-11.json","30504","""deep_trace_ids"": [],"
"docs\governance\behavioral_constant_authority_trace-2026-07-11.json","30519","""deep_trace_ids"": [],"
"docs\governance\behavioral_constant_authority_trace-2026-07-11.json","30534","""deep_trace_ids"": [],"
"docs\governance\behavioral_constant_authority_trace-2026-07-11.json","30549","""deep_trace_ids"": [],"
"docs\governance\behavioral_constant_authority_trace-2026-07-11.json","30558","""trace_id"": ""RT-001"","
"docs\governance\behavioral_constant_authority_trace-2026-07-11.json","30578","""trace_id"": ""RT-002"","
"docs\governance\behavioral_constant_authority_trace-2026-07-11.json","30598","""trace_id"": ""RT-003"","
"docs\governance\behavioral_constant_authority_trace-2026-07-11.json","30616","""trace_id"": ""RT-004"","
"docs\governance\behavioral_constant_authority_trace-2026-07-11.json","30634","""trace_id"": ""RT-005"","
"docs\governance\behavioral_constant_authority_trace-2026-07-11.json","30652","""trace_id"": ""RT-011"","
"docs\governance\behavioral_constant_authority_trace-2026-07-11.json","30673","""trace_id"": ""RT-012"","
"docs\governance\behavioral_constant_authority_trace-2026-07-11.json","30691","""trace_id"": ""RT-013"","
"docs\governance\behavioral_constant_authority_trace-2026-07-11.json","30709","""trace_id"": ""RT-006"","
"docs\governance\behavioral_constant_authority_trace-2026-07-11.json","30728","""trace_id"": ""RT-007"","
"docs\governance\behavioral_constant_authority_trace-2026-07-11.json","30746","""trace_id"": ""RT-008"","
"docs\governance\behavioral_constant_authority_trace-2026-07-11.json","30764","""trace_id"": ""RT-009"","
"docs\governance\behavioral_constant_authority_trace-2026-07-11.json","30782","""trace_id"": ""RT-010"","
"docs\governance\behavioral_constant_authority_trace-2026-07-11.json","30969","""deep_trace_ids"": [],"
"docs\governance\behavioral_constant_authority_trace-2026-07-11.json","30986","""deep_trace_ids"": [],"
"docs\governance\behavioral_constant_authority_trace-2026-07-11.json","31003","""deep_trace_ids"": [],"
"docs\governance\behavioral_constant_authority_trace-2026-07-11.json","31020","""deep_trace_ids"": [],"
"docs\governance\behavioral_constant_authority_trace-2026-07-11.json","31037","""deep_trace_ids"": [],"
"docs\governance\behavioral_constant_authority_trace-2026-07-11.json","31054","""deep_trace_ids"": [],"
"docs\governance\behavioral_constant_authority_trace-2026-07-11.json","31071","""deep_trace_ids"": [],"
"docs\governance\behavioral_constant_authority_trace-2026-07-11.json","31088","""deep_trace_ids"": [],"
"docs\governance\behavioral_constant_authority_trace-2026-07-11.json","31105","""deep_trace_ids"": [],"
"docs\governance\behavioral_constant_authority_trace-2026-07-11.json","31122","""deep_trace_ids"": [],"
"docs\governance\behavioral_constant_authority_trace-2026-07-11.json","31139","""deep_trace_ids"": [],"
"docs\governance\behavioral_constant_authority_trace-2026-07-11.json","31156","""deep_trace_ids"": [],"
"docs\governance\behavioral_constant_authority_trace-2026-07-11.json","31173","""deep_trace_ids"": [],"
"docs\governance\behavioral_constant_authority_trace-2026-07-11.json","31190","""deep_trace_ids"": [],"
"docs\governance\behavioral_constant_authority_trace-2026-07-11.json","31207","""deep_trace_ids"": [],"
"docs\governance\behavioral_constant_authority_trace-2026-07-11.json","31224","""deep_trace_ids"": [],"
"docs\governance\behavioral_constant_authority_trace-2026-07-11.json","31241","""deep_trace_ids"": [],"
"docs\governance\behavioral_constant_authority_trace-2026-07-11.json","31258","""deep_trace_ids"": [],"
"docs\governance\behavioral_constant_authority_trace-2026-07-11.json","31275","""deep_trace_ids"": [],"
"docs\governance\behavioral_constant_authority_trace-2026-07-11.json","31292","""deep_trace_ids"": [],"
"docs\governance\behavioral_constant_authority_trace-2026-07-11.json","31309","""deep_trace_ids"": [],"
"docs\governance\behavioral_constant_authority_trace-2026-07-11.json","31326","""deep_trace_ids"": [],"
"docs\governance\behavioral_constant_authority_trace-2026-07-11.json","31343","""deep_trace_ids"": [],"
"docs\governance\behavioral_constant_authority_trace-2026-07-11.json","31360","""deep_trace_ids"": [],"
"docs\governance\behavioral_constant_authority_trace-2026-07-11.json","31377","""deep_trace_ids"": [],"
"docs\governance\behavioral_constant_authority_trace-2026-07-11.json","31394","""deep_trace_ids"": [],"
"docs\governance\behavioral_constant_authority_trace-2026-07-11.json","31411","""deep_trace_ids"": [],"
"docs\governance\behavioral_constant_authority_trace-2026-07-11.json","31428","""deep_trace_ids"": [],"
"docs\governance\behavioral_constant_authority_trace-2026-07-11.json","31445","""deep_trace_ids"": [],"
"docs\governance\behavioral_constant_authority_trace-2026-07-11.json","31462","""deep_trace_ids"": [],"
"docs\governance\behavioral_constant_authority_trace-2026-07-11.json","31479","""deep_trace_ids"": [],"
"docs\governance\behavioral_constant_authority_trace-2026-07-11.json","31496","""deep_trace_ids"": [],"
"docs\governance\behavioral_constant_authority_trace-2026-07-11.json","31513","""deep_trace_ids"": [],"
"docs\governance\behavioral_constant_authority_trace-2026-07-11.json","31530","""deep_trace_ids"": [],"
"docs\governance\behavioral_constant_authority_trace-2026-07-11.json","31547","""deep_trace_ids"": [],"
"docs\governance\behavioral_constant_authority_trace-2026-07-11.json","31564","""deep_trace_ids"": [],"
"docs\governance\behavioral_constant_authority_trace-2026-07-11.json","31581","""deep_trace_ids"": [],"
"docs\governance\behavioral_constant_authority_trace-2026-07-11.json","31598","""deep_trace_ids"": [],"
"docs\governance\behavioral_constant_authority_trace-2026-07-11.json","31615","""deep_trace_ids"": [],"
"docs\governance\behavioral_constant_authority_trace-2026-07-11.json","31632","""deep_trace_ids"": [],"
"docs\governance\behavioral_constant_authority_trace-2026-07-11.json","31649","""deep_trace_ids"": [],"
"docs\governance\behavioral_constant_authority_trace-2026-07-11.json","31666","""deep_trace_ids"": [],"
"docs\governance\behavioral_constant_authority_trace-2026-07-11.json","31683","""deep_trace_ids"": [],"
"docs\governance\behavioral_constant_authority_trace-2026-07-11.json","31700","""deep_trace_ids"": [],"
"docs\governance\behavioral_constant_authority_trace-2026-07-11.json","31717","""deep_trace_ids"": [],"
"docs\governance\behavioral_constant_authority_trace-2026-07-11.json","31734","""deep_trace_ids"": [],"
"docs\governance\behavioral_constant_authority_trace-2026-07-11.json","31751","""deep_trace_ids"": [],"
"docs\governance\behavioral_constant_authority_trace-2026-07-11.json","31768","""deep_trace_ids"": [],"
"docs\governance\behavioral_constant_authority_trace-2026-07-11.json","31785","""deep_trace_ids"": [],"
"docs\governance\behavioral_constant_authority_trace-2026-07-11.json","31802","""deep_trace_ids"": [],"
"docs\governance\behavioral_constant_authority_trace-2026-07-11.json","31819","""deep_trace_ids"": [],"
"docs\governance\behavioral_constant_authority_trace-2026-07-11.json","31836","""deep_trace_ids"": [],"
"docs\governance\behavioral_constant_authority_trace-2026-07-11.json","31853","""deep_trace_ids"": [],"
"docs\governance\behavioral_constant_authority_trace-2026-07-11.json","31870","""deep_trace_ids"": [],"
"docs\governance\behavioral_constant_authority_trace-2026-07-11.json","31887","""deep_trace_ids"": [],"
"docs\governance\behavioral_constant_authority_trace-2026-07-11.json","31904","""deep_trace_ids"": [],"
"docs\governance\behavioral_constant_authority_trace-2026-07-11.json","31921","""deep_trace_ids"": [],"
"docs\governance\behavioral_constant_authority_trace-2026-07-11.json","31938","""deep_trace_ids"": [],"
"docs\governance\behavioral_constant_authority_trace-2026-07-11.json","31955","""deep_trace_ids"": [],"
"docs\governance\behavioral_constant_authority_trace-2026-07-11.json","31972","""deep_trace_ids"": [],"
"docs\governance\behavioral_constant_authority_trace-2026-07-11.json","31989","""deep_trace_ids"": [],"
"docs\governance\behavioral_constant_authority_trace-2026-07-11.json","32006","""deep_trace_ids"": [],"
"docs\governance\behavioral_constant_authority_trace-2026-07-11.json","32023","""deep_trace_ids"": [],"
"docs\governance\behavioral_constant_authority_trace-2026-07-11.json","32040","""deep_trace_ids"": [],"
"docs\governance\behavioral_constant_authority_trace-2026-07-11.json","32057","""deep_trace_ids"": [],"
"docs\governance\behavioral_constant_authority_trace-2026-07-11.json","32074","""deep_trace_ids"": [],"
"docs\governance\behavioral_constant_authority_trace-2026-07-11.json","32091","""deep_trace_ids"": [],"
"docs\governance\behavioral_constant_authority_trace-2026-07-11.json","32108","""deep_trace_ids"": [],"
"docs\governance\behavioral_constant_authority_trace-2026-07-11.json","32125","""deep_trace_ids"": [],"
"docs\governance\behavioral_constant_authority_trace-2026-07-11.json","32142","""deep_trace_ids"": [],"
"docs\governance\behavioral_constant_authority_trace-2026-07-11.json","32159","""deep_trace_ids"": [],"
"docs\governance\behavioral_constant_authority_trace-2026-07-11.json","32176","""deep_trace_ids"": [],"
"docs\governance\behavioral_constant_authority_trace-2026-07-11.json","32193","""deep_trace_ids"": [],"
"docs\governance\behavioral_constant_authority_trace-2026-07-11.json","32210","""deep_trace_ids"": [],"
"docs\governance\behavioral_constant_authority_trace-2026-07-11.json","32227","""deep_trace_ids"": [],"
"docs\governance\behavioral_constant_authority_trace-2026-07-11.json","32244","""deep_trace_ids"": [],"
"docs\governance\behavioral_constant_authority_trace-2026-07-11.json","32261","""deep_trace_ids"": [],"
"docs\governance\behavioral_constant_authority_trace-2026-07-11.json","32278","""deep_trace_ids"": [],"
"docs\governance\behavioral_constant_authority_trace-2026-07-11.json","32295","""deep_trace_ids"": [],"
"docs\governance\behavioral_constant_authority_trace-2026-07-11.json","32312","""deep_trace_ids"": [],"
"docs\governance\behavioral_constant_authority_trace-2026-07-11.json","32329","""deep_trace_ids"": [],"
"docs\governance\behavioral_constant_authority_trace-2026-07-11.json","32346","""deep_trace_ids"": [],"
"docs\governance\behavioral_constant_authority_trace-2026-07-11.json","32363","""deep_trace_ids"": [],"
"docs\governance\behavioral_constant_authority_trace-2026-07-11.json","32380","""deep_trace_ids"": [],"
"docs\governance\behavioral_constant_authority_trace-2026-07-11.json","32397","""deep_trace_ids"": [],"
"docs\governance\behavioral_constant_authority_trace-2026-07-11.json","32414","""deep_trace_ids"": [],"
"docs\governance\behavioral_constant_authority_trace-2026-07-11.json","32431","""deep_trace_ids"": [],"
"docs\governance\behavioral_constant_authority_trace-2026-07-11.json","32448","""deep_trace_ids"": [],"
"docs\governance\behavioral_constant_authority_trace-2026-07-11.json","32465","""deep_trace_ids"": [],"
"docs\governance\behavioral_constant_authority_trace-2026-07-11.json","32482","""deep_trace_ids"": [],"
"docs\governance\behavioral_constant_authority_trace-2026-07-11.json","32499","""deep_trace_ids"": [],"
"docs\governance\behavioral_constant_authority_trace-2026-07-11.json","32516","""deep_trace_ids"": [],"
"docs\governance\behavioral_constant_authority_trace-2026-07-11.json","32533","""deep_trace_ids"": [],"
"docs\governance\behavioral_constant_authority_trace-2026-07-11.json","32550","""deep_trace_ids"": [],"
"docs\governance\behavioral_constant_authority_trace-2026-07-11.json","32567","""deep_trace_ids"": [],"
"docs\governance\behavioral_constant_authority_trace-2026-07-11.json","32584","""deep_trace_ids"": [],"
"docs\governance\behavioral_constant_authority_trace-2026-07-11.json","32601","""deep_trace_ids"": [],"
"docs\governance\behavioral_constant_authority_trace-2026-07-11.json","32618","""deep_trace_ids"": [],"
"docs\governance\behavioral_constant_authority_trace-2026-07-11.json","32635","""deep_trace_ids"": [],"
"docs\governance\behavioral_constant_authority_trace-2026-07-11.json","32652","""deep_trace_ids"": [],"
"docs\governance\behavioral_constant_authority_trace-2026-07-11.json","32669","""deep_trace_ids"": [],"
"docs\governance\behavioral_constant_authority_trace-2026-07-11.json","32686","""deep_trace_ids"": [],"
"docs\governance\behavioral_constant_authority_trace-2026-07-11.json","32703","""deep_trace_ids"": [],"
"docs\governance\behavioral_constant_authority_trace-2026-07-11.json","32720","""deep_trace_ids"": [],"
"docs\governance\behavioral_constant_authority_trace-2026-07-11.json","32737","""deep_trace_ids"": [],"
"docs\governance\behavioral_constant_authority_trace-2026-07-11.json","32754","""deep_trace_ids"": [],"
"docs\governance\behavioral_constant_authority_trace-2026-07-11.json","32771","""deep_trace_ids"": [],"
"docs\governance\behavioral_constant_authority_trace-2026-07-11.json","32788","""deep_trace_ids"": [],"
"docs\governance\behavioral_constant_authority_trace-2026-07-11.json","32805","""deep_trace_ids"": [],"
"docs\governance\behavioral_constant_authority_trace-2026-07-11.json","32822","""deep_trace_ids"": [],"
"docs\governance\behavioral_constant_authority_trace-2026-07-11.json","32839","""deep_trace_ids"": [],"
"docs\governance\behavioral_constant_authority_trace-2026-07-11.json","32856","""deep_trace_ids"": [],"
"docs\governance\behavioral_constant_authority_trace-2026-07-11.json","32873","""deep_trace_ids"": [],"
"docs\governance\behavioral_constant_authority_trace-2026-07-11.json","32890","""deep_trace_ids"": [],"
"docs\governance\behavioral_constant_authority_trace-2026-07-11.json","32907","""deep_trace_ids"": [],"
"docs\governance\behavioral_constant_authority_trace-2026-07-11.json","32924","""deep_trace_ids"": [],"
"docs\governance\behavioral_constant_authority_trace-2026-07-11.json","32941","""deep_trace_ids"": [],"
"docs\governance\behavioral_constant_authority_trace-2026-07-11.json","32958","""deep_trace_ids"": [],"
"docs\governance\behavioral_constant_authority_trace-2026-07-11.json","32975","""deep_trace_ids"": [],"
"docs\governance\behavioral_constant_authority_trace-2026-07-11.json","32992","""deep_trace_ids"": [],"
"docs\governance\behavioral_constant_authority_trace-2026-07-11.json","33009","""deep_trace_ids"": [],"
"docs\governance\behavioral_constant_authority_trace-2026-07-11.json","33026","""deep_trace_ids"": [],"
"docs\governance\behavioral_constant_authority_trace-2026-07-11.json","33043","""deep_trace_ids"": [],"
"docs\governance\behavioral_constant_authority_trace-2026-07-11.json","33060","""deep_trace_ids"": [],"
"docs\governance\behavioral_constant_authority_trace-2026-07-11.json","33077","""deep_trace_ids"": [],"
"docs\governance\behavioral_constant_authority_trace-2026-07-11.json","33094","""deep_trace_ids"": [],"
"docs\governance\behavioral_constant_authority_trace-2026-07-11.json","33111","""deep_trace_ids"": [],"
"docs\governance\behavioral_constant_authority_trace-2026-07-11.json","33128","""deep_trace_ids"": [],"
"docs\governance\behavioral_constant_authority_trace-2026-07-11.json","33145","""deep_trace_ids"": [],"
"docs\governance\behavioral_constant_authority_trace-2026-07-11.json","33162","""deep_trace_ids"": [],"
"docs\governance\behavioral_constant_authority_trace-2026-07-11.json","33179","""deep_trace_ids"": [],"
"docs\governance\behavioral_constant_authority_trace-2026-07-11.json","33196","""deep_trace_ids"": [],"
"docs\governance\behavioral_constant_authority_trace-2026-07-11.json","33213","""deep_trace_ids"": [],"
"docs\governance\behavioral_constant_authority_trace-2026-07-11.json","33230","""deep_trace_ids"": [],"
"docs\governance\behavioral_constant_authority_trace-2026-07-11.json","33247","""deep_trace_ids"": [],"
"docs\governance\behavioral_constant_authority_trace-2026-07-11.json","33264","""deep_trace_ids"": [],"
"docs\governance\behavioral_constant_authority_trace-2026-07-11.json","33281","""deep_trace_ids"": [],"
"docs\governance\behavioral_constant_authority_trace-2026-07-11.json","33298","""deep_trace_ids"": [],"
"docs\governance\behavioral_constant_authority_trace-2026-07-11.json","33315","""deep_trace_ids"": [],"
"docs\governance\behavioral_constant_authority_trace-2026-07-11.json","33332","""deep_trace_ids"": [],"
"docs\governance\behavioral_constant_authority_trace-2026-07-11.json","33349","""deep_trace_ids"": [],"
"docs\governance\behavioral_constant_authority_trace-2026-07-11.json","33366","""deep_trace_ids"": [],"
"docs\governance\behavioral_constant_authority_trace-2026-07-11.json","33383","""deep_trace_ids"": [],"
"docs\governance\behavioral_constant_authority_trace-2026-07-11.json","33400","""deep_trace_ids"": [],"
"docs\governance\behavioral_constant_authority_trace-2026-07-11.json","33417","""deep_trace_ids"": [],"
"docs\governance\behavioral_constant_authority_trace-2026-07-11.json","33434","""deep_trace_ids"": [],"
"docs\governance\behavioral_constant_authority_trace-2026-07-11.json","33451","""deep_trace_ids"": [],"
"docs\governance\behavioral_constant_authority_trace-2026-07-11.json","33468","""deep_trace_ids"": [],"
"docs\governance\behavioral_constant_authority_trace-2026-07-11.json","33485","""deep_trace_ids"": [],"
"docs\governance\behavioral_constant_authority_trace-2026-07-11.json","33502","""deep_trace_ids"": [],"
"docs\governance\behavioral_constant_authority_trace-2026-07-11.json","33519","""deep_trace_ids"": [],"
"docs\governance\behavioral_constant_authority_trace-2026-07-11.json","33536","""deep_trace_ids"": [],"
"docs\governance\behavioral_constant_authority_trace-2026-07-11.json","33553","""deep_trace_ids"": [],"
"docs\governance\behavioral_constant_authority_trace-2026-07-11.json","33570","""deep_trace_ids"": [],"
"docs\governance\behavioral_constant_authority_trace-2026-07-11.json","33587","""deep_trace_ids"": [],"
"docs\governance\behavioral_constant_authority_trace-2026-07-11.json","33604","""deep_trace_ids"": [],"
"docs\governance\behavioral_constant_authority_trace-2026-07-11.json","33621","""deep_trace_ids"": [],"
"docs\governance\behavioral_constant_authority_trace-2026-07-11.json","33638","""deep_trace_ids"": ["
"docs\governance\behavioral_constant_authority_trace-2026-07-11.json","33657","""deep_trace_ids"": [],"
"docs\governance\behavioral_constant_authority_trace-2026-07-11.json","33674","""deep_trace_ids"": [],"
"docs\governance\behavioral_constant_authority_trace-2026-07-11.json","33691","""deep_trace_ids"": [],"
"docs\governance\behavioral_constant_authority_trace-2026-07-11.json","33708","""deep_trace_ids"": [],"
"docs\governance\behavioral_constant_authority_trace-2026-07-11.json","33725","""deep_trace_ids"": ["
"docs\governance\behavioral_constant_authority_trace-2026-07-11.json","33744","""deep_trace_ids"": [],"
"docs\governance\behavioral_constant_authority_trace-2026-07-11.json","33761","""deep_trace_ids"": [],"
"docs\governance\behavioral_constant_authority_trace-2026-07-11.json","33778","""deep_trace_ids"": [],"
"docs\governance\behavioral_constant_authority_trace-2026-07-11.json","33795","""deep_trace_ids"": [],"
"docs\governance\behavioral_constant_authority_trace-2026-07-11.json","33812","""deep_trace_ids"": [],"
"docs\governance\behavioral_constant_authority_trace-2026-07-11.json","33829","""deep_trace_ids"": [],"
"docs\governance\behavioral_constant_authority_trace-2026-07-11.json","33846","""deep_trace_ids"": ["
"docs\governance\behavioral_constant_authority_trace-2026-07-11.json","33865","""deep_trace_ids"": ["
"docs\governance\behavioral_constant_authority_trace-2026-07-11.json","33884","""deep_trace_ids"": [],"
"docs\governance\behavioral_constant_authority_trace-2026-07-11.json","33901","""deep_trace_ids"": [],"
"docs\governance\behavioral_constant_authority_trace-2026-07-11.json","33918","""deep_trace_ids"": [],"
"docs\governance\behavioral_constant_authority_trace-2026-07-11.json","33935","""deep_trace_ids"": [],"
"docs\governance\behavioral_constant_authority_trace-2026-07-11.json","33952","""deep_trace_ids"": ["
"docs\governance\behavioral_constant_authority_trace-2026-07-11.json","33971","""deep_trace_ids"": [],"
"docs\governance\behavioral_constant_authority_trace-2026-07-11.json","33988","""deep_trace_ids"": [],"
"docs\governance\behavioral_constant_authority_trace-2026-07-11.json","34005","""deep_trace_ids"": [],"
"docs\governance\behavioral_constant_authority_trace-2026-07-11.json","34022","""deep_trace_ids"": [],"
"docs\governance\behavioral_constant_authority_trace-2026-07-11.json","34039","""deep_trace_ids"": [],"
"docs\governance\behavioral_constant_authority_trace-2026-07-11.json","34056","""deep_trace_ids"": [],"
"docs\governance\behavioral_constant_authority_trace-2026-07-11.json","34073","""deep_trace_ids"": [],"
"docs\governance\behavioral_constant_authority_trace-2026-07-11.json","34090","""deep_trace_ids"": [],"
"docs\governance\behavioral_constant_authority_trace-2026-07-11.json","34107","""deep_trace_ids"": [],"
"docs\governance\behavioral_constant_authority_trace-2026-07-11.json","34124","""deep_trace_ids"": [],"
"docs\governance\behavioral_constant_authority_trace-2026-07-11.json","34141","""deep_trace_ids"": [],"
"docs\governance\behavioral_constant_authority_trace-2026-07-11.json","34158","""deep_trace_ids"": [],"
"docs\governance\behavioral_constant_authority_trace-2026-07-11.json","34175","""deep_trace_ids"": [],"
"docs\governance\behavioral_constant_authority_trace-2026-07-11.json","34192","""deep_trace_ids"": [],"
"docs\governance\behavioral_constant_authority_trace-2026-07-11.json","34209","""deep_trace_ids"": [],"
"docs\governance\behavioral_constant_authority_trace-2026-07-11.json","34226","""deep_trace_ids"": [],"
"docs\governance\behavioral_constant_authority_trace-2026-07-11.json","34243","""deep_trace_ids"": [],"
"docs\governance\behavioral_constant_authority_trace-2026-07-11.json","34260","""deep_trace_ids"": [],"
"docs\governance\behavioral_constant_authority_trace-2026-07-11.json","34277","""deep_trace_ids"": [],"
"docs\governance\behavioral_constant_authority_trace-2026-07-11.json","34294","""deep_trace_ids"": [],"
"docs\governance\behavioral_constant_authority_trace-2026-07-11.json","34311","""deep_trace_ids"": [],"
"docs\governance\behavioral_constant_authority_trace-2026-07-11.json","34328","""deep_trace_ids"": [],"
"docs\governance\behavioral_constant_authority_trace-2026-07-11.json","34345","""deep_trace_ids"": [],"
"docs\governance\behavioral_constant_authority_trace-2026-07-11.json","34362","""deep_trace_ids"": [],"
"docs\governance\behavioral_constant_authority_trace-2026-07-11.json","34379","""deep_trace_ids"": [],"
"docs\governance\behavioral_constant_authority_trace-2026-07-11.json","34396","""deep_trace_ids"": [],"
"docs\governance\behavioral_constant_authority_trace-2026-07-11.json","34413","""deep_trace_ids"": [],"
"docs\governance\behavioral_constant_authority_trace-2026-07-11.json","34430","""deep_trace_ids"": [],"
"docs\governance\behavioral_constant_authority_trace-2026-07-11.json","34447","""deep_trace_ids"": [],"
"docs\governance\behavioral_constant_authority_trace-2026-07-11.json","34464","""deep_trace_ids"": [],"
"docs\governance\behavioral_constant_authority_trace-2026-07-11.json","34481","""deep_trace_ids"": [],"
"docs\governance\behavioral_constant_authority_trace-2026-07-11.json","34498","""deep_trace_ids"": [],"
"docs\governance\behavioral_constant_authority_trace-2026-07-11.json","34515","""deep_trace_ids"": [],"
"docs\governance\behavioral_constant_authority_trace-2026-07-11.json","34532","""deep_trace_ids"": [],"
"docs\governance\behavioral_constant_authority_trace-2026-07-11.json","34549","""deep_trace_ids"": [],"
"docs\governance\behavioral_constant_authority_trace-2026-07-11.json","34566","""deep_trace_ids"": [],"
"docs\governance\behavioral_constant_authority_trace-2026-07-11.json","34583","""deep_trace_ids"": [],"
"docs\governance\behavioral_constant_authority_trace-2026-07-11.json","34600","""deep_trace_ids"": [],"
"docs\governance\behavioral_constant_authority_trace-2026-07-11.json","34617","""deep_trace_ids"": [],"
"docs\governance\behavioral_constant_authority_trace-2026-07-11.json","34634","""deep_trace_ids"": [],"
"docs\governance\behavioral_constant_authority_trace-2026-07-11.json","34651","""deep_trace_ids"": [],"
"docs\governance\behavioral_constant_authority_trace-2026-07-11.json","34668","""deep_trace_ids"": [],"
"docs\governance\behavioral_constant_authority_trace-2026-07-11.json","34685","""deep_trace_ids"": [],"
"docs\governance\behavioral_constant_authority_trace-2026-07-11.json","34702","""deep_trace_ids"": [],"
"docs\governance\behavioral_constant_authority_trace-2026-07-11.json","34719","""deep_trace_ids"": [],"
"docs\governance\behavioral_constant_authority_trace-2026-07-11.json","34736","""deep_trace_ids"": [],"
"docs\governance\behavioral_constant_authority_trace-2026-07-11.json","34753","""deep_trace_ids"": [],"
"docs\governance\behavioral_constant_authority_trace-2026-07-11.json","34770","""deep_trace_ids"": [],"
"docs\governance\behavioral_constant_authority_trace-2026-07-11.json","34787","""deep_trace_ids"": [],"
"docs\governance\behavioral_constant_authority_trace-2026-07-11.json","34804","""deep_trace_ids"": [],"
"docs\governance\behavioral_constant_authority_trace-2026-07-11.json","34821","""deep_trace_ids"": [],"
"docs\governance\behavioral_constant_authority_trace-2026-07-11.json","34838","""deep_trace_ids"": [],"
"docs\governance\behavioral_constant_authority_trace-2026-07-11.json","34855","""deep_trace_ids"": [],"
"docs\governance\behavioral_constant_authority_trace-2026-07-11.json","34872","""deep_trace_ids"": [],"
"docs\governance\behavioral_constant_authority_trace-2026-07-11.json","34889","""deep_trace_ids"": [],"
"docs\governance\behavioral_constant_authority_trace-2026-07-11.json","34906","""deep_trace_ids"": [],"
"docs\governance\behavioral_constant_authority_trace-2026-07-11.json","34923","""deep_trace_ids"": [],"
"docs\governance\behavioral_constant_authority_trace-2026-07-11.json","34940","""deep_trace_ids"": [],"
"docs\governance\behavioral_constant_authority_trace-2026-07-11.json","34957","""deep_trace_ids"": [],"
"docs\governance\behavioral_constant_authority_trace-2026-07-11.json","34974","""deep_trace_ids"": [],"
"docs\governance\behavioral_constant_authority_trace-2026-07-11.json","34991","""deep_trace_ids"": [],"
"docs\governance\behavioral_constant_authority_trace-2026-07-11.json","35008","""deep_trace_ids"": [],"
"docs\governance\behavioral_constant_authority_trace-2026-07-11.json","35025","""deep_trace_ids"": [],"
"docs\governance\behavioral_constant_authority_trace-2026-07-11.json","35042","""deep_trace_ids"": [],"
"docs\governance\behavioral_constant_authority_trace-2026-07-11.json","35059","""deep_trace_ids"": [],"
"docs\governance\behavioral_constant_authority_trace-2026-07-11.json","35076","""deep_trace_ids"": [],"
"docs\governance\behavioral_constant_authority_trace-2026-07-11.json","35093","""deep_trace_ids"": [],"
"docs\governance\behavioral_constant_authority_trace-2026-07-11.json","35110","""deep_trace_ids"": [],"
"docs\governance\behavioral_constant_authority_trace-2026-07-11.json","35127","""deep_trace_ids"": [],"
"docs\governance\behavioral_constant_authority_trace-2026-07-11.json","35144","""deep_trace_ids"": [],"
"docs\governance\behavioral_constant_authority_trace-2026-07-11.json","35161","""deep_trace_ids"": [],"
"docs\governance\behavioral_constant_authority_trace-2026-07-11.json","35178","""deep_trace_ids"": [],"
"docs\governance\behavioral_constant_authority_trace-2026-07-11.json","35195","""deep_trace_ids"": [],"
"docs\governance\behavioral_constant_authority_trace-2026-07-11.json","35212","""deep_trace_ids"": [],"
"docs\governance\behavioral_constant_authority_trace-2026-07-11.json","35229","""deep_trace_ids"": [],"
"docs\governance\behavioral_constant_authority_trace-2026-07-11.json","35246","""deep_trace_ids"": [],"
"docs\governance\behavioral_constant_authority_trace-2026-07-11.json","35263","""deep_trace_ids"": [],"
"docs\governance\behavioral_constant_authority_trace-2026-07-11.json","35280","""deep_trace_ids"": [],"
"docs\governance\behavioral_constant_authority_trace-2026-07-11.json","35297","""deep_trace_ids"": [],"
"docs\governance\behavioral_constant_authority_trace-2026-07-11.json","35314","""deep_trace_ids"": [],"
"docs\governance\behavioral_constant_authority_trace-2026-07-11.json","35331","""deep_trace_ids"": [],"
"docs\governance\behavioral_constant_authority_trace-2026-07-11.json","35348","""deep_trace_ids"": [],"
"docs\governance\behavioral_constant_authority_trace-2026-07-11.json","35365","""deep_trace_ids"": [],"
"docs\governance\behavioral_constant_authority_trace-2026-07-11.json","35382","""deep_trace_ids"": [],"
"docs\governance\behavioral_constant_authority_trace-2026-07-11.json","35399","""deep_trace_ids"": [],"
"docs\governance\behavioral_constant_authority_trace-2026-07-11.json","35416","""deep_trace_ids"": [],"
"docs\governance\behavioral_constant_authority_trace-2026-07-11.json","35433","""deep_trace_ids"": [],"
"docs\governance\behavioral_constant_authority_trace-2026-07-11.json","35450","""deep_trace_ids"": [],"
"docs\governance\behavioral_constant_authority_trace-2026-07-11.json","35467","""deep_trace_ids"": [],"
"docs\governance\behavioral_constant_authority_trace-2026-07-11.json","35484","""deep_trace_ids"": [],"
"docs\governance\behavioral_constant_authority_trace-2026-07-11.json","35501","""deep_trace_ids"": [],"
"docs\governance\behavioral_constant_authority_trace-2026-07-11.json","35518","""deep_trace_ids"": [],"
"docs\governance\behavioral_constant_authority_trace-2026-07-11.json","35535","""deep_trace_ids"": [],"
"docs\governance\behavioral_constant_authority_trace-2026-07-11.json","35552","""deep_trace_ids"": [],"
"docs\governance\behavioral_constant_authority_trace-2026-07-11.json","35569","""deep_trace_ids"": [],"
"docs\governance\behavioral_constant_authority_trace-2026-07-11.json","35586","""deep_trace_ids"": [],"
"docs\governance\behavioral_constant_authority_trace-2026-07-11.json","35603","""deep_trace_ids"": [],"
"docs\governance\behavioral_constant_authority_trace-2026-07-11.json","35620","""deep_trace_ids"": [],"
"docs\governance\behavioral_constant_authority_trace-2026-07-11.json","35637","""deep_trace_ids"": [],"
"docs\governance\behavioral_constant_authority_trace-2026-07-11.json","35654","""deep_trace_ids"": [],"
"docs\governance\behavioral_constant_authority_trace-2026-07-11.json","35671","""deep_trace_ids"": [],"
"docs\governance\behavioral_constant_authority_trace-2026-07-11.json","35688","""deep_trace_ids"": [],"
"docs\governance\behavioral_constant_authority_trace-2026-07-11.json","35705","""deep_trace_ids"": [],"
"docs\governance\behavioral_constant_authority_trace-2026-07-11.json","35722","""deep_trace_ids"": [],"
"docs\governance\behavioral_constant_authority_trace-2026-07-11.json","35739","""deep_trace_ids"": [],"
"docs\governance\behavioral_constant_authority_trace-2026-07-11.json","35756","""deep_trace_ids"": [],"
"docs\governance\behavioral_constant_authority_trace-2026-07-11.json","35773","""deep_trace_ids"": [],"
"docs\governance\behavioral_constant_authority_trace-2026-07-11.json","35790","""deep_trace_ids"": [],"
"docs\governance\behavioral_constant_authority_trace-2026-07-11.json","35807","""deep_trace_ids"": [],"
"docs\governance\behavioral_constant_authority_trace-2026-07-11.json","35824","""deep_trace_ids"": [],"
"docs\governance\behavioral_constant_authority_trace-2026-07-11.json","35841","""deep_trace_ids"": [],"
"docs\governance\behavioral_constant_authority_trace-2026-07-11.json","35858","""deep_trace_ids"": [],"
"docs\governance\behavioral_constant_authority_trace-2026-07-11.json","35875","""deep_trace_ids"": [],"
"docs\governance\behavioral_constant_authority_trace-2026-07-11.json","35892","""deep_trace_ids"": [],"
"docs\governance\behavioral_constant_authority_trace-2026-07-11.json","35909","""deep_trace_ids"": [],"
"docs\governance\behavioral_constant_authority_trace-2026-07-11.json","35926","""deep_trace_ids"": [],"
"docs\governance\behavioral_constant_authority_trace-2026-07-11.json","35943","""deep_trace_ids"": [],"
"docs\governance\behavioral_constant_authority_trace-2026-07-11.json","35960","""deep_trace_ids"": [],"
"docs\governance\behavioral_constant_authority_trace-2026-07-11.json","35977","""deep_trace_ids"": [],"
"docs\governance\behavioral_constant_authority_trace-2026-07-11.json","35994","""deep_trace_ids"": [],"
"docs\governance\behavioral_constant_authority_trace-2026-07-11.json","36011","""deep_trace_ids"": [],"
"docs\governance\behavioral_constant_authority_trace-2026-07-11.json","36028","""deep_trace_ids"": [],"
"docs\governance\behavioral_constant_authority_trace-2026-07-11.json","36045","""deep_trace_ids"": [],"
"docs\governance\behavioral_constant_authority_trace-2026-07-11.json","36062","""deep_trace_ids"": [],"
"docs\governance\behavioral_constant_authority_trace-2026-07-11.json","36079","""deep_trace_ids"": [],"
"docs\governance\behavioral_constant_authority_trace-2026-07-11.json","36096","""deep_trace_ids"": [],"
"docs\governance\behavioral_constant_authority_trace-2026-07-11.json","36113","""deep_trace_ids"": [],"
"docs\governance\behavioral_constant_authority_trace-2026-07-11.json","36130","""deep_trace_ids"": [],"
"docs\governance\behavioral_constant_authority_trace-2026-07-11.json","36147","""deep_trace_ids"": [],"
"docs\governance\behavioral_constant_authority_trace-2026-07-11.json","36164","""deep_trace_ids"": [],"
"docs\governance\behavioral_constant_authority_trace-2026-07-11.json","36181","""deep_trace_ids"": [],"
"docs\governance\behavioral_constant_authority_trace-2026-07-11.json","36198","""deep_trace_ids"": [],"
"docs\governance\behavioral_constant_authority_trace-2026-07-11.json","36215","""deep_trace_ids"": [],"
"docs\governance\behavioral_constant_authority_trace-2026-07-11.json","36232","""deep_trace_ids"": [],"
"docs\governance\behavioral_constant_authority_trace-2026-07-11.json","36249","""deep_trace_ids"": [],"
"docs\governance\behavioral_constant_authority_trace-2026-07-11.json","36266","""deep_trace_ids"": [],"
"docs\governance\behavioral_constant_authority_trace-2026-07-11.json","36283","""deep_trace_ids"": [],"
"docs\governance\behavioral_constant_authority_trace-2026-07-11.json","36300","""deep_trace_ids"": [],"
"docs\governance\behavioral_constant_authority_trace-2026-07-11.json","36317","""deep_trace_ids"": [],"
"docs\governance\behavioral_constant_authority_trace-2026-07-11.json","36334","""deep_trace_ids"": [],"
"docs\governance\behavioral_constant_authority_trace-2026-07-11.json","36351","""deep_trace_ids"": [],"
"docs\governance\behavioral_constant_authority_trace-2026-07-11.json","36368","""deep_trace_ids"": [],"
"docs\governance\behavioral_constant_authority_trace-2026-07-11.json","36385","""deep_trace_ids"": [],"
"docs\governance\behavioral_constant_authority_trace-2026-07-11.json","36402","""deep_trace_ids"": [],"
"docs\governance\behavioral_constant_authority_trace-2026-07-11.json","36419","""deep_trace_ids"": [],"
"docs\governance\behavioral_constant_authority_trace-2026-07-11.json","36436","""deep_trace_ids"": [],"
"docs\governance\behavioral_constant_authority_trace-2026-07-11.json","36453","""deep_trace_ids"": [],"
"docs\governance\behavioral_constant_authority_trace-2026-07-11.json","36470","""deep_trace_ids"": [],"
"docs\governance\behavioral_constant_authority_trace-2026-07-11.json","36487","""deep_trace_ids"": [],"
"docs\governance\behavioral_constant_authority_trace-2026-07-11.json","36504","""deep_trace_ids"": [],"
"docs\governance\behavioral_constant_authority_trace-2026-07-11.json","36521","""deep_trace_ids"": [],"
"docs\governance\behavioral_constant_authority_trace-2026-07-11.json","36538","""deep_trace_ids"": [],"
"docs\governance\behavioral_constant_authority_trace-2026-07-11.json","36555","""deep_trace_ids"": [],"
"docs\governance\behavioral_constant_authority_trace-2026-07-11.json","36572","""deep_trace_ids"": [],"
"docs\governance\behavioral_constant_authority_trace-2026-07-11.json","36589","""deep_trace_ids"": [],"
"docs\governance\behavioral_constant_authority_trace-2026-07-11.json","36606","""deep_trace_ids"": [],"
"docs\governance\behavioral_constant_authority_trace-2026-07-11.json","36623","""deep_trace_ids"": [],"
"docs\governance\behavioral_constant_authority_trace-2026-07-11.json","36640","""deep_trace_ids"": [],"
"docs\governance\behavioral_constant_authority_trace-2026-07-11.json","36657","""deep_trace_ids"": [],"
"docs\governance\behavioral_constant_authority_trace-2026-07-11.json","36674","""deep_trace_ids"": [],"
"docs\governance\behavioral_constant_authority_trace-2026-07-11.json","36691","""deep_trace_ids"": [],"
"docs\governance\behavioral_constant_authority_trace-2026-07-11.json","36708","""deep_trace_ids"": [],"
"docs\governance\behavioral_constant_authority_trace-2026-07-11.json","36725","""deep_trace_ids"": [],"
"docs\governance\behavioral_constant_authority_trace-2026-07-11.json","36742","""deep_trace_ids"": [],"
"docs\governance\behavioral_constant_authority_trace-2026-07-11.json","36759","""deep_trace_ids"": [],"
"docs\governance\behavioral_constant_authority_trace-2026-07-11.json","36776","""deep_trace_ids"": [],"
"docs\governance\behavioral_constant_authority_trace-2026-07-11.json","36793","""deep_trace_ids"": [],"
"docs\governance\behavioral_constant_authority_trace-2026-07-11.json","36810","""deep_trace_ids"": [],"
"docs\governance\behavioral_constant_authority_trace-2026-07-11.json","36827","""deep_trace_ids"": [],"
"docs\governance\behavioral_constant_authority_trace-2026-07-11.json","36844","""deep_trace_ids"": [],"
"docs\governance\behavioral_constant_authority_trace-2026-07-11.json","36861","""deep_trace_ids"": [],"
"docs\governance\behavioral_constant_authority_trace-2026-07-11.json","36878","""deep_trace_ids"": [],"
"docs\governance\behavioral_constant_authority_trace-2026-07-11.json","36895","""deep_trace_ids"": [],"
"docs\governance\behavioral_constant_authority_trace-2026-07-11.json","36912","""deep_trace_ids"": [],"
"docs\governance\behavioral_constant_authority_trace-2026-07-11.json","36929","""deep_trace_ids"": [],"
"docs\governance\behavioral_constant_authority_trace-2026-07-11.json","36946","""deep_trace_ids"": [],"
"docs\governance\behavioral_constant_authority_trace-2026-07-11.json","36963","""deep_trace_ids"": [],"
"docs\governance\behavioral_constant_authority_trace-2026-07-11.json","36980","""deep_trace_ids"": [],"
"docs\governance\behavioral_constant_authority_trace-2026-07-11.json","36997","""deep_trace_ids"": [],"
"docs\governance\behavioral_constant_authority_trace-2026-07-11.json","37014","""deep_trace_ids"": [],"
"docs\governance\behavioral_constant_authority_trace-2026-07-11.json","37031","""deep_trace_ids"": [],"
"docs\governance\behavioral_constant_authority_trace-2026-07-11.json","37048","""deep_trace_ids"": [],"
"docs\governance\behavioral_constant_authority_trace-2026-07-11.json","37065","""deep_trace_ids"": [],"
"docs\governance\behavioral_constant_authority_trace-2026-07-11.json","37082","""deep_trace_ids"": [],"
"docs\governance\behavioral_constant_authority_trace-2026-07-11.json","37099","""deep_trace_ids"": [],"
"docs\governance\behavioral_constant_authority_trace-2026-07-11.json","37116","""deep_trace_ids"": [],"
"docs\governance\behavioral_constant_authority_trace-2026-07-11.json","37133","""deep_trace_ids"": [],"
"docs\governance\behavioral_constant_authority_trace-2026-07-11.json","37150","""deep_trace_ids"": [],"
"docs\governance\behavioral_constant_authority_trace-2026-07-11.json","37167","""deep_trace_ids"": [],"
"docs\governance\behavioral_constant_authority_trace-2026-07-11.json","37184","""deep_trace_ids"": [],"
"docs\governance\behavioral_constant_authority_trace-2026-07-11.json","37201","""deep_trace_ids"": [],"
"docs\governance\behavioral_constant_authority_trace-2026-07-11.json","37218","""deep_trace_ids"": [],"
"docs\governance\behavioral_constant_authority_trace-2026-07-11.json","37235","""deep_trace_ids"": [],"
"docs\governance\behavioral_constant_authority_trace-2026-07-11.json","37252","""deep_trace_ids"": [],"
"docs\governance\behavioral_constant_authority_trace-2026-07-11.json","37269","""deep_trace_ids"": [],"
"docs\governance\behavioral_constant_authority_trace-2026-07-11.json","37286","""deep_trace_ids"": [],"
"docs\governance\behavioral_constant_authority_trace-2026-07-11.json","37303","""deep_trace_ids"": [],"
"docs\governance\behavioral_constant_authority_trace-2026-07-11.json","37320","""deep_trace_ids"": [],"
"docs\governance\behavioral_constant_authority_trace-2026-07-11.json","37337","""deep_trace_ids"": [],"
"docs\governance\behavioral_constant_authority_trace-2026-07-11.json","37354","""deep_trace_ids"": [],"
"docs\governance\behavioral_constant_authority_trace-2026-07-11.json","37371","""deep_trace_ids"": [],"
"docs\governance\behavioral_constant_authority_trace-2026-07-11.json","37388","""deep_trace_ids"": [],"
"docs\governance\behavioral_constant_authority_trace-2026-07-11.json","37405","""deep_trace_ids"": [],"
"docs\governance\behavioral_constant_authority_trace-2026-07-11.json","37422","""deep_trace_ids"": [],"
"docs\governance\behavioral_constant_authority_trace-2026-07-11.json","37439","""deep_trace_ids"": [],"
"docs\governance\behavioral_constant_authority_trace-2026-07-11.json","37456","""deep_trace_ids"": [],"
"docs\governance\behavioral_constant_authority_trace-2026-07-11.json","37473","""deep_trace_ids"": [],"
"docs\governance\behavioral_constant_authority_trace-2026-07-11.json","37490","""deep_trace_ids"": [],"
"docs\governance\behavioral_constant_authority_trace-2026-07-11.json","37507","""deep_trace_ids"": [],"
"docs\governance\behavioral_constant_authority_trace-2026-07-11.json","37524","""deep_trace_ids"": [],"
"docs\governance\behavioral_constant_authority_trace-2026-07-11.json","37541","""deep_trace_ids"": [],"
"docs\governance\behavioral_constant_authority_trace-2026-07-11.json","37558","""deep_trace_ids"": [],"
"docs\governance\behavioral_constant_authority_trace-2026-07-11.json","37575","""deep_trace_ids"": [],"
"docs\governance\behavioral_constant_authority_trace-2026-07-11.json","37592","""deep_trace_ids"": [],"
"docs\governance\behavioral_constant_authority_trace-2026-07-11.json","37609","""deep_trace_ids"": [],"
"docs\governance\behavioral_constant_authority_trace-2026-07-11.json","37626","""deep_trace_ids"": [],"
"docs\governance\behavioral_constant_authority_trace-2026-07-11.json","37643","""deep_trace_ids"": [],"
"docs\governance\behavioral_constant_authority_trace-2026-07-11.json","37660","""deep_trace_ids"": [],"
"docs\governance\behavioral_constant_authority_trace-2026-07-11.json","37677","""deep_trace_ids"": [],"
"docs\governance\behavioral_constant_authority_trace-2026-07-11.json","37694","""deep_trace_ids"": [],"
"docs\governance\behavioral_constant_authority_trace-2026-07-11.json","37711","""deep_trace_ids"": [],"
"docs\governance\behavioral_constant_authority_trace-2026-07-11.json","37728","""deep_trace_ids"": [],"
"docs\governance\behavioral_constant_authority_trace-2026-07-11.json","37745","""deep_trace_ids"": [],"
"docs\governance\behavioral_constant_authority_trace-2026-07-11.json","37762","""deep_trace_ids"": [],"
"docs\governance\behavioral_constant_authority_trace-2026-07-11.json","37779","""deep_trace_ids"": [],"
"docs\governance\behavioral_constant_authority_trace-2026-07-11.json","37796","""deep_trace_ids"": [],"
"docs\governance\behavioral_constant_authority_trace-2026-07-11.json","37813","""deep_trace_ids"": [],"
"docs\governance\behavioral_constant_authority_trace-2026-07-11.json","37830","""deep_trace_ids"": [],"
"docs\governance\behavioral_constant_authority_trace-2026-07-11.json","37847","""deep_trace_ids"": [],"
"docs\governance\behavioral_constant_authority_trace-2026-07-11.json","37864","""deep_trace_ids"": [],"
"docs\governance\behavioral_constant_authority_trace-2026-07-11.json","37881","""deep_trace_ids"": [],"
"docs\governance\behavioral_constant_authority_trace-2026-07-11.json","37898","""deep_trace_ids"": [],"
"docs\governance\behavioral_constant_authority_trace-2026-07-11.json","37915","""deep_trace_ids"": [],"
"docs\governance\behavioral_constant_authority_trace-2026-07-11.json","37932","""deep_trace_ids"": [],"
"docs\governance\behavioral_constant_authority_trace-2026-07-11.json","37949","""deep_trace_ids"": [],"
"docs\governance\behavioral_constant_authority_trace-2026-07-11.json","37966","""deep_trace_ids"": [],"
"docs\governance\behavioral_constant_authority_trace-2026-07-11.json","37983","""deep_trace_ids"": [],"
"docs\governance\behavioral_constant_authority_trace-2026-07-11.json","38000","""deep_trace_ids"": [],"
"docs\governance\behavioral_constant_authority_trace-2026-07-11.json","38017","""deep_trace_ids"": [],"
"docs\governance\behavioral_constant_authority_trace-2026-07-11.json","38034","""deep_trace_ids"": [],"
"docs\governance\behavioral_constant_authority_trace-2026-07-11.json","38051","""deep_trace_ids"": [],"
"docs\governance\behavioral_constant_authority_trace-2026-07-11.json","38068","""deep_trace_ids"": [],"
"docs\governance\behavioral_constant_authority_trace-2026-07-11.json","38085","""deep_trace_ids"": [],"
"docs\governance\behavioral_constant_authority_trace-2026-07-11.json","38102","""deep_trace_ids"": [],"
"docs\governance\behavioral_constant_authority_trace-2026-07-11.json","38119","""deep_trace_ids"": [],"
"docs\governance\behavioral_constant_authority_trace-2026-07-11.json","38136","""deep_trace_ids"": [],"
"docs\governance\behavioral_constant_authority_trace-2026-07-11.json","38153","""deep_trace_ids"": [],"
"docs\governance\behavioral_constant_authority_trace-2026-07-11.json","38170","""deep_trace_ids"": [],"
"docs\governance\behavioral_constant_authority_trace-2026-07-11.json","38187","""deep_trace_ids"": [],"
"docs\governance\behavioral_constant_authority_trace-2026-07-11.json","38204","""deep_trace_ids"": [],"
"docs\governance\behavioral_constant_authority_trace-2026-07-11.json","38221","""deep_trace_ids"": [],"
"docs\governance\behavioral_constant_authority_trace-2026-07-11.json","38238","""deep_trace_ids"": [],"
"docs\governance\behavioral_constant_authority_trace-2026-07-11.json","38255","""deep_trace_ids"": [],"
"docs\governance\behavioral_constant_authority_trace-2026-07-11.json","38272","""deep_trace_ids"": [],"
"docs\governance\behavioral_constant_authority_trace-2026-07-11.json","38289","""deep_trace_ids"": [],"
"docs\governance\behavioral_constant_authority_trace-2026-07-11.json","38306","""deep_trace_ids"": [],"
"docs\governance\behavioral_constant_authority_trace-2026-07-11.json","38323","""deep_trace_ids"": [],"
"docs\governance\behavioral_constant_authority_trace-2026-07-11.json","38340","""deep_trace_ids"": [],"
"docs\governance\behavioral_constant_authority_trace-2026-07-11.json","38357","""deep_trace_ids"": [],"
"docs\governance\behavioral_constant_authority_trace-2026-07-11.json","38374","""deep_trace_ids"": [],"
"docs\governance\behavioral_constant_authority_trace-2026-07-11.json","38391","""deep_trace_ids"": [],"
"docs\governance\behavioral_constant_authority_trace-2026-07-11.json","38408","""deep_trace_ids"": [],"
"docs\governance\behavioral_constant_authority_trace-2026-07-11.json","38425","""deep_trace_ids"": [],"
"docs\governance\behavioral_constant_authority_trace-2026-07-11.json","38442","""deep_trace_ids"": [],"
"docs\governance\behavioral_constant_authority_trace-2026-07-11.json","38459","""deep_trace_ids"": [],"
"docs\governance\behavioral_constant_authority_trace-2026-07-11.json","38476","""deep_trace_ids"": [],"
"docs\governance\behavioral_constant_authority_trace-2026-07-11.json","38493","""deep_trace_ids"": [],"
"docs\governance\behavioral_constant_authority_trace-2026-07-11.json","38510","""deep_trace_ids"": [],"
"docs\governance\behavioral_constant_authority_trace-2026-07-11.json","38527","""deep_trace_ids"": [],"
"docs\governance\behavioral_constant_authority_trace-2026-07-11.json","38544","""deep_trace_ids"": [],"
"docs\governance\behavioral_constant_authority_trace-2026-07-11.json","38561","""deep_trace_ids"": [],"
"docs\governance\behavioral_constant_authority_trace-2026-07-11.json","38578","""deep_trace_ids"": [],"
"docs\governance\behavioral_constant_authority_trace-2026-07-11.json","38595","""deep_trace_ids"": [],"
"docs\governance\behavioral_constant_authority_trace-2026-07-11.json","38612","""deep_trace_ids"": [],"
"docs\governance\behavioral_constant_authority_trace-2026-07-11.json","38629","""deep_trace_ids"": [],"
"docs\governance\behavioral_constant_authority_trace-2026-07-11.json","38646","""deep_trace_ids"": [],"
"docs\governance\behavioral_constant_authority_trace-2026-07-11.json","38663","""deep_trace_ids"": [],"
"docs\governance\behavioral_constant_authority_trace-2026-07-11.json","38680","""deep_trace_ids"": [],"
"docs\governance\behavioral_constant_authority_trace-2026-07-11.json","38697","""deep_trace_ids"": [],"
"docs\governance\behavioral_constant_authority_trace-2026-07-11.json","38714","""deep_trace_ids"": [],"
"docs\governance\behavioral_constant_authority_trace-2026-07-11.json","38731","""deep_trace_ids"": [],"
"docs\governance\behavioral_constant_authority_trace-2026-07-11.json","38748","""deep_trace_ids"": [],"
"docs\governance\behavioral_constant_authority_trace-2026-07-11.json","38765","""deep_trace_ids"": [],"
"docs\governance\behavioral_constant_authority_trace-2026-07-11.json","38782","""deep_trace_ids"": [],"
"docs\governance\behavioral_constant_authority_trace-2026-07-11.json","38799","""deep_trace_ids"": [],"
"docs\governance\behavioral_constant_authority_trace-2026-07-11.json","38816","""deep_trace_ids"": [],"
"docs\governance\behavioral_constant_authority_trace-2026-07-11.json","38833","""deep_trace_ids"": [],"
"docs\governance\behavioral_constant_authority_trace-2026-07-11.json","38850","""deep_trace_ids"": [],"
"docs\governance\behavioral_constant_authority_trace-2026-07-11.json","38867","""deep_trace_ids"": [],"
"docs\governance\behavioral_constant_authority_trace-2026-07-11.json","38884","""deep_trace_ids"": [],"
"docs\governance\behavioral_constant_authority_trace-2026-07-11.json","38901","""deep_trace_ids"": [],"
"docs\governance\behavioral_constant_authority_trace-2026-07-11.json","38918","""deep_trace_ids"": [],"
"docs\governance\behavioral_constant_authority_trace-2026-07-11.json","38935","""deep_trace_ids"": [],"
"docs\governance\behavioral_constant_authority_trace-2026-07-11.json","38952","""deep_trace_ids"": [],"
"docs\governance\behavioral_constant_authority_trace-2026-07-11.json","38969","""deep_trace_ids"": [],"
"docs\governance\behavioral_constant_authority_trace-2026-07-11.json","38986","""deep_trace_ids"": [],"
"docs\governance\behavioral_constant_authority_trace-2026-07-11.json","39003","""deep_trace_ids"": [],"
"docs\governance\behavioral_constant_authority_trace-2026-07-11.json","39020","""deep_trace_ids"": [],"
"docs\governance\behavioral_constant_authority_trace-2026-07-11.json","39037","""deep_trace_ids"": [],"
"docs\governance\behavioral_constant_authority_trace-2026-07-11.json","39054","""deep_trace_ids"": [],"
"docs\governance\behavioral_constant_authority_trace-2026-07-11.json","39071","""deep_trace_ids"": [],"
"docs\governance\behavioral_constant_authority_trace-2026-07-11.json","39088","""deep_trace_ids"": [],"
"docs\governance\behavioral_constant_authority_trace-2026-07-11.json","39105","""deep_trace_ids"": [],"
"docs\governance\behavioral_constant_authority_trace-2026-07-11.json","39122","""deep_trace_ids"": [],"
"docs\governance\behavioral_constant_authority_trace-2026-07-11.json","39139","""deep_trace_ids"": [],"
"docs\governance\behavioral_constant_authority_trace-2026-07-11.json","39156","""deep_trace_ids"": [],"
"docs\governance\behavioral_constant_authority_trace-2026-07-11.json","39173","""deep_trace_ids"": [],"
"docs\governance\behavioral_constant_authority_trace-2026-07-11.json","39190","""deep_trace_ids"": [],"
"docs\governance\behavioral_constant_authority_trace-2026-07-11.json","39207","""deep_trace_ids"": [],"
"docs\governance\behavioral_constant_authority_trace-2026-07-11.json","39224","""deep_trace_ids"": [],"
"docs\governance\behavioral_constant_authority_trace-2026-07-11.json","39241","""deep_trace_ids"": [],"
"docs\governance\behavioral_constant_authority_trace-2026-07-11.json","39258","""deep_trace_ids"": [],"
"docs\governance\behavioral_constant_authority_trace-2026-07-11.json","39275","""deep_trace_ids"": [],"
"docs\governance\behavioral_constant_authority_trace-2026-07-11.json","39292","""deep_trace_ids"": [],"
"docs\governance\behavioral_constant_authority_trace-2026-07-11.json","39309","""deep_trace_ids"": [],"
"docs\governance\behavioral_constant_authority_trace-2026-07-11.json","39326","""deep_trace_ids"": [],"
"docs\governance\behavioral_constant_authority_trace-2026-07-11.json","39343","""deep_trace_ids"": [],"
"docs\governance\behavioral_constant_authority_trace-2026-07-11.json","39360","""deep_trace_ids"": [],"
"docs\governance\behavioral_constant_authority_trace-2026-07-11.json","39377","""deep_trace_ids"": [],"
"docs\governance\behavioral_constant_authority_trace-2026-07-11.json","39394","""deep_trace_ids"": [],"
"docs\governance\behavioral_constant_authority_trace-2026-07-11.json","39411","""deep_trace_ids"": [],"
"docs\governance\behavioral_constant_authority_trace-2026-07-11.json","39428","""deep_trace_ids"": [],"
"docs\governance\behavioral_constant_authority_trace-2026-07-11.json","39445","""deep_trace_ids"": [],"
"docs\governance\behavioral_constant_authority_trace-2026-07-11.json","39462","""deep_trace_ids"": [],"
"docs\governance\behavioral_constant_authority_trace-2026-07-11.json","39479","""deep_trace_ids"": [],"
"docs\governance\behavioral_constant_authority_trace-2026-07-11.json","39496","""deep_trace_ids"": [],"
"docs\governance\behavioral_constant_authority_trace-2026-07-11.json","39513","""deep_trace_ids"": [],"
"docs\governance\behavioral_constant_authority_trace-2026-07-11.json","39530","""deep_trace_ids"": [],"
"docs\governance\behavioral_constant_authority_trace-2026-07-11.json","39547","""deep_trace_ids"": [],"
"docs\governance\behavioral_constant_authority_trace-2026-07-11.json","39564","""deep_trace_ids"": [],"
"docs\governance\behavioral_constant_authority_trace-2026-07-11.json","39581","""deep_trace_ids"": [],"
"docs\governance\behavioral_constant_authority_trace-2026-07-11.json","39598","""deep_trace_ids"": [],"
"docs\governance\behavioral_constant_authority_trace-2026-07-11.json","39615","""deep_trace_ids"": [],"
"docs\governance\behavioral_constant_authority_trace-2026-07-11.json","39632","""deep_trace_ids"": [],"
"docs\governance\behavioral_constant_authority_trace-2026-07-11.json","39649","""deep_trace_ids"": [],"
"docs\governance\behavioral_constant_authority_trace-2026-07-11.json","39666","""deep_trace_ids"": [],"
"docs\governance\behavioral_constant_authority_trace-2026-07-11.json","39683","""deep_trace_ids"": [],"
"docs\governance\behavioral_constant_authority_trace-2026-07-11.json","39700","""deep_trace_ids"": [],"
"docs\governance\behavioral_constant_authority_trace-2026-07-11.json","39717","""deep_trace_ids"": [],"
"docs\governance\behavioral_constant_authority_trace-2026-07-11.json","39734","""deep_trace_ids"": [],"
"docs\governance\behavioral_constant_authority_trace-2026-07-11.json","39751","""deep_trace_ids"": [],"
"docs\governance\behavioral_constant_authority_trace-2026-07-11.json","39768","""deep_trace_ids"": [],"
"docs\governance\behavioral_constant_authority_trace-2026-07-11.json","39785","""deep_trace_ids"": [],"
"docs\governance\behavioral_constant_authority_trace-2026-07-11.json","39802","""deep_trace_ids"": [],"
"docs\governance\xauusd_apr2026_ohlcv_lineage_graph-2026-07-10.json","4","""trace_id"": ""XAUUSD-APR2026-OHLCV-GRAPH-2026-07-10"","
"docs\governance\xauusd_apr2026_ohlcv_terminal_consumers-2026-07-10.json","4","""trace_id"": ""XAUUSD-APR2026-OHLCV-TERMINALS-2026-07-10"","
"docs\implementation_plan\pure-conversation-share-only-rosy-parnas.md","7","- **Rebuild** per-layer proof artifacts (not reuse) with `run_id` + `trace_id` on every record."
"docs\implementation_plan\pure-conversation-share-only-rosy-parnas.md","93","trace_id: str          # f""{run_id}:{instrument}:{bar_ts_utc}"" — one per bar"
"docs\implementation_plan\pure-conversation-share-only-rosy-parnas.md","95","span_id: str           # f""{trace_id}:{layer}"""
"docs\implementation_plan\pure-conversation-share-only-rosy-parnas.md","174","run_id: str; trace_id: str; span_id: str"
"docs\implementation_plan\pure-conversation-share-only-rosy-parnas.md","215","1. **Rebuild layer proof records with `run_id` + `trace_id` on every record** (§3.1, §3.4). This is the"
"docs\implementation_plan\pure-conversation-share-only-rosy-parnas.md","235","- Every row in `layer_proof.jsonl` has a non-empty `run_id`, `trace_id`, `span_id`; exactly one trace per bar."
"docs\implementation_plan\the-strongest-assumption-is-wise-sifakis.md","218","`trace_id`), `BaseEngine` mirroring `BaseInterpreter`'s validate-never-trust-subclasses pattern"
"docs\implementation_plan\the-strongest-assumption-is-wise-sifakis.md","227","| `test_engine_determinism.py` | same window → identical `EngineReading` incl. `trace_id`; double-run byte parity |"
"docs\implementation_plan\using-trace-id-i-need-elegant-seahorse.md","1","# Look up a whole run by `run_id`, and everything about one bar by `trace_id`"
"docs\implementation_plan\using-trace-id-i-need-elegant-seahorse.md","32","`trace_id = {run_id}:{instrument}:{bar_ts}` (the format `layer_trace` already writes) is the"
"docs\implementation_plan\using-trace-id-i-need-elegant-seahorse.md","84","4. **Trades and rejections**, each with its ready-to-paste `trace_id`, built from `opened_at` /"
"docs\implementation_plan\using-trace-id-i-need-elegant-seahorse.md","95","| Layers (`layer_trace`) | `trace_id` equality (also checks `bar_idx == row`) |"
"docs\implementation_plan\using-trace-id-i-need-elegant-seahorse.md","115","`docs/reference/schemas.md` get a short ""run_id / trace_id lookup"" section with the bar-number"
"docs\implementation_plan\using-trace-id-i-need-elegant-seahorse.md","130","- The `trace_id` parse survives `:` inside the timestamp."
"docs\implementation_plan\using-trace-id-i-need-elegant-seahorse.md","152","- Making the backtest mint one `run_id` and write `trace_id` onto events, telemetry and trades"
"docs\implementation_plan\using-trace-id-i-need-elegant-seahorse.md","171","- `query_trace.py --run-id run_20260916_044942` → layers `NOT RECORDED`, trades with trace_ids."
"docs\reference\schemas.md","130","trace_id: str                       # {NAME}-v{version}-{YYYYMMDD-HHMMSS} (deterministic)"
"docs\topics\interpreter-contract.md","26","`meta`); `InterpreterReading` (events/confidence/unknowns/failure_conditions/trace_id/"
"docs\topics\interpreter-contract.md","50","carrying provenance (`trace_id`, confidence, strength) in `Signal.meta` → `forward_walk` →"
"docs\topics\interpreter-contract.md","57","`direction` ∈ {Direction, None}, non-empty trace_id, present observation_time) + the existing"
"docs\topics\interpreter-contract.md","85","capabilities as reading fields + Base defaults; `trace_id`/`observation_time` derived from the last"
"docs\CODEBASE_SEMANTIC_NAMES.jsonl","1074","{""path"": ""tests/interpreters/test_interpreter_contract.py"", ""semantic_name"": ""TestInterpretersInterpreterContract"", ""business_role"": ""Pytest coverage for test_reference_interpreters_satisfy_protocol, test_base_defaults_and_version, test_observation_time_is_last_bar_and_trace_id_deterministic, test_determinism_same_window_identical_reading."", ""content_summary"": ""tests: test_reference_interpreters_satisfy_protocol, test_base_defaults_and_version, test_observation_time_is_last_bar_and_trace_id_deterministic, test_determinism_same_window_identical_reading"", ""area"": ""test""}"
"docs\CODEBASE_SEMANTIC_NAMES.md","2051","| `tests/interpreters/test_interpreter_contract.py` | `TestInterpretersInterpreterContract` | Pytest coverage for test_reference_interpreters_satisfy_protocol, test_base_defaults_and_version, test_observation_time_is_last_bar_and_trace_id_deterministic, test_determinism_... |"
"tests\interpreters\test_interpreter_contract.py","64","def test_observation_time_is_last_bar_and_trace_id_deterministic():"
"tests\interpreters\test_interpreter_contract.py","70","assert r1.trace_id == r2.trace_id                          # deterministic (same window)"
"tests\interpreters\test_interpreter_contract.py","71","assert ""20250101"" in r1.trace_id and r1.trace_id.startswith(""CONST_LONG-v1.0-"")"
"tests\interpreters\test_point_and_figure.py","98","assert r1.trace_id.startswith(""PNF-v1-"")        # provenance encodes the frozen identity"
"tests\test_crt_baseline_trace.py","190","assert r[""trace_identity""][""canonical_schema_hash""]"
"tests\test_layer_trace.py","12","- every record carries the identity block (`run_id`/`trace_id`/`span_id`) required to join rows"
"tests\test_layer_trace.py","40","make_trace_id,"
"tests\test_layer_trace.py","89","def test_make_trace_id_is_deterministic_for_the_same_bar():"
"tests\test_layer_trace.py","91","a = make_trace_id(""lt_run"", ""XAUUSD"", ts)"
"tests\test_layer_trace.py","92","b = make_trace_id(""lt_run"", ""XAUUSD"", ts)"
"tests\test_layer_trace.py","107","em.emit(trace_id=""t"", bar_idx=0, bar_ts=_bar_ts(0), layer=""L99"", module=""x"", status=""PASS"")"
"tests\test_layer_trace.py","113","em.emit(trace_id=""t"", bar_idx=0, bar_ts=_bar_ts(0), layer=""L3"", module=""x"", status=""MAYBE"")"
"tests\test_layer_trace.py","121","trace_id=""lt_run:XAUUSD:t0"", bar_idx=0, bar_ts=_bar_ts(0),"
"tests\test_layer_trace.py","131","em.emit(trace_id=""t"", bar_idx=0, bar_ts=_bar_ts(0), layer=""L3"", module=""x"", status=""PASS"")"
"tests\test_layer_trace.py","153","tid = make_trace_id(em.run_id, ""XAUUSD"", _bar_ts(1))"
"tests\test_layer_trace.py","154","em.emit(trace_id=tid, bar_idx=1, bar_ts=_bar_ts(1), layer=""L5"", module=""core.engine_runner"", status=""PASS"")"
"tests\test_layer_trace.py","158","for key in (""run_id"", ""trace_id"", ""span_id"", ""instrument"", ""active_version"","
"tests\test_layer_trace.py","163","assert row[""trace_id""] == tid"
"tests\test_opportunity_bands.py","119","source_trace_id=""TR-PIPEB-STRAT-01"","
"tests\test_regime_observer.py","90","assert r1.trace_id == r2.trace_id"
"tests\test_run_linkage_traces.py","60","""""""Yield (instrument, trace_id, trace)."""""""
