date,total_opps,long,short,win_rate,avg_rr,tp_hits,sl_hits,timeouts,sweep_count,double_sweep,displacement_count,retest_avg_depth,avg_regime,avg_volatility_ratio,avg_trend_bias
2020-01-02,32,16,16,0.375,0.125,12,20,0,6,0,10,0.5293,0.0,1.111,0.375
2020-01-03,136,68,68,0.368,0.103,50,86,0,14,2,40,0.4598,0.71,1.034,-0.235
2020-01-05,56,28,28,0.321,-0.036,18,38,0,10,0,16,0.2993,0.14,0.891,0.643
2020-01-06,192,96,96,0.374,0.135,67,112,13,22,6,52,0.5591,0.42,0.982,0.292
2020-01-07,192,96,96,0.396,0.188,76,116,0,12,6,42,0.476,0.72,1.069,-0.479
2020-01-08,192,96,96,0.283,-0.151,53,134,5,20,12,40,0.511,0.62,0.986,-0.625
2020-01-09,192,96,96,0.262,-0.188,45,127,20,34,22,44,0.2987,0.44,1.018,-0.292
2020-01-10,136,68,68,0.252,-0.202,32,95,9,24,4,24,0.5155,0.63,1.068,0.235
2020-01-12,56,28,28,0.393,0.179,22,34,0,4,0,16,0.1072,0.0,0.982,0.571
2020-01-13,192,96,96,0.3,-0.064,54,126,12,28,10,32,0.3481,0.39,1.012,0.271
2020-01-14,192,96,96,0.335,0.019,59,117,16,22,8,36,0.3656,0.36,1.009,0.146
2020-01-15,192,96,96,0.339,0.053,60,117,15,10,4,50,0.3983,0.38,1.015,0.396
2020-01-16,192,96,96,0.324,-0.014,56,117,19,14,10,42,0.5839,0.51,1.065,-0.354
2020-01-17,136,68,68,0.297,-0.04,35,83,18,10,0,32,0.6208,0.49,0.987,-0.676
2020-01-19,56,28,28,0.393,0.179,22,34,0,6,0,18,0.525,0.0,0.995,0.357
2020-01-20,192,96,96,0.344,0.031,66,126,0,26,18,56,0.3616,0.07,1.039,-0.021
2020-01-21,192,96,96,0.344,0.031,66,126,0,16,8,32,0.403,0.33,1.004,-0.333
2020-01-22,192,96,96,0.375,0.125,72,120,0,16,0,36,0.4943,0.32,1.058,0.146
2020-01-23,192,96,96,0.28,-0.116,49,126,17,20,8,34,0.3846,0.5,0.987,-0.604
2020-01-24,136,68,68,0.351,0.06,47,87,2,20,8,36,0.4226,0.53,1.075,-1.0
2020-01-26,56,28,28,0.214,-0.357,12,44,0,4,0,10,0.6542,0.25,0.845,0.214
2020-01-27,192,96,96,0.282,-0.134,53,135,4,26,8,36,0.3563,0.29,1.024,-0.125
2020-01-28,192,96,96,0.359,0.078,69,123,0,30,20,34,0.5947,0.26,1.017,-0.146
2020-01-29,192,96,96,0.348,0.07,65,122,5,20,8,48,0.3384,0.32,1.047,0.125
2020-01-30,192,96,96,0.326,-0.009,60,124,8,20,14,40,0.3638,0.24,1.012,0.396
2020-01-31,136,68,68,0.301,-0.073,37,86,13,8,0,34,0.6721,0.74,1.096,0.559
2020-02-02,56,28,28,0.232,-0.304,13,43,0,6,2,14,0.5382,0.0,0.906,-0.214
2020-02-03,192,96,96,0.293,-0.077,51,123,18,12,0,38,0.2492,0.35,1.02,-0.438
2020-02-04,192,96,96,0.343,0.078,62,119,11,26,0,30,0.4583,0.3,1.002,-0.479
2020-02-05,192,96,96,0.259,-0.126,45,129,18,26,2,58,0.494,0.36,1.059,-0.875
2020-02-06,192,96,96,0.25,-0.22,44,132,16,18,10,38,0.444,0.31,1.015,0.021
2020-02-07,136,68,68,0.314,-0.024,37,81,18,10,2,38,0.6215,0.81,1.08,-0.735
2020-02-09,56,28,28,0.411,0.232,23,33,0,0,0,10,0.0,0.0,0.939,0.429
2020-02-10,192,96,96,0.276,-0.117,48,126,18,20,4,48,0.3474,0.23,1.017,-0.583
2020-02-11,192,96,96,0.333,0.055,57,114,21,26,8,38,0.3258,0.38,1.002,-0.062
2020-02-12,192,96,96,0.356,0.12,64,116,12,18,8,30,0.2902,0.42,1.029,-0.708
2020-02-13,192,96,96,0.326,-0.011,62,128,2,14,0,36,0.3159,0.42,1.016,-0.646
2020-02-14,136,68,68,0.354,0.072,46,84,6,12,2,30,0.4078,0.65,1.076,0.088
2020-02-16,56,28,28,0.182,-0.428,10,45,1,12,6,12,0.3534,0.0,0.85,-0.357
2020-02-17,192,96,96,0.281,-0.156,54,138,0,22,4,42,0.4365,0.0,1.014,-0.292
2020-02-18,192,96,96,0.384,0.157,73,117,2,22,12,40,0.4897,0.47,1.006,-0.417
2020-02-19,192,96,96,0.328,-0.016,63,129,0,16,8,54,0.5165,0.47,1.053,-0.083
2020-02-20,192,96,96,0.298,-0.082,53,125,14,22,0,36,0.3925,0.61,1.008,-0.375
2020-02-21,136,68,68,0.36,0.081,49,87,0,6,0,24,0.3576,0.88,1.064,0.912
2020-02-23,56,28,28,0.482,0.446,27,29,0,0,0,10,0.0,0.68,0.825,-1.0
2020-02-24,192,96,96,0.279,-0.164,53,137,2,14,0,42,0.3478,0.98,1.038,0.188
2020-02-25,192,96,96,0.349,0.062,66,123,3,12,4,32,0.1998,0.81,1.023,-0.104
2020-02-26,192,96,96,0.349,0.047,67,125,0,16,8,44,0.4309,1.23,1.022,0.458
2020-02-27,192,96,96,0.388,0.176,73,115,4,22,6,38,0.6502,1.26,1.029,0.75
2020-02-28,136,68,68,0.382,0.147,52,84,0,4,0,26,0.0,1.82,1.106,0.382
2020-03-01,56,28,28,0.339,0.018,19,37,0,4,4,12,0.7911,1.79,0.803,1.0
2020-03-02,192,96,96,0.344,0.031,66,126,0,8,0,44,0.5026,1.69,1.036,0.229
2020-03-03,192,96,96,0.313,-0.022,56,123,13,18,0,28,0.3604,1.69,0.973,0.021
2020-03-04,192,96,96,0.317,0.022,51,110,31,16,0,50,0.1941,1.16,0.981,0.021
2020-03-05,192,96,96,0.286,-0.141,55,137,0,16,6,54,0.4442,1.6,1.084,0.688
2020-03-06,136,68,68,0.294,-0.118,40,96,0,10,6,34,0.742,1.81,1.086,0.353
2020-03-08,64,32,32,0.344,0.031,22,42,0,4,0,12,0.813,2.0,1.017,0.938
2020-03-09,192,96,96,0.365,0.094,70,122,0,12,0,48,0.4165,2.0,0.965,0.312
2020-03-10,192,96,96,0.372,0.112,71,120,1,8,0,34,0.2461,1.98,0.975,-0.312
2020-03-11,192,96,96,0.333,0.0,64,128,0,12,0,42,0.6133,1.88,1.046,-0.146
2020-03-12,192,96,96,0.299,-0.039,52,122,18,18,12,44,0.3835,2.0,1.029,-0.229
2020-03-13,128,64,64,0.32,-0.039,41,87,0,30,18,30,0.5126,2.0,1.087,-0.656
2020-03-15,64,32,32,0.422,0.266,27,37,0,2,0,12,0.0641,2.0,0.903,0.0
2020-03-16,192,96,96,0.317,0.047,52,112,28,18,0,38,0.4443,1.98,0.968,0.354
2020-03-17,192,96,96,0.337,0.071,62,122,8,6,0,38,0.9534,1.97,1.013,-0.271
2020-03-18,192,96,96,0.385,0.156,74,118,0,8,0,48,0.548,1.97,1.077,-0.354
2020-03-19,192,96,96,0.377,0.127,72,119,1,18,12,34,0.46,2.0,1.028,-0.604
2020-03-20,128,64,64,0.299,-0.108,38,89,1,18,8,36,0.501,2.0,1.033,-0.406
2020-03-22,64,32,32,0.406,0.219,26,38,0,4,0,14,0.792,2.0,0.875,0.312
2020-03-23,192,96,96,0.302,-0.094,58,134,0,20,0,42,0.5628,2.0,1.024,0.271
2020-03-24,192,96,96,0.288,-0.139,55,136,1,12,2,36,0.5934,2.0,0.99,0.312
2020-03-25,192,96,96,0.286,-0.141,55,137,0,30,18,38,0.4276,2.0,1.006,0.667
2020-03-26,192,96,96,0.333,0.017,62,124,6,16,6,46,0.453,2.0,1.051,1.0
2020-03-27,128,64,64,0.32,-0.039,41,87,0,10,6,24,0.5193,2.0,1.0,-0.031
2020-03-29,48,24,24,0.271,-0.188,13,35,0,8,6,6,0.4324,2.0,0.78,0.25
2020-03-30,192,96,96,0.292,-0.125,56,136,0,26,10,34,0.5295,2.0,1.02,-0.646
2020-03-31,192,96,96,0.348,0.079,63,118,11,12,0,42,0.4683,1.95,1.016,-0.104
2020-04-01,192,96,96,0.304,-0.085,58,133,1,26,16,44,0.3841,1.98,0.981,-0.354
2020-04-02,192,96,96,0.367,0.109,66,114,12,20,0,40,0.4344,1.65,1.024,-0.708
2020-04-03,136,68,68,0.244,-0.256,33,102,1,12,0,40,0.6221,1.82,1.074,-0.647
2020-04-05,56,28,28,0.179,-0.464,10,46,0,12,4,2,0.2758,1.71,0.781,1.0
2020-04-06,192,96,96,0.276,-0.148,50,131,11,16,0,40,0.3528,1.6,1.009,-0.167
2020-04-07,192,96,96,0.293,-0.111,56,135,1,14,2,42,0.314,1.62,1.035,0.417
2020-04-08,192,96,96,0.302,-0.09,57,132,3,34,14,40,0.322,1.46,1.02,-0.292
2020-04-09,192,96,96,0.308,-0.043,53,119,20,20,4,40,0.5083,1.58,0.999,0.375
2020-04-10,136,68,68,0.309,-0.074,42,94,0,14,2,24,0.3474,0.41,0.976,0.382
2020-04-12,56,28,28,0.268,-0.196,15,41,0,10,14,14,0.4479,0.5,0.965,-1.0
2020-04-13,192,96,96,0.344,0.031,66,126,0,4,0,38,0.3442,1.34,1.039,-0.021
2020-04-14,192,96,96,0.343,0.046,62,119,11,20,6,34,0.4673,1.39,0.98,0.708
2020-04-15,192,96,96,0.38,0.141,73,119,0,14,0,54,0.7776,1.31,1.06,-0.604
2020-04-16,192,96,96,0.307,-0.078,59,133,0,22,2,42,0.4237,1.61,1.006,-0.229
2020-04-17,136,68,68,0.256,-0.113,31,90,15,18,4,32,0.322,1.75,1.024,0.235
2020-04-19,56,28,28,0.286,-0.143,16,40,0,8,10,12,0.2571,1.0,0.917,-0.643
2020-04-20,192,96,96,0.344,0.031,66,126,0,12,0,44,0.5143,1.25,1.043,-0.354
2020-04-21,192,96,96,0.23,-0.257,40,134,18,28,20,24,0.2926,1.3,0.988,-0.104
2020-04-22,192,96,96,0.354,0.067,67,122,3,16,4,40,0.3337,1.17,1.018,-0.354
2020-04-23,192,96,96,0.324,0.022,59,123,10,10,0,46,0.5675,1.48,1.017,-0.521
2020-04-24,136,68,68,0.368,0.103,50,86,0,20,0,18,0.5217,1.54,1.094,0.235
2020-04-26,56,28,28,0.25,-0.25,14,42,0,8,0,6,0.8171,0.68,0.905,1.0
2020-04-27,192,96,96,0.287,-0.108,52,129,11,16,2,36,0.4933,1.23,0.991,-0.042
2020-04-28,192,96,96,0.328,-0.01,62,127,3,6,0,48,0.2591,1.16,1.052,-0.167
2020-04-29,192,96,96,0.344,0.031,66,126,0,10,4,34,0.474,1.4,1.012,0.271
2020-04-30,192,96,96,0.355,0.079,60,109,23,16,16,30,0.4933,1.42,1.038,0.333
2020-05-01,136,68,68,0.346,0.037,47,89,0,18,2,30,0.3533,1.51,1.045,0.618
2020-05-03,56,28,28,0.446,0.339,25,31,0,8,4,8,0.7926,1.0,0.923,-1.0
2020-05-04,192,96,96,0.324,0.017,57,119,16,16,4,38,0.3908,1.09,1.02,-0.708
2020-05-05,192,96,96,0.319,-0.045,58,124,10,12,8,38,0.3389,1.12,1.028,-0.812
2020-05-06,192,96,96,0.308,-0.051,57,128,7,10,0,38,0.1117,1.07,1.005,-0.542
2020-05-07,192,96,96,0.323,-0.031,62,130,0,26,16,32,0.4547,1.31,1.048,0.229
2020-05-08,136,68,68,0.346,0.032,46,87,3,16,10,26,0.4642,1.1,1.031,0.088
2020-05-10,56,28,28,0.375,0.125,21,35,0,2,0,12,0.714,0.64,0.888,0.071
2020-05-11,192,96,96,0.391,0.172,75,117,0,12,0,32,0.4503,1.1,1.049,-0.729
2020-05-12,192,96,96,0.3,-0.03,51,119,22,10,0,42,0.2792,1.11,1.006,0.333
2020-05-13,192,96,96,0.289,-0.064,52,128,12,26,6,34,0.3735,1.0,1.028,-0.583
2020-05-14,192,96,96,0.319,-0.001,58,124,10,34,26,28,0.2859,1.0,1.008,-0.083
2020-05-15,136,68,68,0.252,-0.139,30,89,17,16,16,18,0.3781,1.26,1.085,0.235
2020-05-17,56,28,28,0.214,-0.357,12,44,0,10,2,8,0.4347,0.5,0.89,1.0
2020-05-18,192,96,96,0.329,0.018,56,114,22,20,16,38,0.2369,0.96,1.046,0.292
2020-05-19,192,96,96,0.365,0.094,70,122,0,16,0,46,0.2069,1.1,1.036,0.042
2020-05-20,192,96,96,0.344,0.05,65,124,3,12,10,40,0.5188,0.98,1.015,0.396
2020-05-21,192,96,96,0.308,-0.078,57,128,7,6,0,46,0.3431,1.05,1.054,-0.375
2020-05-22,136,68,68,0.308,-0.08,41,92,3,4,0,24,0.4221,1.25,0.988,-0.765
2020-05-24,56,28,28,0.375,0.125,21,35,0,8,0,18,0.4561,0.0,0.948,0.143
2020-05-25,192,96,96,0.323,-0.005,60,126,6,20,10,32,0.5982,0.4,1.021,-0.021
2020-05-26,192,96,96,0.351,0.061,67,124,1,18,0,44,0.3701,1.14,1.024,0.604
2020-05-27,192,96,96,0.375,0.125,72,120,0,10,6,54,0.5436,1.31,1.042,0.312
2020-05-28,192,96,96,0.353,0.066,67,123,2,20,4,30,0.438,1.43,0.997,0.479
2020-05-29,136,68,68,0.353,0.059,48,88,0,26,10,30,0.4094,1.74,1.098,0.294
2020-05-31,56,28,28,0.393,0.179,22,34,0,4,0,8,0.7141,1.25,0.824,1.0
2020-06-01,192,96,96,0.33,0.01,58,118,16,28,14,36,0.3674,1.17,1.015,0.333
2020-06-02,192,96,96,0.318,-0.047,61,131,0,16,0,40,0.5298,1.27,1.066,0.417
2020-06-03,192,96,96,0.356,0.077,68,123,1,24,16,36,0.3901,1.35,0.997,0.271
2020-06-04,192,96,96,0.318,-0.033,57,122,13,18,4,46,0.3271,1.42,1.042,0.167
2020-06-05,136,68,68,0.328,0.028,42,86,8,6,0,26,0.0909,1.76,1.063,-0.441
2020-06-07,56,28,28,0.268,-0.196,15,41,0,0,0,16,0.0,1.14,0.919,-0.071
2020-06-08,192,96,96,0.297,-0.116,54,128,10,14,0,46,0.6241,1.26,1.031,-0.104
2020-06-09,192,96,96,0.314,-0.022,53,116,23,22,0,40,0.2507,1.1,1.011,0.271
2020-06-10,192,96,96,0.263,-0.202,50,140,2,12,0,46,0.5458,1.62,1.113,0.5
2020-06-11,192,96,96,0.358,0.078,67,120,5,18,0,36,0.6887,1.8,0.986,-0.458
2020-06-12,136,68,68,0.324,-0.029,44,92,0,12,0,28,0.1153,1.82,1.046,-0.265
2020-06-14,56,28,28,0.25,-0.25,14,42,0,10,4,16,0.4535,1.64,0.874,0.214
2020-06-15,192,96,96,0.375,0.125,72,120,0,18,4,30,0.5297,1.62,1.029,0.708
2020-06-16,192,96,96,0.275,-0.133,47,124,21,34,20,36,0.5683,1.43,0.994,-0.458
2020-06-17,192,96,96,0.29,-0.094,54,132,6,16,0,38,0.3762,1.3,1.041,0.125
2020-06-18,192,96,96,0.284,-0.085,50,126,16,26,2,28,0.5715,1.27,0.984,-0.333
2020-06-19,136,68,68,0.341,0.032,42,81,13,10,0,40,0.3155,1.28,1.06,0.029
2020-06-21,56,28,28,0.446,0.339,25,31,0,0,0,10,0.0,1.0,0.898,-0.214
2020-06-22,192,96,96,0.349,0.047,67,125,0,18,10,48,0.4134,1.14,1.076,0.875
2020-06-23,192,96,96,0.348,0.049,65,122,5,18,18,34,0.36,1.29,0.986,0.417
2020-06-24,192,96,96,0.295,-0.1,56,134,2,26,8,38,0.379,1.26,1.019,-0.771
2020-06-25,192,96,96,0.296,-0.066,53,126,13,24,8,32,0.534,1.2,0.996,-0.479
2020-06-26,136,68,68,0.324,-0.029,44,92,0,18,6,26,0.4961,1.31,1.044,0.206
2020-06-28,56,28,28,0.411,0.232,23,33,0,4,0,14,0.6515,0.64,0.997,0.143
2020-06-29,192,96,96,0.356,0.074,68,123,1,6,0,50,0.6454,0.88,1.007,0.292
2020-06-30,192,96,96,0.307,-0.013,54,122,16,6,0,46,0.492,1.14,1.033,-0.146
2020-07-01,192,96,96,0.335,0.032,60,119,13,12,8,34,0.4906,1.06,1.006,0.25
2020-07-02,192,96,96,0.318,0.008,56,120,16,16,0,42,0.3564,0.91,1.034,0.062
2020-07-03,136,68,68,0.235,-0.294,32,104,0,22,18,24,0.2836,0.79,1.033,-0.059
2020-07-05,56,28,28,0.482,0.446,27,29,0,4,4,10,0.5309,0.57,0.923,1.0
2020-07-06,192,96,96,0.353,0.065,67,123,2,12,0,46,0.6628,1.11,1.021,0.417
2020-07-07,192,96,96,0.37,0.109,71,121,0,24,14,44,0.6649,1.17,1.02,-0.438
2020-07-08,192,96,96,0.332,0.0,61,123,8,20,6,46,0.3504,1.06,1.05,0.75
2020-07-09,192,96,96,0.308,0.007,56,126,10,12,0,38,0.3223,1.22,1.003,-0.604
2020-07-10,136,68,68,0.311,-0.07,42,93,1,24,0,28,0.5492,1.22,1.033,0.206
2020-07-12,56,28,28,0.375,0.125,21,35,0,0,0,12,0.7586,0.25,0.966,0.857
2020-07-13,192,96,96,0.314,-0.038,58,127,7,16,6,36,0.3294,1.21,1.018,0.062
2020-07-14,192,96,96,0.266,-0.203,51,141,0,18,10,34,0.363,1.21,1.033,0.562
2020-07-15,192,96,96,0.296,-0.107,53,126,13,16,14,36,0.3427,1.03,1.019,-0.042
2020-07-16,192,96,96,0.293,-0.115,55,133,4,14,0,38,0.557,1.16,1.002,-0.417
2020-07-17,136,68,68,0.368,0.103,50,86,0,24,6,32,0.4772,1.09,1.064,0.824
2020-07-19,56,28,28,0.393,0.179,22,34,0,6,0,14,0.4672,1.32,0.991,-0.5
2020-07-20,192,96,96,0.406,0.247,76,111,5,14,0,46,0.3557,1.27,1.04,0.417
2020-07-21,192,96,96,0.344,0.031,66,126,0,10,0,38,0.4197,1.55,0.974,0.312
2020-07-22,192,96,96,0.273,-0.113,47,125,20,22,12,42,0.4462,1.34,1.017,-0.021
2020-07-23,192,96,96,0.356,0.07,68,123,1,20,4,40,0.3241,1.4,1.04,0.458
2020-07-24,136,68,68,0.331,-0.007,45,91,0,22,2,18,0.5421,1.68,1.027,0.294
2020-07-26,56,28,28,0.411,0.232,23,33,0,8,6,14,0.0548,1.5,1.025,1.0
2020-07-27,192,96,96,0.339,0.02,64,125,3,16,4,50,0.5893,1.6,1.023,0.604
2020-07-28,192,96,96,0.276,-0.14,50,131,11,18,10,28,0.2931,1.46,0.959,-0.375
2020-07-29,192,96,96,0.388,0.182,73,115,4,16,6,42,0.4868,1.56,1.047,0.5
2020-07-30,192,96,96,0.339,0.016,65,127,0,22,0,30,0.6898,1.59,1.061,0.271
2020-07-31,136,68,68,0.368,0.103,50,86,0,10,0,22,0.7824,1.97,1.013,-0.5
2020-08-02,56,28,28,0.25,-0.25,14,42,0,2,0,10,0.6092,1.64,1.008,-1.0
2020-08-03,192,96,96,0.324,0.016,60,125,7,20,0,34,0.6537,1.34,0.989,0.125
2020-08-04,192,96,96,0.385,0.156,74,118,0,24,0,42,0.484,1.4,1.018,0.604
2020-08-05,192,96,96,0.354,0.072,67,122,3,18,2,52,0.6212,1.27,1.043,0.521
2020-08-06,192,96,96,0.314,-0.051,60,131,1,26,16,36,0.33,1.57,1.065,0.042
2020-08-07,136,68,68,0.189,-0.312,23,99,14,12,14,26,0.4547,1.81,0.941,-1.0
2020-08-09,56,28,28,0.339,0.018,19,37,0,4,0,12,0.576,0.61,0.988,0.429
2020-08-10,192,96,96,0.385,0.156,74,118,0,10,0,56,0.3161,1.17,1.045,-0.5
2020-08-11,192,96,96,0.323,-0.031,62,130,0,20,4,46,0.4431,1.52,1.067,-0.271
2020-08-12,192,96,96,0.279,-0.155,53,137,2,14,0,34,0.3387,1.39,0.977,0.5
2020-08-13,192,96,96,0.321,-0.03,61,129,2,18,0,46,0.4156,1.23,1.039,0.104
2020-08-14,136,68,68,0.338,0.073,44,86,6,16,0,22,0.4206,1.54,0.983,0.5
2020-08-16,56,28,28,0.339,0.018,19,37,0,6,0,12,0.3951,0.79,1.012,1.0
2020-08-17,192,96,96,0.33,-0.016,62,126,4,22,8,36,0.4537,1.05,1.029,0.667
2020-08-18,192,96,96,0.328,0.013,59,121,12,28,22,40,0.4367,1.27,1.049,0.875
2020-08-19,192,96,96,0.269,-0.133,47,128,17,16,0,42,0.5206,1.47,1.029,-0.625
2020-08-20,192,96,96,0.337,0.03,63,124,5,16,6,42,0.451,1.3,1.009,0.354
2020-08-21,136,68,68,0.331,-0.007,45,91,0,14,0,26,0.5426,1.51,1.035,-0.382
2020-08-23,56,28,28,0.304,-0.089,17,39,0,4,0,14,0.6105,0.75,1.036,0.786
2020-08-24,192,96,96,0.297,-0.109,55,130,7,12,0,40,0.5808,1.22,1.003,0.0
2020-08-25,192,96,96,0.284,-0.136,54,136,2,30,24,36,0.3674,1.12,1.004,0.479
2020-08-26,192,96,96,0.344,0.031,66,126,0,26,14,46,0.3766,1.17,1.036,0.0
2020-08-27,192,96,96,0.303,-0.031,53,122,17,22,18,48,0.431,1.31,1.117,-0.062
2020-08-28,136,68,68,0.351,0.055,47,87,2,20,14,26,0.4525,1.81,0.991,0.471
2020-08-30,56,28,28,0.393,0.179,22,34,0,2,0,12,0.0,1.0,0.964,1.0
2020-08-31,192,96,96,0.323,-0.031,62,130,0,32,16,46,0.3844,1.39,1.074,0.312
2020-09-01,192,96,96,0.346,0.042,66,125,1,18,8,52,0.4707,1.58,1.003,-0.292
2020-09-02,192,96,96,0.3,-0.1,57,133,2,20,10,32,0.3691,1.43,1.025,-0.646
2020-09-03,192,96,96,0.289,-0.113,54,133,5,18,8,28,0.4793,1.42,1.016,0.292
2020-09-04,136,68,68,0.331,0.016,42,85,9,14,0,14,0.373,1.68,1.019,0.059
2020-09-06,56,28,28,0.357,0.071,20,36,0,4,0,12,0.4748,0.82,0.9,-0.214
2020-09-07,192,96,96,0.293,-0.11,55,133,4,28,18,28,0.4465,0.66,1.022,-0.688
2020-09-08,192,96,96,0.365,0.094,70,122,0,22,10,34,0.3848,1.42,1.022,-0.5
2020-09-09,192,96,96,0.303,-0.03,53,122,17,22,10,22,0.4138,1.1,1.02,0.375
2020-09-10,192,96,96,0.365,0.114,69,120,3,16,2,30,0.2458,1.23,1.044,0.354
2020-09-11,136,68,68,0.273,-0.127,35,93,8,18,8,32,0.2606,1.43,1.048,0.147
2020-09-13,56,28,28,0.339,0.018,19,37,0,4,0,8,0.4437,0.25,0.843,0.643
2020-09-14,192,96,96,0.286,-0.139,54,135,3,18,4,46,0.598,0.86,1.048,0.396
2020-09-15,192,96,96,0.269,-0.163,50,136,6,18,8,34,0.3171,0.98,1.007,-0.354
2020-09-16,192,96,96,0.312,-0.062,60,132,0,16,8,52,0.4513,1.45,1.121,-0.229
2020-09-17,192,96,96,0.37,0.109,71,121,0,28,10,38,0.4201,1.45,0.961,0.729
2020-09-18,136,68,68,0.287,-0.14,39,97,0,16,8,28,0.797,1.44,1.028,0.235
2020-09-20,56,28,28,0.357,0.071,20,36,0,8,6,6,0.2878,0.96,0.963,0.071
2020-09-21,192,96,96,0.344,0.031,66,126,0,18,6,38,0.3954,1.25,1.038,-0.146
2020-09-22,192,96,96,0.332,0.005,63,127,2,10,0,40,0.2495,1.36,1.055,-0.646
2020-09-23,192,96,96,0.323,-0.031,62,130,0,18,6,32,0.5544,1.46,1.009,-0.396
2020-09-24,192,96,96,0.237,-0.224,41,132,19,18,0,30,0.2029,1.47,0.997,-0.125
2020-09-25,136,68,68,0.27,-0.084,33,89,14,20,6,28,0.453,1.46,1.048,-0.471
2020-09-27,56,28,28,0.375,0.125,21,35,0,4,0,12,0.5863,1.0,0.912,0.286
2020-09-28,192,96,96,0.396,0.188,76,116,0,16,12,44,0.2695,1.14,1.026,0.604
2020-09-29,192,96,96,0.266,-0.199,50,138,4,34,14,48,0.5743,1.11,1.078,0.875
2020-09-30,192,96,96,0.339,0.062,62,121,9,12,8,36,0.5932,1.45,1.002,0.042
2020-10-01,192,96,96,0.381,0.172,69,112,11,22,8,34,0.4222,1.21,1.024,0.021
2020-10-02,136,68,68,0.189,-0.381,24,103,9,24,16,18,0.2599,1.68,0.985,-0.588
2020-10-04,56,28,28,0.375,0.125,21,35,0,12,10,10,0.4056,0.46,0.998,0.357
2020-10-05,192,96,96,0.333,-0.018,60,120,12,22,8,20,0.5023,0.62,1.015,0.896
2020-10-06,192,96,96,0.316,-0.039,60,130,2,26,8,46,0.3895,1.32,1.037,-0.5
2020-10-07,192,96,96,0.307,-0.029,51,115,26,16,8,38,0.3319,1.0,1.006,0.417
2020-10-08,192,96,96,0.363,0.103,69,121,2,26,18,32,0.3516,0.62,1.021,0.229
2020-10-09,136,68,68,0.276,-0.159,37,97,2,20,12,20,0.3567,0.88,1.026,1.0
2020-10-11,56,28,28,0.143,-0.571,8,48,0,6,6,4,0.3565,0.89,0.954,-0.643
2020-10-12,192,96,96,0.305,-0.056,57,130,5,10,0,36,0.5813,0.61,1.015,0.062
2020-10-13,192,96,96,0.239,-0.242,43,137,12,18,10,32,0.3495,0.72,1.026,-0.958
2020-10-14,192,96,96,0.301,-0.08,55,128,9,18,0,50,0.419,0.89,1.035,-0.062
2020-10-15,192,96,96,0.302,-0.035,55,127,10,14,0,38,0.2463,0.9,1.012,-0.208
2020-10-16,136,68,68,0.207,-0.248,24,92,20,20,10,30,0.5635,1.12,1.029,0.0
2020-10-18,56,28,28,0.393,0.179,22,34,0,8,4,8,0.475,0.04,0.957,-0.571
2020-10-19,192,96,96,0.344,0.031,66,126,0,20,16,36,0.4326,0.69,1.013,0.062
2020-10-20,192,96,96,0.297,-0.075,55,130,7,8,0,38,0.7221,0.97,1.045,0.75
2020-10-21,192,96,96,0.365,0.094,70,122,0,16,8,44,0.2817,0.99,0.998,0.188
2020-10-22,192,96,96,0.279,-0.151,53,137,2,14,8,38,0.3092,0.99,1.058,-0.729
2020-10-23,136,68,68,0.316,-0.051,43,93,0,10,4,38,0.6345,1.04,1.008,0.353
2020-10-25,64,32,32,0.219,-0.344,14,50,0,8,2,16,0.3849,0.75,0.964,-0.688
2020-10-26,192,96,96,0.262,-0.178,48,135,9,16,10,32,0.4469,0.68,1.014,-0.521
2020-10-27,192,96,96,0.297,-0.109,57,135,0,12,0,44,0.4136,0.91,1.031,-0.208
2020-10-28,192,96,96,0.305,-0.066,53,121,18,24,6,48,0.3737,1.15,1.048,-0.062
2020-10-29,192,96,96,0.333,0.023,62,124,6,20,2,22,0.5635,1.07,1.013,-0.333
2020-10-30,128,64,64,0.348,0.128,39,73,16,6,0,18,0.168,1.58,1.039,-0.469
2020-11-01,56,28,28,0.286,-0.143,16,40,0,10,6,10,0.4361,0.29,0.916,-1.0
2020-11-02,192,96,96,0.335,0.004,64,127,1,26,2,32,0.4699,0.65,1.014,0.062
2020-11-03,192,96,96,0.385,0.156,74,118,0,10,0,54,0.2728,1.31,1.151,0.438
2020-11-04,192,96,96,0.292,-0.05,52,126,14,16,6,40,0.3671,1.69,0.915,0.646
2020-11-05,192,96,96,0.318,-0.047,61,131,0,14,6,34,0.3829,1.86,1.026,0.562
2020-11-06,136,68,68,0.246,-0.2,30,92,14,16,14,20,0.3803,1.65,1.017,0.853
2020-11-08,56,28,28,0.143,-0.571,8,48,0,6,0,2,0.1724,0.86,0.788,1.0
2020-11-09,192,96,96,0.29,-0.06,51,125,16,14,0,46,0.3467,1.68,1.051,-0.354
2020-11-10,192,96,96,0.291,-0.093,51,124,17,28,8,36,0.3775,1.32,0.997,0.354
2020-11-11,192,96,96,0.349,0.047,67,125,0,26,4,44,0.5599,0.96,1.022,-0.042
2020-11-12,192,96,96,0.253,-0.174,44,130,18,18,0,38,0.5185,1.01,1.002,0.333
2020-11-13,136,68,68,0.309,-0.074,42,94,0,22,10,22,0.2779,1.01,1.024,0.853
2020-11-15,56,28,28,0.375,0.125,21,35,0,6,0,14,0.3332,0.29,0.945,1.0
2020-11-16,192,96,96,0.427,0.281,82,110,0,24,2,46,0.5435,0.76,1.021,0.417
2020-11-17,192,96,96,0.33,0.01,61,124,7,20,4,40,0.4754,0.75,1.019,-0.333
2020-11-18,192,96,96,0.344,0.031,66,126,0,14,4,38,0.517,0.95,1.024,-0.438
2020-11-19,192,96,96,0.323,-0.031,62,130,0,12,0,36,0.3515,0.72,1.021,0.312
2020-11-20,136,68,68,0.338,0.015,46,90,0,14,6,32,0.2247,0.82,1.015,-0.471
2020-11-22,56,28,28,0.357,0.071,20,36,0,2,0,6,0.5575,0.0,0.83,0.643
2020-11-23,192,96,96,0.377,0.166,66,109,17,18,4,36,0.4459,0.88,1.081,0.0
2020-11-24,192,96,96,0.37,0.109,71,121,0,14,0,30,0.787,0.98,1.018,0.75
2020-11-25,192,96,96,0.294,-0.047,53,127,12,20,0,42,0.347,1.12,1.006,0.583
2020-11-26,192,96,96,0.321,-0.009,60,127,5,22,10,46,0.3527,0.64,0.996,0.271
2020-11-27,136,68,68,0.356,0.078,48,87,1,24,16,32,0.3949,0.82,1.061,0.735
2020-11-29,56,28,28,0.446,0.339,25,31,0,4,0,6,0.5423,0.18,0.996,1.0
2020-11-30,40,20,20,0.35,0.05,14,26,0,4,0,0,0.1677,0.7,0.669,-0.6
2020-12-01,192,96,96,0.339,0.016,65,127,0,16,0,46,0.2403,1.09,1.081,0.896
2020-12-02,192,96,96,0.312,-0.062,60,132,0,18,0,48,0.403,1.19,1.011,0.5
2020-12-03,192,96,96,0.279,-0.11,50,129,13,30,16,36,0.3152,1.25,1.022,0.167
2020-12-04,136,68,68,0.331,-0.007,45,91,0,24,16,34,0.392,1.49,1.104,-0.118
2020-12-06,56,28,28,0.429,0.286,24,32,0,2,0,4,0.1302,0.82,0.685,-0.143
2020-12-07,192,96,96,0.401,0.203,77,115,0,12,0,44,0.4814,0.99,1.048,-0.354
2020-12-08,192,96,96,0.304,-0.077,55,126,11,24,0,44,0.3735,0.94,1.051,0.104
2020-12-09,192,96,96,0.34,0.018,65,126,1,6,0,34,0.3964,1.1,1.002,-0.188
2020-12-10,192,96,96,0.33,-0.013,63,128,1,26,12,34,0.3539,1.07,1.032,0.875
2020-12-11,136,68,68,0.296,-0.11,40,95,1,14,8,32,0.3291,1.37,1.055,-0.706
2020-12-13,56,28,28,0.464,0.393,26,30,0,8,0,2,0.3058,0.86,0.741,1.0
2020-12-14,192,96,96,0.308,-0.052,57,128,7,6,0,54,0.6724,1.02,1.053,0.333
2020-12-15,192,96,96,0.303,-0.074,54,124,14,24,12,34,0.4076,0.98,0.997,0.021
2020-12-16,192,96,96,0.401,0.203,77,115,0,32,8,48,0.4052,1.47,1.088,0.625
2020-12-17,192,96,96,0.321,-0.032,61,129,2,28,10,34,0.468,1.14,0.965,0.604
2020-12-18,136,68,68,0.36,0.081,49,87,0,24,2,28,0.4975,1.24,1.061,-0.088
2020-12-20,56,28,28,0.232,-0.304,13,43,0,0,0,10,0.0,1.68,0.892,-0.929
2020-12-21,192,96,96,0.432,0.289,82,108,2,18,8,58,0.3435,1.46,1.001,0.062
2020-12-22,192,96,96,0.3,-0.1,57,133,2,20,10,48,0.3879,1.41,1.027,-0.25
2020-12-23,192,96,96,0.316,-0.048,60,130,2,6,0,42,0.4042,1.31,1.005,0.458
2020-12-24,188,94,94,0.242,-0.276,45,141,2,20,2,36,0.4788,0.63,1.019,-0.426
2020-12-25,24,12,12,0.292,-0.125,7,17,0,6,10,10,0.488,0.17,1.342,1.0
2020-12-27,56,28,28,0.446,0.339,25,31,0,4,0,14,0.4528,1.54,0.899,0.5
2020-12-28,192,96,96,0.38,0.141,73,119,0,20,6,44,0.432,1.25,1.017,0.25
2020-12-29,192,96,96,0.38,0.141,73,119,0,28,4,50,0.4589,1.12,1.032,0.688
2020-12-30,192,96,96,0.357,0.086,66,119,7,18,8,38,0.4471,1.22,1.02,0.5
2020-12-31,136,68,68,0.301,-0.096,41,95,0,20,8,26,0.5275,1.57,1.057,-0.853
2021-01-03,56,28,28,0.25,-0.25,14,42,0,10,2,4,0.5416,1.71,0.902,0.786
2021-01-04,192,96,96,0.303,-0.075,57,131,4,24,18,42,0.3948,1.43,0.992,0.208
2021-01-05,192,96,96,0.312,-0.062,60,132,0,34,4,38,0.3511,1.47,1.063,0.438
2021-01-06,192,96,96,0.318,-0.047,61,131,0,14,6,42,0.3084,1.74,0.967,0.375
2021-01-07,192,96,96,0.307,-0.078,59,133,0,14,12,48,0.3674,1.55,1.033,-0.667
2021-01-08,136,68,68,0.272,-0.184,37,99,0,10,6,30,0.1346,1.75,1.076,-0.309
2021-01-10,56,28,28,0.321,-0.036,18,38,0,6,0,6,0.3963,1.79,0.977,-1.0
2021-01-11,192,96,96,0.323,-0.04,61,128,3,12,8,42,0.3838,1.4,0.996,-0.458
2021-01-12,192,96,96,0.349,0.047,67,125,0,24,8,34,0.5291,1.27,1.009,0.542
2021-01-13,192,96,96,0.292,-0.125,56,136,0,30,14,40,0.374,1.34,1.06,-0.573
2021-01-14,192,96,96,0.346,0.039,65,123,4,12,8,26,0.4601,1.27,0.987,-0.042
2021-01-15,136,68,68,0.321,-0.017,43,91,2,18,4,24,0.5864,1.43,1.009,-1.0
2021-01-17,56,28,28,0.214,-0.357,12,44,0,10,6,14,0.4365,0.75,1.068,-0.929
2021-01-18,192,96,96,0.333,0.0,64,128,0,22,0,24,0.3429,0.66,0.968,0.25
2021-01-19,192,96,96,0.344,0.031,66,126,0,26,0,48,0.3813,0.93,1.041,0.646
2021-01-20,192,96,96,0.384,0.166,73,117,2,16,8,38,0.5086,1.03,1.029,-0.146
2021-01-21,192,96,96,0.339,0.016,65,127,0,28,10,30,0.3923,1.08,1.015,0.812
2021-01-22,136,68,68,0.21,-0.268,26,98,12,12,6,24,0.3394,1.24,1.039,-0.059
2021-01-24,56,28,28,0.196,-0.411,11,45,0,8,8,8,0.6792,0.64,1.031,-0.143
2021-01-25,192,96,96,0.35,0.082,63,117,12,26,10,36,0.534,0.78,1.018,-0.25
2021-01-26,192,96,96,0.386,0.174,71,113,8,18,8,30,0.5917,0.92,1.003,0.25
2021-01-27,192,96,96,0.37,0.109,71,121,0,14,6,40,0.5643,1.56,1.052,-0.5
2021-01-28,192,96,96,0.277,-0.159,53,138,1,24,2,46,0.4196,1.41,1.009,0.104
2021-01-29,136,68,68,0.291,-0.064,34,83,19,18,12,22,0.4413,1.46,1.057,0.118
2021-01-31,56,28,28,0.321,-0.036,18,38,0,8,2,12,0.4037,0.89,0.875,-0.643
2021-02-01,192,96,96,0.328,-0.016,63,129,0,14,2,38,0.273,1.16,1.029,-0.562
2021-02-02,192,96,96,0.292,-0.125,56,136,0,18,6,30,0.4039,1.07,1.004,-0.146
2021-02-03,192,96,96,0.37,0.109,71,121,0,20,0,34,0.4055,0.84,1.038,-0.083
2021-02-04,192,96,96,0.298,-0.098,57,134,1,28,16,26,0.2761,0.82,0.986,-0.854
2021-02-05,136,68,68,0.316,-0.053,42,91,3,4,0,26,0.38,0.99,1.036,0.824
2021-02-07,56,28,28,0.286,-0.143,16,40,0,8,4,10,0.3469,0.68,0.955,-0.143
2021-02-08,192,96,96,0.302,-0.094,58,134,0,16,6,48,0.4772,0.86,1.046,0.417
2021-02-09,192,96,96,0.292,-0.125,56,136,0,24,18,34,0.3761,0.78,0.998,0.75
2021-02-10,192,96,96,0.29,-0.084,54,132,6,20,16,42,0.5455,0.67,1.02,-0.042
2021-02-11,192,96,96,0.335,0.003,63,125,4,12,2,34,0.2937,0.53,1.01,0.208
2021-02-12,136,68,68,0.305,-0.082,40,91,5,16,4,20,0.3508,0.76,1.041,-0.118
2021-02-14,56,28,28,0.321,-0.036,18,38,0,8,4,12,0.3623,0.0,0.976,1.0
2021-02-15,192,96,96,0.279,-0.157,53,137,2,14,0,38,0.4224,0.39,1.016,0.208
2021-02-16,192,96,96,0.323,-0.031,62,130,0,34,8,42,0.408,0.89,1.055,-0.562
2021-02-17,192,96,96,0.346,0.053,63,119,10,28,10,28,0.5308,0.76,1.003,-0.646
2021-02-18,192,96,96,0.359,0.078,69,123,0,22,6,38,0.6588,0.67,1.026,0.708
2021-02-19,136,68,68,0.346,0.037,47,89,0,6,0,28,0.4627,0.9,1.016,0.353
2021-02-21,56,28,28,0.339,0.018,19,37,0,4,0,12,0.4488,0.61,1.035,0.0
2021-02-22,192,96,96,0.38,0.141,73,119,0,8,8,34,0.4753,0.95,1.019,0.479
2021-02-23,192,96,96,0.247,-0.244,46,140,6,30,32,30,0.4655,0.96,1.031,-0.167
2021-02-24,192,96,96,0.339,0.016,65,127,0,18,8,38,0.4595,1.04,1.034,0.312
2021-02-25,192,96,96,0.37,0.109,71,121,0,10,0,42,0.3977,1.71,1.06,0.083
2021-02-26,136,68,68,0.278,-0.15,37,96,3,6,0,28,0.2181,1.79,1.011,-0.912
2021-02-28,56,28,28,0.25,-0.25,14,42,0,2,0,8,0.4197,1.07,0.899,-0.143
2021-03-01,192,96,96,0.358,0.078,68,122,2,12,2,38,0.2902,1.1,1.031,-0.562
2021-03-02,192,96,96,0.302,-0.066,54,125,13,24,4,30,0.519,1.07,0.973,0.417
2021-03-03,192,96,96,0.391,0.172,75,117,0,12,0,40,0.3017,1.28,1.068,-0.292
2021-03-04,192,96,96,0.304,-0.033,55,126,11,16,6,36,0.4521,1.4,0.992,-0.771
2021-03-05,136,68,68,0.256,-0.2,31,90,15,18,10,18,0.2692,1.46,1.081,-1.0
2021-03-07,56,28,28,0.321,-0.036,18,38,0,4,2,16,0.2652,1.0,0.961,0.214
2021-03-08,192,96,96,0.323,-0.031,62,130,0,14,0,50,0.5787,1.17,1.032,-0.771
2021-03-09,192,96,96,0.335,0.008,63,125,4,22,4,34,0.4951,1.22,0.97,0.333
2021-03-10,192,96,96,0.324,-0.011,61,127,4,18,2,38,0.515,0.9,1.031,0.583
2021-03-11,192,96,96,0.33,0.014,61,124,7,14,2,42,0.3807,1.05,1.052,0.583
2021-03-12,136,68,68,0.318,-0.04,42,90,4,4,0,24,0.5795,1.31,1.053,-0.294
2021-03-14,64,32,32,0.344,0.031,22,42,0,6,0,14,0.5407,0.81,0.995,0.375
2021-03-15,192,96,96,0.233,-0.252,42,138,12,16,6,54,0.4113,0.94,0.993,-0.385
2021-03-16,192,96,96,0.302,-0.066,54,125,13,26,20,36,0.3709,0.84,0.988,-0.521
2021-03-17,192,96,96,0.33,0.019,60,122,10,14,2,50,0.2467,1.06,1.078,0.333
2021-03-18,192,96,96,0.332,-0.011,62,125,5,20,2,28,0.3483,1.39,0.994,-0.854
2021-03-19,128,64,64,0.398,0.195,51,77,0,4,0,34,0.4036,1.08,1.003,0.156
2021-03-21,64,32,32,0.297,-0.109,19,45,0,4,0,16,0.4003,0.91,0.89,-0.5
2021-03-22,192,96,96,0.302,-0.097,57,132,3,16,18,36,0.3282,0.91,1.019,0.25
2021-03-23,192,96,96,0.417,0.25,80,112,0,10,0,34,0.7664,0.92,1.007,-1.0
2021-03-24,192,96,96,0.277,-0.16,53,138,1,30,6,38,0.4173,0.89,1.021,-0.667
2021-03-25,192,96,96,0.321,-0.04,60,127,5,12,0,38,0.56,0.94,1.001,-0.438
2021-03-26,128,64,64,0.359,0.078,46,82,0,18,18,22,0.5983,0.84,1.054,0.656
2021-03-28,48,24,24,0.375,0.125,18,30,0,10,0,6,0.1889,0.12,0.954,-0.833
2021-03-29,192,96,96,0.258,-0.163,46,132,14,22,20,30,0.4285,0.75,1.001,-0.646
2021-03-30,192,96,96,0.283,-0.086,51,129,12,18,2,30,0.4114,0.68,1.026,-0.833
2021-03-31,192,96,96,0.291,-0.105,55,134,3,10,6,30,0.515,0.8,1.024,-0.021
2021-04-01,192,96,96,0.359,0.086,65,116,11,22,4,32,0.4862,0.9,1.008,0.625
2021-04-02,136,68,68,0.27,-0.092,33,89,14,22,14,22,0.4374,0.5,1.055,-0.235
2021-04-04,56,28,28,0.286,-0.143,16,40,0,4,6,8,0.7065,0.0,0.945,0.357
2021-04-05,192,96,96,0.364,0.118,67,117,8,24,8,42,0.5376,0.47,1.046,0.271
2021-04-06,192,96,96,0.351,0.058,66,122,4,18,14,34,0.3497,0.8,1.015,0.521
2021-04-07,192,96,96,0.284,-0.129,54,136,2,14,6,46,0.4589,0.92,1.026,0.0
2021-04-08,192,96,96,0.339,0.044,64,125,3,10,0,42,0.396,0.71,1.024,0.625
2021-04-09,136,68,68,0.326,-0.022,44,91,1,8,8,28,0.436,0.93,1.028,-0.382
2021-04-11,56,28,28,0.321,-0.036,18,38,0,4,0,14,0.1416,0.64,1.06,-0.571
2021-04-12,192,96,96,0.298,-0.065,54,127,11,8,0,36,0.2891,0.51,1.016,0.062
2021-04-13,192,96,96,0.356,0.076,68,123,1,30,14,32,0.5033,0.72,1.022,0.5
2021-04-14,192,96,96,0.325,-0.019,62,129,1,22,8,26,0.5291,0.52,1.01,0.562
2021-04-15,192,96,96,0.321,-0.029,60,127,5,18,4,42,0.3981,0.81,1.031,-0.417
2021-04-16,136,68,68,0.311,-0.055,42,93,1,20,12,24,0.3793,0.81,0.982,0.412
2021-04-18,56,28,28,0.304,-0.089,17,39,0,10,8,16,0.7568,0.43,1.067,-0.929
2021-04-19,192,96,96,0.365,0.116,69,120,3,20,6,42,0.3893,0.82,1.079,0.854
2021-04-20,190,95,95,0.366,0.098,68,118,4,12,4,38,0.4655,1.06,0.979,-0.305
2021-04-21,192,96,96,0.297,-0.061,54,128,10,24,0,44,0.413,0.71,1.03,0.125
2021-04-22,192,96,96,0.332,-0.005,62,125,5,32,16,42,0.582,0.88,1.009,0.021
2021-04-23,136,68,68,0.324,-0.029,44,92,0,12,0,20,0.484,0.88,1.052,0.971
2021-04-25,56,28,28,0.268,-0.196,15,41,0,12,2,12,0.3186,0.46,1.026,1.0
2021-04-26,192,96,96,0.319,-0.043,61,130,1,20,0,40,0.5279,0.67,1.015,-0.354
2021-04-27,192,96,96,0.323,-0.031,62,130,0,18,4,24,0.3712,0.6,0.987,-0.021
2021-04-28,192,96,96,0.363,0.094,69,121,2,18,8,36,0.3741,1.0,1.084,0.167
2021-04-29,192,96,96,0.298,-0.077,54,127,11,22,10,34,0.3384,0.71,0.989,-0.188
2021-04-30,136,68,68,0.311,-0.032,37,82,17,20,0,22,0.572,1.01,1.068,-1.0
2021-05-02,56,28,28,0.268,-0.196,15,41,0,4,2,8,0.729,0.21,0.872,-0.571
2021-05-03,192,96,96,0.326,-0.004,62,128,2,16,0,50,0.2533,0.59,1.015,0.333
2021-05-04,192,96,96,0.343,0.033,59,113,20,24,6,28,0.6362,0.77,1.0,-0.458
2021-05-05,192,96,96,0.328,0.011,61,125,6,16,8,40,0.421,0.6,1.066,-0.125
2021-05-06,192,96,96,0.34,0.028,65,126,1,8,0,36,0.1588,0.62,0.986,0.875
2021-05-07,136,68,68,0.328,0.012,41,84,11,8,0,28,0.6605,1.32,1.073,0.765
2021-05-09,56,28,28,0.304,-0.089,17,39,0,16,14,18,0.4215,0.79,0.957,0.214
2021-05-10,192,96,96,0.318,-0.047,61,131,0,34,20,48,0.5694,1.07,1.048,-0.229
2021-05-11,192,96,96,0.37,0.109,71,121,0,24,8,48,0.4645,0.89,1.033,-0.042
2021-05-12,192,96,96,0.306,-0.05,52,118,22,20,14,38,0.5665,1.05,1.016,-0.438
2021-05-13,192,96,96,0.37,0.146,68,116,8,4,0,56,0.27,1.01,1.016,0.0
2021-05-14,136,68,68,0.31,-0.045,39,87,10,12,0,20,0.5744,0.91,1.012,1.0
2021-05-16,56,28,28,0.339,0.018,19,37,0,12,4,8,0.4718,0.0,1.039,0.0
2021-05-17,192,96,96,0.316,-0.014,59,128,5,14,6,40,0.5383,0.62,1.006,0.292
2021-05-18,192,96,96,0.333,0.006,63,126,3,24,10,38,0.5299,0.61,1.026,0.812
2021-05-19,192,96,96,0.362,0.098,67,118,7,16,2,42,0.5608,1.28,1.057,-0.354
2021-05-20,192,96,96,0.328,-0.016,63,129,0,24,6,34,0.3515,0.77,1.001,0.958
2021-05-21,136,68,68,0.336,0.026,44,87,5,16,0,24,0.5195,1.28,1.045,-0.618
2021-05-23,56,28,28,0.196,-0.411,11,45,0,12,2,4,0.3239,0.32,0.972,-0.214
2021-05-24,192,96,96,0.289,-0.126,55,135,2,16,16,42,0.3878,0.76,1.015,0.833
2021-05-25,192,96,96,0.284,-0.13,54,136,2,30,10,34,0.498,0.85,1.039,0.479
2021-05-26,192,96,96,0.366,0.103,70,121,1,14,0,44,0.4129,0.85,1.025,-0.812
2021-05-27,192,96,96,0.301,-0.06,55,128,9,22,0,40,0.4658,0.91,1.007,0.0
2021-05-28,136,68,68,0.354,0.071,45,82,9,4,0,38,0.5099,1.07,1.028,0.029
2021-05-30,56,28,28,0.375,0.125,21,35,0,2,0,12,0.0,0.0,0.968,0.571
2021-05-31,32,16,16,0.281,-0.156,9,23,0,2,0,2,0.0,0.88,0.718,1.0
2021-06-01,192,96,96,0.365,0.094,70,122,0,14,4,38,0.3584,0.71,1.021,0.104
2021-06-02,192,96,96,0.275,-0.121,50,132,10,22,16,38,0.3279,0.57,1.012,0.062
2021-06-03,192,96,96,0.344,0.049,62,118,12,18,2,36,0.4456,0.82,1.037,-0.958
2021-06-04,136,68,68,0.257,-0.124,28,81,27,22,6,24,0.4282,0.91,1.026,0.059
2021-06-06,56,28,28,0.393,0.179,22,34,0,4,0,10,0.9145,0.0,0.938,0.571
2021-06-07,192,96,96,0.297,-0.073,55,130,7,22,14,40,0.4906,0.53,1.044,0.156
2021-06-08,192,96,96,0.297,-0.094,54,128,10,22,8,34,0.4238,0.46,1.02,-0.312
2021-06-09,192,96,96,0.257,-0.183,48,139,5,20,6,32,0.3254,0.43,1.011,-0.062
2021-06-10,192,96,96,0.282,-0.096,49,125,18,18,14,38,0.3858,0.71,1.056,0.167
2021-06-11,136,68,68,0.326,0.001,42,87,7,12,8,32,0.3894,0.84,1.049,-0.618
2021-06-13,56,28,28,0.321,-0.036,18,38,0,8,0,8,0.5211,0.0,0.998,-0.286
2021-06-14,192,96,96,0.226,-0.258,40,137,15,14,6,38,0.4143,0.5,1.03,0.271
2021-06-15,192,96,96,0.32,-0.007,56,119,17,16,10,52,0.2641,0.52,1.015,0.25
2021-06-16,192,96,96,0.333,0.018,62,124,6,16,4,42,0.3396,1.0,1.075,-0.583
2021-06-17,192,96,96,0.321,-0.025,59,125,8,12,0,46,0.6138,1.29,1.013,-0.75
2021-06-18,136,68,68,0.36,0.128,45,80,11,12,0,28,0.3802,1.54,1.073,-0.441
2021-06-20,56,28,28,0.411,0.232,23,33,0,12,2,10,0.2785,1.0,1.077,-0.286
2021-06-21,192,96,96,0.319,-0.022,59,126,7,16,6,42,0.5098,1.05,0.975,0.479
2021-06-22,192,96,96,0.354,0.062,68,124,0,22,0,48,0.3812,1.06,0.998,-0.042
2021-06-23,192,96,96,0.317,-0.044,60,129,3,14,0,44,0.7697,0.82,1.027,-0.229
2021-06-24,192,96,96,0.258,-0.18,47,135,10,10,6,48,0.2302,0.69,1.022,-0.042
2021-06-25,136,68,68,0.348,0.055,47,88,1,14,8,28,0.241,0.79,1.055,0.353
2021-06-27,56,28,28,0.375,0.125,21,35,0,4,0,10,0.1894,0.07,0.975,-0.571
2021-06-28,192,96,96,0.256,-0.183,46,134,12,22,0,48,0.2735,0.69,1.031,-0.312
2021-06-29,192,96,96,0.291,-0.079,52,127,13,14,4,30,0.5174,0.64,1.0,-0.208
2021-06-30,192,96,96,0.331,0.006,58,117,17,24,10,36,0.2929,0.77,1.011,-0.792
2021-07-01,192,96,96,0.266,-0.134,46,127,19,20,0,38,0.4467,0.7,1.031,-0.438
2021-07-02,136,68,68,0.282,-0.118,37,94,5,10,0,36,0.4253,1.04,1.062,0.059
2021-07-04,56,28,28,0.304,-0.089,17,39,0,0,0,14,0.0,0.0,1.012,-0.286
2021-07-05,192,96,96,0.313,-0.041,56,123,13,18,4,36,0.4274,0.39,1.015,-0.062
2021-07-06,192,96,96,0.302,-0.071,52,120,20,20,0,42,0.3964,0.84,1.02,-0.562
2021-07-07,192,96,96,0.339,0.016,65,127,0,20,22,40,0.3934,0.94,1.045,-0.542
2021-07-08,192,96,96,0.347,0.04,61,115,16,28,8,34,0.3943,0.86,1.02,0.438
2021-07-09,136,68,68,0.313,-0.05,42,92,2,18,10,26,0.3222,0.76,1.012,0.529
2021-07-11,56,28,28,0.268,-0.196,15,41,0,10,6,10,0.2742,0.0,0.984,0.357
2021-07-12,192,96,96,0.369,0.124,69,118,5,16,0,38,0.1888,0.54,1.032,0.021
2021-07-13,192,96,96,0.358,0.068,68,122,2,28,12,44,0.5293,0.81,0.992,-0.792
2021-07-14,192,96,96,0.346,0.061,64,121,7,18,16,38,0.5968,0.54,1.053,0.688
2021-07-15,192,96,96,0.307,-0.069,58,131,3,24,0,40,0.4893,0.56,1.0,-0.083
2021-07-16,136,68,68,0.29,-0.14,38,93,5,18,0,24,0.2487,0.81,1.029,-0.118
2021-07-18,56,28,28,0.214,-0.357,12,44,0,6,4,14,0.164,0.0,0.966,-0.429
2021-07-19,192,96,96,0.285,-0.103,49,123,20,16,0,36,0.5967,0.76,1.045,-0.271
2021-07-20,192,96,96,0.32,-0.017,57,121,14,16,0,40,0.5265,0.85,1.006,-0.188
2021-07-21,192,96,96,0.268,-0.171,49,134,9,14,8,42,0.4002,0.61,1.032,0.25
2021-07-22,192,96,96,0.3,-0.067,54,126,12,20,0,42,0.4209,0.76,1.015,-0.125
2021-07-23,136,68,68,0.234,-0.246,30,98,8,26,8,34,0.4116,0.75,1.042,-0.206
2021-07-25,56,28,28,0.375,0.125,21,35,0,8,4,12,0.4337,0.0,1.025,0.429
2021-07-26,192,96,96,0.296,-0.071,53,126,13,10,0,42,0.4127,0.64,1.019,0.458
2021-07-27,192,96,96,0.349,0.047,67,125,0,20,6,36,0.3922,0.61,1.02,-0.104
2021-07-28,192,96,96,0.366,0.142,67,116,9,24,4,42,0.6099,0.91,1.063,0.208
2021-07-29,192,96,96,0.282,-0.147,53,135,4,30,12,32,0.4156,0.46,1.003,0.729
2021-07-30,136,68,68,0.326,-0.007,43,89,4,16,10,36,0.5548,0.91,1.065,-0.412
2021-08-01,56,28,28,0.214,-0.357,12,44,0,12,6,6,0.4593,0.0,0.878,0.786
2021-08-02,192,96,96,0.278,-0.125,50,130,12,40,20,26,0.3869,0.55,1.033,0.083
2021-08-03,188,94,94,0.285,-0.074,49,123,16,16,0,40,0.6029,0.55,1.006,0.128
2021-08-04,192,96,96,0.316,-0.004,50,108,34,18,6,36,0.38,0.59,1.029,-0.479
2021-08-05,192,96,96,0.337,0.041,63,124,5,24,16,34,0.4056,0.55,1.016,-0.292
2021-08-06,136,68,68,0.336,0.035,44,87,5,28,6,24,0.4282,0.76,1.067,-0.941
2021-08-08,56,28,28,0.357,0.071,20,36,0,0,2,4,0.0,0.29,0.942,-0.571
2021-08-09,192,96,96,0.307,-0.063,58,131,3,32,16,46,0.5203,0.46,1.022,-0.354
2021-08-10,192,96,96,0.254,-0.178,45,132,15,20,8,28,0.4044,0.41,1.021,-0.333
2021-08-11,192,96,96,0.293,-0.105,53,128,11,28,28,36,0.4104,0.51,1.042,0.167
2021-08-12,192,96,96,0.315,-0.031,58,126,8,14,10,42,0.328,0.35,0.983,-0.021
2021-08-13,136,68,68,0.333,0.066,41,82,13,14,2,22,0.6536,0.28,1.055,0.676
2021-08-15,56,28,28,0.411,0.232,23,33,0,4,0,8,0.4549,0.0,0.986,0.786
2021-08-16,192,96,96,0.278,-0.116,50,130,12,18,0,48,0.3593,0.41,1.027,-0.771
2021-08-17,192,96,96,0.36,0.085,67,119,6,16,6,44,0.5694,0.57,1.031,-0.583
2021-08-18,192,96,96,0.391,0.172,75,117,0,16,4,34,0.2799,0.88,1.032,0.021
2021-08-19,192,96,96,0.259,-0.181,48,137,7,34,12,24,0.4116,0.69,0.991,-0.208
2021-08-20,136,68,68,0.316,-0.051,43,93,0,14,2,32,0.4279,0.75,1.01,0.235
2021-08-22,54,27,27,0.37,0.111,20,34,0,2,0,14,0.0,0.0,1.037,1.0
2021-08-23,192,96,96,0.285,-0.139,53,133,6,10,0,42,0.6214,0.47,0.99,0.708
2021-08-24,192,96,96,0.342,0.03,65,125,2,14,6,40,0.4499,0.53,1.045,0.229
2021-08-25,192,96,96,0.355,0.089,66,120,6,10,0,34,0.4691,0.62,1.012,0.167
2021-08-26,192,96,96,0.286,-0.133,53,132,7,14,2,54,0.3215,0.6,1.053,-0.438
2021-08-27,136,68,68,0.248,-0.16,28,85,23,8,2,30,0.2549,0.88,1.062,0.529
2021-08-29,56,28,28,0.286,-0.143,16,40,0,12,12,6,0.3697,0.0,0.952,1.0
2021-08-30,190,95,95,0.326,0.005,60,124,6,16,6,44,0.4236,0.4,1.044,-0.053
2021-08-31,192,96,96,0.281,-0.115,47,120,25,30,12,40,0.5173,0.59,1.0,-0.208
2021-09-01,192,96,96,0.339,0.076,62,121,9,16,10,36,0.4392,0.51,1.016,0.146
2021-09-02,192,96,96,0.375,0.125,72,120,0,18,2,30,0.4033,0.39,1.026,0.792
2021-09-03,136,68,68,0.258,-0.21,32,92,12,22,24,22,0.3935,0.72,1.078,0.059
2021-09-05,56,28,28,0.375,0.125,21,35,0,4,0,10,0.4796,0.0,0.956,-0.857
2021-09-06,192,96,96,0.344,0.031,66,126,0,26,4,28,0.448,0.16,1.017,0.167
2021-09-07,192,96,96,0.298,-0.075,53,125,14,18,0,42,0.4545,0.7,1.017,-0.708
2021-09-08,192,96,96,0.314,-0.053,59,129,4,22,6,54,0.4863,0.49,1.032,-0.521
2021-09-09,192,96,96,0.285,-0.14,53,133,6,12,0,44,0.8026,0.62,1.039,0.0
2021-09-10,136,68,68,0.378,0.141,51,84,1,14,8,22,0.6859,0.68,0.996,-0.147
2021-09-12,56,28,28,0.393,0.179,22,34,0,6,0,14,0.1188,0.0,0.978,-1.0
2021-09-13,192,96,96,0.326,0.007,60,124,8,14,2,52,0.4218,0.43,1.048,0.208
2021-09-14,192,96,96,0.374,0.146,70,117,5,18,6,42,0.3536,0.58,1.018,0.167
2021-09-15,192,96,96,0.283,-0.109,51,129,12,28,24,32,0.4139,0.53,0.989,0.271
2021-09-16,192,96,96,0.321,-0.028,61,129,2,18,14,40,0.2687,0.53,1.047,-0.542
2021-09-17,136,68,68,0.305,-0.014,40,91,5,10,0,22,0.3144,0.75,1.02,0.059
2021-09-19,56,28,28,0.411,0.232,23,33,0,10,6,20,0.4277,0.0,1.01,-1.0
2021-09-20,192,96,96,0.258,-0.194,48,138,6,26,12,34,0.4293,0.43,1.013,0.25
2021-09-21,192,96,96,0.321,-0.014,59,125,8,34,4,26,0.3873,0.49,1.02,-0.125
2021-09-22,192,96,96,0.279,-0.11,51,132,9,14,12,40,0.395,0.77,1.092,0.0
2021-09-23,192,96,96,0.315,-0.025,56,122,14,18,2,36,0.3412,0.69,0.982,0.708
2021-09-24,136,68,68,0.298,-0.021,37,87,12,10,0,28,0.3679,0.62,1.042,-0.882
2021-09-26,56,28,28,0.196,-0.411,11,45,0,10,8,10,0.4314,0.0,1.017,1.0
2021-09-27,192,96,96,0.357,0.095,66,119,7,14,12,34,0.4481,0.55,1.02,-0.583
2021-09-28,192,96,96,0.271,-0.132,45,121,26,18,6,44,0.2154,0.79,1.04,-0.062
2021-09-29,192,96,96,0.367,0.085,69,119,4,14,0,30,0.6078,0.85,1.026,-0.562
2021-09-30,192,96,96,0.376,0.141,70,116,6,12,0,42,0.3286,0.96,1.036,-0.375
2021-10-01,136,68,68,0.227,-0.31,29,99,8,18,8,20,0.3153,0.88,1.019,0.912
2021-10-03,56,28,28,0.321,-0.036,18,38,0,0,0,14,0.0,0.0,1.008,0.071
2021-10-04,192,96,96,0.337,0.026,64,126,2,10,0,38,0.5819,0.53,1.004,-0.208
2021-10-05,192,96,96,0.318,-0.047,61,131,0,18,0,32,0.3253,0.5,1.013,-0.583
2021-10-06,192,96,96,0.297,-0.036,51,121,20,26,14,38,0.5034,0.77,1.01,-0.188
2021-10-07,192,96,96,0.321,-0.021,59,125,8,20,2,44,0.4466,0.44,1.038,-0.021
2021-10-08,136,68,68,0.346,0.034,44,83,9,8,0,30,0.471,0.79,1.032,0.294
2021-10-10,56,28,28,0.25,-0.25,14,42,0,10,2,10,0.1769,0.0,0.976,0.357
2021-10-11,192,96,96,0.385,0.156,74,118,0,8,2,44,0.4779,0.39,0.996,-0.333
2021-10-12,192,96,96,0.365,0.094,70,122,0,10,0,44,0.2447,0.54,1.023,-0.146
2021-10-13,192,96,96,0.319,-0.039,60,128,4,18,2,42,0.438,0.61,1.02,0.812
2021-10-14,192,96,96,0.326,0.002,61,126,5,8,0,46,0.0358,0.41,1.022,0.062
2021-10-15,136,68,68,0.294,-0.118,40,96,0,12,10,36,0.3701,0.69,1.058,-0.029
2021-10-17,56,28,28,0.375,0.125,21,35,0,2,0,18,0.0,0.0,0.964,-0.214
2021-10-18,192,96,96,0.37,0.109,71,121,0,20,16,52,0.2438,0.55,1.037,0.542
2021-10-19,190,95,95,0.319,-0.033,59,126,5,20,0,38,0.5273,0.56,1.005,-0.053
2021-10-20,192,96,96,0.38,0.169,71,116,5,6,0,38,0.4409,0.52,0.999,0.521
2021-10-21,192,96,96,0.239,-0.264,45,143,4,42,18,28,0.4606,0.47,1.002,-0.562
2021-10-22,136,68,68,0.271,-0.148,36,97,3,12,6,28,0.3308,0.84,1.066,0.382
2021-10-24,56,28,28,0.286,-0.143,16,40,0,2,0,20,0.3409,0.0,1.035,1.0
2021-10-25,192,96,96,0.315,-0.025,57,124,11,14,0,54,0.4236,0.52,0.995,-0.667
2021-10-26,192,96,96,0.319,-0.035,61,130,1,28,10,40,0.5888,0.44,1.001,-0.083
2021-10-27,192,96,96,0.385,0.156,74,118,0,8,0,40,0.5834,0.68,1.07,0.0
2021-10-28,192,96,96,0.315,0.009,52,113,27,30,22,38,0.2868,0.88,1.015,0.438
2021-10-29,136,68,68,0.367,0.132,44,76,16,10,0,40,0.2101,1.07,1.096,-1.0
2021-10-31,64,32,32,0.375,0.125,24,40,0,2,0,12,0.8634,0.06,0.881,-1.0
2021-11-01,192,96,96,0.295,-0.116,56,134,2,30,12,38,0.4339,0.55,1.013,0.562
2021-11-02,192,96,96,0.22,-0.286,38,135,19,12,4,40,0.5131,0.71,0.991,-0.292
2021-11-03,192,96,96,0.347,0.058,66,124,2,30,14,46,0.3432,0.8,1.043,0.438
2021-11-04,192,96,96,0.331,-0.013,60,121,11,14,6,38,0.2899,0.66,1.023,-0.521
2021-11-05,128,64,64,0.272,-0.167,34,91,3,8,0,30,0.6424,1.08,1.072,0.188
2021-11-07,56,28,28,0.304,-0.089,17,39,0,4,0,4,0.0,0.25,0.841,0.0
2021-11-08,192,96,96,0.309,-0.032,56,125,11,24,12,36,0.3413,0.54,1.041,0.604
2021-11-09,192,96,96,0.341,0.03,61,118,13,18,2,40,0.4686,0.7,1.0,0.042
2021-11-10,192,96,96,0.301,-0.081,56,130,6,12,0,40,0.428,1.1,1.047,-0.979
2021-11-11,192,96,96,0.342,0.042,65,125,2,22,6,26,0.3662,0.85,0.966,-0.771
2021-11-12,136,68,68,0.312,0.004,40,88,8,18,2,36,0.4912,0.82,1.058,0.147
2021-11-14,56,28,28,0.286,-0.143,16,40,0,6,14,16,0.4184,0.0,0.986,0.071
2021-11-15,192,96,96,0.339,0.016,65,127,0,26,12,44,0.5076,1.01,1.033,-0.542
2021-11-16,192,96,96,0.337,0.023,64,126,2,8,0,44,0.4086,1.01,1.081,-0.792
2021-11-17,192,96,96,0.362,0.107,68,120,4,36,12,32,0.4197,1.3,0.955,0.479
2021-11-18,192,96,96,0.332,0.0,63,127,2,16,6,42,0.2916,0.75,0.995,0.438
2021-11-19,136,68,68,0.441,0.324,60,76,0,8,0,38,0.4274,1.4,1.072,-0.676
2021-11-21,56,28,28,0.321,-0.036,18,38,0,2,0,12,0.0,0.79,1.048,-1.0
2021-11-22,192,96,96,0.284,-0.14,54,136,2,12,8,28,0.4451,1.06,0.993,-0.562
2021-11-23,192,96,96,0.365,0.094,70,122,0,20,0,32,0.5057,0.96,1.035,-0.375
2021-11-24,192,96,96,0.319,-0.005,58,124,10,18,10,42,0.335,0.9,0.998,-0.042
2021-11-25,192,96,96,0.305,-0.079,58,132,2,34,10,28,0.4738,0.52,1.063,0.229
2021-11-26,136,68,68,0.346,0.037,47,89,0,12,0,28,0.6523,1.63,1.093,1.0
2021-11-28,56,28,28,0.393,0.179,22,34,0,4,0,6,0.0,1.29,0.845,-0.786
2021-11-29,192,96,96,0.359,0.078,69,123,0,18,0,32,0.4793,0.73,1.001,0.062
2021-11-30,192,96,96,0.37,0.14,68,116,8,16,4,40,0.4052,1.42,1.048,0.354
2021-12-01,192,96,96,0.291,-0.123,55,134,3,10,4,40,0.5825,1.14,1.022,-0.125
2021-12-02,192,96,96,0.265,-0.157,48,133,11,22,4,46,0.3572,0.77,1.015,-0.521
2021-12-03,136,68,68,0.328,-0.019,44,90,2,10,6,24,0.2131,1.28,1.061,0.059
2021-12-05,56,28,28,0.393,0.179,22,34,0,2,0,10,0.0,0.64,0.846,-0.714
2021-12-06,192,96,96,0.258,-0.167,47,135,10,34,20,38,0.3613,0.72,1.012,-0.125
2021-12-07,192,96,96,0.354,0.062,68,124,0,16,8,32,0.5362,0.85,1.017,0.146
2021-12-08,192,96,96,0.332,0.018,62,125,5,32,14,36,0.702,0.85,1.032,0.354
2021-12-09,192,96,96,0.267,-0.116,48,132,12,22,0,40,0.5023,0.66,1.002,-0.562
2021-12-10,136,68,68,0.312,0.008,39,86,11,18,0,24,0.4827,1.06,1.059,0.176
2021-12-12,54,27,27,0.352,0.056,19,35,0,6,6,18,0.5955,0.04,0.972,-0.259
2021-12-13,192,96,96,0.37,0.109,71,121,0,14,2,62,0.4936,0.73,1.039,-0.417
2021-12-14,192,96,96,0.333,0.004,63,126,3,12,0,46,0.5865,0.59,0.989,-0.25
2021-12-15,192,96,96,0.318,-0.024,56,120,16,24,0,44,0.4428,1.07,1.047,0.271
2021-12-16,192,96,96,0.423,0.28,80,109,3,12,8,36,0.4094,0.78,1.022,0.458
2021-12-17,136,68,68,0.434,0.301,59,77,0,14,0,44,0.6218,1.16,1.064,-0.529
2021-12-19,56,28,28,0.375,0.125,21,35,0,8,0,12,0.6062,0.11,0.913,-0.571
2021-12-20,192,96,96,0.315,-0.047,58,126,8,18,4,28,0.3793,0.72,0.98,0.417
2021-12-21,192,96,96,0.354,0.062,68,124,0,26,8,32,0.5632,0.71,1.038,0.083
2021-12-22,192,96,96,0.335,0.028,63,125,4,24,6,32,0.4791,0.88,0.977,0.521
2021-12-23,192,96,96,0.354,0.072,63,115,14,12,0,40,0.4638,0.69,1.066,-0.125
2021-12-24,136,68,68,0.343,0.038,46,88,2,16,0,44,0.435,0.59,1.146,-0.176
2021-12-26,56,28,28,0.218,-0.338,12,43,1,0,0,8,0.0,0.96,0.648,0.714
2021-12-27,190,95,95,0.283,-0.113,51,129,10,12,8,42,0.3709,0.43,1.036,0.074
2021-12-28,192,96,96,0.357,0.085,65,117,10,22,0,44,0.5146,0.54,1.029,-0.208
2021-12-29,192,96,96,0.384,0.15,73,117,2,8,0,44,0.4258,0.7,1.019,0.229
2021-12-30,192,96,96,0.337,0.024,62,122,8,14,2,50,0.4788,0.82,1.001,-0.104
2021-12-31,136,68,68,0.338,0.015,46,90,0,10,10,38,0.3129,1.26,1.119,0.559
2022-01-02,56,28,28,0.375,0.125,21,35,0,2,0,10,0.0,0.89,0.984,-0.786
2022-01-03,192,96,96,0.274,-0.143,51,135,6,24,10,42,0.355,0.94,1.012,-0.312
2022-01-04,192,96,96,0.283,-0.132,51,129,12,4,0,50,0.0156,1.08,0.992,-0.292
2022-01-05,192,96,96,0.293,-0.112,55,133,4,32,10,46,0.5169,0.99,1.035,0.333
2022-01-06,192,96,96,0.27,-0.135,47,127,18,18,8,42,0.3517,1.08,0.996,-0.229
2022-01-07,136,68,68,0.295,-0.071,38,91,7,16,10,18,0.597,0.91,1.057,0.706
2022-01-09,56,28,28,0.339,0.018,19,37,0,4,0,10,0.3769,0.0,0.978,-0.071
2022-01-10,192,96,96,0.333,0.024,63,126,3,22,10,30,0.4978,0.81,1.007,0.042
2022-01-11,192,96,96,0.255,-0.19,47,137,8,34,18,42,0.4547,0.76,1.003,0.521
2022-01-12,192,96,96,0.272,-0.138,49,131,12,28,6,36,0.3366,0.78,1.058,0.479
2022-01-13,192,96,96,0.255,-0.215,47,137,8,10,0,44,0.4351,0.95,1.028,0.229
2022-01-14,136,68,68,0.336,0.045,43,85,8,12,0,26,0.647,1.06,1.028,-0.676
2022-01-16,56,28,28,0.304,-0.089,17,39,0,6,0,12,0.4459,0.07,0.934,-0.429
2022-01-17,192,96,96,0.33,0.051,59,120,13,20,16,48,0.36,0.67,1.08,0.021
2022-01-18,190,95,95,0.342,0.049,63,121,6,34,24,42,0.458,1.11,0.959,-0.916
2022-01-19,192,96,96,0.266,-0.188,50,138,4,26,12,40,0.5436,0.73,1.028,0.729
2022-01-20,192,96,96,0.359,0.078,69,123,0,14,0,48,0.5181,0.96,1.016,-0.542
2022-01-21,136,68,68,0.333,0.075,43,86,7,18,10,22,0.3222,0.87,1.04,0.706
2022-01-23,56,28,28,0.393,0.179,22,34,0,6,0,6,0.4829,0.0,0.9,-1.0
2022-01-24,192,96,96,0.347,0.058,66,124,2,18,14,54,0.2527,0.95,1.036,-0.271
2022-01-25,192,96,96,0.354,0.062,68,124,0,24,14,44,0.2644,0.67,0.999,0.021
2022-01-26,192,96,96,0.335,0.014,64,127,1,26,18,38,0.5657,0.77,1.062,-0.646
2022-01-27,192,96,96,0.32,0.035,56,119,17,24,0,36,0.3942,1.05,0.986,-0.688
2022-01-28,136,68,68,0.21,-0.317,26,98,12,8,6,40,0.6034,1.4,1.08,-0.088
2022-01-30,54,27,27,0.352,0.056,19,35,0,6,0,10,0.4843,0.67,0.895,0.407
2022-01-31,190,95,95,0.33,0.002,62,126,2,12,4,40,0.6817,0.89,1.044,0.642
2022-02-01,192,96,96,0.332,0.01,62,125,5,18,4,40,0.3444,1.02,0.972,0.625
2022-02-02,192,96,96,0.342,0.026,63,121,8,16,8,42,0.533,0.81,1.076,0.188
2022-02-03,192,96,96,0.324,0.032,59,123,10,10,0,32,0.145,1.12,1.057,0.292
2022-02-04,136,68,68,0.291,-0.083,37,90,9,10,0,26,0.3052,1.63,1.008,0.294
2022-02-06,56,28,28,0.429,0.286,24,32,0,2,0,10,0.6044,0.93,0.905,-0.143
2022-02-07,192,96,96,0.288,-0.131,55,136,1,24,6,34,0.2813,1.12,1.007,-0.042
2022-02-08,192,96,96,0.302,-0.085,57,132,3,20,2,40,0.4234,1.0,1.012,0.125
2022-02-09,192,96,96,0.328,-0.016,63,129,0,22,10,48,0.3405,0.79,1.02,0.021
2022-02-10,192,96,96,0.365,0.094,70,122,0,12,2,50,0.5927,1.47,1.062,0.021
2022-02-11,136,68,68,0.299,-0.09,38,89,9,22,8,22,0.6106,1.74,1.081,-0.235
2022-02-13,56,28,28,0.255,-0.233,14,41,1,2,0,6,0.1359,1.29,0.738,-0.643
2022-02-14,192,96,96,0.323,-0.04,61,128,3,22,0,34,0.635,1.25,1.018,-0.5
2022-02-15,192,96,96,0.312,0.006,55,121,16,26,16,26,0.5369,1.05,0.992,0.521
2022-02-16,192,96,96,0.328,-0.016,63,129,0,16,0,38,0.2548,1.31,1.16,0.292
2022-02-17,192,96,96,0.226,-0.208,35,120,37,22,14,38,0.5311,1.32,0.909,-0.229
2022-02-18,136,68,68,0.316,-0.051,43,93,0,16,2,36,0.2321,1.1,1.07,-0.441
2022-02-20,56,28,28,0.393,0.179,22,34,0,6,0,10,0.6526,0.96,0.964,0.071
2022-02-21,192,96,96,0.37,0.109,71,121,0,14,0,32,0.5021,1.23,1.047,-0.542
2022-02-22,192,96,96,0.227,-0.29,42,143,7,22,6,34,0.3612,1.26,0.971,-0.021
2022-02-23,192,96,96,0.375,0.125,72,120,0,18,12,48,0.3921,1.08,1.141,-0.396
2022-02-24,192,96,96,0.376,0.137,70,116,6,22,6,36,0.4513,1.93,0.966,-0.104
2022-02-25,136,68,68,0.301,-0.096,41,95,0,18,0,28,0.4534,1.82,1.003,0.441
2022-02-27,56,28,28,0.304,-0.089,17,39,0,4,0,2,0.3428,2.0,0.736,-1.0
2022-02-28,190,95,95,0.328,0.028,58,119,13,6,0,46,0.0831,1.51,0.998,0.347
2022-03-01,192,96,96,0.339,0.021,62,121,9,10,2,42,0.4318,1.64,1.031,-0.521
2022-03-02,192,96,96,0.319,-0.017,59,126,7,22,0,42,0.4479,1.62,1.005,-0.292
2022-03-03,192,96,96,0.385,0.156,74,118,0,32,12,24,0.4191,1.54,1.091,-0.792
2022-03-04,136,68,68,0.235,-0.294,32,104,0,12,0,22,0.4036,1.79,1.043,-0.941
2022-03-06,56,28,28,0.411,0.232,23,33,0,0,0,10,0.1859,2.0,1.019,-0.786
2022-03-07,192,96,96,0.315,-0.031,58,126,8,18,14,28,0.4089,1.9,0.97,-0.042
2022-03-08,192,96,96,0.271,-0.152,49,132,11,22,2,34,0.523,1.64,1.02,0.271
2022-03-09,192,96,96,0.332,0.018,62,125,5,16,0,48,0.368,1.68,1.03,0.604
2022-03-10,192,96,96,0.265,-0.159,48,133,11,24,0,38,0.4284,1.65,1.023,-0.333
2022-03-11,136,68,68,0.346,0.041,46,87,3,16,8,28,0.4961,1.76,1.011,-0.353
2022-03-13,64,32,32,0.297,-0.109,19,45,0,2,0,10,0.4194,1.66,0.967,-0.188
2022-03-14,192,96,96,0.328,-0.016,63,129,0,20,6,38,0.4844,1.83,1.007,0.354
2022-03-15,192,96,96,0.354,0.062,68,124,0,10,0,26,0.5389,1.54,0.993,0.188
2022-03-16,192,96,96,0.285,-0.126,53,133,6,10,0,56,0.2915,1.69,1.071,0.792
2022-03-17,192,96,96,0.354,0.062,68,124,0,18,6,40,0.633,1.47,1.015,0.292
2022-03-18,128,64,64,0.336,0.078,38,75,15,22,0,28,0.4641,1.72,1.013,-0.375
2022-03-20,64,32,32,0.312,-0.062,20,44,0,14,2,10,0.4897,0.81,0.883,-0.25
2022-03-21,192,96,96,0.297,-0.109,57,135,0,26,4,36,0.4599,1.3,1.076,-0.562
2022-03-22,192,96,96,0.379,0.144,72,118,2,24,24,36,0.4119,1.34,0.968,0.417
2022-03-23,192,96,96,0.278,-0.131,52,135,5,24,6,38,0.4405,1.05,1.039,-0.083
2022-03-24,190,95,95,0.295,-0.116,56,134,0,18,16,42,0.4941,1.26,1.026,0.453
2022-03-25,128,64,64,0.367,0.102,47,81,0,20,4,18,0.3975,1.62,0.996,-0.594
2022-03-27,48,24,24,0.333,0.0,16,32,0,4,0,8,0.4992,0.58,1.06,-1.0
2022-03-28,192,96,96,0.286,-0.141,55,137,0,20,0,52,0.5134,1.39,1.023,0.375
2022-03-29,192,96,96,0.31,-0.057,57,127,8,18,12,34,0.2978,1.49,1.02,0.5
2022-03-30,192,96,96,0.364,0.1,67,117,8,28,8,50,0.3345,1.28,1.018,0.958
2022-03-31,192,96,96,0.291,-0.043,50,122,20,18,14,44,0.4982,1.35,1.018,-0.896
2022-04-01,136,68,68,0.307,-0.043,39,88,9,10,0,26,0.4753,1.56,1.038,-0.853
2022-04-03,56,28,28,0.321,-0.036,18,38,0,6,0,12,0.2183,0.32,0.902,0.286
2022-04-04,192,96,96,0.243,-0.24,45,140,7,16,10,42,0.4918,0.97,1.014,-0.792
2022-04-05,192,96,96,0.401,0.203,77,115,0,14,0,42,0.6583,1.01,1.058,-0.708
2022-04-06,190,95,95,0.337,0.034,63,124,3,8,0,28,0.2352,1.37,1.02,-0.074
2022-04-07,192,96,96,0.356,0.076,68,123,1,18,0,32,0.5643,1.32,1.02,-0.354
2022-04-08,136,68,68,0.404,0.213,55,81,0,16,0,32,0.3925,1.46,1.017,0.176
2022-04-10,56,28,28,0.25,-0.25,14,42,0,0,0,12,0.0,1.5,0.921,0.5
2022-04-11,192,96,96,0.281,-0.13,52,133,7,12,0,36,0.3474,1.3,0.992,-0.521
2022-04-12,192,96,96,0.307,-0.078,59,133,0,10,2,42,0.5849,1.17,1.056,-0.479
2022-04-13,192,96,96,0.333,0.0,64,128,0,24,12,36,0.5319,1.33,1.008,0.521
2022-04-14,192,96,96,0.341,0.059,60,116,16,20,2,38,0.3977,1.27,1.041,-0.167
2022-04-15,136,68,68,0.309,-0.074,42,94,0,22,4,22,0.326,0.21,0.967,-0.382
2022-04-17,56,28,28,0.304,-0.089,17,39,0,6,8,16,0.2741,0.71,1.134,-0.357
2022-04-18,192,96,96,0.328,-0.017,62,127,3,22,14,26,0.4273,0.92,1.013,-0.646
2022-04-19,192,96,96,0.285,-0.098,51,128,13,12,8,34,0.4243,1.3,1.041,0.125
2022-04-20,192,96,96,0.316,-0.03,59,128,5,20,8,32,0.3618,1.36,0.985,0.562
2022-04-21,192,96,96,0.324,0.03,56,117,19,22,8,26,0.3864,1.53,1.012,-0.292
2022-04-22,136,68,68,0.412,0.235,56,80,0,8,0,22,0.4337,1.66,1.04,-0.324
2022-04-24,56,28,28,0.357,0.071,20,36,0,4,0,8,0.209,1.0,0.967,0.286
2022-04-25,192,96,96,0.308,-0.035,56,126,10,30,6,36,0.378,1.42,1.03,-0.688
2022-04-26,192,96,96,0.332,0.026,61,123,8,24,16,36,0.4641,1.31,1.035,-0.75
2022-04-27,192,96,96,0.379,0.136,72,118,2,18,6,44,0.4606,1.49,1.062,-0.729
2022-04-28,192,96,96,0.28,-0.132,51,131,10,20,0,42,0.5062,1.55,1.0,-0.292
2022-04-29,136,68,68,0.404,0.213,55,81,0,8,0,28,0.5646,1.88,1.011,0.382
2022-05-01,56,28,28,0.232,-0.304,13,43,0,4,0,10,0.0375,1.61,0.951,-1.0
2022-05-02,190,95,95,0.328,-0.019,62,127,1,24,8,38,0.5523,1.49,1.01,-0.242
2022-05-03,192,96,96,0.294,-0.063,52,125,15,14,0,40,0.6659,1.46,1.01,-0.333
2022-05-04,192,96,96,0.33,0.041,59,120,13,24,16,42,0.5048,1.72,1.099,0.688
2022-05-05,192,96,96,0.349,0.047,67,125,0,26,10,44,0.3748,1.8,1.02,-0.438
2022-05-06,136,68,68,0.371,0.108,49,83,4,8,0,34,0.8317,1.9,1.045,0.088
2022-05-08,54,27,27,0.333,0.0,18,36,0,4,0,12,0.4165,1.3,0.994,-1.0
2022-05-09,192,96,96,0.319,-0.003,59,126,7,14,0,42,0.1914,1.65,1.015,0.292
2022-05-10,192,96,96,0.236,-0.197,37,120,35,22,8,34,0.2769,1.33,1.012,-0.604
2022-05-11,192,96,96,0.261,-0.129,46,130,16,18,2,28,0.5284,1.45,1.051,0.042
2022-05-12,192,96,96,0.328,0.028,60,123,9,24,22,36,0.3143,1.47,1.023,-0.75
2022-05-13,136,68,68,0.276,-0.086,34,89,13,14,0,24,0.5555,1.69,1.025,0.353
2022-05-15,56,28,28,0.339,0.018,19,37,0,16,4,14,0.5632,1.25,1.008,0.357
2022-05-16,192,96,96,0.328,-0.016,63,129,0,28,18,40,0.4096,1.29,1.017,0.646
2022-05-17,192,96,96,0.274,-0.154,51,135,6,20,8,32,0.3626,1.49,1.023,0.812
2022-05-18,192,96,96,0.34,0.017,65,126,1,20,0,30,0.5927,1.44,1.023,-0.604
2022-05-19,192,96,96,0.404,0.22,76,112,4,22,0,42,0.4015,1.45,1.013,0.375
2022-05-20,136,68,68,0.36,0.081,49,87,0,12,0,32,0.4709,1.82,1.03,-0.265
2022-05-22,56,28,28,0.357,0.071,20,36,0,0,0,14,0.0,1.04,0.924,1.0
2022-05-23,192,96,96,0.304,-0.09,58,133,1,16,10,46,0.4936,1.43,1.013,0.667
2022-05-24,192,96,96,0.29,-0.124,54,132,6,22,0,36,0.365,1.41,1.04,0.458
2022-05-25,192,96,96,0.344,0.031,66,126,0,18,2,42,0.4439,1.59,1.038,-0.062
2022-05-26,192,96,96,0.375,0.125,72,120,0,14,0,42,0.3339,1.34,1.005,0.604
2022-05-27,136,68,68,0.425,0.294,57,77,2,20,0,28,0.4489,1.57,0.998,-0.235
2022-05-29,56,28,28,0.321,-0.036,18,38,0,8,2,12,0.498,0.43,1.079,1.0
2022-05-30,192,96,96,0.353,0.059,67,123,2,22,0,42,0.5674,1.1,1.033,0.396
2022-05-31,192,96,96,0.317,-0.034,59,127,6,28,10,38,0.4312,1.33,1.02,-0.229
2022-06-01,192,96,96,0.304,-0.051,52,119,21,26,10,32,0.2752,1.34,1.018,-0.479
2022-06-02,192,96,96,0.339,0.057,63,123,6,22,0,38,0.4283,1.1,1.018,0.979
2022-06-03,136,68,68,0.242,-0.222,29,91,16,14,8,26,0.6341,1.07,1.013,-0.632
2022-06-05,54,27,27,0.296,-0.111,16,38,0,8,0,10,0.6743,0.63,1.046,-0.111
2022-06-06,192,96,96,0.413,0.26,78,111,3,32,8,46,0.4381,1.02,1.041,-0.417
2022-06-07,192,96,96,0.31,-0.056,57,127,8,24,8,50,0.2957,1.32,1.027,0.021
2022-06-08,192,96,96,0.325,-0.025,62,129,1,12,0,30,0.3786,1.1,1.013,-0.167
2022-06-09,192,96,96,0.346,0.094,62,117,13,20,8,34,0.4868,1.27,1.029,-0.396
2022-06-10,136,68,68,0.36,0.081,49,87,0,10,0,28,0.6887,1.57,1.061,-0.529
2022-06-12,56,28,28,0.321,-0.036,18,38,0,8,0,12,0.6475,1.5,0.982,-1.0
2022-06-13,192,96,96,0.302,-0.094,58,134,0,14,0,50,0.2873,1.76,1.065,-0.917
2022-06-14,192,96,96,0.365,0.094,70,122,0,8,4,32,0.4269,1.71,0.976,0.125
2022-06-15,190,95,95,0.313,-0.005,56,123,11,10,2,48,0.3671,1.85,1.076,0.242
2022-06-16,192,96,96,0.359,0.078,69,123,0,14,6,36,0.6605,1.75,1.039,-0.062
2022-06-17,136,68,68,0.385,0.164,52,83,1,10,0,22,0.3566,2.0,0.983,-0.647
2022-06-19,56,28,28,0.393,0.179,22,34,0,8,0,10,0.4528,1.54,1.003,0.571
2022-06-20,192,96,96,0.349,0.047,67,125,0,26,6,34,0.5203,1.41,0.992,0.354
2022-06-21,192,96,96,0.339,0.016,65,127,0,18,4,40,0.2926,1.4,1.017,-0.229
2022-06-22,192,96,96,0.357,0.099,66,119,7,16,0,46,0.4533,1.5,1.076,0.083
2022-06-23,192,96,96,0.257,-0.146,46,133,13,26,14,40,0.3849,1.52,1.002,0.062
2022-06-24,136,68,68,0.305,-0.047,40,91,5,16,6,38,0.2978,1.59,1.047,0.529
2022-06-26,56,28,28,0.357,0.071,20,36,0,6,0,10,0.3956,1.0,0.956,0.714
2022-06-27,192,96,96,0.308,-0.041,57,128,7,18,0,38,0.3253,1.32,1.015,0.104
2022-06-28,192,96,96,0.284,-0.117,50,126,16,28,12,34,0.3998,1.38,1.023,-0.375
2022-06-29,192,96,96,0.278,-0.169,52,135,5,24,16,48,0.5313,1.35,1.022,-0.458
2022-06-30,192,96,96,0.365,0.122,66,115,11,20,0,34,0.5192,1.41,1.034,0.062
2022-07-01,136,68,68,0.331,-0.007,45,91,0,16,6,32,0.2547,1.81,1.022,-0.544
2022-07-03,56,28,28,0.268,-0.196,15,41,0,10,6,16,0.2633,1.0,0.986,0.929
2022-07-04,192,96,96,0.344,0.062,63,120,9,22,18,42,0.4963,1.12,1.004,0.021
2022-07-05,192,96,96,0.363,0.129,66,116,10,22,6,40,0.5846,1.53,1.059,-0.312
2022-07-06,192,96,96,0.315,-0.001,57,124,11,18,10,36,0.3827,1.57,1.02,-0.542
2022-07-07,192,96,96,0.401,0.203,77,115,0,22,6,46,0.3908,1.45,1.006,-0.271
2022-07-08,136,68,68,0.242,-0.219,31,97,8,12,8,28,0.5949,1.81,0.997,0.176
2022-07-10,56,28,28,0.393,0.179,22,34,0,0,0,10,0.0,1.0,1.045,-0.286
2022-07-11,192,96,96,0.328,-0.016,63,129,0,14,6,34,0.4065,1.7,1.056,-1.0
2022-07-12,192,96,96,0.318,-0.047,61,131,0,30,10,28,0.4895,1.6,1.0,-0.271
2022-07-13,192,96,96,0.421,0.28,80,110,2,22,10,38,0.4075,1.66,1.06,-0.042
2022-07-14,192,96,96,0.337,0.022,60,118,14,20,10,50,0.496,1.59,1.019,0.146
2022-07-15,136,68,68,0.279,-0.145,36,93,7,18,10,24,0.4732,1.69,1.011,0.735
2022-07-17,56,28,28,0.357,0.071,20,36,0,4,0,16,0.5013,0.79,1.028,1.0
2022-07-18,192,96,96,0.375,0.125,72,120,0,22,6,52,0.4723,1.46,1.036,0.042
2022-07-19,192,96,96,0.28,-0.078,46,118,28,8,0,44,0.6731,1.58,0.989,0.458
2022-07-20,192,96,96,0.391,0.172,75,117,0,12,0,38,0.5703,1.42,1.036,-0.333
2022-07-21,192,96,96,0.367,0.112,66,114,12,12,6,54,0.3812,1.61,1.054,-0.104
2022-07-22,136,68,68,0.39,0.169,53,83,0,4,0,30,0.0928,1.82,1.048,-0.176
2022-07-24,56,28,28,0.411,0.232,23,33,0,6,0,10,0.3798,1.29,0.965,0.0
2022-07-25,190,95,95,0.301,-0.08,56,130,4,16,18,36,0.2731,1.34,1.028,0.032
2022-07-26,192,96,96,0.378,0.148,70,115,7,18,6,40,0.5487,1.51,1.004,-0.5
2022-07-27,192,96,96,0.286,-0.108,52,130,10,28,4,40,0.3869,1.76,1.068,0.396
2022-07-28,192,96,96,0.349,0.047,67,125,0,26,8,30,0.3794,1.56,1.029,0.229
2022-07-29,136,68,68,0.353,0.059,48,88,0,8,0,36,0.3533,1.94,0.965,0.353
2022-07-31,56,28,28,0.268,-0.196,15,41,0,10,6,14,0.4716,1.39,0.998,0.929
2022-08-01,192,96,96,0.263,-0.211,50,140,2,20,0,24,0.4983,1.45,1.066,0.521
2022-08-02,190,95,95,0.342,0.026,65,125,0,16,0,38,0.4797,1.62,1.014,-0.684
2022-08-03,192,96,96,0.352,0.09,64,118,10,20,8,34,0.3298,1.5,0.976,0.229
2022-08-04,192,96,96,0.279,-0.15,51,132,9,28,4,24,0.3687,1.3,1.013,0.583
2022-08-05,136,68,68,0.31,-0.039,39,87,10,22,6,14,0.3719,1.5,1.058,-0.794
2022-08-07,54,27,27,0.389,0.167,21,33,0,4,0,8,0.6002,0.93,0.891,-0.481
2022-08-08,192,96,96,0.299,-0.052,53,124,15,28,16,30,0.5328,1.12,0.994,0.312
2022-08-09,192,96,96,0.355,0.067,66,120,6,8,0,48,0.5738,0.95,1.039,0.042
2022-08-10,192,96,96,0.34,0.031,65,126,1,14,0,44,0.6379,1.17,1.049,0.062
2022-08-11,192,96,96,0.245,-0.221,45,139,8,14,0,46,0.6255,1.46,1.009,-0.208
2022-08-12,136,68,68,0.317,-0.017,40,86,10,16,2,26,0.5522,1.53,1.03,-0.706
2022-08-14,56,28,28,0.196,-0.411,11,45,0,16,16,14,0.4398,0.43,1.048,-0.857
2022-08-15,192,96,96,0.354,0.062,68,124,0,14,12,36,0.4339,1.29,1.007,-0.875
2022-08-16,192,96,96,0.333,0.022,59,118,15,20,12,48,0.4942,1.2,1.047,0.396
2022-08-17,190,95,95,0.342,0.026,65,125,0,26,18,32,0.2936,1.45,1.033,0.221
2022-08-18,192,96,96,0.277,-0.165,53,138,1,14,2,32,0.4869,1.28,1.029,-0.75
2022-08-19,136,68,68,0.336,0.053,44,87,5,18,8,32,0.5174,1.63,1.002,-0.676
2022-08-21,56,28,28,0.446,0.339,25,31,0,12,12,12,0.4316,0.71,1.03,-0.714
2022-08-22,192,96,96,0.373,0.15,66,111,15,12,0,48,0.44,1.35,1.02,-0.729
2022-08-23,192,96,96,0.31,-0.012,57,127,8,22,8,36,0.3349,1.35,1.045,-0.042
2022-08-24,192,96,96,0.295,-0.098,56,134,2,22,18,40,0.4146,1.41,1.031,0.146
2022-08-25,192,96,96,0.329,0.006,57,116,19,12,0,44,0.2621,1.35,1.01,-0.125
2022-08-26,136,68,68,0.422,0.277,57,78,1,10,0,30,0.3625,1.65,1.07,-0.059
2022-08-28,56,28,28,0.25,-0.25,14,42,0,0,0,6,0.0,1.36,1.018,-1.0
2022-08-29,192,96,96,0.34,0.029,64,124,4,6,0,52,0.5968,1.44,1.032,0.375
2022-08-30,192,96,96,0.326,0.008,56,116,20,18,6,44,0.3931,1.46,1.02,0.417
2022-08-31,192,96,96,0.358,0.114,67,120,5,14,2,36,0.3528,1.52,1.032,0.104
2022-09-01,192,96,96,0.388,0.173,66,104,22,22,0,24,0.44,1.36,0.992,-0.458
2022-09-02,136,68,68,0.346,0.037,47,89,0,18,0,18,0.7083,1.69,1.081,0.471
2022-09-04,56,28,28,0.375,0.125,21,35,0,6,0,6,0.4809,1.93,0.89,-1.0
2022-09-05,192,96,96,0.287,-0.099,52,129,11,20,8,42,0.4113,1.33,1.017,0.688
2022-09-06,192,96,96,0.372,0.144,70,118,4,18,0,48,0.5993,1.55,1.027,-0.646
2022-09-07,192,96,96,0.328,-0.016,63,129,0,14,0,42,0.2492,1.59,0.987,0.375
2022-09-08,192,96,96,0.413,0.249,78,111,3,18,0,46,0.6162,1.49,1.087,0.417
2022-09-09,136,68,68,0.353,0.059,48,88,0,12,0,20,0.1433,1.9,0.963,-0.176
2022-09-11,56,28,28,0.357,0.071,20,36,0,0,0,12,0.0,1.68,0.825,1.0
2022-09-12,192,96,96,0.316,-0.044,59,128,5,18,2,46,0.4328,1.44,1.026,0.167
2022-09-13,192,96,96,0.333,0.014,63,126,3,20,8,34,0.6566,1.62,1.027,-0.167
2022-09-14,192,96,96,0.306,-0.048,57,129,6,20,0,36,0.4319,1.36,1.009,-0.229
2022-09-15,192,96,96,0.302,-0.051,54,125,13,12,0,28,0.5184,1.25,1.026,0.292
2022-09-16,136,68,68,0.312,-0.061,40,88,8,8,0,32,0.3661,1.71,1.039,-0.059
2022-09-18,56,28,28,0.375,0.125,21,35,0,10,0,14,0.2018,1.0,0.947,0.286
2022-09-19,192,96,96,0.344,0.031,66,126,0,14,12,38,0.5625,1.32,1.037,0.417
2022-09-20,192,96,96,0.321,-0.021,59,125,8,28,20,24,0.372,1.47,1.007,-0.854
2022-09-21,192,96,96,0.319,-0.018,58,124,10,12,4,34,0.3435,1.82,1.105,-1.0
2022-09-22,192,96,96,0.277,-0.084,49,128,15,30,6,38,0.458,1.59,0.979,-0.292
2022-09-23,136,68,68,0.316,-0.051,43,93,0,8,0,34,0.5925,1.84,1.062,-1.0
2022-09-25,56,28,28,0.304,-0.089,17,39,0,2,8,14,0.5149,2.0,1.171,-1.0
2022-09-26,192,96,96,0.309,-0.076,59,132,1,14,0,32,0.5267,1.95,0.947,-0.25
2022-09-27,192,96,96,0.307,-0.078,59,133,0,20,14,44,0.4065,1.72,1.038,-0.521
2022-09-28,192,96,96,0.375,0.125,72,120,0,16,10,44,0.4194,1.85,1.006,0.25
2022-09-29,192,96,96,0.37,0.109,71,121,0,16,0,38,0.4705,1.91,1.039,0.396
2022-09-30,136,68,68,0.289,-0.112,37,91,8,18,16,22,0.5177,2.0,1.015,0.118
2022-10-02,56,28,28,0.286,-0.143,16,40,0,6,2,8,0.445,2.0,0.949,0.786
2022-10-03,192,96,96,0.294,-0.098,55,132,5,20,0,50,0.5948,1.77,1.052,0.292
2022-10-04,192,96,96,0.358,0.078,67,120,5,20,18,44,0.4925,1.79,1.019,0.792
2022-10-05,192,96,96,0.391,0.172,75,117,0,16,0,44,0.5667,1.81,1.006,-0.167
2022-10-06,192,96,96,0.299,-0.073,52,122,18,16,10,38,0.4534,1.6,1.002,-0.625
2022-10-07,136,68,68,0.36,0.081,49,87,0,10,0,26,0.3458,1.79,1.03,-0.441
2022-10-09,56,28,28,0.25,-0.25,14,42,0,12,12,8,0.4422,1.0,0.955,-0.429
2022-10-10,192,96,96,0.319,-0.044,61,130,1,18,14,38,0.3974,1.6,1.051,-0.417
2022-10-11,192,96,96,0.344,0.031,66,126,0,16,0,38,0.6021,1.81,1.018,-0.104
2022-10-12,192,96,96,0.321,-0.031,61,129,2,16,6,32,0.2166,1.61,0.996,0.083
2022-10-13,192,96,96,0.278,-0.13,49,127,16,18,10,36,0.5142,1.58,1.08,0.312
2022-10-14,136,68,68,0.298,-0.035,36,85,15,8,6,24,0.4066,1.91,0.996,-0.559
2022-10-16,56,28,28,0.25,-0.25,14,42,0,6,0,6,0.2718,1.0,0.943,0.5
2022-10-17,192,96,96,0.278,-0.132,50,130,12,20,14,38,0.4789,1.53,1.044,0.646
2022-10-18,192,96,96,0.285,-0.139,53,133,6,12,4,36,0.4431,1.68,0.987,0.375
2022-10-19,192,96,96,0.33,0.033,60,122,10,22,0,38,0.3877,1.46,1.029,-1.0
2022-10-20,192,96,96,0.312,-0.042,58,128,6,16,0,46,0.2188,1.57,1.023,0.021
2022-10-21,136,68,68,0.406,0.203,54,79,3,18,0,30,0.5914,1.81,1.054,0.059
2022-10-23,56,28,28,0.286,-0.143,16,40,0,8,0,16,0.4417,2.0,1.015,0.143
2022-10-24,192,96,96,0.301,-0.057,53,123,16,22,12,32,0.4104,1.46,1.007,0.458
2022-10-25,192,96,96,0.337,0.037,57,112,23,16,8,38,0.5715,1.4,1.041,-0.021
2022-10-26,192,96,96,0.291,-0.117,53,129,10,26,16,30,0.3595,1.58,1.023,0.708
2022-10-27,192,96,96,0.33,0.017,58,118,16,22,10,60,0.3637,1.58,1.061,-0.708
2022-10-28,136,68,68,0.328,0.015,41,84,11,12,0,16,0.3741,1.84,0.999,-0.294
2022-10-30,64,32,32,0.219,-0.344,14,50,0,14,4,12,0.3638,1.06,0.925,0.438
2022-10-31,192,96,96,0.324,-0.001,60,125,7,24,10,38,0.4588,1.36,1.016,-0.479
2022-11-01,192,96,96,0.299,-0.05,55,129,8,28,4,34,0.4265,1.5,1.022,0.125
2022-11-02,192,96,96,0.303,-0.077,53,122,17,20,0,40,0.5357,1.61,1.039,-0.167
2022-11-03,192,96,96,0.35,0.086,63,117,12,12,8,30,0.289,1.4,1.034,-0.375
2022-11-04,128,64,64,0.312,-0.062,40,88,0,10,0,24,0.3632,1.91,1.06,1.0
2022-11-06,56,28,28,0.286,-0.143,16,40,0,4,0,8,0.168,2.0,0.814,0.857
2022-11-07,192,96,96,0.351,0.073,65,120,7,22,2,40,0.3621,1.44,0.999,0.667
2022-11-08,192,96,96,0.27,-0.185,51,138,3,20,10,38,0.3337,1.62,1.059,0.104
2022-11-09,192,96,96,0.38,0.136,71,116,5,20,14,46,0.4215,1.64,1.016,-0.542
2022-11-10,192,96,96,0.411,0.236,78,112,2,6,0,38,0.4871,1.91,1.03,0.354
2022-11-11,136,68,68,0.343,0.025,46,88,2,8,0,40,0.4438,2.0,0.993,1.0
2022-11-13,56,28,28,0.357,0.071,20,36,0,12,6,12,0.3174,2.0,0.989,-0.929
2022-11-14,192,96,96,0.311,-0.073,59,131,2,12,10,40,0.5252,1.81,0.979,-0.125
2022-11-15,192,96,96,0.326,-0.005,60,124,8,16,8,32,0.541,1.9,1.096,0.062
2022-11-16,192,96,96,0.385,0.156,74,118,0,26,4,32,0.5134,1.68,0.982,0.083
2022-11-17,192,96,96,0.314,-0.057,60,131,1,20,0,36,0.6042,1.56,1.034,0.229
2022-11-18,136,68,68,0.368,0.103,50,86,0,10,0,28,0.5753,1.87,0.991,-0.265
2022-11-20,56,28,28,0.357,0.071,20,36,0,6,4,20,0.1992,1.43,1.085,-1.0
2022-11-21,192,96,96,0.354,0.065,67,122,3,20,4,28,0.3538,1.64,0.968,-0.375
2022-11-22,192,96,96,0.349,0.047,67,125,0,20,6,48,0.5027,1.41,1.037,0.708
2022-11-23,192,96,96,0.411,0.234,79,113,0,14,0,40,0.4329,1.74,1.049,0.688
2022-11-24,192,96,96,0.28,-0.143,49,126,17,26,26,38,0.3134,1.32,0.994,-0.104
2022-11-25,136,68,68,0.309,-0.074,42,94,0,6,0,30,0.3454,1.63,1.041,0.176
2022-11-27,56,28,28,0.357,0.071,20,36,0,4,4,10,0.6866,1.96,0.877,-1.0
2022-11-28,192,96,96,0.354,0.062,68,124,0,20,12,46,0.5149,1.61,1.046,-0.062
2022-11-29,192,96,96,0.299,-0.096,55,129,8,16,14,34,0.2507,1.73,0.986,-0.083
2022-11-30,192,96,96,0.37,0.131,70,119,3,10,0,44,0.4513,1.86,1.039,0.688
2022-12-01,192,96,96,0.308,-0.031,56,126,10,28,6,40,0.4785,1.65,1.02,0.583
2022-12-02,136,68,68,0.319,-0.031,43,92,1,12,0,20,0.2159,1.84,1.037,0.559
2022-12-04,56,28,28,0.411,0.232,23,33,0,6,10,10,0.3569,1.43,0.95,1.0
2022-12-05,192,96,96,0.411,0.232,76,109,7,18,8,38,0.6217,1.6,1.044,-0.271
2022-12-06,192,96,96,0.294,-0.09,53,127,12,22,0,44,0.6016,1.54,0.994,-0.458
2022-12-07,192,96,96,0.267,-0.148,48,132,12,18,0,38,0.1666,1.53,1.024,-0.021
2022-12-08,192,96,96,0.38,0.141,73,119,0,14,0,38,0.486,1.51,1.021,0.688
2022-12-09,136,68,68,0.265,-0.188,35,97,4,18,18,14,0.2841,1.68,1.007,-0.471
2022-12-11,56,28,28,0.286,-0.143,16,40,0,4,0,16,0.1916,1.0,1.001,-1.0
2022-12-12,192,96,96,0.319,-0.033,61,130,1,34,6,44,0.5397,1.46,1.034,0.229
2022-12-13,192,96,96,0.23,-0.212,38,127,27,36,2,28,0.5618,1.57,1.015,0.521
2022-12-14,192,96,96,0.306,-0.036,56,127,9,34,18,44,0.3953,1.6,1.058,0.458
2022-12-15,192,96,96,0.348,0.05,64,120,8,10,0,42,0.234,1.49,1.045,-0.229
2022-12-16,136,68,68,0.326,-0.022,43,89,4,8,0,30,0.4228,1.69,1.054,-0.647
2022-12-18,56,28,28,0.286,-0.143,16,40,0,8,8,6,0.6281,1.0,0.939,0.0
2022-12-19,192,96,96,0.333,0.0,64,128,0,14,0,38,0.602,1.45,1.102,-0.062
2022-12-20,192,96,96,0.295,-0.082,52,124,16,30,8,44,0.3938,1.62,0.931,0.0
2022-12-21,192,96,96,0.323,-0.031,62,130,0,16,0,46,0.3809,1.29,1.047,-0.062
2022-12-22,192,96,96,0.289,-0.13,54,133,5,26,14,34,0.3287,1.35,1.007,0.042
2022-12-23,136,68,68,0.215,-0.327,28,102,6,24,6,34,0.4485,1.5,1.054,0.412
2022-12-25,54,27,27,0.302,0.096,13,30,11,10,2,10,0.4543,1.48,0.944,0.185
2022-12-26,192,96,96,0.349,0.047,67,125,0,20,8,38,0.4524,0.27,1.039,0.688
2022-12-27,192,96,96,0.37,0.109,71,121,0,22,0,46,0.4472,1.29,1.018,0.021
2022-12-28,192,96,96,0.309,-0.064,58,130,4,16,2,38,0.5386,1.22,1.007,0.0
2022-12-29,192,96,96,0.386,0.159,73,116,3,20,2,42,0.4185,1.16,1.02,0.104
2022-12-30,136,68,68,0.336,0.037,43,85,8,12,0,30,0.4375,1.63,1.071,0.529
2023-01-01,54,27,27,0.259,-0.222,14,40,0,6,0,8,0.5532,1.59,0.933,-0.111
2023-01-02,192,96,96,0.422,0.266,81,111,0,28,12,26,0.5238,1.3,1.034,-0.417
2023-01-03,192,96,96,0.32,-0.004,57,121,14,4,0,34,0.2134,1.5,0.986,-0.375
2023-01-04,192,96,96,0.302,-0.094,58,134,0,18,8,44,0.3498,1.57,1.057,0.438
2023-01-05,192,96,96,0.339,0.06,58,113,21,24,10,38,0.3811,1.33,1.027,-0.458
2023-01-06,136,68,68,0.368,0.103,50,86,0,20,8,24,0.48,1.71,1.022,-0.029
2023-01-08,56,28,28,0.446,0.339,25,31,0,4,0,16,0.0,0.89,1.101,1.0
2023-01-09,192,96,96,0.302,-0.094,58,134,0,26,2,36,0.6281,1.58,1.021,0.292
2023-01-10,192,96,96,0.314,-0.039,53,116,23,18,4,36,0.5496,1.35,1.013,0.229
2023-01-11,192,96,96,0.27,-0.143,50,135,7,24,8,36,0.4272,1.52,1.005,0.583
2023-01-12,192,96,96,0.274,-0.118,49,130,13,16,0,42,0.3894,1.45,1.075,0.396
2023-01-13,136,68,68,0.331,-0.007,45,91,0,12,0,26,0.3396,1.71,1.002,-0.235
2023-01-15,56,28,28,0.446,0.339,25,31,0,2,0,20,0.0,1.07,1.075,0.929
2023-01-16,192,96,96,0.33,-0.003,63,128,1,8,0,46,0.3545,1.15,1.031,-0.375
2023-01-17,192,96,96,0.352,0.064,63,116,13,26,0,42,0.4516,1.54,1.049,-0.396
2023-01-18,192,96,96,0.329,0.004,57,116,19,18,8,38,0.3144,1.54,0.99,-0.083
2023-01-19,192,96,96,0.284,-0.128,52,131,9,30,14,30,0.5108,1.48,1.008,0.583
2023-01-20,136,68,68,0.404,0.213,55,81,0,6,0,26,0.4716,1.62,1.003,0.206
2023-01-22,56,28,28,0.304,-0.089,17,39,0,8,0,10,0.3991,0.71,1.053,1.0
2023-01-23,192,96,96,0.346,0.044,66,125,1,20,8,36,0.542,1.21,0.988,0.167
2023-01-24,192,96,96,0.293,-0.057,54,130,8,24,0,34,0.5663,1.23,1.035,0.417
2023-01-25,192,96,96,0.291,-0.081,52,127,13,24,8,40,0.5417,1.25,1.031,0.396
2023-01-26,192,96,96,0.307,-0.078,59,133,0,24,0,34,0.6284,1.11,1.028,-0.208
2023-01-27,128,64,64,0.205,-0.272,23,89,16,20,18,26,0.3426,1.28,1.019,-0.219
2023-01-29,56,28,28,0.357,0.071,20,36,0,4,0,12,0.8316,0.43,1.055,0.571
2023-01-30,192,96,96,0.358,0.104,67,120,5,20,2,34,0.6902,1.2,1.006,-0.271
2023-01-31,192,96,96,0.365,0.095,65,113,14,20,0,36,0.4385,1.15,1.01,0.021
2023-02-01,192,96,96,0.302,-0.094,58,134,0,16,16,28,0.2823,1.51,1.06,1.0
2023-02-02,190,95,95,0.331,0.057,59,119,12,16,0,38,0.4529,1.21,1.028,-0.832
2023-02-03,136,68,68,0.362,0.128,47,83,6,24,14,24,0.4728,1.53,1.058,-0.353
2023-02-05,56,28,28,0.214,-0.357,12,44,0,8,0,2,0.401,1.0,1.023,-0.857
2023-02-06,192,96,96,0.356,0.069,68,123,1,10,0,36,0.3199,1.26,1.01,-0.458
2023-02-07,190,95,95,0.349,0.08,60,112,18,26,2,34,0.344,1.41,1.027,0.158
2023-02-08,192,96,96,0.319,-0.045,61,130,1,22,8,44,0.5623,1.18,1.014,-0.104
2023-02-09,192,96,96,0.391,0.172,75,117,0,26,8,46,0.5704,1.27,1.048,-0.062
2023-02-10,136,68,68,0.269,-0.149,35,95,6,2,0,28,0.4301,1.41,1.016,-0.735
2023-02-12,56,28,28,0.357,0.071,20,36,0,6,0,12,0.483,0.57,1.037,-1.0
2023-02-13,192,96,96,0.416,0.256,79,111,2,20,10,42,0.3735,1.01,1.009,0.896
2023-02-14,192,96,96,0.247,-0.211,43,131,18,24,18,28,0.3863,1.24,1.064,0.25
2023-02-15,192,96,96,0.349,0.047,67,125,0,22,14,40,0.3926,1.25,1.011,-0.062
2023-02-16,192,96,96,0.365,0.094,70,122,0,22,10,42,0.4496,1.12,1.058,-0.417
2023-02-17,136,68,68,0.331,0.011,42,85,9,16,0,26,0.476,1.62,0.989,-0.059
2023-02-19,48,24,24,0.396,0.188,19,29,0,2,0,12,0.5844,0.71,0.923,-0.25
2023-02-20,136,68,68,0.36,0.081,49,87,0,24,12,32,0.5092,0.75,0.996,-0.441
2023-02-21,136,68,68,0.268,-0.147,33,90,13,16,0,36,0.4437,1.21,0.973,-0.382
2023-02-22,136,68,68,0.341,0.026,46,89,1,24,20,22,0.4339,1.04,0.975,-0.588
2023-02-23,136,68,68,0.382,0.147,52,84,0,4,0,24,0.1796,1.29,1.005,-0.176
2023-02-24,88,44,44,0.282,-0.128,22,56,10,12,8,24,0.2997,1.18,1.062,-0.909
2023-02-26,48,24,24,0.229,-0.312,11,37,0,4,4,4,0.3769,0.62,0.891,-0.583
2023-02-27,136,68,68,0.294,-0.118,40,96,0,14,2,22,0.3582,1.26,0.957,0.324
2023-02-28,136,68,68,0.368,0.103,50,86,0,8,0,28,0.5953,1.29,0.96,-0.088
2023-03-01,136,68,68,0.412,0.235,56,80,0,10,8,30,0.4983,1.35,1.0,0.588
2023-03-02,136,68,68,0.39,0.169,53,83,0,16,8,20,0.5576,1.19,0.97,-0.5
2023-03-03,88,44,44,0.318,-0.045,28,60,0,2,0,20,0.0,1.32,1.038,0.682
2023-03-05,48,24,24,0.188,-0.438,9,39,0,6,0,10,0.1617,1.08,0.851,1.0
2023-03-06,136,68,68,0.264,-0.131,33,92,11,22,12,22,0.3799,1.15,0.973,0.706
2023-03-07,136,68,68,0.344,0.047,45,86,5,8,4,24,0.0331,1.12,0.991,-0.765
2023-03-08,136,68,68,0.317,0.01,40,86,10,22,10,28,0.3061,1.03,0.952,0.206
2023-03-09,136,68,68,0.331,0.012,44,89,3,14,0,18,0.4409,1.19,0.986,1.0
2023-03-10,88,44,44,0.318,-0.045,28,60,0,8,6,20,0.512,1.61,1.103,0.455
2023-03-12,48,24,24,0.229,-0.312,11,37,0,4,2,8,0.3005,2.0,0.907,1.0
2023-03-13,136,68,68,0.242,-0.227,32,100,4,18,8,24,0.2747,1.69,0.932,0.147
2023-03-14,134,67,67,0.372,0.109,48,81,5,16,10,24,0.5129,1.52,1.005,0.433
2023-03-15,136,68,68,0.403,0.217,54,80,2,22,12,20,0.418,1.5,0.996,-0.471
2023-03-16,136,68,68,0.397,0.191,54,82,0,14,4,22,0.4042,1.59,1.015,0.735
2023-03-17,88,44,44,0.349,0.034,30,56,2,2,0,20,0.6389,1.7,1.05,0.409
2023-03-19,48,24,24,0.271,-0.188,13,35,0,6,0,2,0.743,1.92,0.8,0.75
2023-03-20,136,68,68,0.342,0.071,40,77,19,10,8,20,0.5824,1.22,0.972,0.353
2023-03-21,136,68,68,0.242,-0.21,29,91,16,12,0,12,0.6297,1.12,0.98,0.647
2023-03-22,136,68,68,0.412,0.235,56,80,0,4,0,24,0.586,1.35,0.975,0.824
2023-03-23,136,68,68,0.363,0.096,49,86,1,18,2,26,0.5054,1.68,0.983,-0.441
2023-03-24,80,40,40,0.351,0.09,26,48,6,12,4,16,0.1545,1.57,1.114,-1.0
2023-03-26,48,24,24,0.229,-0.312,11,37,0,4,0,8,0.5783,1.08,0.841,0.333
2023-03-27,134,67,67,0.336,0.007,45,89,0,8,4,24,0.4716,1.16,1.004,0.403
2023-03-28,136,68,68,0.3,-0.087,39,91,6,24,0,22,0.5552,0.99,0.971,0.882
2023-03-29,136,68,68,0.333,0.018,43,86,7,18,6,26,0.4976,1.07,1.026,-0.382
2023-03-30,136,68,68,0.39,0.169,53,83,0,18,16,26,0.4422,1.16,1.005,0.912
2023-03-31,96,48,48,0.375,0.125,36,60,0,6,0,24,0.6005,1.56,1.051,-0.917
2023-04-02,48,24,24,0.396,0.188,19,29,0,0,0,6,0.0,1.38,0.832,-1.0
2023-04-03,136,68,68,0.397,0.191,54,82,0,10,0,16,0.5522,1.28,0.95,0.471
2023-04-04,136,68,68,0.32,-0.006,39,83,14,14,2,24,0.5105,1.21,0.952,0.647
2023-04-05,144,72,72,0.259,-0.207,36,103,5,18,6,34,0.6345,0.97,1.007,-0.833
2023-04-06,160,80,80,0.362,0.087,58,102,0,10,0,34,0.2724,0.94,0.985,0.3
2023-04-09,48,24,24,0.396,0.188,19,29,0,4,0,2,0.3914,0.5,0.827,-1.0
2023-04-10,136,68,68,0.404,0.213,55,81,0,10,0,38,0.3365,0.84,1.037,-0.147
2023-04-11,136,68,68,0.404,0.213,55,81,0,12,0,26,0.571,1.0,0.948,0.941
2023-04-12,136,68,68,0.349,0.074,45,84,7,10,0,28,0.3197,0.9,1.033,0.912
2023-04-13,136,68,68,0.295,-0.063,38,91,7,8,0,20,0.4717,1.03,0.972,0.735
2023-04-14,96,48,48,0.366,0.087,34,59,3,4,0,20,0.3682,1.33,0.935,-0.333
2023-04-16,48,24,24,0.396,0.188,19,29,0,0,0,6,0.0,0.58,1.012,-1.0
2023-04-17,128,64,64,0.392,0.195,49,76,3,8,0,28,0.2321,0.95,0.966,-0.469
2023-04-18,136,68,68,0.353,0.059,48,88,0,8,0,24,0.6325,0.91,1.027,0.882
2023-04-19,136,68,68,0.312,-0.028,40,88,8,14,0,34,0.3866,1.18,1.001,-0.294
2023-04-20,136,68,68,0.331,0.052,42,85,9,12,0,28,0.4989,0.96,0.98,0.735
2023-04-21,96,48,48,0.287,-0.096,25,62,9,14,0,14,0.4914,1.4,1.038,0.0
2023-04-23,40,20,20,0.35,0.05,14,26,0,4,4,8,0.1396,1.0,0.862,0.7
2023-04-24,136,68,68,0.39,0.169,53,83,0,16,2,36,0.2482,1.03,0.976,0.529
2023-04-25,136,68,68,0.396,0.195,53,81,2,4,2,26,0.2929,1.24,1.001,-0.824
2023-04-26,136,68,68,0.379,0.151,50,82,4,16,8,38,0.4519,1.25,1.003,0.647
2023-04-27,136,68,68,0.299,-0.107,40,94,2,18,0,28,0.386,1.07,1.026,-0.059
2023-04-28,88,44,44,0.329,0.037,28,57,3,6,8,16,0.5301,1.75,1.023,-0.455
2023-04-30,40,20,20,0.3,-0.1,12,28,0,0,0,2,0.0,0.6,0.82,-0.5
2023-05-01,134,67,67,0.351,0.052,47,87,0,14,2,22,0.3195,0.84,0.953,-0.373
2023-05-02,136,68,68,0.346,0.037,47,89,0,8,2,28,0.5894,1.26,0.963,0.471
2023-05-03,136,68,68,0.294,-0.118,40,96,0,14,2,32,0.5036,1.4,1.017,1.0
2023-05-04,136,68,68,0.364,0.129,47,82,7,8,0,36,0.2967,1.19,1.01,-0.294
2023-05-05,96,48,48,0.424,0.325,39,53,4,10,0,16,0.3683,1.35,1.005,0.0
2023-05-07,40,20,20,0.45,0.35,18,22,0,2,0,6,0.739,0.85,0.822,0.8
2023-05-08,136,68,68,0.353,0.059,48,88,0,10,0,36,0.4331,0.85,0.945,-0.265
2023-05-09,136,68,68,0.287,-0.14,39,97,0,8,0,20,0.6173,0.78,0.945,-0.529
2023-05-10,136,68,68,0.286,-0.133,38,95,3,12,0,34,0.6412,0.99,1.067,0.265
2023-05-11,136,68,68,0.338,0.05,44,86,6,14,6,30,0.3303,1.01,1.026,-0.706
2023-05-12,96,48,48,0.344,0.071,31,59,6,20,12,12,0.6088,1.04,0.946,-0.333
2023-05-14,46,23,23,0.326,-0.022,15,31,0,4,4,10,0.5418,0.0,0.942,-0.739
2023-05-15,144,72,72,0.324,-0.03,46,96,2,14,10,34,0.6612,0.49,1.035,1.0
2023-05-16,136,68,68,0.349,0.085,45,84,7,6,0,40,0.3943,0.79,1.022,-0.059
2023-05-17,136,68,68,0.341,0.05,45,87,4,6,0,38,0.7133,0.94,1.012,-0.147
2023-05-18,134,67,67,0.326,-0.01,43,89,2,12,2,28,0.4496,1.01,1.008,-1.0
2023-05-19,96,48,48,0.347,0.051,33,62,1,10,0,14,0.5977,1.52,0.95,0.625
2023-05-21,40,20,20,0.4,0.2,16,24,0,6,4,8,0.1809,1.1,0.9,1.0
2023-05-22,136,68,68,0.306,-0.076,41,93,2,4,0,28,0.777,0.88,0.992,-0.029
2023-05-23,136,68,68,0.293,-0.116,39,94,3,10,0,32,0.887,1.0,0.979,-0.853
2023-05-24,136,68,68,0.397,0.191,54,82,0,16,6,18,0.5108,1.22,0.968,-0.265
2023-05-25,136,68,68,0.257,-0.228,35,101,0,12,6,28,0.3446,0.94,0.983,-0.412
2023-05-26,88,44,44,0.341,0.023,30,58,0,12,8,28,0.5037,1.2,1.03,0.045
2023-05-28,40,20,20,0.425,0.275,17,23,0,2,0,6,0.6955,0.6,0.786,0.0
2023-05-29,136,68,68,0.213,-0.36,29,107,0,18,12,34,0.5952,0.4,1.075,-0.176
2023-05-30,136,68,68,0.346,0.037,47,89,0,8,0,32,0.2486,1.21,1.008,0.118
2023-05-31,134,67,67,0.4,0.203,52,78,4,14,0,30,0.534,1.45,0.96,-0.224
2023-06-01,136,68,68,0.352,0.074,45,83,8,10,0,20,0.6012,1.1,0.974,0.471
2023-06-02,96,48,48,0.394,0.196,37,57,2,6,0,24,0.3882,1.25,1.0,0.167
2023-06-04,48,24,24,0.417,0.25,20,28,0,0,0,10,0.0,0.08,0.913,-1.0
2023-06-05,136,68,68,0.311,-0.068,42,93,1,14,4,16,0.4509,0.81,0.972,0.029
2023-06-06,136,68,68,0.336,0.003,45,89,2,8,6,24,0.2097,0.91,0.967,-0.118
2023-06-07,136,68,68,0.366,0.116,48,83,5,6,0,26,0.5699,0.75,0.981,0.029
2023-06-08,136,68,68,0.362,0.088,42,74,20,18,8,24,0.3234,0.84,0.977,0.941
2023-06-09,88,44,44,0.337,0.008,29,57,2,12,0,20,0.7325,0.89,1.102,-0.591
2023-06-11,40,20,20,0.425,0.275,17,23,0,4,2,4,0.5185,0.2,0.877,-1.0
2023-06-12,134,67,67,0.366,0.097,49,85,0,12,0,30,0.8836,0.76,0.981,0.284
2023-06-13,136,68,68,0.298,-0.069,37,87,12,18,0,22,0.5936,0.91,0.964,0.294
2023-06-14,136,68,68,0.368,0.103,50,86,0,6,0,32,0.1807,1.09,1.025,0.265
2023-06-15,136,68,68,0.317,-0.029,39,84,13,8,0,40,0.6064,0.93,0.98,0.559
2023-06-16,88,44,44,0.321,-0.021,26,55,7,8,0,18,0.6408,1.43,1.006,0.455
2023-06-18,40,20,20,0.225,-0.325,9,31,0,4,0,2,0.2188,0.5,0.75,-0.9
2023-06-19,134,67,67,0.231,-0.282,30,100,4,30,16,20,0.418,0.4,1.018,-0.91
2023-06-20,136,68,68,0.286,-0.115,36,90,10,8,0,24,0.5064,0.97,0.97,-0.176
2023-06-21,128,64,64,0.303,-0.058,37,85,6,14,0,22,0.4371,0.81,0.981,0.594
2023-06-22,136,68,68,0.353,0.059,48,88,0,22,10,18,0.488,0.84,1.03,-0.294
2023-06-23,88,44,44,0.425,0.285,37,50,1,10,4,20,0.6452,1.48,1.031,-0.636
2023-06-25,48,24,24,0.125,-0.625,6,42,0,12,0,6,0.4166,0.29,0.847,1.0
2023-06-26,136,68,68,0.301,-0.096,41,95,0,16,6,34,0.3161,0.62,1.037,0.441
2023-06-27,136,68,68,0.328,0.005,43,88,5,12,0,30,0.5281,0.75,0.959,0.647
2023-06-28,128,64,64,0.352,0.055,45,83,0,20,0,36,0.4302,1.0,1.019,-0.75
2023-06-29,136,68,68,0.37,0.161,47,80,9,14,0,32,0.6166,1.01,1.02,-0.441
2023-06-30,96,48,48,0.322,0.018,28,59,9,8,0,16,0.4542,1.29,0.907,-0.083
2023-07-02,40,20,20,0.375,0.125,15,25,0,4,0,12,0.4227,0.0,1.063,1.0
2023-07-03,136,68,68,0.331,0.038,43,87,6,10,10,32,0.4706,0.81,1.008,0.206
2023-07-04,136,68,68,0.353,0.059,48,88,0,16,14,38,0.3622,0.4,0.962,-0.794
2023-07-05,136,68,68,0.412,0.235,56,80,0,16,0,40,0.3455,0.97,1.045,-0.412
2023-07-06,132,66,66,0.304,-0.064,38,87,7,4,0,24,0.1197,1.09,0.943,0.758
2023-07-07,88,44,44,0.269,-0.107,21,57,10,2,0,24,0.0,1.45,1.164,0.455
2023-07-09,48,24,24,0.383,0.158,18,29,1,8,0,6,0.4871,1.12,0.849,1.0
2023-07-10,136,68,68,0.412,0.235,56,80,0,10,0,22,0.7517,0.81,0.996,0.5
2023-07-11,136,68,68,0.382,0.147,52,84,0,6,0,18,0.4184,0.99,0.942,0.353
2023-07-12,136,68,68,0.286,-0.055,36,90,10,12,0,24,0.5145,0.87,0.979,0.735
2023-07-13,136,68,68,0.382,0.147,52,84,0,12,0,30,0.6492,1.18,1.014,1.0
2023-07-14,88,44,44,0.33,-0.011,29,59,0,4,0,24,0.0414,1.34,1.025,0.455
2023-07-16,40,20,20,0.4,0.2,16,24,0,8,0,6,0.4184,0.3,0.965,-1.0
2023-07-17,136,68,68,0.375,0.125,51,85,0,14,18,36,0.3422,1.04,0.992,0.5
2023-07-18,136,68,68,0.282,-0.125,37,94,5,14,0,30,0.6693,1.24,1.012,-0.471
2023-07-19,136,68,68,0.39,0.169,53,83,0,8,0,22,0.1955,1.12,0.981,-0.294
2023-07-20,136,68,68,0.299,-0.06,38,89,9,22,10,20,0.3302,1.03,0.982,-0.765
2023-07-21,88,44,44,0.291,-0.128,25,61,2,10,6,16,0.2962,0.68,1.036,-0.682
2023-07-23,48,24,24,0.396,0.188,19,29,0,4,2,10,0.5727,0.42,0.922,0.5
2023-07-24,136,68,68,0.338,0.028,45,88,3,8,0,32,0.5654,1.06,1.029,-0.676
2023-07-25,136,68,68,0.364,0.1,48,84,4,8,0,18,0.5548,0.88,0.994,-0.265
2023-07-26,136,68,68,0.331,-0.007,45,91,0,18,0,24,0.5605,1.22,1.044,0.971
2023-07-27,136,68,68,0.308,-0.048,41,92,3,12,6,34,0.5865,1.49,0.948,-0.265
2023-07-28,96,48,48,0.329,0.137,28,57,11,6,2,14,0.4948,1.94,0.931,-0.042
2023-07-30,56,28,28,0.286,-0.143,16,40,0,4,0,8,0.2668,0.68,0.977,0.357
2023-07-31,192,96,96,0.333,0.0,64,128,0,26,16,26,0.4884,0.91,0.997,-0.354
2023-08-01,192,96,96,0.333,0.0,64,128,0,10,0,40,0.3019,1.29,1.055,-0.271
2023-08-02,192,96,96,0.332,0.027,61,123,8,12,6,36,0.2711,1.04,1.004,-0.792
2023-08-03,192,96,96,0.328,0.01,58,119,15,16,0,44,0.4871,1.15,1.035,0.354
2023-08-04,136,68,68,0.252,-0.235,34,101,1,6,0,20,0.4129,1.15,1.034,-0.059
2023-08-06,56,28,28,0.393,0.179,22,34,0,6,0,14,0.6672,0.32,0.931,-1.0
2023-08-07,192,96,96,0.309,-0.054,58,130,4,8,0,40,0.5692,0.71,1.041,0.0
2023-08-08,192,96,96,0.33,0.042,61,124,7,22,0,38,0.4161,0.93,1.005,-0.062
2023-08-09,192,96,96,0.285,-0.126,53,133,6,36,8,44,0.286,0.74,1.021,0.167
2023-08-10,192,96,96,0.297,-0.074,54,128,10,22,16,42,0.2614,0.96,1.058,0.188
2023-08-11,136,68,68,0.307,0.027,39,88,9,8,0,24,0.5346,1.12,1.011,-0.324
2023-08-13,56,28,28,0.304,-0.089,17,39,0,6,0,6,0.5347,0.0,0.97,-1.0
2023-08-14,192,96,96,0.316,-0.049,60,130,2,18,10,44,0.4039,1.0,1.058,-0.271
2023-08-15,192,96,96,0.309,-0.048,58,130,4,18,0,30,0.34,0.93,1.011,0.125
2023-08-16,192,96,96,0.351,0.056,67,124,1,14,0,30,0.8113,0.91,1.037,-0.396
2023-08-17,192,96,96,0.349,0.047,67,125,0,28,6,34,0.5198,0.92,1.033,0.125
2023-08-18,136,68,68,0.244,-0.186,29,90,17,24,8,16,0.5148,1.06,1.006,-0.088
2023-08-20,56,28,28,0.286,-0.143,16,40,0,2,0,16,0.0,0.18,0.98,0.714
2023-08-21,192,96,96,0.337,0.027,64,126,2,22,14,28,0.2654,0.7,1.032,0.604
2023-08-22,192,96,96,0.345,0.051,59,112,21,16,6,44,0.3886,0.67,1.031,-0.271
2023-08-23,192,96,96,0.332,0.011,61,123,8,26,16,38,0.6572,0.94,1.045,0.396
2023-08-24,192,96,96,0.344,0.031,66,126,0,14,0,34,0.4665,0.8,0.999,-0.792
2023-08-25,136,68,68,0.372,0.157,45,76,15,12,8,36,0.2929,1.19,1.074,0.0
2023-08-27,56,28,28,0.393,0.179,22,34,0,8,0,8,0.5926,0.11,0.846,0.071
2023-08-28,192,96,96,0.328,-0.016,63,129,0,34,24,36,0.2852,0.44,1.024,0.438
2023-08-29,192,96,96,0.411,0.227,78,112,2,16,2,50,0.4802,0.93,1.012,-0.062
2023-08-30,192,96,96,0.337,0.015,60,118,14,18,0,38,0.5669,0.85,1.034,0.542
2023-08-31,192,96,96,0.23,-0.231,40,134,18,28,10,38,0.496,0.95,1.043,-0.833
2023-09-01,136,68,68,0.347,0.05,42,79,15,10,0,34,0.6658,1.0,1.038,-0.265
2023-09-03,56,28,28,0.321,-0.036,18,38,0,4,0,12,0.073,0.0,0.993,-0.429
2023-09-04,192,96,96,0.319,-0.019,60,128,4,16,0,48,0.4629,0.34,1.057,0.0
2023-09-05,192,96,96,0.296,-0.087,53,126,13,12,6,50,0.5726,0.91,1.033,-0.792
2023-09-06,192,96,96,0.249,-0.198,44,133,15,24,22,36,0.505,0.79,1.013,0.354
2023-09-07,192,96,96,0.289,-0.105,54,133,5,26,0,28,0.4306,0.79,1.03,-0.521
2023-09-08,136,68,68,0.299,-0.103,40,94,2,22,6,30,0.3871,0.87,1.016,-0.206
2023-09-10,56,28,28,0.357,0.071,20,36,0,6,0,8,0.0833,0.18,0.93,0.929
2023-09-11,192,96,96,0.312,-0.052,59,130,3,16,10,40,0.3321,0.81,1.037,0.521
2023-09-12,192,96,96,0.318,-0.047,61,131,0,22,8,52,0.3344,0.78,1.006,-0.042
2023-09-13,192,96,96,0.216,-0.288,36,131,25,30,26,40,0.483,0.74,1.035,-0.354
2023-09-14,192,96,96,0.276,-0.061,48,126,18,18,6,30,0.4772,0.79,1.033,-0.667
2023-09-15,136,68,68,0.333,0.047,42,84,10,20,16,24,0.369,0.97,1.012,0.559
2023-09-17,56,28,28,0.393,0.179,22,34,0,10,10,10,0.4517,0.0,0.956,0.286
2023-09-18,192,96,96,0.307,-0.073,58,131,3,16,4,36,0.382,0.54,0.998,0.271
2023-09-19,192,96,96,0.243,-0.214,43,134,15,24,0,36,0.5638,0.61,1.033,-0.208
2023-09-20,192,96,96,0.354,0.062,68,124,0,18,8,44,0.381,1.0,1.083,-0.021
2023-09-21,192,96,96,0.346,0.069,63,119,10,24,10,38,0.3609,1.18,1.007,0.083
2023-09-22,136,68,68,0.313,-0.05,42,92,2,14,4,30,0.2749,1.26,1.031,-0.147
2023-09-24,56,28,28,0.143,-0.571,8,48,0,12,0,12,0.3735,0.18,0.845,-0.571
2023-09-25,186,93,93,0.318,-0.021,56,120,10,8,0,36,0.2718,0.63,1.053,-0.978
2023-09-26,192,96,96,0.324,-0.01,61,127,4,18,4,38,0.6184,0.8,1.021,-0.479
2023-09-27,192,96,96,0.283,-0.137,53,134,5,10,6,44,0.7632,0.94,1.012,-0.625
2023-09-28,192,96,96,0.321,-0.036,59,125,8,24,22,42,0.5488,1.06,1.036,0.75
2023-09-29,136,68,68,0.286,-0.085,36,90,10,18,2,14,0.5085,1.47,1.075,0.088
2023-10-01,56,28,28,0.321,-0.036,18,38,0,4,0,2,0.4694,0.57,0.788,-0.5
2023-10-02,192,96,96,0.38,0.141,73,119,0,18,0,44,0.6311,1.05,1.083,-0.688
2023-10-03,192,96,96,0.295,-0.077,52,124,16,22,8,38,0.4025,0.98,1.023,-0.312
2023-10-04,192,96,96,0.342,0.031,65,125,2,14,0,52,0.4361,1.15,1.043,0.375
2023-10-05,192,96,96,0.318,0.04,55,118,19,18,0,38,0.3545,0.9,1.006,0.312
2023-10-06,136,68,68,0.385,0.192,50,80,6,14,0,36,0.5487,1.21,1.08,0.265
2023-10-08,56,28,28,0.375,0.125,21,35,0,4,0,6,0.3611,1.11,0.793,-0.929
2023-10-09,192,96,96,0.318,-0.047,61,131,0,14,4,42,0.3463,0.99,1.037,0.125
2023-10-10,192,96,96,0.285,-0.135,53,133,6,22,14,46,0.5071,1.03,1.01,0.521
2023-10-11,192,96,96,0.375,0.125,72,120,0,16,14,32,0.5874,1.07,1.032,0.271
2023-10-12,192,96,96,0.328,0.016,60,123,9,20,2,32,0.3927,0.92,1.016,-0.417
2023-10-13,136,68,68,0.313,-0.039,42,92,2,10,0,28,0.6236,1.26,1.052,-0.412
2023-10-15,56,28,28,0.393,0.179,22,34,0,16,14,4,0.2858,0.64,0.937,0.786
2023-10-16,192,96,96,0.261,-0.207,49,139,4,32,20,30,0.4207,0.72,1.037,0.75
2023-10-17,192,96,96,0.375,0.137,69,115,8,20,0,44,0.6638,0.91,1.041,0.188
2023-10-18,192,96,96,0.303,-0.04,53,122,17,24,18,34,0.4349,0.9,1.006,-0.521
2023-10-19,192,96,96,0.264,-0.128,46,128,18,20,6,34,0.4054,0.94,1.03,0.25
2023-10-20,136,68,68,0.24,-0.268,31,98,7,12,10,22,0.4019,1.09,1.051,0.412
2023-10-22,56,28,28,0.375,0.125,21,35,0,0,0,14,0.397,0.0,0.972,-0.286
2023-10-23,192,96,96,0.286,-0.141,55,137,0,24,16,52,0.3662,0.99,1.051,0.729
2023-10-24,192,96,96,0.307,-0.027,54,122,16,24,8,28,0.5016,0.91,1.007,-0.354
2023-10-25,192,96,96,0.38,0.141,73,119,0,26,18,42,0.352,0.78,1.05,-0.562
2023-10-26,192,96,96,0.293,-0.113,56,135,1,20,8,36,0.6537,0.91,0.996,-0.042
2023-10-27,136,68,68,0.25,-0.192,32,96,8,26,0,34,0.5937,1.16,1.079,0.029
2023-10-29,64,32,32,0.203,-0.391,13,51,0,6,0,8,0.287,0.28,0.83,-1.0
2023-10-30,192,96,96,0.362,0.096,67,118,7,16,8,42,0.4409,0.9,1.083,0.354
2023-10-31,192,96,96,0.301,-0.058,52,121,19,12,0,36,0.4994,0.99,0.994,-0.479
2023-11-01,192,96,96,0.328,-0.016,63,129,0,10,0,42,0.5085,0.95,1.038,-0.125
2023-11-02,192,96,96,0.29,-0.087,51,125,16,24,14,46,0.4923,0.93,1.006,0.146
2023-11-03,128,64,64,0.297,-0.077,33,78,17,20,0,18,0.6156,1.16,1.086,1.0
2023-11-05,56,28,28,0.446,0.339,25,31,0,12,2,8,0.3711,0.07,0.858,0.786
2023-11-06,192,96,96,0.37,0.109,71,121,0,22,8,46,0.4547,0.65,1.026,-0.292
2023-11-07,192,96,96,0.356,0.085,67,121,4,14,2,36,0.4934,0.78,1.013,-0.354
2023-11-08,192,96,96,0.294,-0.096,50,120,22,20,6,40,0.4335,0.72,1.017,0.167
2023-11-09,192,96,96,0.377,0.133,66,109,17,22,0,34,0.2971,0.91,1.04,-0.521
2023-11-10,136,68,68,0.263,-0.085,31,87,18,20,6,26,0.4349,1.12,1.052,0.206
2023-11-12,56,28,28,0.321,-0.036,18,38,0,2,0,8,0.4179,0.0,0.903,0.643
2023-11-13,192,96,96,0.265,-0.145,45,125,22,20,6,32,0.4316,0.65,1.016,0.375
2023-11-14,192,96,96,0.306,-0.023,55,125,12,24,8,42,0.4077,0.83,1.058,0.833
2023-11-15,192,96,96,0.337,0.054,62,122,8,18,8,36,0.2645,0.86,1.014,-0.729
2023-11-16,192,96,96,0.23,-0.244,40,134,18,18,0,36,0.3905,0.8,1.017,-0.125
2023-11-17,136,68,68,0.353,0.059,48,88,0,20,8,30,0.3272,1.28,1.057,0.471
2023-11-19,56,28,28,0.464,0.393,26,30,0,6,0,12,0.9704,0.43,0.997,1.0
2023-11-20,192,96,96,0.319,-0.034,61,130,1,28,10,36,0.5764,0.93,1.003,0.875
2023-11-21,192,96,96,0.299,-0.093,56,131,5,22,6,44,0.4883,0.83,1.007,-0.5
2023-11-22,192,96,96,0.356,0.077,68,123,1,16,0,42,0.4238,0.95,1.006,-0.083
2023-11-23,192,96,96,0.354,0.095,64,117,11,20,14,36,0.4427,0.55,1.036,-0.052
2023-11-24,136,68,68,0.326,-0.026,44,91,1,14,8,38,0.6898,0.78,1.08,0.971
2023-11-26,56,28,28,0.429,0.286,24,32,0,10,4,8,0.3701,0.89,0.897,0.5
2023-11-27,192,96,96,0.337,0.003,64,126,2,10,0,36,0.4885,0.69,0.994,0.438
2023-11-28,192,96,96,0.344,0.031,66,126,0,22,20,52,0.6058,1.09,1.045,0.583
2023-11-29,192,96,96,0.303,-0.079,57,131,4,12,4,44,0.3615,0.97,1.008,-0.604
2023-11-30,192,96,96,0.326,-0.022,61,126,5,14,0,56,0.5504,1.11,1.028,-0.542
2023-12-01,136,68,68,0.312,-0.034,40,88,8,12,4,30,0.4727,1.44,1.057,-0.147
2023-12-03,56,28,28,0.321,-0.036,18,38,0,4,0,14,0.4103,1.0,0.981,0.071
2023-12-04,192,96,96,0.342,0.038,65,125,2,6,0,50,0.5503,0.92,0.996,-0.208
2023-12-05,192,96,96,0.294,-0.072,52,125,15,24,14,42,0.5119,0.91,1.019,-0.562
2023-12-06,192,96,96,0.341,0.058,63,122,7,26,8,40,0.4371,0.8,1.03,-0.542
2023-12-07,192,96,96,0.339,0.016,65,127,0,28,26,24,0.4188,1.07,1.035,0.083
2023-12-08,136,68,68,0.347,0.096,43,81,12,8,2,34,0.4533,1.09,1.022,-0.809
2023-12-10,56,28,28,0.304,-0.089,17,39,0,8,4,6,0.4163,0.0,0.9,0.643
2023-12-11,192,96,96,0.308,-0.025,56,126,10,20,6,38,0.4442,0.73,1.036,0.208
2023-12-12,192,96,96,0.23,-0.23,38,127,27,16,0,38,0.4443,0.78,1.032,0.458
2023-12-13,192,96,96,0.354,0.062,68,124,0,16,8,40,0.4478,1.17,1.078,0.271
2023-12-14,192,96,96,0.284,-0.106,50,126,16,12,0,46,0.5289,1.35,1.017,0.75
2023-12-15,136,68,68,0.374,0.134,49,82,5,14,8,32,0.2948,1.65,1.027,-0.882
2023-12-17,56,28,28,0.429,0.286,24,32,0,6,2,10,0.0343,0.11,0.889,-0.143
2023-12-18,192,96,96,0.269,-0.157,46,125,21,34,18,44,0.4789,0.64,1.027,0.5
2023-12-19,192,96,96,0.314,-0.025,55,120,17,22,10,38,0.3967,0.76,0.976,0.625
2023-12-20,192,96,96,0.372,0.119,71,120,1,12,0,42,0.2035,0.9,1.037,-0.312
2023-12-21,192,96,96,0.319,-0.036,60,128,4,10,0,32,0.5319,0.97,1.033,0.438
2023-12-22,136,68,68,0.313,-0.042,42,92,2,20,12,22,0.4499,1.22,1.032,-0.029
2023-12-24,42,21,21,0.452,0.357,19,23,0,4,0,4,0.1761,0.14,0.842,-1.0
2023-12-25,78,39,39,0.276,-0.148,21,55,2,6,0,26,0.3155,0.56,1.013,0.795
2023-12-26,190,95,95,0.291,-0.127,55,134,1,22,6,44,0.4342,0.2,1.029,0.274
2023-12-27,192,96,96,0.292,-0.097,54,131,7,24,16,52,0.4742,0.83,1.043,1.0
2023-12-28,192,96,96,0.367,0.1,69,119,4,12,0,40,0.4974,1.04,1.002,-0.208
2023-12-29,136,68,68,0.36,0.081,49,87,0,8,0,30,0.4016,1.29,1.038,-0.559
2024-01-01,56,28,28,0.286,-0.143,16,40,0,2,0,20,0.0,0.11,0.931,-1.0
2024-01-02,192,96,96,0.311,-0.06,56,124,12,12,10,52,0.4272,1.04,1.007,-0.5
2024-01-03,192,96,96,0.265,-0.151,48,133,11,30,12,34,0.3835,1.05,1.018,-0.021
2024-01-04,192,96,96,0.348,0.082,63,118,11,14,10,44,0.3525,0.89,1.016,0.188
2024-01-05,136,68,68,0.3,-0.033,36,84,16,4,6,22,0.3033,1.34,1.081,-0.294
2024-01-07,56,28,28,0.321,-0.036,18,38,0,0,0,18,0.0,0.07,0.98,-0.5
2024-01-08,192,96,96,0.368,0.105,70,120,2,22,2,30,0.4509,0.72,1.016,0.083
2024-01-09,192,96,96,0.276,-0.111,48,126,18,12,0,48,0.3825,0.84,0.993,-0.438
2024-01-10,192,96,96,0.307,-0.078,59,133,0,32,20,26,0.3973,0.68,1.021,0.708
2024-01-11,192,96,96,0.293,-0.086,55,133,4,22,0,44,0.4317,0.98,1.03,0.25
2024-01-12,136,68,68,0.366,0.103,49,85,2,12,0,24,0.3499,1.07,1.041,-0.588
2024-01-14,56,28,28,0.339,0.018,19,37,0,4,0,14,0.3561,0.0,0.977,-0.071
2024-01-15,184,92,92,0.374,0.127,68,114,2,12,0,28,0.4723,0.58,1.033,-0.283
2024-01-16,160,80,80,0.231,-0.281,36,120,4,26,8,32,0.3527,1.1,1.023,-0.9
2024-01-17,192,96,96,0.38,0.141,73,119,0,24,4,42,0.4438,1.03,1.044,0.271
2024-01-18,192,96,96,0.401,0.203,77,115,0,18,4,48,0.2183,0.92,0.989,-0.062
2024-01-19,136,68,68,0.375,0.125,51,85,0,10,0,34,0.4097,0.94,1.05,0.176
2024-01-21,56,28,28,0.196,-0.411,11,45,0,10,2,16,0.0999,0.14,0.966,1.0
2024-01-22,192,96,96,0.266,-0.203,51,141,0,30,16,48,0.3292,0.59,1.035,-0.375
2024-01-23,192,96,96,0.354,0.062,68,124,0,10,0,50,0.2975,0.77,0.993,0.021
2024-01-24,192,96,96,0.339,0.016,65,127,0,14,2,44,0.4184,0.98,1.017,0.021
2024-01-25,192,96,96,0.283,-0.117,51,129,12,16,20,42,0.4231,0.86,1.042,0.042
2024-01-26,136,68,68,0.358,0.097,48,86,2,14,0,26,0.38,1.18,1.056,0.029
2024-01-28,56,28,28,0.125,-0.625,7,49,0,10,0,4,0.3156,0.0,0.912,-1.0
2024-01-29,192,96,96,0.375,0.125,72,120,0,12,0,42,0.5549,0.57,1.03,-0.188
2024-01-30,192,96,96,0.285,-0.117,53,133,6,26,14,38,0.4797,0.65,1.008,0.146
2024-01-31,192,96,96,0.39,0.187,71,111,10,22,6,48,0.4949,1.34,1.082,-0.188
2024-02-01,192,96,96,0.357,0.116,61,110,21,16,0,36,0.5818,0.86,0.997,0.479
2024-02-02,136,68,68,0.333,0.047,43,86,7,24,8,36,0.4348,1.19,1.068,-0.088
2024-02-04,56,28,28,0.214,-0.357,12,44,0,2,0,10,0.5271,0.54,1.004,-1.0
2024-02-05,192,96,96,0.361,0.105,66,117,9,14,6,40,0.4721,0.6,1.009,-0.146
2024-02-06,192,96,96,0.375,0.125,72,120,0,28,10,42,0.4458,0.64,0.989,0.521
2024-02-07,192,96,96,0.314,-0.022,59,129,4,28,6,44,0.447,0.61,1.022,0.75
2024-02-08,192,96,96,0.346,0.08,62,117,13,22,14,36,0.3434,0.53,0.995,0.146
2024-02-09,136,68,68,0.341,0.113,43,83,10,16,2,34,0.2727,0.76,1.068,0.294
2024-02-11,56,28,28,0.339,0.018,19,37,0,6,0,22,0.6283,0.0,0.952,0.714
2024-02-12,192,96,96,0.323,-0.031,62,130,0,26,16,36,0.4406,0.48,1.003,-0.604
2024-02-13,192,96,96,0.265,-0.132,45,125,22,18,8,42,0.6666,0.7,1.053,-0.396
2024-02-14,192,96,96,0.304,-0.057,51,117,24,18,0,44,0.4521,0.54,1.006,0.438
2024-02-15,192,96,96,0.346,0.044,65,123,4,10,0,34,0.4534,0.49,1.039,0.604
2024-02-16,136,68,68,0.354,0.078,46,84,6,10,0,26,0.4882,0.74,1.058,0.382
2024-02-18,56,28,28,0.357,0.071,20,36,0,2,0,14,0.7191,0.0,0.98,0.643
2024-02-19,192,96,96,0.318,-0.047,61,131,0,12,0,38,0.5123,0.14,0.997,-0.229
2024-02-20,192,96,96,0.275,-0.16,50,132,10,24,8,48,0.3768,0.51,1.03,0.354
2024-02-21,192,96,96,0.333,0.0,64,128,0,24,12,32,0.5017,0.54,1.008,0.396
2024-02-22,192,96,96,0.275,-0.105,50,132,10,16,18,46,0.4769,0.77,1.024,0.146
2024-02-23,136,68,68,0.265,-0.206,36,100,0,16,8,36,0.6247,0.59,1.05,-0.147
2024-02-25,56,28,28,0.321,-0.036,18,38,0,6,0,6,0.3758,0.0,0.858,-0.786
2024-02-26,192,96,96,0.284,-0.127,52,131,9,12,0,36,0.2866,0.3,1.016,0.708
2024-02-27,192,96,96,0.377,0.139,72,119,1,18,4,34,0.4914,0.49,1.033,-0.271
2024-02-28,192,96,96,0.287,-0.116,52,129,11,28,14,50,0.3985,0.48,1.038,0.021
2024-02-29,192,96,96,0.304,-0.081,58,133,1,18,12,40,0.5773,0.73,1.002,-0.25
2024-03-01,136,68,68,0.213,-0.284,27,100,9,18,6,26,0.527,0.85,1.076,0.235
2024-03-03,56,28,28,0.357,0.071,20,36,0,2,0,12,0.5953,0.0,0.856,1.0
2024-03-04,192,96,96,0.33,-0.004,63,128,1,22,8,40,0.475,0.36,1.024,0.229
2024-03-05,192,96,96,0.364,0.107,68,119,5,22,12,44,0.3819,0.32,1.043,-0.312
2024-03-06,192,96,96,0.311,-0.04,57,126,9,12,14,38,0.2753,0.39,1.026,0.854
2024-03-07,192,96,96,0.304,-0.046,55,126,11,14,8,48,0.6103,0.57,1.022,0.333
2024-03-08,136,68,68,0.234,-0.165,26,85,25,16,4,18,0.2217,0.94,1.062,-0.559
2024-03-10,64,32,32,0.188,-0.438,12,52,0,10,0,8,0.5167,0.0,0.898,0.25
2024-03-11,192,96,96,0.318,-0.047,61,131,0,18,8,48,0.2468,0.26,1.022,-0.229
2024-03-12,192,96,96,0.22,-0.234,39,138,15,38,34,24,0.5006,0.39,1.024,0.198
2024-03-13,192,96,96,0.323,-0.031,62,130,0,24,18,38,0.4655,0.39,0.998,0.479
2024-03-14,192,96,96,0.337,0.056,62,122,8,22,14,28,0.236,0.47,1.008,-0.875
2024-03-15,128,64,64,0.287,-0.095,31,77,20,16,6,24,0.5731,0.39,1.062,0.297
2024-03-17,64,32,32,0.281,-0.156,18,46,0,14,4,12,0.3665,0.0,0.931,0.062
2024-03-18,192,96,96,0.293,-0.107,53,128,11,26,16,36,0.499,0.14,1.073,-0.271
2024-03-19,192,96,96,0.309,-0.054,58,130,4,18,8,38,0.5162,0.33,0.963,0.146
2024-03-20,192,96,96,0.337,0.067,62,122,8,20,4,44,0.3507,0.48,1.047,0.438
2024-03-21,192,96,96,0.38,0.159,70,114,8,14,8,48,0.3183,0.71,1.073,-0.646
2024-03-22,128,64,64,0.25,-0.25,32,96,0,12,8,30,0.4377,0.61,0.979,-0.906
2024-03-24,64,32,32,0.359,0.078,23,41,0,4,8,12,0.1902,0.0,1.051,-0.125
2024-03-25,192,96,96,0.357,0.098,65,117,10,18,10,44,0.4258,0.26,1.009,0.875
2024-03-26,192,96,96,0.369,0.123,69,118,5,2,0,42,0.0908,0.4,1.019,-0.25
2024-03-27,192,96,96,0.271,-0.188,52,140,0,28,14,42,0.4473,0.32,1.008,-0.188
2024-03-28,192,96,96,0.307,-0.078,59,133,0,16,12,44,0.3128,0.55,1.019,-0.479
2024-03-29,128,64,64,0.392,0.165,49,76,3,4,0,28,0.5094,0.23,1.076,0.094
2024-03-31,48,24,24,0.292,-0.125,14,34,0,12,6,6,0.3748,0.42,0.994,0.167
2024-04-01,192,96,96,0.282,-0.12,51,130,11,14,12,44,0.3437,0.16,1.013,-0.833
2024-04-02,192,96,96,0.356,0.067,64,116,12,20,0,58,0.3261,0.46,1.024,0.667
2024-04-03,192,96,96,0.315,0.004,58,126,8,12,2,38,0.4576,0.55,1.004,0.646
2024-04-04,192,96,96,0.255,-0.234,49,143,0,12,0,48,0.3402,0.42,1.047,0.083
2024-04-05,136,68,68,0.282,-0.134,35,89,12,8,8,28,0.4751,0.79,1.053,0.265
2024-04-07,56,28,28,0.357,0.071,20,36,0,0,0,16,0.0,0.0,1.005,-0.071
2024-04-08,192,96,96,0.225,-0.298,42,145,5,22,24,34,0.6233,0.31,0.992,0.354
2024-04-09,192,96,96,0.32,-0.002,56,119,17,24,4,38,0.3691,0.29,1.035,-0.271
2024-04-10,192,96,96,0.252,-0.154,41,122,29,32,14,38,0.4181,0.77,1.034,-0.458
2024-04-11,192,96,96,0.361,0.102,65,115,12,22,16,30,0.5125,0.75,1.056,-0.229
2024-04-12,136,68,68,0.336,0.005,45,89,2,4,0,28,0.0757,1.16,1.04,-0.971
2024-04-14,56,28,28,0.321,-0.036,18,38,0,8,8,16,0.3262,0.57,0.98,0.571
2024-04-15,192,96,96,0.328,-0.016,63,129,0,18,8,40,0.3133,0.74,1.031,-0.292
2024-04-16,192,96,96,0.346,0.057,64,121,7,26,8,42,0.3374,1.03,1.009,-0.083
2024-04-17,192,96,96,0.301,-0.045,55,128,9,18,8,50,0.3148,0.9,1.042,0.833
2024-04-18,192,96,96,0.37,0.109,71,121,0,22,12,44,0.405,0.77,1.106,-0.562
2024-04-19,136,68,68,0.309,-0.074,42,94,0,14,4,26,0.3918,1.32,0.921,0.382
2024-04-21,56,28,28,0.214,-0.357,12,44,0,6,10,8,0.4595,0.79,0.966,0.929
2024-04-22,192,96,96,0.358,0.084,67,120,5,14,6,38,0.3682,0.38,1.011,0.271
2024-04-23,192,96,96,0.309,-0.015,54,121,17,18,8,26,0.4889,0.75,1.051,0.75
2024-04-24,192,96,96,0.349,0.047,67,125,0,20,10,46,0.2494,0.53,1.009,0.125
2024-04-25,192,96,96,0.341,0.064,61,118,13,18,0,46,0.3475,0.72,1.074,0.417
2024-04-26,136,68,68,0.404,0.213,55,81,0,4,8,30,0.7669,0.87,1.033,-0.382
2024-04-28,56,28,28,0.464,0.393,26,30,0,6,0,6,0.479,0.0,0.902,0.571
2024-04-29,192,96,96,0.353,0.052,67,123,2,8,0,46,0.7321,0.72,1.033,0.104
2024-04-30,192,96,96,0.42,0.293,79,109,4,28,10,40,0.5194,0.74,0.986,-0.688
2024-05-01,192,96,96,0.278,-0.142,49,127,16,14,6,42,0.6998,0.67,1.089,0.583
2024-05-02,192,96,96,0.292,-0.125,56,136,0,16,12,42,0.3882,0.79,1.013,0.354
2024-05-03,136,68,68,0.321,-0.022,36,76,24,18,6,26,0.3687,0.88,1.072,0.853
2024-05-05,56,28,28,0.304,-0.089,17,39,0,4,0,10,0.0851,0.0,0.998,-0.143
2024-05-06,192,96,96,0.365,0.094,70,122,0,16,6,48,0.347,0.28,1.005,-0.208
2024-05-07,192,96,96,0.339,0.016,65,127,0,12,0,44,0.2722,0.49,1.021,-0.5
2024-05-08,192,96,96,0.302,-0.062,55,127,10,22,0,20,0.3469,0.19,0.998,-0.083
2024-05-09,192,96,96,0.311,-0.05,56,124,12,12,0,38,0.1479,0.35,1.011,0.146
2024-05-10,136,68,68,0.325,0.019,41,85,10,12,8,28,0.1815,0.4,1.056,-0.353
2024-05-12,56,28,28,0.196,-0.411,11,45,0,4,8,12,0.4537,0.0,1.015,-0.786
2024-05-13,192,96,96,0.301,-0.076,55,128,9,14,2,42,0.336,0.16,0.997,0.104
2024-05-14,192,96,96,0.295,-0.069,49,117,26,16,16,36,0.3796,0.38,1.042,0.354
2024-05-15,192,96,96,0.356,0.072,68,123,1,26,4,38,0.3979,0.56,1.051,0.896
2024-05-16,192,96,96,0.3,-0.096,57,133,2,24,6,32,0.4669,0.26,1.007,-0.646
2024-05-17,136,68,68,0.31,-0.038,39,87,10,12,0,32,0.3861,0.46,1.018,0.088
2024-05-19,56,28,28,0.304,-0.089,17,39,0,4,0,6,0.8665,0.0,0.973,0.786
2024-05-20,192,96,96,0.298,-0.097,57,134,1,22,10,32,0.4715,0.16,1.021,-0.604
2024-05-21,192,96,96,0.337,0.01,63,124,5,22,0,48,0.3473,0.3,1.023,0.062
2024-05-22,192,96,96,0.379,0.148,72,118,2,28,18,50,0.6056,0.45,1.021,-0.417
2024-05-23,192,96,96,0.304,-0.048,55,126,11,10,0,32,0.459,0.66,1.012,-0.333
2024-05-24,136,68,68,0.291,-0.071,34,83,19,14,4,30,0.1815,0.5,1.028,0.735
2024-05-26,56,28,28,0.375,0.125,21,35,0,6,0,10,0.1877,0.0,0.92,0.214
2024-05-27,192,96,96,0.354,0.084,67,122,3,16,0,40,0.4021,0.24,1.07,0.562
2024-05-28,192,96,96,0.391,0.172,75,117,0,18,0,44,0.4888,0.25,1.003,-0.333
2024-05-29,192,96,96,0.385,0.156,74,118,0,24,0,38,0.3291,0.56,1.028,-0.812
2024-05-30,192,96,96,0.37,0.109,71,121,0,18,8,46,0.3976,0.41,1.051,0.042
2024-05-31,136,68,68,0.323,0.003,40,84,12,12,8,24,0.3694,0.81,1.043,-0.059
2024-06-02,56,28,28,0.268,-0.196,15,41,0,4,0,8,0.9889,0.0,0.888,0.643
2024-06-03,192,96,96,0.359,0.078,69,123,0,24,10,40,0.3808,0.55,0.989,0.375
2024-06-04,192,96,96,0.333,0.046,56,112,24,26,6,38,0.4113,0.44,1.04,0.062
2024-06-05,192,96,96,0.339,0.016,65,127,0,16,2,42,0.3882,0.44,1.049,-0.062
2024-06-06,192,96,96,0.326,0.03,58,120,14,12,8,38,0.0745,0.47,1.01,0.417
2024-06-07,136,68,68,0.382,0.147,52,84,0,16,4,26,0.3391,0.69,1.074,-0.559
2024-06-09,56,28,28,0.429,0.286,24,32,0,6,0,12,0.5099,0.54,0.899,-1.0
2024-06-10,192,96,96,0.275,-0.146,52,137,3,18,14,32,0.3565,0.49,0.961,0.0
2024-06-11,192,96,96,0.339,0.021,64,125,3,32,12,36,0.7007,0.56,1.027,0.0
2024-06-12,192,96,96,0.357,0.075,60,108,24,8,0,38,0.2686,0.92,1.067,0.146
2024-06-13,192,96,96,0.281,-0.104,48,123,21,24,10,34,0.5174,0.67,1.021,-0.75
2024-06-14,136,68,68,0.339,0.059,42,82,12,10,0,28,0.5491,1.16,1.064,-0.382
2024-06-16,56,28,28,0.339,0.018,19,37,0,8,0,2,0.2804,0.0,0.88,0.393
2024-06-17,192,96,96,0.385,0.156,74,118,0,24,12,38,0.5051,0.52,1.029,0.604
2024-06-18,192,96,96,0.325,-0.007,50,104,38,34,16,40,0.2857,0.62,1.019,0.25
2024-06-19,192,96,96,0.212,-0.238,35,130,27,16,0,42,0.3453,0.29,1.041,0.062
2024-06-20,192,96,96,0.306,-0.045,57,129,6,12,0,52,0.5649,0.53,1.022,-0.75
2024-06-21,136,68,68,0.268,-0.104,30,82,24,8,0,34,0.2879,0.97,1.05,-0.118
2024-06-23,56,28,28,0.321,-0.036,18,38,0,4,0,14,0.0957,0.0,1.007,-0.643
2024-06-24,192,96,96,0.306,-0.057,57,129,6,20,0,56,0.4724,0.39,1.004,0.833
2024-06-25,192,96,96,0.382,0.172,71,115,6,26,10,44,0.5881,0.39,1.027,-0.208
2024-06-26,192,96,96,0.298,-0.089,53,125,14,22,8,38,0.4057,0.57,1.021,-0.667
2024-06-27,192,96,96,0.277,-0.143,52,136,4,20,12,40,0.1866,0.52,1.055,0.104
2024-06-28,136,68,68,0.279,-0.162,38,98,0,20,12,26,0.4119,0.91,1.019,0.529
2024-06-30,56,28,28,0.411,0.232,23,33,0,2,0,12,0.3326,1.0,0.884,1.0
2024-07-01,192,96,96,0.312,-0.055,59,130,3,22,0,42,0.5308,0.77,0.98,-0.125
2024-07-02,192,96,96,0.363,0.097,69,121,2,12,6,44,0.7804,0.54,1.024,0.146
2024-07-03,192,96,96,0.376,0.13,70,116,6,10,14,36,0.1946,0.58,1.032,0.417
2024-07-04,192,96,96,0.323,0.006,60,126,6,20,12,42,0.3651,0.06,1.061,0.75
2024-07-05,136,68,68,0.279,-0.162,38,98,0,28,18,22,0.4464,0.59,1.029,0.676
2024-07-07,56,28,28,0.268,-0.196,15,41,0,10,0,12,0.5931,0.61,0.916,-0.429
2024-07-08,192,96,96,0.414,0.243,79,112,1,16,4,50,0.5585,0.38,0.99,-0.083
2024-07-09,192,96,96,0.266,-0.104,45,124,23,26,8,28,0.3624,0.19,1.009,-0.229
2024-07-10,192,96,96,0.265,-0.18,50,139,3,26,8,32,0.3896,0.1,1.008,0.833
2024-07-11,192,96,96,0.324,-0.01,55,115,22,24,8,42,0.4493,0.45,1.052,0.375
2024-07-12,136,68,68,0.279,-0.162,38,98,0,24,18,22,0.4332,0.4,1.026,0.882
2024-07-14,56,28,28,0.4,0.21,22,33,1,6,0,4,0.218,0.43,0.882,-0.714
2024-07-15,192,96,96,0.278,-0.112,50,130,12,18,0,32,0.6264,0.48,1.008,-0.083
2024-07-16,192,96,96,0.323,-0.031,62,130,0,32,22,42,0.3873,0.38,1.045,0.312
2024-07-17,192,96,96,0.271,-0.139,49,132,11,24,8,36,0.4189,0.47,1.015,0.562
2024-07-18,192,96,96,0.281,-0.156,54,138,0,16,12,36,0.3272,0.24,1.025,-1.0
2024-07-19,136,68,68,0.309,-0.074,42,94,0,32,24,28,0.4087,0.44,1.037,-0.441
2024-07-21,56,28,28,0.446,0.339,25,31,0,2,0,10,0.4928,0.0,0.963,0.643
2024-07-22,192,96,96,0.298,-0.084,56,132,4,30,4,32,0.3006,0.31,1.007,0.167
2024-07-23,192,96,96,0.321,-0.01,59,125,8,22,8,30,0.3705,0.4,1.004,-0.896
2024-07-24,192,96,96,0.332,0.0,62,125,5,20,12,36,0.576,0.39,1.049,-0.292
2024-07-25,192,96,96,0.333,0.0,64,128,0,18,0,58,0.6513,0.56,1.024,0.375
2024-07-26,136,68,68,0.242,-0.235,32,100,4,28,16,14,0.5643,0.5,0.997,0.235
2024-07-28,56,28,28,0.357,0.071,20,36,0,8,0,16,0.6246,0.0,1.027,-0.071
2024-07-29,192,96,96,0.317,-0.035,59,127,6,22,8,44,0.4688,0.39,1.007,-0.458
2024-07-30,192,96,96,0.37,0.109,71,121,0,28,10,48,0.455,0.39,1.056,0.354
2024-07-31,192,96,96,0.29,-0.121,54,132,6,26,16,48,0.3691,0.85,1.042,0.438
2024-08-01,192,96,96,0.331,0.02,58,117,17,22,0,32,0.3498,0.7,1.007,-0.354
2024-08-02,136,68,68,0.35,0.097,42,78,16,10,2,32,0.3487,1.12,1.047,1.0
2024-08-04,56,28,28,0.393,0.179,22,34,0,4,0,12,0.7026,0.89,1.019,0.786
2024-08-05,192,96,96,0.314,-0.031,55,120,17,8,0,40,0.4936,1.35,1.001,0.042
2024-08-06,192,96,96,0.326,-0.009,60,124,8,16,0,26,0.4134,0.91,1.018,-0.229
2024-08-07,192,96,96,0.281,-0.156,54,138,0,26,4,26,0.2697,0.5,1.0,0.312
2024-08-08,192,96,96,0.287,-0.079,52,129,11,18,8,32,0.3958,0.65,1.003,0.188
2024-08-09,136,68,68,0.316,-0.051,43,93,0,14,2,20,0.4547,0.41,0.987,-0.088
2024-08-11,56,28,28,0.357,0.071,20,36,0,2,0,14,0.1867,0.0,0.998,-0.357
2024-08-12,192,96,96,0.28,-0.123,52,134,6,24,18,42,0.537,0.35,1.001,0.812
2024-08-13,192,96,96,0.328,-0.016,63,129,0,14,8,38,0.6453,0.6,1.029,0.5
2024-08-14,192,96,96,0.275,-0.103,50,132,10,16,10,42,0.2476,0.57,1.045,-0.125
2024-08-15,192,96,96,0.278,-0.128,49,127,16,36,16,42,0.501,0.41,1.02,-0.312
2024-08-16,136,68,68,0.36,0.081,49,87,0,14,0,28,0.4987,0.32,1.058,1.0
2024-08-18,56,28,28,0.482,0.446,27,29,0,6,0,10,0.3996,0.0,0.92,1.0
2024-08-19,192,96,96,0.31,-0.057,58,129,5,22,4,36,0.573,0.42,1.006,0.521
2024-08-20,192,96,96,0.325,-0.023,62,129,1,40,16,40,0.3712,0.6,1.031,0.417
2024-08-21,192,96,96,0.292,-0.125,56,136,0,26,0,34,0.4724,0.74,1.001,0.104
2024-08-22,192,96,96,0.278,-0.135,52,135,5,16,4,54,0.3121,0.71,1.042,-0.438
2024-08-23,136,68,68,0.238,-0.204,29,93,14,12,0,28,0.2634,1.1,1.074,0.235
2024-08-25,56,28,28,0.339,0.018,19,37,0,4,0,10,0.049,0.61,0.948,0.714
2024-08-26,192,96,96,0.299,-0.084,56,131,5,14,2,36,0.4077,0.52,0.998,-0.542
2024-08-27,192,96,96,0.365,0.094,70,122,0,20,0,50,0.4244,0.49,1.056,0.167
2024-08-28,192,96,96,0.417,0.25,80,112,0,6,0,44,0.5539,0.82,0.983,-0.417
2024-08-29,192,96,96,0.293,-0.028,51,123,18,24,8,26,0.3232,0.89,1.054,-0.542
2024-08-30,136,68,68,0.313,0.01,36,79,21,6,0,28,0.6353,1.03,1.051,-0.265
2024-09-01,56,28,28,0.196,-0.411,11,45,0,8,0,12,0.4649,0.0,0.964,-0.214
2024-09-02,192,96,96,0.27,-0.12,47,127,18,24,2,44,0.3458,0.34,1.031,0.396
2024-09-03,192,96,96,0.272,-0.185,52,139,1,20,2,40,0.4995,0.64,1.018,-0.188
2024-09-04,192,96,96,0.277,-0.141,48,125,19,22,2,46,0.5568,0.72,1.022,0.562
2024-09-05,192,96,96,0.358,0.132,64,115,13,18,0,36,0.4565,0.71,1.022,0.667
2024-09-06,136,68,68,0.226,-0.223,24,82,30,22,4,32,0.4521,1.1,1.091,-0.324
2024-09-08,56,28,28,0.393,0.179,22,34,0,10,0,10,0.5138,0.04,0.929,-0.357
2024-09-09,192,96,96,0.359,0.078,69,123,0,22,0,48,0.5284,0.49,0.997,-0.833
2024-09-10,192,96,96,0.293,-0.111,54,130,8,22,2,44,0.3217,0.47,1.083,-0.396
2024-09-11,192,96,96,0.246,-0.251,45,138,9,26,10,40,0.2823,0.7,0.981,-0.229
2024-09-12,192,96,96,0.391,0.172,75,117,0,30,0,36,0.4236,0.71,1.068,0.917
2024-09-13,136,68,68,0.296,-0.114,40,95,1,14,2,28,0.5076,0.65,0.995,0.059
2024-09-15,56,28,28,0.411,0.232,23,33,0,6,4,12,0.2928,0.0,1.032,0.571
2024-09-16,190,95,95,0.299,-0.072,53,124,13,20,12,42,0.2914,0.47,0.988,0.621
2024-09-17,192,96,96,0.311,-0.037,56,124,12,4,0,38,0.5535,0.59,1.019,-0.104
2024-09-18,192,96,96,0.396,0.188,76,116,0,18,6,58,0.4557,1.01,1.135,-0.333
2024-09-19,192,96,96,0.29,-0.07,51,125,16,14,10,32,0.2852,1.05,0.98,0.688
2024-09-20,136,68,68,0.297,-0.044,35,83,18,10,0,36,0.227,0.91,1.036,0.206
2024-09-22,56,28,28,0.286,-0.143,16,40,0,2,0,8,0.0825,0.0,0.914,0.143
2024-09-23,192,96,96,0.377,0.14,72,119,1,24,0,38,0.4582,0.82,1.061,-0.438
2024-09-24,192,96,96,0.391,0.172,75,117,0,14,2,44,0.6498,0.67,1.033,0.979
2024-09-25,192,96,96,0.359,0.083,66,118,8,20,0,34,0.5545,0.74,1.021,-0.292
2024-09-26,192,96,96,0.328,0.011,58,119,15,20,6,26,0.4146,0.89,1.033,0.5
2024-09-27,136,68,68,0.299,-0.082,38,89,9,12,4,24,0.3233,1.43,1.057,-0.206
2024-09-29,56,28,28,0.357,0.071,20,36,0,6,2,8,0.8264,0.14,0.945,0.0
2024-09-30,192,96,96,0.295,-0.094,54,129,9,20,8,48,0.2919,1.08,1.027,-0.146
2024-10-01,192,96,96,0.306,-0.05,55,125,12,18,0,44,0.4066,1.01,1.043,-0.635
2024-10-02,192,96,96,0.364,0.109,68,119,5,14,0,34,0.2777,0.67,1.002,-0.438
2024-10-03,192,96,96,0.346,0.054,62,117,13,22,14,32,0.4522,0.71,1.038,-0.042
2024-10-04,136,68,68,0.273,-0.1,33,88,15,12,2,22,0.3893,0.93,1.016,-0.5
2024-10-06,56,28,28,0.232,-0.304,13,43,0,6,0,6,0.2707,0.32,0.947,0.071
2024-10-07,192,96,96,0.26,-0.219,50,142,0,22,6,38,0.5545,0.46,1.04,0.229
2024-10-08,192,96,96,0.273,-0.167,51,136,5,22,12,30,0.3536,0.5,1.0,-0.062
2024-10-09,192,96,96,0.32,-0.001,57,121,14,24,2,34,0.4343,0.46,1.007,-0.625
2024-10-10,192,96,96,0.258,-0.217,49,141,2,26,14,34,0.4635,0.8,1.027,-0.104
2024-10-11,136,68,68,0.331,-0.007,45,91,0,16,8,30,0.2374,0.65,1.031,0.324
2024-10-13,56,28,28,0.393,0.179,22,34,0,6,0,6,0.5324,0.0,0.977,-1.0
2024-10-14,192,96,96,0.391,0.172,75,117,0,28,14,36,0.4481,0.27,1.025,-0.229
2024-10-15,192,96,96,0.326,-0.024,62,128,2,16,0,34,0.4944,0.45,0.997,-0.292
2024-10-16,192,96,96,0.314,-0.051,60,131,1,14,0,34,0.399,0.41,1.026,-0.479
2024-10-17,192,96,96,0.318,-0.001,55,118,19,26,16,28,0.3309,0.51,1.02,-0.323
2024-10-18,136,68,68,0.303,-0.086,40,92,4,20,2,34,0.4821,0.54,1.036,0.971
2024-10-20,56,28,28,0.339,0.018,19,37,0,10,12,12,0.3388,0.0,0.933,0.714
2024-10-21,192,96,96,0.341,0.032,63,122,7,24,14,38,0.3956,0.18,1.008,-0.708
2024-10-22,192,96,96,0.316,-0.045,59,128,5,20,2,40,0.3958,0.42,1.035,-0.312
2024-10-23,192,96,96,0.351,0.06,67,124,1,18,8,42,0.667,0.36,1.004,0.031
2024-10-24,192,96,96,0.303,-0.089,56,129,7,14,2,38,0.5193,0.56,1.034,0.833
2024-10-25,136,68,68,0.412,0.235,56,80,0,20,18,36,0.4279,0.6,1.03,-0.118
2024-10-27,56,28,28,0.232,-0.304,13,43,0,8,0,10,0.3028,0.07,1.014,-1.0
2024-10-28,192,96,96,0.306,-0.062,56,127,9,20,8,42,0.2843,0.42,1.001,0.125
2024-10-29,192,96,96,0.362,0.094,68,120,4,18,10,38,0.525,0.7,1.008,0.125
2024-10-30,192,96,96,0.376,0.131,71,118,3,20,4,48,0.4638,0.82,1.064,0.25
2024-10-31,192,96,96,0.297,-0.109,57,135,0,26,6,34,0.4247,0.79,1.009,0.333
2024-11-01,128,64,64,0.273,-0.18,35,93,0,12,0,32,0.7229,0.98,1.075,-0.75
2024-11-03,56,28,28,0.393,0.179,22,34,0,2,0,6,0.0,0.89,0.813,0.929
2024-11-04,192,96,96,0.289,-0.072,50,123,19,26,0,36,0.3752,0.74,0.966,-0.062
2024-11-05,192,96,96,0.339,0.016,65,127,0,12,6,54,0.2117,0.77,1.212,0.479
2024-11-06,192,96,96,0.356,0.063,68,123,1,20,2,34,0.7334,1.59,0.906,-0.396
2024-11-07,192,96,96,0.366,0.106,70,121,1,10,0,58,0.1323,1.45,1.049,0.542
2024-11-08,136,68,68,0.307,-0.047,39,88,9,14,2,30,0.5212,1.63,1.005,-0.882
2024-11-10,56,28,28,0.268,-0.196,15,41,0,6,0,14,0.2699,0.57,1.011,-0.143
2024-11-11,192,96,96,0.33,-0.012,62,126,4,20,18,46,0.3909,1.05,1.033,-0.562
2024-11-12,192,96,96,0.326,-0.022,62,128,2,16,0,34,0.2848,1.25,0.978,-0.312
2024-11-13,192,96,96,0.33,0.035,59,120,13,26,14,40,0.5591,1.21,1.038,-0.562
2024-11-14,192,96,96,0.349,0.047,67,125,0,22,8,40,0.4769,1.56,1.014,-0.25
2024-11-15,136,68,68,0.296,-0.11,40,95,1,4,0,28,0.8041,1.54,1.066,0.059
2024-11-17,56,28,28,0.411,0.232,23,33,0,4,0,10,0.4707,1.0,0.883,-0.143
2024-11-18,192,96,96,0.339,0.03,63,123,6,14,8,48,0.4002,1.07,1.013,0.667
2024-11-19,192,96,96,0.34,0.028,65,126,1,12,6,38,0.4218,1.11,1.008,0.188
2024-11-20,192,96,96,0.356,0.098,67,121,4,16,0,38,0.3781,0.95,1.004,-0.229
2024-11-21,192,96,96,0.354,0.111,63,115,14,20,0,40,0.491,1.15,1.054,-0.729
2024-11-22,136,68,68,0.311,-0.039,38,84,14,6,0,30,0.5508,1.5,1.068,-0.588
2024-11-24,56,28,28,0.286,-0.143,16,40,0,0,0,10,0.0,1.71,0.812,1.0
2024-11-25,192,96,96,0.333,0.0,64,128,0,12,0,48,0.2831,1.69,1.064,0.083
2024-11-26,192,96,96,0.299,-0.093,56,131,5,28,12,42,0.5842,1.41,0.986,0.271
2024-11-27,192,96,96,0.366,0.147,67,116,9,18,0,44,0.3942,1.26,1.04,0.396
2024-11-28,192,96,96,0.34,0.029,65,126,1,18,2,36,0.4384,0.94,1.046,0.333
2024-11-29,136,68,68,0.294,-0.118,40,96,0,16,10,40,0.3912,1.51,0.998,0.0
2024-12-01,56,28,28,0.286,-0.143,16,40,0,6,0,12,0.0,1.25,1.133,-0.786
2024-12-02,192,96,96,0.344,0.026,65,124,3,20,8,46,0.3981,1.46,1.017,-0.521
2024-12-03,192,96,96,0.354,0.062,68,124,0,28,2,54,0.2858,1.31,1.051,-0.125
2024-12-04,192,96,96,0.308,-0.015,56,126,10,24,6,40,0.5152,1.3,0.999,-0.062
2024-12-05,192,96,96,0.392,0.191,73,113,6,22,0,42,0.3364,1.08,1.006,0.646
2024-12-06,136,68,68,0.325,0.012,40,83,13,10,4,20,0.5742,1.32,1.056,-0.088
2024-12-08,56,28,28,0.375,0.125,21,35,0,4,0,14,0.0235,0.89,1.01,-0.286
2024-12-09,192,96,96,0.365,0.094,70,122,0,12,0,28,0.4797,1.14,1.0,-0.062
2024-12-10,192,96,96,0.389,0.162,74,116,2,12,6,42,0.4348,0.85,1.027,0.021
2024-12-11,192,96,96,0.333,0.024,60,120,12,20,0,34,0.4771,1.14,1.014,-0.312
2024-12-12,192,96,96,0.346,0.041,66,125,1,14,6,38,0.3762,1.03,1.028,-0.396
2024-12-13,136,68,68,0.294,-0.118,40,96,0,20,12,18,0.5516,1.44,1.029,0.471
2024-12-15,56,28,28,0.286,-0.143,16,40,0,4,0,6,0.2671,0.79,0.88,0.786
2024-12-16,192,96,96,0.38,0.141,73,119,0,24,2,40,0.3983,1.05,1.011,0.25
2024-12-17,192,96,96,0.337,0.018,63,124,5,38,20,34,0.3173,0.69,1.033,-0.104
2024-12-18,192,96,96,0.37,0.132,70,119,3,8,2,44,0.485,1.24,1.046,-0.542
2024-12-19,192,96,96,0.262,-0.164,45,127,20,26,8,36,0.3298,1.27,0.982,-0.292
2024-12-20,136,68,68,0.36,0.107,45,80,11,20,6,32,0.5203,1.71,1.084,0.794
2024-12-22,56,28,28,0.143,-0.571,8,48,0,8,10,4,0.4194,0.61,0.841,1.0
2024-12-23,192,96,96,0.363,0.092,69,121,2,24,2,56,0.4848,0.9,1.02,-0.229
2024-12-24,182,91,91,0.276,-0.164,50,131,1,26,12,40,0.3521,0.74,0.967,-0.055
2024-12-25,80,40,40,0.215,-0.342,17,62,1,8,8,12,0.243,0.12,1.033,-0.05
2024-12-26,192,96,96,0.333,0.0,64,128,0,28,16,32,0.4082,0.27,1.009,0.312
2024-12-27,136,68,68,0.344,0.044,43,82,11,16,8,30,0.3773,0.87,1.056,0.088
2024-12-29,56,28,28,0.214,-0.357,12,44,0,10,0,12,0.2721,0.0,0.849,0.143
2024-12-30,192,96,96,0.302,-0.023,54,125,13,20,2,46,0.2883,0.94,1.061,0.104
2024-12-31,134,67,67,0.288,-0.027,30,74,30,16,8,32,0.6472,1.18,1.047,-0.373
