[35m[2026-09-30T21:57:21Z] [FLOW:DATA_INGESTION] [INFO] Dataset integrity APPROVE (with warnings) for D:\Tradelatest\data\mt5\XAUUSD_M15.csv: 504 intra-session gap(s); 0 missing candle(s) (0.00%), largest 12 candle(s) -- within thresholds, reported only[0m
21:57:21 [BT] [corpus_gate] WARN D:\Tradelatest\data\mt5\XAUUSD_M15.csv (XAUUSD): 504 intra-session gap(s); 0 missing candle(s) (0.00%), largest 12 candle(s) -- within thresholds, reported only
2026-09-30 21:57:21 [WARNING] CRT.Backtest | [corpus_gate] WARN D:\Tradelatest\data\mt5\XAUUSD_M15.csv (XAUUSD): 504 intra-session gap(s); 0 missing candle(s) (0.00%), largest 12 candle(s) -- within thresholds, reported only
21:57:21 [BT] [dataset_integrity] WARN D:\Tradelatest\data\mt5\XAUUSD_M15.csv (XAUUSD): 504 intra-session gap(s); 0 missing candle(s) (0.00%), largest 12 candle(s) -- within thresholds, reported only
2026-09-30 21:57:21 [WARNING] CRT.Backtest | [dataset_integrity] WARN D:\Tradelatest\data\mt5\XAUUSD_M15.csv (XAUUSD): 504 intra-session gap(s); 0 missing candle(s) (0.00%), largest 12 candle(s) -- within thresholds, reported only
2026-09-30 21:57:21 [INFO] CRT.CandleLoader | R3 admitted data\mt5\XAUUSD_M15.csv -> D:\Tradelatest\data\mt5\XAUUSD_M15.csv (dataset_id=XAUUSD_MT5_PHASE1_20260521; NOT AUTHORITATIVE / NOT APPROVED)
[35m[2026-09-30T21:57:24Z] [FLOW:DATA_INGESTION] [INFO] Dataset integrity APPROVE (with warnings) for D:\Tradelatest\data\mt5\XAUUSD_M15.csv: 504 intra-session gap(s); 0 missing candle(s) (0.00%), largest 12 candle(s) -- within thresholds, reported only[0m
21:57:24 [BT] [corpus_gate] WARN D:\Tradelatest\data\mt5\XAUUSD_M15.csv (XAUUSD): 504 intra-session gap(s); 0 missing candle(s) (0.00%), largest 12 candle(s) -- within thresholds, reported only
2026-09-30 21:57:24 [WARNING] CRT.Backtest | [corpus_gate] WARN D:\Tradelatest\data\mt5\XAUUSD_M15.csv (XAUUSD): 504 intra-session gap(s); 0 missing candle(s) (0.00%), largest 12 candle(s) -- within thresholds, reported only
21:57:24 [BT] [htf_clock] G1 OK: htf_candles_per_range=16 matches parent_crt.timeframe=H4 at 15-minute bars.
2026-09-30 21:57:24 [INFO] CRT.Backtest | [htf_clock] G1 OK: htf_candles_per_range=16 matches parent_crt.timeframe=H4 at 15-minute bars.
[94m[2026-09-30T21:57:24Z] [FLOW:FEATURE_PIPELINE] [WARNING] feature_pipeline.normalization_basis='atr_relative': binding FM-022 ema_spread / FM-023 momentum_score, both marked SUPERSEDED in the feature certification ledger (superseded by FM-030/FM-031). Measured decision-surface cost on XAUUSD: |ema_spread|>0.15 on 99.99 pct of bars, |tanh(momentum_score)|>0.999 on 99.81 pct of bars (C2, extends F-061). This is the ACTIVE default and no config was changed by this warning -- see market_ontology.yaml FM-022/FM-023 for the correction path.[0m
[94m[2026-09-30T21:57:24Z] [FLOW:FEATURE_PIPELINE] [WARNING] feature_pipeline.session_timestamp_basis='broker_local': `session`/`hour_of_day` (FM-052) AND the crt_engine session-gating FILTER are both derived from the raw timestamp AS-IS. On MT5-sourced corpora (data/mt5/*.csv) that raw timestamp is broker-server time (EET/EEST, NY-DST-tracking), not UTC, though session_windows_utc's name and docstring claim UTC. F-066: measured 53.36 pct of XAUUSD bars carry the wrong session label under this basis (two independent cross-instrument tests confirm the offset). This is the ACTIVE default and no config was changed by this warning -- see docs/research/preregistration-blind-label-descriptive-fidelity.md and features/broker_clock.py for the correction path ('utc_corrected', which as of 2026-08-05 also gates CRTEngine's session filter, not just the FM-052 feature).[0m
2026-09-30 22:01:17 [INFO] FeaturePipeline | finalize | rows_before=47275 rows_after=47197 drop=78 drop_pct=0.16%
[94m[2026-09-30T22:01:17Z] [FLOW:FEATURE_PIPELINE] [INFO] FeatureHealth retest_depth | zero_rate=41.93% nan_rate=0.00% min=0 max=0.999827 mean=0.245921[0m
[94m[2026-09-30T22:01:17Z] [FLOW:FEATURE_PIPELINE] [INFO] FeatureHealth disp_strength | zero_rate=0.17% nan_rate=0.00% min=0 max=3 mean=0.49755[0m
[94m[2026-09-30T22:01:17Z] [FLOW:FEATURE_PIPELINE] [INFO] FeatureHealth trend_bias | zero_rate=0.01% nan_rate=0.00% min=-1 max=1 mean=0.119287[0m
[94m[2026-09-30T22:01:17Z] [FLOW:FEATURE_PIPELINE] [INFO] FeatureHealth momentum_score | zero_rate=0.18% nan_rate=0.00% min=-26421.5 max=25225.9 mean=54.5717[0m
[94m[2026-09-30T22:01:17Z] [FLOW:FEATURE_PIPELINE] [INFO] FeatureHealth ema_spread | zero_rate=0.01% nan_rate=0.00% min=-9369.94 max=12110 mean=407.932[0m
[94m[2026-09-30T22:01:17Z] [FLOW:FEATURE_PIPELINE] [INFO] FeatureHealth atr | zero_rate=0.00% nan_rate=0.00% min=0.000315719 max=0.0165545 mean=0.00172926[0m
[94m[2026-09-30T22:01:17Z] [FLOW:FEATURE_PIPELINE] [INFO] FeatureHealth liquidity_distance | zero_rate=0.11% nan_rate=0.00% min=0 max=8.59145 mean=0.811209[0m
[94m[2026-09-30T22:01:17Z] [FLOW:FEATURE_PIPELINE] [INFO] FeatureHealth volume_spike | zero_rate=73.98% nan_rate=0.00% min=0 max=1 mean=0.26025[0m
[94m[2026-09-30T22:01:42Z] [FLOW:FEATURE_PIPELINE] [WARNING] FeatureMonitor: 1660/47197 rows flagged as drift in this batch (Z > 2.5 on retest_depth/body_ratio/disp_strength).[0m
22:01:42 [BT] FeaturePipeline built: 47197 rows | first 3 ts keys: ['2024-05-22 20:30:00', '2024-05-22 20:45:00', '2024-05-22 21:00:00']
2026-09-30 22:01:42 [INFO] CRT.Backtest | FeaturePipeline built: 47197 rows | first 3 ts keys: ['2024-05-22 20:30:00', '2024-05-22 20:45:00', '2024-05-22 21:00:00']
2026-09-30 22:01:42 [WARNING] ModelRegistry | NoOpScorer active (no active gaussian registered) — gaussian gating disabled.
[36m[2026-09-30T22:01:42Z] [FLOW:STRATEGY_ENGINE] [INFO] Production config version: v2_htfcrt_2026_08[0m
22:01:42 [BT] StrategyOrchestrator initialised for XAUUSD
2026-09-30 22:01:42 [INFO] CRT.Backtest | StrategyOrchestrator initialised for XAUUSD
22:01:42 [BT] Production config version: v2_htfcrt_2026_08
2026-09-30 22:01:42 [INFO] CRT.Backtest | Production config version: v2_htfcrt_2026_08
2026-09-30 22:01:42 [INFO] utils.config_dumper | Full config dumped to: logs\config_dumps\XAUUSD_run_20260930_163142_config.json
22:01:42 [BT] Full config dumped to: logs\config_dumps\XAUUSD_run_20260930_163142_config.json
2026-09-30 22:01:42 [INFO] CRT.Backtest | Full config dumped to: logs\config_dumps\XAUUSD_run_20260930_163142_config.json
2026-09-30 22:01:42 [INFO] StateContractLoader | State contracts loaded: states=12 schema=1.0 path=D:\Tradelatest\active_models.yaml
22:01:42 [BT] ParentCRT feed wired | timeframe=H4 | gate=reject_on_mismatch
2026-09-30 22:01:42 [INFO] CRT.Backtest | ParentCRT feed wired | timeframe=H4 | gate=reject_on_mismatch
22:01:42 [BT] BarStructureSnapshot ENABLED (observation only) | schema=1.0.0 | -> logs\bar_structure\run_20260930_163142\XAUUSD_bar_structure.jsonl
2026-09-30 22:01:42 [INFO] CRT.Backtest | BarStructureSnapshot ENABLED (observation only) | schema=1.0.0 | -> logs\bar_structure\run_20260930_163142\XAUUSD_bar_structure.jsonl
22:01:42 [BT] LayerTrace ENABLED (observation only) | run_id=lt_20260930_163142_XAUUSD | -> results\layer_trace\XAUUSD_layer_trace.jsonl
2026-09-30 22:01:42 [INFO] CRT.Backtest | LayerTrace ENABLED (observation only) | run_id=lt_20260930_163142_XAUUSD | -> results\layer_trace\XAUUSD_layer_trace.jsonl
[92m[2026-09-30T22:01:42Z] [FLOW:ENGINE_RUNNER] [INFO] Production config version: v2_htfcrt_2026_08[0m
2026-09-30 22:01:43 [INFO] LiveEngine | BitNetZoneGate: loaded 8 zones from D:\Tradelatest\models\zone_registry_v4_2026_07.json
22:01:43 [BT] EngineRunner gate wired into backtest path (BACKTEST_ENGINE_GATE=1)
2026-09-30 22:01:43 [INFO] CRT.Backtest | EngineRunner gate wired into backtest path (BACKTEST_ENGINE_GATE=1)
22:01:43 [BT] Backtest v2 | XAUUSD | 47,275 candles | capital=100,000 | slip=ON | gap_reset=ON
2026-09-30 22:01:43 [INFO] CRT.Backtest | Backtest v2 | XAUUSD | 47,275 candles | capital=100,000 | slip=ON | gap_reset=ON
2026-09-30 22:01:43 [INFO] CRT.ParentFeed | parent_crt H4 RANGE_C1 -> MANIPULATION_C2 bias=NONE htf=EXPANSION obj=NONE ts=2024-05-22 04:00:00
2026-09-30 22:01:43 [INFO] CRT.ParentFeed | parent_crt H4 MANIPULATION_C2 -> RANGE_C1 bias=NONE htf=ACCUMULATION obj=NONE ts=2024-05-22 08:00:00
2026-09-30 22:01:43 [INFO] CRT.ParentFeed | parent_crt H4 RANGE_C1 -> MANIPULATION_C2 bias=NONE htf=DISTRIBUTION obj=NONE ts=2024-05-22 12:00:00
2026-09-30 22:01:43 [INFO] CRT.ParentFeed | parent_crt H4 MANIPULATION_C2 -> DISTRIBUTION_C3 bias=SHORT htf=EXPANSION obj=ACHIEVED ts=2024-05-22 16:00:00
22:01:43 [BT]   Engine init @ candle 78 | HTF=XAUUSD-HTF-000004
2026-09-30 22:01:43 [INFO] CRT.Backtest |   Engine init @ candle 78 | HTF=XAUUSD-HTF-000004
2026-09-30 22:01:43 [INFO] CRT.ParentFeed | parent_crt H4 DISTRIBUTION_C3 -> RANGE_C1 bias=NONE htf=EXPANSION obj=NONE ts=2024-05-22 20:00:00
2026-09-30 22:01:43 [INFO] utils.sweep_trace_logger | Sweep trace opened: logs\execution\runs\20260930_215718\sweep_trace.jsonl
2026-09-30 22:01:43 [INFO] CRT.ParentFeed | parent_crt H4 RANGE_C1 -> MANIPULATION_C2 bias=NONE htf=REVERSAL obj=NONE ts=2024-05-23 16:00:00
2026-09-30 22:01:43 [INFO] CRT.ParentFeed | parent_crt H4 MANIPULATION_C2 -> DISTRIBUTION_C3 bias=SHORT htf=EXPANSION obj=ACHIEVED ts=2024-05-23 20:00:00
2026-09-30 22:01:43 [INFO] CRT.ParentFeed | parent_crt H4 DISTRIBUTION_C3 -> RANGE_C1 bias=NONE htf=ACCUMULATION obj=NONE ts=2024-05-24 00:00:00
2026-09-30 22:01:43 [INFO] CRT.ParentFeed | parent_crt H4 RANGE_C1 -> MANIPULATION_C2 bias=NONE htf=EXPANSION obj=NONE ts=2024-05-24 04:00:00
2026-09-30 22:01:43 [INFO] CRT.ParentFeed | parent_crt H4 MANIPULATION_C2 -> DISTRIBUTION_C3 bias=LONG htf=EXPANSION obj=ACHIEVED ts=2024-05-24 08:00:00
2026-09-30 22:01:43 [INFO] CRT.ParentFeed | parent_crt H4 DISTRIBUTION_C3 -> RANGE_C1 bias=NONE htf=DISTRIBUTION obj=NONE ts=2024-05-24 12:00:00
2026-09-30 22:01:44 [INFO] CRT.ParentFeed | parent_crt H4 RANGE_C1 -> MANIPULATION_C2 bias=NONE htf=EXPANSION obj=NONE ts=2024-05-24 16:00:00
2026-09-30 22:01:44 [INFO] CRT.ParentFeed | parent_crt H4 MANIPULATION_C2 -> DISTRIBUTION_C3 bias=SHORT htf=ACCUMULATION obj=ACHIEVED ts=2024-05-24 20:00:00
2026-09-30 22:01:44 [INFO] CRT.GapDetector | GAP RESET | Session gap detected: 2955min > 120min (2024-05-27 01:00 → 2024-05-27 01:00)
2026-09-30 22:01:44 [INFO] CRT.ParentFeed | parent_crt H4 DISTRIBUTION_C3 -> RANGE_C1 bias=NONE htf=DISTRIBUTION obj=NONE ts=2024-05-27 00:00:00
2026-09-30 22:01:44 [INFO] CRT.GapDetector | GAP RESET | Session gap detected: 225min > 120min (2024-05-28 01:00 → 2024-05-28 01:00)
2026-09-30 22:01:44 [INFO] CRT.ParentFeed | parent_crt H4 RANGE_C1 -> MANIPULATION_C2 bias=NONE htf=REVERSAL obj=NONE ts=2024-05-28 04:00:00
2026-09-30 22:01:44 [INFO] CRT.ParentFeed | parent_crt H4 MANIPULATION_C2 -> DISTRIBUTION_C3 bias=SHORT htf=EXPANSION obj=ACHIEVED ts=2024-05-28 08:00:00
2026-09-30 22:01:44 [INFO] CRT.ParentFeed | parent_crt H4 DISTRIBUTION_C3 -> RANGE_C1 bias=NONE htf=DISTRIBUTION obj=NONE ts=2024-05-28 12:00:00
2026-09-30 22:01:44 [INFO] CRT.ParentFeed | parent_crt H4 RANGE_C1 -> MANIPULATION_C2 bias=NONE htf=DISTRIBUTION obj=NONE ts=2024-05-28 16:00:00
2026-09-30 22:01:44 [INFO] CRT.ParentFeed | parent_crt H4 MANIPULATION_C2 -> RANGE_C1 bias=NONE htf=ACCUMULATION obj=NONE ts=2024-05-28 20:00:00
2026-09-30 22:01:44 [INFO] CRT.ParentFeed | parent_crt H4 RANGE_C1 -> MANIPULATION_C2 bias=NONE htf=ACCUMULATION obj=NONE ts=2024-05-29 00:00:00
2026-09-30 22:01:44 [INFO] CRT.ParentFeed | parent_crt H4 MANIPULATION_C2 -> RANGE_C1 bias=NONE htf=DISTRIBUTION obj=NONE ts=2024-05-29 04:00:00
2026-09-30 22:01:45 [INFO] CRT.ParentFeed | parent_crt H4 RANGE_C1 -> MANIPULATION_C2 bias=NONE htf=REVERSAL obj=NONE ts=2024-05-29 08:00:00
2026-09-30 22:01:45 [INFO] CRT.ParentFeed | parent_crt H4 MANIPULATION_C2 -> DISTRIBUTION_C3 bias=SHORT htf=EXPANSION obj=ACHIEVED ts=2024-05-29 12:00:00
2026-09-30 22:01:45 [INFO] CRT.ParentFeed | parent_crt H4 DISTRIBUTION_C3 -> RANGE_C1 bias=NONE htf=ACCUMULATION obj=NONE ts=2024-05-29 16:00:00
2026-09-30 22:01:45 [INFO] CRT.ParentFeed | parent_crt H4 RANGE_C1 -> MANIPULATION_C2 bias=NONE htf=ACCUMULATION obj=NONE ts=2024-05-30 00:00:00
2026-09-30 22:01:45 [INFO] CRT.ParentFeed | parent_crt H4 MANIPULATION_C2 -> RANGE_C1 bias=NONE htf=DISTRIBUTION obj=NONE ts=2024-05-30 04:00:00
2026-09-30 22:01:45 [INFO] CRT.ParentFeed | parent_crt H4 RANGE_C1 -> MANIPULATION_C2 bias=NONE htf=DISTRIBUTION obj=NONE ts=2024-05-30 08:00:00
2026-09-30 22:01:45 [INFO] CRT.ParentFeed | parent_crt H4 MANIPULATION_C2 -> DISTRIBUTION_C3 bias=LONG htf=REVERSAL obj=ACHIEVED ts=2024-05-30 12:00:00
2026-09-30 22:01:45 [INFO] CRT.ParentFeed | parent_crt H4 DISTRIBUTION_C3 -> RANGE_C1 bias=NONE htf=EXPANSION obj=NONE ts=2024-05-30 16:00:00
2026-09-30 22:01:45 [INFO] CRT.ParentFeed | parent_crt H4 RANGE_C1 -> MANIPULATION_C2 bias=NONE htf=DISTRIBUTION obj=NONE ts=2024-05-31 04:00:00
2026-09-30 22:01:45 [INFO] CRT.ParentFeed | parent_crt H4 MANIPULATION_C2 -> DISTRIBUTION_C3 bias=SHORT htf=ACCUMULATION obj=EXISTS ts=2024-05-31 08:00:00
2026-09-30 22:01:45 [INFO] CRT.ParentFeed | parent_crt H4 DISTRIBUTION_C3 -> RANGE_C1 bias=NONE htf=REVERSAL obj=NONE ts=2024-05-31 12:00:00
2026-09-30 22:01:45 [INFO] CRT.ParentFeed | parent_crt H4 RANGE_C1 -> MANIPULATION_C2 bias=NONE htf=REVERSAL obj=NONE ts=2024-05-31 16:00:00
2026-09-30 22:01:45 [INFO] CRT.ParentFeed | parent_crt H4 MANIPULATION_C2 -> DISTRIBUTION_C3 bias=SHORT htf=EXPANSION obj=ACHIEVED ts=2024-05-31 20:00:00
2026-09-30 22:01:45 [INFO] CRT.GapDetector | GAP RESET | Session gap detected: 2955min > 120min (2024-06-03 01:00 → 2024-06-03 01:00)
2026-09-30 22:01:45 [INFO] CRT.ParentFeed | parent_crt H4 DISTRIBUTION_C3 -> RANGE_C1 bias=NONE htf=ACCUMULATION obj=NONE ts=2024-06-03 00:00:00
2026-09-30 22:01:45 [INFO] CRT.ParentFeed | parent_crt H4 RANGE_C1 -> MANIPULATION_C2 bias=NONE htf=EXPANSION obj=NONE ts=2024-06-03 04:00:00
2026-09-30 22:01:46 [INFO] CRT.ParentFeed | parent_crt H4 MANIPULATION_C2 -> RANGE_C1 bias=NONE htf=DISTRIBUTION obj=NONE ts=2024-06-03 08:00:00
2026-09-30 22:01:46 [WARNING] CRT.Execution | Trade REJECTED: inverted SL on SHORT (entry=2329.94000 sl=2327.80657 sweep=2331.07000)
2026-09-30 22:01:46 [INFO] CRT.ParentFeed | parent_crt H4 RANGE_C1 -> MANIPULATION_C2 bias=NONE htf=ACCUMULATION obj=NONE ts=2024-06-04 12:00:00
2026-09-30 22:01:46 [INFO] CRT.ParentFeed | parent_crt H4 MANIPULATION_C2 -> RANGE_C1 bias=NONE htf=REVERSAL obj=NONE ts=2024-06-04 16:00:00
2026-09-30 22:01:46 [INFO] CRT.ParentFeed | parent_crt H4 RANGE_C1 -> MANIPULATION_C2 bias=NONE htf=EXPANSION obj=NONE ts=2024-06-05 04:00:00
2026-09-30 22:01:46 [INFO] CRT.ParentFeed | parent_crt H4 MANIPULATION_C2 -> RANGE_C1 bias=NONE htf=DISTRIBUTION obj=NONE ts=2024-06-05 08:00:00
2026-09-30 22:01:46 [INFO] CRT.ParentFeed | parent_crt H4 RANGE_C1 -> MANIPULATION_C2 bias=NONE htf=ACCUMULATION obj=NONE ts=2024-06-06 00:00:00
2026-09-30 22:01:46 [INFO] CRT.ParentFeed | parent_crt H4 MANIPULATION_C2 -> RANGE_C1 bias=NONE htf=REVERSAL obj=NONE ts=2024-06-06 04:00:00
2026-09-30 22:01:47 [INFO] CRT.ParentFeed | parent_crt H4 RANGE_C1 -> MANIPULATION_C2 bias=NONE htf=REVERSAL obj=NONE ts=2024-06-06 16:00:00
2026-09-30 22:01:47 [INFO] CRT.ParentFeed | parent_crt H4 MANIPULATION_C2 -> DISTRIBUTION_C3 bias=LONG htf=ACCUMULATION obj=ACHIEVED ts=2024-06-06 20:00:00
2026-09-30 22:01:47 [INFO] CRT.ParentFeed | parent_crt H4 DISTRIBUTION_C3 -> RANGE_C1 bias=NONE htf=EXPANSION obj=NONE ts=2024-06-07 00:00:00
2026-09-30 22:01:47 [INFO] CRT.ParentFeed | parent_crt H4 RANGE_C1 -> MANIPULATION_C2 bias=NONE htf=EXPANSION obj=NONE ts=2024-06-07 04:00:00
2026-09-30 22:01:47 [INFO] CRT.ParentFeed | parent_crt H4 MANIPULATION_C2 -> RANGE_C1 bias=NONE htf=REVERSAL obj=NONE ts=2024-06-07 08:00:00
2026-09-30 22:01:47 [INFO] CRT.GapDetector | GAP RESET | Session gap detected: 2955min > 120min (2024-06-10 01:00 → 2024-06-10 01:00)
2026-09-30 22:01:47 [INFO] CRT.ParentFeed | parent_crt H4 RANGE_C1 -> MANIPULATION_C2 bias=NONE htf=ACCUMULATION obj=NONE ts=2024-06-10 04:00:00
2026-09-30 22:01:47 [INFO] CRT.ParentFeed | parent_crt H4 MANIPULATION_C2 -> DISTRIBUTION_C3 bias=SHORT htf=EXPANSION obj=EXISTS ts=2024-06-10 08:00:00
2026-09-30 22:01:47 [INFO] CRT.ParentFeed | parent_crt H4 DISTRIBUTION_C3 -> RANGE_C1 bias=NONE htf=REVERSAL obj=NONE ts=2024-06-10 12:00:00
2026-09-30 22:01:47 [INFO] CRT.ParentFeed | parent_crt H4 RANGE_C1 -> MANIPULATION_C2 bias=NONE htf=ACCUMULATION obj=NONE ts=2024-06-11 08:00:00
2026-09-30 22:01:47 [INFO] CRT.ParentFeed | parent_crt H4 MANIPULATION_C2 -> DISTRIBUTION_C3 bias=LONG htf=EXPANSION obj=ACHIEVED ts=2024-06-11 12:00:00
2026-09-30 22:01:48 [INFO] CRT.ParentFeed | parent_crt H4 DISTRIBUTION_C3 -> RANGE_C1 bias=NONE htf=ACCUMULATION obj=NONE ts=2024-06-11 16:00:00
2026-09-30 22:01:48 [INFO] CRT.ParentFeed | parent_crt H4 RANGE_C1 -> MANIPULATION_C2 bias=NONE htf=ACCUMULATION obj=NONE ts=2024-06-12 00:00:00
2026-09-30 22:01:48 [INFO] CRT.ParentFeed | parent_crt H4 MANIPULATION_C2 -> DISTRIBUTION_C3 bias=SHORT htf=EXPANSION obj=EXISTS ts=2024-06-12 04:00:00
2026-09-30 22:01:48 [INFO] CRT.ParentFeed | parent_crt H4 DISTRIBUTION_C3 -> RANGE_C1 bias=NONE htf=DISTRIBUTION obj=NONE ts=2024-06-12 08:00:00
2026-09-30 22:01:48 [INFO] CRT.ParentFeed | parent_crt H4 RANGE_C1 -> MANIPULATION_C2 bias=NONE htf=DISTRIBUTION obj=NONE ts=2024-06-12 20:00:00
2026-09-30 22:01:48 [INFO] CRT.ParentFeed | parent_crt H4 MANIPULATION_C2 -> RANGE_C1 bias=NONE htf=ACCUMULATION obj=NONE ts=2024-06-13 00:00:00
2026-09-30 22:01:48 [INFO] CRT.ParentFeed | parent_crt H4 RANGE_C1 -> MANIPULATION_C2 bias=NONE htf=EXPANSION obj=NONE ts=2024-06-13 12:00:00
2026-09-30 22:01:48 [INFO] CRT.ParentFeed | parent_crt H4 MANIPULATION_C2 -> RANGE_C1 bias=NONE htf=REVERSAL obj=NONE ts=2024-06-13 16:00:00
2026-09-30 22:01:48 [INFO] CRT.ParentFeed | parent_crt H4 RANGE_C1 -> MANIPULATION_C2 bias=NONE htf=ACCUMULATION obj=NONE ts=2024-06-14 00:00:00
2026-09-30 22:01:48 [INFO] CRT.ParentFeed | parent_crt H4 MANIPULATION_C2 -> RANGE_C1 bias=NONE htf=EXPANSION obj=NONE ts=2024-06-14 04:00:00
2026-09-30 22:01:49 [INFO] CRT.ParentFeed | parent_crt H4 RANGE_C1 -> MANIPULATION_C2 bias=NONE htf=ACCUMULATION obj=NONE ts=2024-06-14 20:00:00
2026-09-30 22:01:49 [INFO] CRT.GapDetector | GAP RESET | Session gap detected: 2955min > 120min (2024-06-17 01:00 → 2024-06-17 01:00)
2026-09-30 22:01:49 [INFO] CRT.ParentFeed | parent_crt H4 MANIPULATION_C2 -> DISTRIBUTION_C3 bias=SHORT htf=REVERSAL obj=EXISTS ts=2024-06-17 00:00:00
2026-09-30 22:01:49 [INFO] CRT.ParentFeed | parent_crt H4 DISTRIBUTION_C3 -> RANGE_C1 bias=NONE htf=EXPANSION obj=NONE ts=2024-06-17 04:00:00
2026-09-30 22:01:49 [INFO] CRT.ParentFeed | parent_crt H4 RANGE_C1 -> MANIPULATION_C2 bias=NONE htf=DISTRIBUTION obj=NONE ts=2024-06-17 16:00:00
2026-09-30 22:01:49 [INFO] CRT.ParentFeed | parent_crt H4 MANIPULATION_C2 -> RANGE_C1 bias=NONE htf=ACCUMULATION obj=NONE ts=2024-06-17 20:00:00
2026-09-30 22:01:49 [INFO] CRT.ParentFeed | parent_crt H4 RANGE_C1 -> MANIPULATION_C2 bias=NONE htf=ACCUMULATION obj=NONE ts=2024-06-18 04:00:00
2026-09-30 22:01:49 [INFO] CRT.ParentFeed | parent_crt H4 MANIPULATION_C2 -> DISTRIBUTION_C3 bias=SHORT htf=EXPANSION obj=ACHIEVED ts=2024-06-18 08:00:00
2026-09-30 22:01:49 [INFO] CRT.ParentFeed | parent_crt H4 DISTRIBUTION_C3 -> RANGE_C1 bias=NONE htf=DISTRIBUTION obj=NONE ts=2024-06-18 12:00:00
2026-09-30 22:01:49 [INFO] CRT.ParentFeed | parent_crt H4 RANGE_C1 -> MANIPULATION_C2 bias=NONE htf=ACCUMULATION obj=NONE ts=2024-06-18 20:00:00
2026-09-30 22:01:49 [INFO] CRT.ParentFeed | parent_crt H4 MANIPULATION_C2 -> RANGE_C1 bias=NONE htf=ACCUMULATION obj=NONE ts=2024-06-19 00:00:00
2026-09-30 22:01:49 [INFO] CRT.ParentFeed | parent_crt H4 RANGE_C1 -> MANIPULATION_C2 bias=NONE htf=DISTRIBUTION obj=NONE ts=2024-06-19 04:00:00
2026-09-30 22:01:49 [INFO] CRT.ParentFeed | parent_crt H4 MANIPULATION_C2 -> RANGE_C1 bias=NONE htf=REVERSAL obj=NONE ts=2024-06-19 08:00:00
2026-09-30 22:01:49 [INFO] CRT.ParentFeed | parent_crt H4 RANGE_C1 -> MANIPULATION_C2 bias=NONE htf=ACCUMULATION obj=NONE ts=2024-06-19 12:00:00
2026-09-30 22:01:49 [INFO] CRT.ParentFeed | parent_crt H4 MANIPULATION_C2 -> DISTRIBUTION_C3 bias=LONG htf=DISTRIBUTION obj=EXISTS ts=2024-06-19 16:00:00
2026-09-30 22:01:49 [INFO] CRT.ParentFeed | parent_crt H4 DISTRIBUTION_C3 -> RANGE_C1 bias=NONE htf=ACCUMULATION obj=NONE ts=2024-06-19 20:00:00
2026-09-30 22:01:49 [INFO] CRT.GapDetector | GAP RESET | Session gap detected: 225min > 120min (2024-06-20 01:00 → 2024-06-20 01:00)
2026-09-30 22:01:50 [INFO] CRT.ParentFeed | parent_crt H4 RANGE_C1 -> MANIPULATION_C2 bias=NONE htf=DISTRIBUTION obj=NONE ts=2024-06-20 00:00:00
2026-09-30 22:01:50 [INFO] CRT.ParentFeed | parent_crt H4 MANIPULATION_C2 -> DISTRIBUTION_C3 bias=LONG htf=EXPANSION obj=ACHIEVED ts=2024-06-20 04:00:00
2026-09-30 22:01:50 [INFO] CRT.ParentFeed | parent_crt H4 DISTRIBUTION_C3 -> RANGE_C1 bias=NONE htf=DISTRIBUTION obj=NONE ts=2024-06-20 08:00:00
2026-09-30 22:01:50 [INFO] CRT.ParentFeed | parent_crt H4 RANGE_C1 -> MANIPULATION_C2 bias=NONE htf=ACCUMULATION obj=NONE ts=2024-06-20 12:00:00
2026-09-30 22:01:50 [INFO] CRT.ParentFeed | parent_crt H4 MANIPULATION_C2 -> DISTRIBUTION_C3 bias=LONG htf=EXPANSION obj=ACHIEVED ts=2024-06-20 16:00:00
2026-09-30 22:01:50 [INFO] CRT.ParentFeed | parent_crt H4 DISTRIBUTION_C3 -> RANGE_C1 bias=NONE htf=ACCUMULATION obj=NONE ts=2024-06-20 20:00:00
2026-09-30 22:01:50 [INFO] CRT.ParentFeed | parent_crt H4 RANGE_C1 -> MANIPULATION_C2 bias=NONE htf=DISTRIBUTION obj=NONE ts=2024-06-21 04:00:00
2026-09-30 22:01:50 [INFO] CRT.ParentFeed | parent_crt H4 MANIPULATION_C2 -> DISTRIBUTION_C3 bias=LONG htf=REVERSAL obj=ACHIEVED ts=2024-06-21 08:00:00
2026-09-30 22:01:50 [INFO] CRT.ParentFeed | parent_crt H4 DISTRIBUTION_C3 -> RANGE_C1 bias=NONE htf=ACCUMULATION obj=NONE ts=2024-06-21 12:00:00
2026-09-30 22:01:50 [INFO] CRT.GapDetector | GAP RESET | Session gap detected: 2955min > 120min (2024-06-24 01:00 → 2024-06-24 01:00)
2026-09-30 22:01:50 [INFO] CRT.ParentFeed | parent_crt H4 RANGE_C1 -> MANIPULATION_C2 bias=NONE htf=ACCUMULATION obj=NONE ts=2024-06-24 12:00:00
2026-09-30 22:01:51 [INFO] CRT.ParentFeed | parent_crt H4 MANIPULATION_C2 -> DISTRIBUTION_C3 bias=LONG htf=REVERSAL obj=EXISTS ts=2024-06-24 16:00:00
2026-09-30 22:01:51 [INFO] CRT.ParentFeed | parent_crt H4 DISTRIBUTION_C3 -> RANGE_C1 bias=NONE htf=EXPANSION obj=NONE ts=2024-06-24 20:00:00
2026-09-30 22:01:51 [INFO] CRT.ParentFeed | parent_crt H4 RANGE_C1 -> MANIPULATION_C2 bias=NONE htf=DISTRIBUTION obj=NONE ts=2024-06-25 12:00:00
2026-09-30 22:01:51 [INFO] CRT.ParentFeed | parent_crt H4 MANIPULATION_C2 -> DISTRIBUTION_C3 bias=SHORT htf=EXPANSION obj=ACHIEVED ts=2024-06-25 16:00:00
2026-09-30 22:01:51 [INFO] CRT.ParentFeed | parent_crt H4 DISTRIBUTION_C3 -> RANGE_C1 bias=NONE htf=ACCUMULATION obj=NONE ts=2024-06-25 20:00:00
2026-09-30 22:01:51 [INFO] CRT.ParentFeed | parent_crt H4 RANGE_C1 -> MANIPULATION_C2 bias=NONE htf=DISTRIBUTION obj=NONE ts=2024-06-26 00:00:00
2026-09-30 22:01:51 [INFO] CRT.ParentFeed | parent_crt H4 MANIPULATION_C2 -> DISTRIBUTION_C3 bias=SHORT htf=EXPANSION obj=EXISTS ts=2024-06-26 04:00:00
2026-09-30 22:01:51 [INFO] CRT.ParentFeed | parent_crt H4 DISTRIBUTION_C3 -> RANGE_C1 bias=NONE htf=ACCUMULATION obj=NONE ts=2024-06-26 08:00:00
2026-09-30 22:01:51 [INFO] CRT.ParentFeed | parent_crt H4 RANGE_C1 -> MANIPULATION_C2 bias=NONE htf=DISTRIBUTION obj=NONE ts=2024-06-26 12:00:00
2026-09-30 22:01:51 [INFO] CRT.ParentFeed | parent_crt H4 MANIPULATION_C2 -> DISTRIBUTION_C3 bias=SHORT htf=EXPANSION obj=ACHIEVED ts=2024-06-26 16:00:00
2026-09-30 22:01:51 [INFO] CRT.ParentFeed | parent_crt H4 DISTRIBUTION_C3 -> RANGE_C1 bias=NONE htf=ACCUMULATION obj=NONE ts=2024-06-26 20:00:00
2026-09-30 22:01:51 [INFO] CRT.ParentFeed | parent_crt H4 RANGE_C1 -> MANIPULATION_C2 bias=NONE htf=ACCUMULATION obj=NONE ts=2024-06-27 00:00:00
2026-09-30 22:01:52 [INFO] CRT.ParentFeed | parent_crt H4 MANIPULATION_C2 -> DISTRIBUTION_C3 bias=LONG htf=EXPANSION obj=EXISTS ts=2024-06-27 04:00:00
2026-09-30 22:01:52 [INFO] CRT.ParentFeed | parent_crt H4 DISTRIBUTION_C3 -> RANGE_C1 bias=NONE htf=EXPANSION obj=NONE ts=2024-06-27 08:00:00
2026-09-30 22:01:52 [INFO] CRT.ParentFeed | parent_crt H4 RANGE_C1 -> MANIPULATION_C2 bias=NONE htf=ACCUMULATION obj=NONE ts=2024-06-27 16:00:00
2026-09-30 22:01:52 [INFO] CRT.ParentFeed | parent_crt H4 MANIPULATION_C2 -> RANGE_C1 bias=NONE htf=ACCUMULATION obj=NONE ts=2024-06-27 20:00:00
2026-09-30 22:01:52 [INFO] CRT.ParentFeed | parent_crt H4 RANGE_C1 -> MANIPULATION_C2 bias=NONE htf=DISTRIBUTION obj=NONE ts=2024-06-28 16:00:00
2026-09-30 22:01:52 [INFO] CRT.ParentFeed | parent_crt H4 MANIPULATION_C2 -> DISTRIBUTION_C3 bias=SHORT htf=ACCUMULATION obj=ACHIEVED ts=2024-06-28 20:00:00
2026-09-30 22:01:52 [INFO] CRT.GapDetector | GAP RESET | Session gap detected: 2955min > 120min (2024-07-01 01:00 → 2024-07-01 01:00)
2026-09-30 22:01:52 [INFO] CRT.ParentFeed | parent_crt H4 DISTRIBUTION_C3 -> RANGE_C1 bias=NONE htf=ACCUMULATION obj=NONE ts=2024-07-01 00:00:00
2026-09-30 22:01:52 [INFO] CRT.ParentFeed | parent_crt H4 RANGE_C1 -> MANIPULATION_C2 bias=NONE htf=DISTRIBUTION obj=NONE ts=2024-07-01 04:00:00
2026-09-30 22:01:52 [INFO] CRT.ParentFeed | parent_crt H4 MANIPULATION_C2 -> RANGE_C1 bias=NONE htf=DISTRIBUTION obj=NONE ts=2024-07-01 08:00:00
2026-09-30 22:01:52 [INFO] CRT.ParentFeed | parent_crt H4 RANGE_C1 -> MANIPULATION_C2 bias=NONE htf=DISTRIBUTION obj=NONE ts=2024-07-01 12:00:00
2026-09-30 22:01:52 [INFO] CRT.ParentFeed | parent_crt H4 MANIPULATION_C2 -> RANGE_C1 bias=NONE htf=DISTRIBUTION obj=NONE ts=2024-07-01 16:00:00
2026-09-30 22:01:53 [INFO] CRT.ParentFeed | parent_crt H4 RANGE_C1 -> MANIPULATION_C2 bias=NONE htf=REVERSAL obj=NONE ts=2024-07-02 04:00:00
2026-09-30 22:01:53 [INFO] CRT.ParentFeed | parent_crt H4 MANIPULATION_C2 -> RANGE_C1 bias=NONE htf=ACCUMULATION obj=NONE ts=2024-07-02 08:00:00
2026-09-30 22:01:53 [INFO] CRT.ParentFeed | parent_crt H4 RANGE_C1 -> MANIPULATION_C2 bias=NONE htf=DISTRIBUTION obj=NONE ts=2024-07-02 12:00:00
2026-09-30 22:01:53 [INFO] CRT.ParentFeed | parent_crt H4 MANIPULATION_C2 -> RANGE_C1 bias=NONE htf=DISTRIBUTION obj=NONE ts=2024-07-02 16:00:00
2026-09-30 22:01:53 [INFO] CRT.ParentFeed | parent_crt H4 RANGE_C1 -> MANIPULATION_C2 bias=NONE htf=ACCUMULATION obj=NONE ts=2024-07-03 00:00:00
2026-09-30 22:01:53 [INFO] CRT.ParentFeed | parent_crt H4 MANIPULATION_C2 -> RANGE_C1 bias=NONE htf=EXPANSION obj=NONE ts=2024-07-03 04:00:00
2026-09-30 22:01:53 [INFO] CRT.ParentFeed | parent_crt H4 RANGE_C1 -> MANIPULATION_C2 bias=NONE htf=DISTRIBUTION obj=NONE ts=2024-07-04 04:00:00
2026-09-30 22:01:53 [INFO] CRT.ParentFeed | parent_crt H4 MANIPULATION_C2 -> RANGE_C1 bias=NONE htf=DISTRIBUTION obj=NONE ts=2024-07-04 08:00:00
2026-09-30 22:01:53 [INFO] CRT.ParentFeed | parent_crt H4 RANGE_C1 -> MANIPULATION_C2 bias=NONE htf=ACCUMULATION obj=NONE ts=2024-07-04 12:00:00
2026-09-30 22:01:53 [INFO] CRT.ParentFeed | parent_crt H4 MANIPULATION_C2 -> RANGE_C1 bias=NONE htf=DISTRIBUTION obj=NONE ts=2024-07-04 16:00:00
2026-09-30 22:01:53 [INFO] CRT.GapDetector | GAP RESET | Session gap detected: 225min > 120min (2024-07-05 01:00 → 2024-07-05 01:00)
2026-09-30 22:01:53 [INFO] CRT.ParentFeed | parent_crt H4 RANGE_C1 -> MANIPULATION_C2 bias=NONE htf=REVERSAL obj=NONE ts=2024-07-05 00:00:00
2026-09-30 22:01:53 [INFO] CRT.ParentFeed | parent_crt H4 MANIPULATION_C2 -> DISTRIBUTION_C3 bias=LONG htf=EXPANSION obj=ACHIEVED ts=2024-07-05 04:00:00
2026-09-30 22:01:53 [INFO] CRT.ParentFeed | parent_crt H4 DISTRIBUTION_C3 -> RANGE_C1 bias=NONE htf=EXPANSION obj=NONE ts=2024-07-05 08:00:00
2026-09-30 22:01:54 [INFO] CRT.ParentFeed | parent_crt H4 RANGE_C1 -> MANIPULATION_C2 bias=NONE htf=EXPANSION obj=NONE ts=2024-07-05 12:00:00
2026-09-30 22:01:54 [INFO] CRT.ParentFeed | parent_crt H4 MANIPULATION_C2 -> DISTRIBUTION_C3 bias=LONG htf=EXPANSION obj=ACHIEVED ts=2024-07-05 16:00:00
2026-09-30 22:01:54 [INFO] CRT.ParentFeed | parent_crt H4 DISTRIBUTION_C3 -> RANGE_C1 bias=NONE htf=EXPANSION obj=NONE ts=2024-07-05 20:00:00
2026-09-30 22:01:54 [INFO] CRT.GapDetector | GAP RESET | Session gap detected: 2955min > 120min (2024-07-08 01:00 → 2024-07-08 01:00)
2026-09-30 22:01:54 [INFO] CRT.ParentFeed | parent_crt H4 RANGE_C1 -> MANIPULATION_C2 bias=NONE htf=ACCUMULATION obj=NONE ts=2024-07-08 00:00:00
2026-09-30 22:01:54 [INFO] CRT.ParentFeed | parent_crt H4 MANIPULATION_C2 -> RANGE_C1 bias=NONE htf=DISTRIBUTION obj=NONE ts=2024-07-08 04:00:00
2026-09-30 22:01:54 [INFO] CRT.ParentFeed | parent_crt H4 RANGE_C1 -> MANIPULATION_C2 bias=NONE htf=ACCUMULATION obj=NONE ts=2024-07-08 12:00:00
2026-09-30 22:01:54 [INFO] CRT.ParentFeed | parent_crt H4 MANIPULATION_C2 -> RANGE_C1 bias=NONE htf=EXPANSION obj=NONE ts=2024-07-08 16:00:00
2026-09-30 22:01:54 [INFO] CRT.ParentFeed | parent_crt H4 RANGE_C1 -> MANIPULATION_C2 bias=NONE htf=DISTRIBUTION obj=NONE ts=2024-07-09 08:00:00
2026-09-30 22:01:54 [INFO] CRT.ParentFeed | parent_crt H4 MANIPULATION_C2 -> RANGE_C1 bias=NONE htf=ACCUMULATION obj=NONE ts=2024-07-09 12:00:00
2026-09-30 22:01:54 [INFO] CRT.ParentFeed | parent_crt H4 RANGE_C1 -> MANIPULATION_C2 bias=NONE htf=DISTRIBUTION obj=NONE ts=2024-07-09 16:00:00
2026-09-30 22:01:54 [INFO] CRT.ParentFeed | parent_crt H4 MANIPULATION_C2 -> RANGE_C1 bias=NONE htf=ACCUMULATION obj=NONE ts=2024-07-09 20:00:00
2026-09-30 22:01:54 [INFO] CRT.ParentFeed | parent_crt H4 RANGE_C1 -> MANIPULATION_C2 bias=NONE htf=ACCUMULATION obj=NONE ts=2024-07-10 00:00:00
2026-09-30 22:01:54 [INFO] CRT.ParentFeed | parent_crt H4 MANIPULATION_C2 -> RANGE_C1 bias=NONE htf=EXPANSION obj=NONE ts=2024-07-10 04:00:00
2026-09-30 22:01:55 [INFO] CRT.ParentFeed | parent_crt H4 RANGE_C1 -> MANIPULATION_C2 bias=NONE htf=DISTRIBUTION obj=NONE ts=2024-07-10 16:00:00
2026-09-30 22:01:55 [INFO] CRT.ParentFeed | parent_crt H4 MANIPULATION_C2 -> DISTRIBUTION_C3 bias=SHORT htf=REVERSAL obj=ACHIEVED ts=2024-07-10 20:00:00
2026-09-30 22:01:55 [INFO] CRT.ParentFeed | parent_crt H4 DISTRIBUTION_C3 -> RANGE_C1 bias=NONE htf=ACCUMULATION obj=NONE ts=2024-07-11 00:00:00
2026-09-30 22:01:55 [INFO] CRT.ParentFeed | parent_crt H4 RANGE_C1 -> MANIPULATION_C2 bias=NONE htf=ACCUMULATION obj=NONE ts=2024-07-11 08:00:00
2026-09-30 22:01:55 [INFO] CRT.ParentFeed | parent_crt H4 MANIPULATION_C2 -> RANGE_C1 bias=NONE htf=REVERSAL obj=NONE ts=2024-07-11 12:00:00
2026-09-30 22:01:55 [INFO] CRT.ParentFeed | parent_crt H4 RANGE_C1 -> MANIPULATION_C2 bias=NONE htf=DISTRIBUTION obj=NONE ts=2024-07-12 08:00:00
2026-09-30 22:01:55 [INFO] CRT.ParentFeed | parent_crt H4 MANIPULATION_C2 -> RANGE_C1 bias=NONE htf=EXPANSION obj=NONE ts=2024-07-12 12:00:00
2026-09-30 22:01:55 [INFO] CRT.ParentFeed | parent_crt H4 RANGE_C1 -> MANIPULATION_C2 bias=NONE htf=ACCUMULATION obj=NONE ts=2024-07-12 20:00:00
2026-09-30 22:01:55 [INFO] CRT.GapDetector | GAP RESET | Session gap detected: 2955min > 120min (2024-07-15 01:00 → 2024-07-15 01:00)
2026-09-30 22:01:56 [INFO] CRT.ParentFeed | parent_crt H4 MANIPULATION_C2 -> DISTRIBUTION_C3 bias=SHORT htf=EXPANSION obj=EXISTS ts=2024-07-15 00:00:00
2026-09-30 22:01:56 [INFO] CRT.ParentFeed | parent_crt H4 DISTRIBUTION_C3 -> RANGE_C1 bias=NONE htf=ACCUMULATION obj=NONE ts=2024-07-15 04:00:00
2026-09-30 22:01:56 [INFO] CRT.ParentFeed | parent_crt H4 RANGE_C1 -> MANIPULATION_C2 bias=NONE htf=DISTRIBUTION obj=NONE ts=2024-07-15 08:00:00
2026-09-30 22:01:56 [INFO] CRT.ParentFeed | parent_crt H4 MANIPULATION_C2 -> RANGE_C1 bias=NONE htf=EXPANSION obj=NONE ts=2024-07-15 12:00:00
2026-09-30 22:01:56 [INFO] CRT.ParentFeed | parent_crt H4 RANGE_C1 -> MANIPULATION_C2 bias=NONE htf=DISTRIBUTION obj=NONE ts=2024-07-16 12:00:00
2026-09-30 22:01:56 [INFO] CRT.ParentFeed | parent_crt H4 MANIPULATION_C2 -> RANGE_C1 bias=NONE htf=REVERSAL obj=NONE ts=2024-07-16 16:00:00
2026-09-30 22:01:56 [INFO] CRT.ParentFeed | parent_crt H4 RANGE_C1 -> MANIPULATION_C2 bias=NONE htf=ACCUMULATION obj=NONE ts=2024-07-17 00:00:00
2026-09-30 22:01:57 [INFO] CRT.ParentFeed | parent_crt H4 MANIPULATION_C2 -> DISTRIBUTION_C3 bias=SHORT htf=DISTRIBUTION obj=EXISTS ts=2024-07-17 04:00:00
2026-09-30 22:01:57 [INFO] CRT.ParentFeed | parent_crt H4 DISTRIBUTION_C3 -> RANGE_C1 bias=NONE htf=ACCUMULATION obj=NONE ts=2024-07-17 08:00:00
2026-09-30 22:01:57 [INFO] CRT.ParentFeed | parent_crt H4 RANGE_C1 -> MANIPULATION_C2 bias=NONE htf=EXPANSION obj=NONE ts=2024-07-17 16:00:00
2026-09-30 22:01:57 [INFO] CRT.ParentFeed | parent_crt H4 MANIPULATION_C2 -> RANGE_C1 bias=NONE htf=ACCUMULATION obj=NONE ts=2024-07-17 20:00:00
2026-09-30 22:01:57 [INFO] CRT.ParentFeed | parent_crt H4 RANGE_C1 -> MANIPULATION_C2 bias=NONE htf=ACCUMULATION obj=NONE ts=2024-07-18 00:00:00
2026-09-30 22:01:57 [INFO] CRT.ParentFeed | parent_crt H4 MANIPULATION_C2 -> RANGE_C1 bias=NONE htf=EXPANSION obj=NONE ts=2024-07-18 04:00:00
2026-09-30 22:01:57 [INFO] CRT.ParentFeed | parent_crt H4 RANGE_C1 -> MANIPULATION_C2 bias=NONE htf=ACCUMULATION obj=NONE ts=2024-07-18 08:00:00
2026-09-30 22:01:57 [INFO] CRT.ParentFeed | parent_crt H4 MANIPULATION_C2 -> DISTRIBUTION_C3 bias=SHORT htf=REVERSAL obj=EXISTS ts=2024-07-18 12:00:00
2026-09-30 22:01:57 [INFO] CRT.ParentFeed | parent_crt H4 DISTRIBUTION_C3 -> RANGE_C1 bias=NONE htf=EXPANSION obj=NONE ts=2024-07-18 16:00:00
2026-09-30 22:01:57 [INFO] CRT.ParentFeed | parent_crt H4 RANGE_C1 -> MANIPULATION_C2 bias=NONE htf=ACCUMULATION obj=NONE ts=2024-07-19 08:00:00
2026-09-30 22:01:57 [INFO] CRT.ParentFeed | parent_crt H4 MANIPULATION_C2 -> RANGE_C1 bias=NONE htf=EXPANSION obj=NONE ts=2024-07-19 12:00:00
2026-09-30 22:01:57 [INFO] CRT.GapDetector | GAP RESET | Session gap detected: 2955min > 120min (2024-07-22 01:00 → 2024-07-22 01:00)
2026-09-30 22:01:57 [INFO] CRT.ParentFeed | parent_crt H4 RANGE_C1 -> MANIPULATION_C2 bias=NONE htf=ACCUMULATION obj=NONE ts=2024-07-22 04:00:00
2026-09-30 22:01:57 [INFO] CRT.ParentFeed | parent_crt H4 MANIPULATION_C2 -> DISTRIBUTION_C3 bias=SHORT htf=EXPANSION obj=EXISTS ts=2024-07-22 08:00:00
2026-09-30 22:01:57 [INFO] CRT.ParentFeed | parent_crt H4 DISTRIBUTION_C3 -> RANGE_C1 bias=NONE htf=EXPANSION obj=NONE ts=2024-07-22 12:00:00
2026-09-30 22:01:58 [INFO] CRT.ParentFeed | parent_crt H4 RANGE_C1 -> MANIPULATION_C2 bias=NONE htf=ACCUMULATION obj=NONE ts=2024-07-22 16:00:00
2026-09-30 22:01:58 [INFO] CRT.ParentFeed | parent_crt H4 MANIPULATION_C2 -> DISTRIBUTION_C3 bias=LONG htf=ACCUMULATION obj=EXISTS ts=2024-07-22 20:00:00
2026-09-30 22:01:58 [INFO] CRT.ParentFeed | parent_crt H4 DISTRIBUTION_C3 -> RANGE_C1 bias=NONE htf=ACCUMULATION obj=NONE ts=2024-07-23 00:00:00
2026-09-30 22:01:58 [INFO] CRT.ParentFeed | parent_crt H4 RANGE_C1 -> MANIPULATION_C2 bias=NONE htf=DISTRIBUTION obj=NONE ts=2024-07-23 04:00:00
2026-09-30 22:01:58 [INFO] CRT.ParentFeed | parent_crt H4 MANIPULATION_C2 -> RANGE_C1 bias=NONE htf=REVERSAL obj=NONE ts=2024-07-23 08:00:00
2026-09-30 22:01:58 [INFO] CRT.ParentFeed | parent_crt H4 RANGE_C1 -> MANIPULATION_C2 bias=NONE htf=ACCUMULATION obj=NONE ts=2024-07-23 12:00:00
2026-09-30 22:01:58 [INFO] CRT.ParentFeed | parent_crt H4 MANIPULATION_C2 -> DISTRIBUTION_C3 bias=SHORT htf=ACCUMULATION obj=EXISTS ts=2024-07-23 16:00:00
2026-09-30 22:01:58 [INFO] CRT.ParentFeed | parent_crt H4 DISTRIBUTION_C3 -> RANGE_C1 bias=NONE htf=REVERSAL obj=NONE ts=2024-07-23 20:00:00
2026-09-30 22:01:58 [INFO] CRT.ParentFeed | parent_crt H4 RANGE_C1 -> MANIPULATION_C2 bias=NONE htf=ACCUMULATION obj=NONE ts=2024-07-24 00:00:00
2026-09-30 22:01:58 [INFO] CRT.ParentFeed | parent_crt H4 MANIPULATION_C2 -> RANGE_C1 bias=NONE htf=REVERSAL obj=NONE ts=2024-07-24 04:00:00
2026-09-30 22:01:58 [INFO] CRT.ParentFeed | parent_crt H4 RANGE_C1 -> MANIPULATION_C2 bias=NONE htf=ACCUMULATION obj=NONE ts=2024-07-24 08:00:00
2026-09-30 22:01:58 [INFO] CRT.ParentFeed | parent_crt H4 MANIPULATION_C2 -> RANGE_C1 bias=NONE htf=REVERSAL obj=NONE ts=2024-07-24 12:00:00
2026-09-30 22:01:58 [INFO] CRT.ParentFeed | parent_crt H4 RANGE_C1 -> MANIPULATION_C2 bias=NONE htf=DISTRIBUTION obj=NONE ts=2024-07-24 16:00:00
2026-09-30 22:01:58 [INFO] CRT.ParentFeed | parent_crt H4 MANIPULATION_C2 -> DISTRIBUTION_C3 bias=SHORT htf=EXPANSION obj=ACHIEVED ts=2024-07-24 20:00:00
2026-09-30 22:01:58 [INFO] CRT.ParentFeed | parent_crt H4 DISTRIBUTION_C3 -> RANGE_C1 bias=NONE htf=ACCUMULATION obj=NONE ts=2024-07-25 00:00:00
2026-09-30 22:01:58 [INFO] CRT.ParentFeed | parent_crt H4 RANGE_C1 -> MANIPULATION_C2 bias=NONE htf=ACCUMULATION obj=NONE ts=2024-07-25 08:00:00
2026-09-30 22:01:58 [INFO] CRT.ParentFeed | parent_crt H4 MANIPULATION_C2 -> RANGE_C1 bias=NONE htf=DISTRIBUTION obj=NONE ts=2024-07-25 12:00:00
2026-09-30 22:01:58 [INFO] CRT.ParentFeed | parent_crt H4 RANGE_C1 -> MANIPULATION_C2 bias=NONE htf=ACCUMULATION obj=NONE ts=2024-07-25 20:00:00
2026-09-30 22:01:58 [INFO] CRT.ParentFeed | parent_crt H4 MANIPULATION_C2 -> RANGE_C1 bias=NONE htf=ACCUMULATION obj=NONE ts=2024-07-26 00:00:00
2026-09-30 22:01:58 [INFO] CRT.ParentFeed | parent_crt H4 RANGE_C1 -> MANIPULATION_C2 bias=NONE htf=REVERSAL obj=NONE ts=2024-07-26 04:00:00
2026-09-30 22:01:59 [INFO] CRT.ParentFeed | parent_crt H4 MANIPULATION_C2 -> DISTRIBUTION_C3 bias=LONG htf=ACCUMULATION obj=ACHIEVED ts=2024-07-26 08:00:00
2026-09-30 22:01:59 [INFO] CRT.ParentFeed | parent_crt H4 DISTRIBUTION_C3 -> RANGE_C1 bias=NONE htf=EXPANSION obj=NONE ts=2024-07-26 12:00:00
2026-09-30 22:01:59 [INFO] CRT.GapDetector | GAP RESET | Session gap detected: 2955min > 120min (2024-07-29 01:00 → 2024-07-29 01:00)
2026-09-30 22:01:59 [INFO] CRT.ParentFeed | parent_crt H4 RANGE_C1 -> MANIPULATION_C2 bias=NONE htf=ACCUMULATION obj=NONE ts=2024-07-29 08:00:00
2026-09-30 22:01:59 [INFO] CRT.ParentFeed | parent_crt H4 MANIPULATION_C2 -> DISTRIBUTION_C3 bias=LONG htf=DISTRIBUTION obj=EXISTS ts=2024-07-29 12:00:00
2026-09-30 22:01:59 [INFO] CRT.ParentFeed | parent_crt H4 DISTRIBUTION_C3 -> RANGE_C1 bias=NONE htf=REVERSAL obj=NONE ts=2024-07-29 16:00:00
2026-09-30 22:01:59 [INFO] CRT.ParentFeed | parent_crt H4 RANGE_C1 -> MANIPULATION_C2 bias=NONE htf=REVERSAL obj=NONE ts=2024-07-30 04:00:00
2026-09-30 22:01:59 [INFO] CRT.ParentFeed | parent_crt H4 MANIPULATION_C2 -> DISTRIBUTION_C3 bias=LONG htf=EXPANSION obj=ACHIEVED ts=2024-07-30 08:00:00
2026-09-30 22:01:59 [INFO] CRT.ParentFeed | parent_crt H4 DISTRIBUTION_C3 -> RANGE_C1 bias=NONE htf=DISTRIBUTION obj=NONE ts=2024-07-30 12:00:00
2026-09-30 22:02:00 [INFO] CRT.ParentFeed | parent_crt H4 RANGE_C1 -> MANIPULATION_C2 bias=NONE htf=REVERSAL obj=NONE ts=2024-07-30 16:00:00
2026-09-30 22:02:00 [INFO] CRT.ParentFeed | parent_crt H4 MANIPULATION_C2 -> DISTRIBUTION_C3 bias=LONG htf=EXPANSION obj=ACHIEVED ts=2024-07-30 20:00:00
2026-09-30 22:02:00 [INFO] CRT.ParentFeed | parent_crt H4 DISTRIBUTION_C3 -> RANGE_C1 bias=NONE htf=ACCUMULATION obj=NONE ts=2024-07-31 00:00:00
2026-09-30 22:02:00 [INFO] CRT.ParentFeed | parent_crt H4 RANGE_C1 -> MANIPULATION_C2 bias=NONE htf=REVERSAL obj=NONE ts=2024-07-31 04:00:00
2026-09-30 22:02:00 [INFO] CRT.ParentFeed | parent_crt H4 MANIPULATION_C2 -> DISTRIBUTION_C3 bias=LONG htf=EXPANSION obj=ACHIEVED ts=2024-07-31 08:00:00
2026-09-30 22:02:00 [INFO] CRT.ParentFeed | parent_crt H4 DISTRIBUTION_C3 -> RANGE_C1 bias=NONE htf=ACCUMULATION obj=NONE ts=2024-07-31 12:00:00
2026-09-30 22:02:00 [INFO] CRT.ParentFeed | parent_crt H4 RANGE_C1 -> MANIPULATION_C2 bias=NONE htf=EXPANSION obj=NONE ts=2024-08-01 04:00:00
2026-09-30 22:02:00 [INFO] CRT.ParentFeed | parent_crt H4 MANIPULATION_C2 -> DISTRIBUTION_C3 bias=SHORT htf=EXPANSION obj=ACHIEVED ts=2024-08-01 08:00:00
2026-09-30 22:02:00 [INFO] CRT.ParentFeed | parent_crt H4 DISTRIBUTION_C3 -> RANGE_C1 bias=NONE htf=REVERSAL obj=NONE ts=2024-08-01 12:00:00
2026-09-30 22:02:00 [INFO] CRT.ParentFeed | parent_crt H4 RANGE_C1 -> MANIPULATION_C2 bias=NONE htf=ACCUMULATION obj=NONE ts=2024-08-01 16:00:00
2026-09-30 22:02:00 [INFO] CRT.ParentFeed | parent_crt H4 MANIPULATION_C2 -> RANGE_C1 bias=NONE htf=ACCUMULATION obj=NONE ts=2024-08-01 20:00:00
2026-09-30 22:02:00 [INFO] CRT.ParentFeed | parent_crt H4 RANGE_C1 -> MANIPULATION_C2 bias=NONE htf=EXPANSION obj=NONE ts=2024-08-02 04:00:00
2026-09-30 22:02:00 [INFO] CRT.ParentFeed | parent_crt H4 MANIPULATION_C2 -> DISTRIBUTION_C3 bias=LONG htf=EXPANSION obj=ACHIEVED ts=2024-08-02 08:00:00
2026-09-30 22:02:00 [INFO] CRT.ParentFeed | parent_crt H4 DISTRIBUTION_C3 -> RANGE_C1 bias=NONE htf=EXPANSION obj=NONE ts=2024-08-02 12:00:00
2026-09-30 22:02:00 [INFO] CRT.GapDetector | GAP RESET | Session gap detected: 2955min > 120min (2024-08-05 01:00 → 2024-08-05 01:00)
2026-09-30 22:02:00 [INFO] CRT.ParentFeed | parent_crt H4 RANGE_C1 -> MANIPULATION_C2 bias=NONE htf=REVERSAL obj=NONE ts=2024-08-05 00:00:00
2026-09-30 22:02:01 [INFO] CRT.ParentFeed | parent_crt H4 MANIPULATION_C2 -> RANGE_C1 bias=NONE htf=REVERSAL obj=NONE ts=2024-08-05 04:00:00
2026-09-30 22:02:01 [INFO] CRT.ParentFeed | parent_crt H4 RANGE_C1 -> MANIPULATION_C2 bias=NONE htf=ACCUMULATION obj=NONE ts=2024-08-05 20:00:00
2026-09-30 22:02:01 [INFO] CRT.ParentFeed | parent_crt H4 MANIPULATION_C2 -> RANGE_C1 bias=NONE htf=EXPANSION obj=NONE ts=2024-08-06 00:00:00
2026-09-30 22:02:01 [INFO] CRT.ParentFeed | parent_crt H4 RANGE_C1 -> MANIPULATION_C2 bias=NONE htf=DISTRIBUTION obj=NONE ts=2024-08-06 08:00:00
2026-09-30 22:02:01 [INFO] CRT.ParentFeed | parent_crt H4 MANIPULATION_C2 -> RANGE_C1 bias=NONE htf=REVERSAL obj=NONE ts=2024-08-06 12:00:00
22:02:01 [BT]   5,000/47,275 (11%) | trades=0 cap=100,000 dd=0.0%
2026-09-30 22:02:01 [INFO] CRT.Backtest |   5,000/47,275 (11%) | trades=0 cap=100,000 dd=0.0%
2026-09-30 22:02:01 [INFO] CRT.ParentFeed | parent_crt H4 RANGE_C1 -> MANIPULATION_C2 bias=NONE htf=REVERSAL obj=NONE ts=2024-08-07 04:00:00
2026-09-30 22:02:01 [INFO] CRT.ParentFeed | parent_crt H4 MANIPULATION_C2 -> DISTRIBUTION_C3 bias=LONG htf=ACCUMULATION obj=ACHIEVED ts=2024-08-07 08:00:00
2026-09-30 22:02:01 [INFO] CRT.ParentFeed | parent_crt H4 DISTRIBUTION_C3 -> RANGE_C1 bias=NONE htf=EXPANSION obj=NONE ts=2024-08-07 12:00:00
2026-09-30 22:02:01 [INFO] CRT.ParentFeed | parent_crt H4 RANGE_C1 -> MANIPULATION_C2 bias=NONE htf=ACCUMULATION obj=NONE ts=2024-08-07 16:00:00
2026-09-30 22:02:01 [INFO] CRT.ParentFeed | parent_crt H4 MANIPULATION_C2 -> RANGE_C1 bias=NONE htf=EXPANSION obj=NONE ts=2024-08-07 20:00:00
2026-09-30 22:02:01 [INFO] CRT.ParentFeed | parent_crt H4 RANGE_C1 -> MANIPULATION_C2 bias=NONE htf=ACCUMULATION obj=NONE ts=2024-08-08 00:00:00
2026-09-30 22:02:01 [INFO] CRT.ParentFeed | parent_crt H4 MANIPULATION_C2 -> DISTRIBUTION_C3 bias=LONG htf=EXPANSION obj=EXISTS ts=2024-08-08 04:00:00
2026-09-30 22:02:02 [INFO] CRT.ParentFeed | parent_crt H4 DISTRIBUTION_C3 -> RANGE_C1 bias=NONE htf=ACCUMULATION obj=NONE ts=2024-08-08 08:00:00
2026-09-30 22:02:02 [INFO] CRT.ParentFeed | parent_crt H4 RANGE_C1 -> MANIPULATION_C2 bias=NONE htf=ACCUMULATION obj=NONE ts=2024-08-09 00:00:00
2026-09-30 22:02:02 [INFO] CRT.ParentFeed | parent_crt H4 MANIPULATION_C2 -> DISTRIBUTION_C3 bias=SHORT htf=DISTRIBUTION obj=EXISTS ts=2024-08-09 04:00:00
2026-09-30 22:02:02 [INFO] CRT.ParentFeed | parent_crt H4 DISTRIBUTION_C3 -> RANGE_C1 bias=NONE htf=DISTRIBUTION obj=NONE ts=2024-08-09 08:00:00
2026-09-30 22:02:02 [INFO] CRT.ParentFeed | parent_crt H4 RANGE_C1 -> MANIPULATION_C2 bias=NONE htf=EXPANSION obj=NONE ts=2024-08-09 16:00:00
2026-09-30 22:02:02 [INFO] CRT.ParentFeed | parent_crt H4 MANIPULATION_C2 -> RANGE_C1 bias=NONE htf=ACCUMULATION obj=NONE ts=2024-08-09 20:00:00
2026-09-30 22:02:02 [INFO] CRT.GapDetector | GAP RESET | Session gap detected: 2955min > 120min (2024-08-12 01:00 → 2024-08-12 01:00)
2026-09-30 22:02:02 [INFO] CRT.ParentFeed | parent_crt H4 RANGE_C1 -> MANIPULATION_C2 bias=NONE htf=ACCUMULATION obj=NONE ts=2024-08-12 00:00:00
2026-09-30 22:02:02 [INFO] CRT.ParentFeed | parent_crt H4 MANIPULATION_C2 -> DISTRIBUTION_C3 bias=LONG htf=DISTRIBUTION obj=EXISTS ts=2024-08-12 04:00:00
2026-09-30 22:02:02 [INFO] CRT.ParentFeed | parent_crt H4 DISTRIBUTION_C3 -> RANGE_C1 bias=NONE htf=EXPANSION obj=NONE ts=2024-08-12 08:00:00
2026-09-30 22:02:02 [INFO] CRT.ParentFeed | parent_crt H4 RANGE_C1 -> MANIPULATION_C2 bias=NONE htf=ACCUMULATION obj=NONE ts=2024-08-13 00:00:00
2026-09-30 22:02:02 [INFO] CRT.ParentFeed | parent_crt H4 MANIPULATION_C2 -> DISTRIBUTION_C3 bias=SHORT htf=REVERSAL obj=EXISTS ts=2024-08-13 04:00:00
2026-09-30 22:02:02 [INFO] CRT.ParentFeed | parent_crt H4 DISTRIBUTION_C3 -> RANGE_C1 bias=NONE htf=ACCUMULATION obj=NONE ts=2024-08-13 08:00:00
2026-09-30 22:02:03 [INFO] CRT.ParentFeed | parent_crt H4 RANGE_C1 -> MANIPULATION_C2 bias=NONE htf=DISTRIBUTION obj=NONE ts=2024-08-13 16:00:00
2026-09-30 22:02:03 [INFO] CRT.ParentFeed | parent_crt H4 MANIPULATION_C2 -> DISTRIBUTION_C3 bias=SHORT htf=ACCUMULATION obj=EXISTS ts=2024-08-13 20:00:00
2026-09-30 22:02:03 [INFO] CRT.ParentFeed | parent_crt H4 DISTRIBUTION_C3 -> RANGE_C1 bias=NONE htf=ACCUMULATION obj=NONE ts=2024-08-14 00:00:00
2026-09-30 22:02:03 [INFO] CRT.ParentFeed | parent_crt H4 RANGE_C1 -> MANIPULATION_C2 bias=NONE htf=REVERSAL obj=NONE ts=2024-08-14 04:00:00
2026-09-30 22:02:03 [INFO] CRT.ParentFeed | parent_crt H4 MANIPULATION_C2 -> RANGE_C1 bias=NONE htf=REVERSAL obj=NONE ts=2024-08-14 08:00:00
2026-09-30 22:02:03 [INFO] CRT.ParentFeed | parent_crt H4 RANGE_C1 -> MANIPULATION_C2 bias=NONE htf=ACCUMULATION obj=NONE ts=2024-08-14 12:00:00
2026-09-30 22:02:03 [INFO] CRT.ParentFeed | parent_crt H4 MANIPULATION_C2 -> DISTRIBUTION_C3 bias=SHORT htf=EXPANSION obj=ACHIEVED ts=2024-08-14 16:00:00
2026-09-30 22:02:03 [INFO] CRT.ParentFeed | parent_crt H4 DISTRIBUTION_C3 -> RANGE_C1 bias=NONE htf=ACCUMULATION obj=NONE ts=2024-08-14 20:00:00
2026-09-30 22:02:03 [INFO] CRT.ParentFeed | parent_crt H4 RANGE_C1 -> MANIPULATION_C2 bias=NONE htf=ACCUMULATION obj=NONE ts=2024-08-15 04:00:00
2026-09-30 22:02:03 [INFO] CRT.ParentFeed | parent_crt H4 MANIPULATION_C2 -> RANGE_C1 bias=NONE htf=EXPANSION obj=NONE ts=2024-08-15 08:00:00
2026-09-30 22:02:03 [INFO] CRT.ParentFeed | parent_crt H4 RANGE_C1 -> MANIPULATION_C2 bias=NONE htf=REVERSAL obj=NONE ts=2024-08-15 12:00:00
2026-09-30 22:02:03 [INFO] CRT.ParentFeed | parent_crt H4 MANIPULATION_C2 -> RANGE_C1 bias=NONE htf=ACCUMULATION obj=NONE ts=2024-08-15 16:00:00
2026-09-30 22:02:03 [INFO] CRT.ParentFeed | parent_crt H4 RANGE_C1 -> MANIPULATION_C2 bias=NONE htf=ACCUMULATION obj=NONE ts=2024-08-15 20:00:00
2026-09-30 22:02:04 [INFO] CRT.ParentFeed | parent_crt H4 MANIPULATION_C2 -> RANGE_C1 bias=NONE htf=ACCUMULATION obj=NONE ts=2024-08-16 00:00:00
2026-09-30 22:02:04 [INFO] CRT.ParentFeed | parent_crt H4 RANGE_C1 -> MANIPULATION_C2 bias=NONE htf=REVERSAL obj=NONE ts=2024-08-16 04:00:00
2026-09-30 22:02:04 [INFO] CRT.ParentFeed | parent_crt H4 MANIPULATION_C2 -> RANGE_C1 bias=NONE htf=REVERSAL obj=NONE ts=2024-08-16 08:00:00
2026-09-30 22:02:04 [INFO] CRT.GapDetector | GAP RESET | Session gap detected: 2955min > 120min (2024-08-19 01:00 → 2024-08-19 01:00)
2026-09-30 22:02:04 [INFO] CRT.ParentFeed | parent_crt H4 RANGE_C1 -> MANIPULATION_C2 bias=NONE htf=ACCUMULATION obj=NONE ts=2024-08-19 00:00:00
2026-09-30 22:02:04 [INFO] CRT.ParentFeed | parent_crt H4 MANIPULATION_C2 -> DISTRIBUTION_C3 bias=SHORT htf=DISTRIBUTION obj=EXISTS ts=2024-08-19 04:00:00
2026-09-30 22:02:04 [INFO] CRT.ParentFeed | parent_crt H4 DISTRIBUTION_C3 -> RANGE_C1 bias=NONE htf=ACCUMULATION obj=NONE ts=2024-08-19 08:00:00
2026-09-30 22:02:04 [INFO] CRT.ParentFeed | parent_crt H4 RANGE_C1 -> MANIPULATION_C2 bias=NONE htf=REVERSAL obj=NONE ts=2024-08-19 16:00:00
2026-09-30 22:02:05 [INFO] CRT.ParentFeed | parent_crt H4 MANIPULATION_C2 -> RANGE_C1 bias=NONE htf=ACCUMULATION obj=NONE ts=2024-08-19 20:00:00
2026-09-30 22:02:05 [INFO] CRT.ParentFeed | parent_crt H4 RANGE_C1 -> MANIPULATION_C2 bias=NONE htf=ACCUMULATION obj=NONE ts=2024-08-20 00:00:00
2026-09-30 22:02:05 [INFO] CRT.ParentFeed | parent_crt H4 MANIPULATION_C2 -> DISTRIBUTION_C3 bias=SHORT htf=REVERSAL obj=EXISTS ts=2024-08-20 04:00:00
2026-09-30 22:02:05 [INFO] CRT.ParentFeed | parent_crt H4 DISTRIBUTION_C3 -> RANGE_C1 bias=NONE htf=REVERSAL obj=NONE ts=2024-08-20 08:00:00
2026-09-30 22:02:05 [INFO] CRT.ParentFeed | parent_crt H4 RANGE_C1 -> MANIPULATION_C2 bias=NONE htf=REVERSAL obj=NONE ts=2024-08-20 16:00:00
2026-09-30 22:02:05 [INFO] CRT.ParentFeed | parent_crt H4 MANIPULATION_C2 -> RANGE_C1 bias=NONE htf=ACCUMULATION obj=NONE ts=2024-08-20 20:00:00
2026-09-30 22:02:05 [INFO] CRT.ParentFeed | parent_crt H4 RANGE_C1 -> MANIPULATION_C2 bias=NONE htf=REVERSAL obj=NONE ts=2024-08-21 04:00:00
2026-09-30 22:02:05 [INFO] CRT.ParentFeed | parent_crt H4 MANIPULATION_C2 -> RANGE_C1 bias=NONE htf=REVERSAL obj=NONE ts=2024-08-21 08:00:00
2026-09-30 22:02:05 [INFO] CRT.ParentFeed | parent_crt H4 RANGE_C1 -> MANIPULATION_C2 bias=NONE htf=ACCUMULATION obj=NONE ts=2024-08-21 12:00:00
2026-09-30 22:02:05 [INFO] CRT.ParentFeed | parent_crt H4 MANIPULATION_C2 -> RANGE_C1 bias=NONE htf=DISTRIBUTION obj=NONE ts=2024-08-21 16:00:00
2026-09-30 22:02:06 [INFO] CRT.ParentFeed | parent_crt H4 RANGE_C1 -> MANIPULATION_C2 bias=NONE htf=ACCUMULATION obj=NONE ts=2024-08-21 20:00:00
2026-09-30 22:02:06 [INFO] CRT.ParentFeed | parent_crt H4 MANIPULATION_C2 -> RANGE_C1 bias=NONE htf=ACCUMULATION obj=NONE ts=2024-08-22 00:00:00
2026-09-30 22:02:07 [INFO] CRT.ParentFeed | parent_crt H4 RANGE_C1 -> MANIPULATION_C2 bias=NONE htf=EXPANSION obj=NONE ts=2024-08-23 16:00:00
2026-09-30 22:02:07 [INFO] CRT.ParentFeed | parent_crt H4 MANIPULATION_C2 -> DISTRIBUTION_C3 bias=LONG htf=ACCUMULATION obj=ACHIEVED ts=2024-08-23 20:00:00
2026-09-30 22:02:07 [INFO] CRT.GapDetector | GAP RESET | Session gap detected: 2955min > 120min (2024-08-26 01:00 → 2024-08-26 01:00)
2026-09-30 22:02:07 [INFO] CRT.ParentFeed | parent_crt H4 DISTRIBUTION_C3 -> RANGE_C1 bias=NONE htf=EXPANSION obj=NONE ts=2024-08-26 00:00:00
2026-09-30 22:02:07 [INFO] CRT.ParentFeed | parent_crt H4 RANGE_C1 -> MANIPULATION_C2 bias=NONE htf=REVERSAL obj=NONE ts=2024-08-26 08:00:00
2026-09-30 22:02:07 [INFO] CRT.ParentFeed | parent_crt H4 MANIPULATION_C2 -> RANGE_C1 bias=NONE htf=ACCUMULATION obj=NONE ts=2024-08-26 12:00:00
2026-09-30 22:02:07 [INFO] CRT.ParentFeed | parent_crt H4 RANGE_C1 -> MANIPULATION_C2 bias=NONE htf=DISTRIBUTION obj=NONE ts=2024-08-27 08:00:00
2026-09-30 22:02:08 [INFO] CRT.ParentFeed | parent_crt H4 MANIPULATION_C2 -> DISTRIBUTION_C3 bias=SHORT htf=ACCUMULATION obj=EXISTS ts=2024-08-27 12:00:00
2026-09-30 22:02:08 [INFO] CRT.ParentFeed | parent_crt H4 DISTRIBUTION_C3 -> RANGE_C1 bias=NONE htf=REVERSAL obj=NONE ts=2024-08-27 16:00:00
2026-09-30 22:02:08 [INFO] CRT.ParentFeed | parent_crt H4 RANGE_C1 -> MANIPULATION_C2 bias=NONE htf=ACCUMULATION obj=NONE ts=2024-08-28 00:00:00
2026-09-30 22:02:08 [INFO] CRT.ParentFeed | parent_crt H4 MANIPULATION_C2 -> DISTRIBUTION_C3 bias=SHORT htf=EXPANSION obj=ACHIEVED ts=2024-08-28 04:00:00
2026-09-30 22:02:08 [INFO] CRT.ParentFeed | parent_crt H4 DISTRIBUTION_C3 -> RANGE_C1 bias=NONE htf=EXPANSION obj=NONE ts=2024-08-28 08:00:00
2026-09-30 22:02:08 [INFO] CRT.ParentFeed | parent_crt H4 RANGE_C1 -> MANIPULATION_C2 bias=NONE htf=DISTRIBUTION obj=NONE ts=2024-08-29 08:00:00
2026-09-30 22:02:09 [INFO] CRT.ParentFeed | parent_crt H4 MANIPULATION_C2 -> DISTRIBUTION_C3 bias=SHORT htf=REVERSAL obj=ACHIEVED ts=2024-08-29 12:00:00
2026-09-30 22:02:09 [INFO] CRT.ParentFeed | parent_crt H4 DISTRIBUTION_C3 -> RANGE_C1 bias=NONE htf=REVERSAL obj=NONE ts=2024-08-29 16:00:00
2026-09-30 22:02:09 [INFO] CRT.ParentFeed | parent_crt H4 RANGE_C1 -> MANIPULATION_C2 bias=NONE htf=ACCUMULATION obj=NONE ts=2024-08-29 20:00:00
2026-09-30 22:02:09 [INFO] CRT.ParentFeed | parent_crt H4 MANIPULATION_C2 -> DISTRIBUTION_C3 bias=SHORT htf=EXPANSION obj=EXISTS ts=2024-08-30 00:00:00
2026-09-30 22:02:09 [INFO] CRT.ParentFeed | parent_crt H4 DISTRIBUTION_C3 -> RANGE_C1 bias=NONE htf=EXPANSION obj=NONE ts=2024-08-30 04:00:00
2026-09-30 22:02:09 [INFO] CRT.ParentFeed | parent_crt H4 RANGE_C1 -> MANIPULATION_C2 bias=NONE htf=ACCUMULATION obj=NONE ts=2024-08-30 12:00:00
2026-09-30 22:02:09 [INFO] CRT.ParentFeed | parent_crt H4 MANIPULATION_C2 -> DISTRIBUTION_C3 bias=SHORT htf=EXPANSION obj=ACHIEVED ts=2024-08-30 16:00:00
2026-09-30 22:02:09 [INFO] CRT.ParentFeed | parent_crt H4 DISTRIBUTION_C3 -> RANGE_C1 bias=NONE htf=ACCUMULATION obj=NONE ts=2024-08-30 20:00:00
2026-09-30 22:02:09 [INFO] CRT.GapDetector | GAP RESET | Session gap detected: 2955min > 120min (2024-09-02 01:00 → 2024-09-02 01:00)
2026-09-30 22:02:09 [INFO] CRT.ParentFeed | parent_crt H4 RANGE_C1 -> MANIPULATION_C2 bias=NONE htf=ACCUMULATION obj=NONE ts=2024-09-02 00:00:00
2026-09-30 22:02:09 [INFO] CRT.ParentFeed | parent_crt H4 MANIPULATION_C2 -> DISTRIBUTION_C3 bias=SHORT htf=EXPANSION obj=EXISTS ts=2024-09-02 04:00:00
2026-09-30 22:02:09 [INFO] CRT.ParentFeed | parent_crt H4 DISTRIBUTION_C3 -> RANGE_C1 bias=NONE htf=REVERSAL obj=NONE ts=2024-09-02 08:00:00
2026-09-30 22:02:09 [INFO] CRT.GapDetector | GAP RESET | Session gap detected: 225min > 120min (2024-09-03 01:00 → 2024-09-03 01:00)
2026-09-30 22:02:09 [INFO] CRT.ParentFeed | parent_crt H4 RANGE_C1 -> MANIPULATION_C2 bias=NONE htf=DISTRIBUTION obj=NONE ts=2024-09-03 04:00:00
2026-09-30 22:02:10 [INFO] CRT.ParentFeed | parent_crt H4 MANIPULATION_C2 -> DISTRIBUTION_C3 bias=LONG htf=EXPANSION obj=ACHIEVED ts=2024-09-03 08:00:00
2026-09-30 22:02:10 [INFO] CRT.ParentFeed | parent_crt H4 DISTRIBUTION_C3 -> RANGE_C1 bias=NONE htf=DISTRIBUTION obj=NONE ts=2024-09-03 12:00:00
2026-09-30 22:02:10 [INFO] CRT.ParentFeed | parent_crt H4 RANGE_C1 -> MANIPULATION_C2 bias=NONE htf=DISTRIBUTION obj=NONE ts=2024-09-03 16:00:00
2026-09-30 22:02:10 [INFO] CRT.ParentFeed | parent_crt H4 MANIPULATION_C2 -> DISTRIBUTION_C3 bias=LONG htf=ACCUMULATION obj=EXISTS ts=2024-09-03 20:00:00
2026-09-30 22:02:10 [INFO] CRT.ParentFeed | parent_crt H4 DISTRIBUTION_C3 -> RANGE_C1 bias=NONE htf=ACCUMULATION obj=NONE ts=2024-09-04 00:00:00
2026-09-30 22:02:10 [INFO] CRT.ParentFeed | parent_crt H4 RANGE_C1 -> MANIPULATION_C2 bias=NONE htf=REVERSAL obj=NONE ts=2024-09-04 04:00:00
2026-09-30 22:02:10 [INFO] CRT.ParentFeed | parent_crt H4 MANIPULATION_C2 -> RANGE_C1 bias=NONE htf=REVERSAL obj=NONE ts=2024-09-04 08:00:00
2026-09-30 22:02:10 [INFO] CRT.ParentFeed | parent_crt H4 RANGE_C1 -> MANIPULATION_C2 bias=NONE htf=ACCUMULATION obj=NONE ts=2024-09-04 12:00:00
2026-09-30 22:02:10 [INFO] CRT.ParentFeed | parent_crt H4 MANIPULATION_C2 -> DISTRIBUTION_C3 bias=LONG htf=EXPANSION obj=ACHIEVED ts=2024-09-04 16:00:00
2026-09-30 22:02:10 [INFO] CRT.ParentFeed | parent_crt H4 DISTRIBUTION_C3 -> RANGE_C1 bias=NONE htf=ACCUMULATION obj=NONE ts=2024-09-04 20:00:00
2026-09-30 22:02:11 [INFO] CRT.ParentFeed | parent_crt H4 RANGE_C1 -> MANIPULATION_C2 bias=NONE htf=REVERSAL obj=NONE ts=2024-09-05 04:00:00
2026-09-30 22:02:11 [INFO] CRT.ParentFeed | parent_crt H4 MANIPULATION_C2 -> RANGE_C1 bias=NONE htf=REVERSAL obj=NONE ts=2024-09-05 08:00:00
2026-09-30 22:02:11 [INFO] CRT.ParentFeed | parent_crt H4 RANGE_C1 -> MANIPULATION_C2 bias=NONE htf=ACCUMULATION obj=NONE ts=2024-09-06 00:00:00
2026-09-30 22:02:11 [INFO] CRT.ParentFeed | parent_crt H4 MANIPULATION_C2 -> RANGE_C1 bias=NONE htf=REVERSAL obj=NONE ts=2024-09-06 04:00:00
2026-09-30 22:02:11 [INFO] CRT.ParentFeed | parent_crt H4 RANGE_C1 -> MANIPULATION_C2 bias=NONE htf=ACCUMULATION obj=NONE ts=2024-09-06 08:00:00
2026-09-30 22:02:11 [INFO] CRT.ParentFeed | parent_crt H4 MANIPULATION_C2 -> RANGE_C1 bias=NONE htf=REVERSAL obj=NONE ts=2024-09-06 12:00:00
2026-09-30 22:02:11 [INFO] CRT.GapDetector | GAP RESET | Session gap detected: 2955min > 120min (2024-09-09 01:00 → 2024-09-09 01:00)
2026-09-30 22:02:12 [INFO] CRT.ParentFeed | parent_crt H4 RANGE_C1 -> MANIPULATION_C2 bias=NONE htf=ACCUMULATION obj=NONE ts=2024-09-09 00:00:00
2026-09-30 22:02:12 [INFO] CRT.ParentFeed | parent_crt H4 MANIPULATION_C2 -> RANGE_C1 bias=NONE htf=DISTRIBUTION obj=NONE ts=2024-09-09 04:00:00
2026-09-30 22:02:12 [INFO] CRT.ParentFeed | parent_crt H4 RANGE_C1 -> MANIPULATION_C2 bias=NONE htf=ACCUMULATION obj=NONE ts=2024-09-10 00:00:00
2026-09-30 22:02:12 [INFO] CRT.ParentFeed | parent_crt H4 MANIPULATION_C2 -> DISTRIBUTION_C3 bias=SHORT htf=EXPANSION obj=EXISTS ts=2024-09-10 04:00:00
2026-09-30 22:02:12 [INFO] CRT.ParentFeed | parent_crt H4 DISTRIBUTION_C3 -> RANGE_C1 bias=NONE htf=DISTRIBUTION obj=NONE ts=2024-09-10 08:00:00
2026-09-30 22:02:13 [INFO] CRT.ParentFeed | parent_crt H4 RANGE_C1 -> MANIPULATION_C2 bias=NONE htf=ACCUMULATION obj=NONE ts=2024-09-11 00:00:00
2026-09-30 22:02:13 [INFO] CRT.ParentFeed | parent_crt H4 MANIPULATION_C2 -> RANGE_C1 bias=NONE htf=EXPANSION obj=NONE ts=2024-09-11 04:00:00
2026-09-30 22:02:13 [INFO] CRT.ParentFeed | parent_crt H4 RANGE_C1 -> MANIPULATION_C2 bias=NONE htf=ACCUMULATION obj=NONE ts=2024-09-11 16:00:00
2026-09-30 22:02:13 [INFO] CRT.ParentFeed | parent_crt H4 MANIPULATION_C2 -> RANGE_C1 bias=NONE htf=ACCUMULATION obj=NONE ts=2024-09-11 20:00:00
2026-09-30 22:02:13 [INFO] CRT.ParentFeed | parent_crt H4 RANGE_C1 -> MANIPULATION_C2 bias=NONE htf=EXPANSION obj=NONE ts=2024-09-12 04:00:00
2026-09-30 22:02:13 [INFO] CRT.ParentFeed | parent_crt H4 MANIPULATION_C2 -> DISTRIBUTION_C3 bias=LONG htf=DISTRIBUTION obj=ACHIEVED ts=2024-09-12 08:00:00
2026-09-30 22:02:13 [INFO] CRT.ParentFeed | parent_crt H4 DISTRIBUTION_C3 -> RANGE_C1 bias=NONE htf=EXPANSION obj=NONE ts=2024-09-12 12:00:00
2026-09-30 22:02:14 [INFO] CRT.ParentFeed | parent_crt H4 RANGE_C1 -> MANIPULATION_C2 bias=NONE htf=ACCUMULATION obj=NONE ts=2024-09-13 08:00:00
2026-09-30 22:02:14 [INFO] CRT.ParentFeed | parent_crt H4 MANIPULATION_C2 -> RANGE_C1 bias=NONE htf=EXPANSION obj=NONE ts=2024-09-13 12:00:00
2026-09-30 22:02:14 [INFO] CRT.ParentFeed | parent_crt H4 RANGE_C1 -> MANIPULATION_C2 bias=NONE htf=ACCUMULATION obj=NONE ts=2024-09-13 20:00:00
2026-09-30 22:02:14 [INFO] CRT.GapDetector | GAP RESET | Session gap detected: 2955min > 120min (2024-09-16 01:00 → 2024-09-16 01:00)
2026-09-30 22:02:14 [INFO] CRT.ParentFeed | parent_crt H4 MANIPULATION_C2 -> RANGE_C1 bias=NONE htf=ACCUMULATION obj=NONE ts=2024-09-16 00:00:00
2026-09-30 22:02:14 [INFO] CRT.ParentFeed | parent_crt H4 RANGE_C1 -> MANIPULATION_C2 bias=NONE htf=DISTRIBUTION obj=NONE ts=2024-09-16 08:00:00
2026-09-30 22:02:14 [INFO] CRT.ParentFeed | parent_crt H4 MANIPULATION_C2 -> DISTRIBUTION_C3 bias=SHORT htf=DISTRIBUTION obj=EXISTS ts=2024-09-16 12:00:00
2026-09-30 22:02:15 [INFO] CRT.ParentFeed | parent_crt H4 DISTRIBUTION_C3 -> RANGE_C1 bias=NONE htf=DISTRIBUTION obj=NONE ts=2024-09-16 16:00:00
2026-09-30 22:02:15 [INFO] CRT.ParentFeed | parent_crt H4 RANGE_C1 -> MANIPULATION_C2 bias=NONE htf=ACCUMULATION obj=NONE ts=2024-09-17 00:00:00
2026-09-30 22:02:15 [INFO] CRT.ParentFeed | parent_crt H4 MANIPULATION_C2 -> DISTRIBUTION_C3 bias=SHORT htf=EXPANSION obj=ACHIEVED ts=2024-09-17 04:00:00
2026-09-30 22:02:15 [INFO] CRT.ParentFeed | parent_crt H4 DISTRIBUTION_C3 -> RANGE_C1 bias=NONE htf=DISTRIBUTION obj=NONE ts=2024-09-17 08:00:00
2026-09-30 22:02:15 [INFO] CRT.ParentFeed | parent_crt H4 RANGE_C1 -> MANIPULATION_C2 bias=NONE htf=DISTRIBUTION obj=NONE ts=2024-09-17 12:00:00
2026-09-30 22:02:15 [INFO] CRT.ParentFeed | parent_crt H4 MANIPULATION_C2 -> RANGE_C1 bias=NONE htf=EXPANSION obj=NONE ts=2024-09-17 16:00:00
2026-09-30 22:02:15 [INFO] CRT.ParentFeed | parent_crt H4 RANGE_C1 -> MANIPULATION_C2 bias=NONE htf=ACCUMULATION obj=NONE ts=2024-09-17 20:00:00
2026-09-30 22:02:15 [INFO] CRT.ParentFeed | parent_crt H4 MANIPULATION_C2 -> DISTRIBUTION_C3 bias=LONG htf=EXPANSION obj=EXISTS ts=2024-09-18 00:00:00
2026-09-30 22:02:15 [INFO] CRT.ParentFeed | parent_crt H4 DISTRIBUTION_C3 -> RANGE_C1 bias=NONE htf=REVERSAL obj=NONE ts=2024-09-18 04:00:00
2026-09-30 22:02:15 [INFO] CRT.ParentFeed | parent_crt H4 RANGE_C1 -> MANIPULATION_C2 bias=NONE htf=ACCUMULATION obj=NONE ts=2024-09-18 08:00:00
2026-09-30 22:02:15 [INFO] CRT.ParentFeed | parent_crt H4 MANIPULATION_C2 -> DISTRIBUTION_C3 bias=LONG htf=EXPANSION obj=EXISTS ts=2024-09-18 12:00:00
2026-09-30 22:02:15 [INFO] CRT.ParentFeed | parent_crt H4 DISTRIBUTION_C3 -> RANGE_C1 bias=NONE htf=ACCUMULATION obj=NONE ts=2024-09-18 16:00:00
2026-09-30 22:02:16 [INFO] CRT.ParentFeed | parent_crt H4 RANGE_C1 -> MANIPULATION_C2 bias=NONE htf=EXPANSION obj=NONE ts=2024-09-18 20:00:00
2026-09-30 22:02:16 [INFO] CRT.ParentFeed | parent_crt H4 MANIPULATION_C2 -> RANGE_C1 bias=NONE htf=ACCUMULATION obj=NONE ts=2024-09-19 00:00:00
2026-09-30 22:02:16 [INFO] CRT.ParentFeed | parent_crt H4 RANGE_C1 -> MANIPULATION_C2 bias=NONE htf=EXPANSION obj=NONE ts=2024-09-19 04:00:00
2026-09-30 22:02:16 [INFO] CRT.ParentFeed | parent_crt H4 MANIPULATION_C2 -> DISTRIBUTION_C3 bias=LONG htf=EXPANSION obj=ACHIEVED ts=2024-09-19 08:00:00
2026-09-30 22:02:16 [INFO] CRT.ParentFeed | parent_crt H4 DISTRIBUTION_C3 -> RANGE_C1 bias=NONE htf=ACCUMULATION obj=NONE ts=2024-09-19 12:00:00
2026-09-30 22:02:16 [INFO] CRT.ParentFeed | parent_crt H4 RANGE_C1 -> MANIPULATION_C2 bias=NONE htf=DISTRIBUTION obj=NONE ts=2024-09-19 16:00:00
2026-09-30 22:02:16 [INFO] CRT.ParentFeed | parent_crt H4 MANIPULATION_C2 -> RANGE_C1 bias=NONE htf=ACCUMULATION obj=NONE ts=2024-09-19 20:00:00
2026-09-30 22:02:16 [INFO] CRT.ParentFeed | parent_crt H4 RANGE_C1 -> MANIPULATION_C2 bias=NONE htf=EXPANSION obj=NONE ts=2024-09-20 04:00:00
2026-09-30 22:02:16 [INFO] CRT.ParentFeed | parent_crt H4 MANIPULATION_C2 -> DISTRIBUTION_C3 bias=LONG htf=EXPANSION obj=ACHIEVED ts=2024-09-20 08:00:00
2026-09-30 22:02:16 [INFO] CRT.ParentFeed | parent_crt H4 DISTRIBUTION_C3 -> RANGE_C1 bias=NONE htf=EXPANSION obj=NONE ts=2024-09-20 12:00:00
2026-09-30 22:02:16 [INFO] CRT.GapDetector | GAP RESET | Session gap detected: 2955min > 120min (2024-09-23 01:00 → 2024-09-23 01:00)
2026-09-30 22:02:16 [INFO] CRT.ParentFeed | parent_crt H4 RANGE_C1 -> MANIPULATION_C2 bias=NONE htf=REVERSAL obj=NONE ts=2024-09-23 04:00:00
2026-09-30 22:02:16 [INFO] CRT.ParentFeed | parent_crt H4 MANIPULATION_C2 -> RANGE_C1 bias=NONE htf=DISTRIBUTION obj=NONE ts=2024-09-23 08:00:00
2026-09-30 22:02:17 [INFO] CRT.ParentFeed | parent_crt H4 RANGE_C1 -> MANIPULATION_C2 bias=NONE htf=DISTRIBUTION obj=NONE ts=2024-09-24 08:00:00
2026-09-30 22:02:17 [INFO] CRT.ParentFeed | parent_crt H4 MANIPULATION_C2 -> RANGE_C1 bias=NONE htf=ACCUMULATION obj=NONE ts=2024-09-24 12:00:00
2026-09-30 22:02:18 [INFO] CRT.ParentFeed | parent_crt H4 RANGE_C1 -> MANIPULATION_C2 bias=NONE htf=DISTRIBUTION obj=NONE ts=2024-09-25 04:00:00
2026-09-30 22:02:18 [INFO] CRT.ParentFeed | parent_crt H4 MANIPULATION_C2 -> DISTRIBUTION_C3 bias=SHORT htf=ACCUMULATION obj=ACHIEVED ts=2024-09-25 08:00:00
2026-09-30 22:02:18 [INFO] CRT.ParentFeed | parent_crt H4 DISTRIBUTION_C3 -> RANGE_C1 bias=NONE htf=ACCUMULATION obj=NONE ts=2024-09-25 12:00:00
2026-09-30 22:02:18 [INFO] CRT.ParentFeed | parent_crt H4 RANGE_C1 -> MANIPULATION_C2 bias=NONE htf=DISTRIBUTION obj=NONE ts=2024-09-25 16:00:00
2026-09-30 22:02:18 [INFO] CRT.ParentFeed | parent_crt H4 MANIPULATION_C2 -> RANGE_C1 bias=NONE htf=ACCUMULATION obj=NONE ts=2024-09-25 20:00:00
2026-09-30 22:02:18 [INFO] CRT.ParentFeed | parent_crt H4 RANGE_C1 -> MANIPULATION_C2 bias=NONE htf=DISTRIBUTION obj=NONE ts=2024-09-26 16:00:00
2026-09-30 22:02:18 [INFO] CRT.ParentFeed | parent_crt H4 MANIPULATION_C2 -> DISTRIBUTION_C3 bias=LONG htf=ACCUMULATION obj=EXISTS ts=2024-09-26 20:00:00
2026-09-30 22:02:18 [INFO] CRT.ParentFeed | parent_crt H4 DISTRIBUTION_C3 -> RANGE_C1 bias=NONE htf=ACCUMULATION obj=NONE ts=2024-09-27 00:00:00
2026-09-30 22:02:19 [INFO] CRT.ParentFeed | parent_crt H4 RANGE_C1 -> MANIPULATION_C2 bias=NONE htf=DISTRIBUTION obj=NONE ts=2024-09-27 04:00:00
2026-09-30 22:02:19 [INFO] CRT.ParentFeed | parent_crt H4 MANIPULATION_C2 -> DISTRIBUTION_C3 bias=SHORT htf=REVERSAL obj=ACHIEVED ts=2024-09-27 08:00:00
2026-09-30 22:02:19 [INFO] CRT.ParentFeed | parent_crt H4 DISTRIBUTION_C3 -> RANGE_C1 bias=NONE htf=DISTRIBUTION obj=NONE ts=2024-09-27 12:00:00
2026-09-30 22:02:19 [INFO] CRT.ParentFeed | parent_crt H4 RANGE_C1 -> MANIPULATION_C2 bias=NONE htf=ACCUMULATION obj=NONE ts=2024-09-27 20:00:00
2026-09-30 22:02:19 [INFO] CRT.GapDetector | GAP RESET | Session gap detected: 2955min > 120min (2024-09-30 01:00 → 2024-09-30 01:00)
2026-09-30 22:02:19 [INFO] CRT.ParentFeed | parent_crt H4 MANIPULATION_C2 -> DISTRIBUTION_C3 bias=LONG htf=EXPANSION obj=EXISTS ts=2024-09-30 00:00:00
2026-09-30 22:02:19 [INFO] CRT.ParentFeed | parent_crt H4 DISTRIBUTION_C3 -> RANGE_C1 bias=NONE htf=DISTRIBUTION obj=NONE ts=2024-09-30 04:00:00
2026-09-30 22:02:19 [INFO] CRT.ParentFeed | parent_crt H4 RANGE_C1 -> MANIPULATION_C2 bias=NONE htf=ACCUMULATION obj=NONE ts=2024-09-30 16:00:00
2026-09-30 22:02:20 [INFO] CRT.ParentFeed | parent_crt H4 MANIPULATION_C2 -> RANGE_C1 bias=NONE htf=DISTRIBUTION obj=NONE ts=2024-09-30 20:00:00
2026-09-30 22:02:20 [INFO] CRT.ParentFeed | parent_crt H4 RANGE_C1 -> MANIPULATION_C2 bias=NONE htf=DISTRIBUTION obj=NONE ts=2024-10-02 12:00:00
2026-09-30 22:02:21 [INFO] CRT.ParentFeed | parent_crt H4 MANIPULATION_C2 -> DISTRIBUTION_C3 bias=LONG htf=DISTRIBUTION obj=EXISTS ts=2024-10-02 16:00:00
2026-09-30 22:02:21 [INFO] CRT.ParentFeed | parent_crt H4 DISTRIBUTION_C3 -> RANGE_C1 bias=NONE htf=ACCUMULATION obj=NONE ts=2024-10-02 20:00:00
2026-09-30 22:02:21 [INFO] CRT.ParentFeed | parent_crt H4 RANGE_C1 -> MANIPULATION_C2 bias=NONE htf=ACCUMULATION obj=NONE ts=2024-10-03 00:00:00
2026-09-30 22:02:21 [INFO] CRT.ParentFeed | parent_crt H4 MANIPULATION_C2 -> DISTRIBUTION_C3 bias=SHORT htf=EXPANSION obj=EXISTS ts=2024-10-03 04:00:00
2026-09-30 22:02:21 [INFO] CRT.ParentFeed | parent_crt H4 DISTRIBUTION_C3 -> RANGE_C1 bias=NONE htf=EXPANSION obj=NONE ts=2024-10-03 08:00:00
2026-09-30 22:02:21 [INFO] CRT.ParentFeed | parent_crt H4 RANGE_C1 -> MANIPULATION_C2 bias=NONE htf=ACCUMULATION obj=NONE ts=2024-10-03 12:00:00
2026-09-30 22:02:21 [INFO] CRT.ParentFeed | parent_crt H4 MANIPULATION_C2 -> DISTRIBUTION_C3 bias=LONG htf=REVERSAL obj=ACHIEVED ts=2024-10-03 16:00:00
2026-09-30 22:02:21 [INFO] CRT.ParentFeed | parent_crt H4 DISTRIBUTION_C3 -> RANGE_C1 bias=NONE htf=ACCUMULATION obj=NONE ts=2024-10-03 20:00:00
2026-09-30 22:02:21 [INFO] CRT.ParentFeed | parent_crt H4 RANGE_C1 -> MANIPULATION_C2 bias=NONE htf=ACCUMULATION obj=NONE ts=2024-10-04 00:00:00
2026-09-30 22:02:21 [INFO] CRT.ParentFeed | parent_crt H4 MANIPULATION_C2 -> DISTRIBUTION_C3 bias=LONG htf=EXPANSION obj=ACHIEVED ts=2024-10-04 04:00:00
2026-09-30 22:02:21 [INFO] CRT.ParentFeed | parent_crt H4 DISTRIBUTION_C3 -> RANGE_C1 bias=NONE htf=DISTRIBUTION obj=NONE ts=2024-10-04 08:00:00
2026-09-30 22:02:22 [INFO] CRT.ParentFeed | parent_crt H4 RANGE_C1 -> MANIPULATION_C2 bias=NONE htf=DISTRIBUTION obj=NONE ts=2024-10-04 16:00:00
2026-09-30 22:02:22 [INFO] CRT.ParentFeed | parent_crt H4 MANIPULATION_C2 -> RANGE_C1 bias=NONE htf=ACCUMULATION obj=NONE ts=2024-10-04 20:00:00
2026-09-30 22:02:22 [INFO] CRT.GapDetector | GAP RESET | Session gap detected: 2955min > 120min (2024-10-07 01:00 → 2024-10-07 01:00)
2026-09-30 22:02:22 [INFO] CRT.ParentFeed | parent_crt H4 RANGE_C1 -> MANIPULATION_C2 bias=NONE htf=REVERSAL obj=NONE ts=2024-10-07 08:00:00
2026-09-30 22:02:22 [INFO] CRT.ParentFeed | parent_crt H4 MANIPULATION_C2 -> RANGE_C1 bias=NONE htf=DISTRIBUTION obj=NONE ts=2024-10-07 12:00:00
2026-09-30 22:02:23 [INFO] CRT.ParentFeed | parent_crt H4 RANGE_C1 -> MANIPULATION_C2 bias=NONE htf=ACCUMULATION obj=NONE ts=2024-10-08 00:00:00
2026-09-30 22:02:23 [INFO] CRT.ParentFeed | parent_crt H4 MANIPULATION_C2 -> DISTRIBUTION_C3 bias=SHORT htf=DISTRIBUTION obj=EXISTS ts=2024-10-08 04:00:00
2026-09-30 22:02:23 [INFO] CRT.ParentFeed | parent_crt H4 DISTRIBUTION_C3 -> RANGE_C1 bias=NONE htf=DISTRIBUTION obj=NONE ts=2024-10-08 08:00:00
2026-09-30 22:02:23 [INFO] CRT.ParentFeed | parent_crt H4 RANGE_C1 -> MANIPULATION_C2 bias=NONE htf=ACCUMULATION obj=NONE ts=2024-10-08 12:00:00
2026-09-30 22:02:23 [INFO] CRT.ParentFeed | parent_crt H4 MANIPULATION_C2 -> DISTRIBUTION_C3 bias=SHORT htf=REVERSAL obj=ACHIEVED ts=2024-10-08 16:00:00
2026-09-30 22:02:23 [INFO] CRT.ParentFeed | parent_crt H4 DISTRIBUTION_C3 -> RANGE_C1 bias=NONE htf=ACCUMULATION obj=NONE ts=2024-10-08 20:00:00
2026-09-30 22:02:23 [INFO] CRT.ParentFeed | parent_crt H4 RANGE_C1 -> MANIPULATION_C2 bias=NONE htf=ACCUMULATION obj=NONE ts=2024-10-09 00:00:00
2026-09-30 22:02:23 [INFO] CRT.ParentFeed | parent_crt H4 MANIPULATION_C2 -> DISTRIBUTION_C3 bias=SHORT htf=EXPANSION obj=EXISTS ts=2024-10-09 04:00:00
2026-09-30 22:02:23 [INFO] CRT.ParentFeed | parent_crt H4 DISTRIBUTION_C3 -> RANGE_C1 bias=NONE htf=DISTRIBUTION obj=NONE ts=2024-10-09 08:00:00
2026-09-30 22:02:23 [INFO] CRT.ParentFeed | parent_crt H4 RANGE_C1 -> MANIPULATION_C2 bias=NONE htf=ACCUMULATION obj=NONE ts=2024-10-09 20:00:00
2026-09-30 22:02:23 [INFO] CRT.ParentFeed | parent_crt H4 MANIPULATION_C2 -> DISTRIBUTION_C3 bias=LONG htf=ACCUMULATION obj=EXISTS ts=2024-10-10 00:00:00
2026-09-30 22:02:23 [INFO] CRT.ParentFeed | parent_crt H4 DISTRIBUTION_C3 -> RANGE_C1 bias=NONE htf=EXPANSION obj=NONE ts=2024-10-10 04:00:00
2026-09-30 22:02:24 [INFO] CRT.ParentFeed | parent_crt H4 RANGE_C1 -> MANIPULATION_C2 bias=NONE htf=ACCUMULATION obj=NONE ts=2024-10-10 08:00:00
2026-09-30 22:02:24 [INFO] CRT.ParentFeed | parent_crt H4 MANIPULATION_C2 -> RANGE_C1 bias=NONE htf=EXPANSION obj=NONE ts=2024-10-10 12:00:00
2026-09-30 22:02:24 [INFO] CRT.ParentFeed | parent_crt H4 RANGE_C1 -> MANIPULATION_C2 bias=NONE htf=ACCUMULATION obj=NONE ts=2024-10-10 16:00:00
2026-09-30 22:02:24 [INFO] CRT.ParentFeed | parent_crt H4 MANIPULATION_C2 -> RANGE_C1 bias=NONE htf=REVERSAL obj=NONE ts=2024-10-10 20:00:00
2026-09-30 22:02:24 [INFO] CRT.ParentFeed | parent_crt H4 RANGE_C1 -> MANIPULATION_C2 bias=NONE htf=ACCUMULATION obj=NONE ts=2024-10-11 08:00:00
2026-09-30 22:02:24 [INFO] CRT.ParentFeed | parent_crt H4 MANIPULATION_C2 -> RANGE_C1 bias=NONE htf=DISTRIBUTION obj=NONE ts=2024-10-11 12:00:00
2026-09-30 22:02:24 [INFO] CRT.GapDetector | GAP RESET | Session gap detected: 2955min > 120min (2024-10-14 01:00 → 2024-10-14 01:00)
2026-09-30 22:02:24 [INFO] CRT.ParentFeed | parent_crt H4 RANGE_C1 -> MANIPULATION_C2 bias=NONE htf=REVERSAL obj=NONE ts=2024-10-14 04:00:00
2026-09-30 22:02:24 [INFO] CRT.ParentFeed | parent_crt H4 MANIPULATION_C2 -> DISTRIBUTION_C3 bias=LONG htf=ACCUMULATION obj=ACHIEVED ts=2024-10-14 08:00:00
2026-09-30 22:02:25 [INFO] CRT.ParentFeed | parent_crt H4 DISTRIBUTION_C3 -> RANGE_C1 bias=NONE htf=REVERSAL obj=NONE ts=2024-10-14 12:00:00
2026-09-30 22:02:25 [INFO] CRT.ParentFeed | parent_crt H4 RANGE_C1 -> MANIPULATION_C2 bias=NONE htf=EXPANSION obj=NONE ts=2024-10-15 04:00:00
2026-09-30 22:02:25 [INFO] CRT.ParentFeed | parent_crt H4 MANIPULATION_C2 -> RANGE_C1 bias=NONE htf=REVERSAL obj=NONE ts=2024-10-15 08:00:00
2026-09-30 22:02:25 [INFO] CRT.ParentFeed | parent_crt H4 RANGE_C1 -> MANIPULATION_C2 bias=NONE htf=ACCUMULATION obj=NONE ts=2024-10-15 12:00:00
2026-09-30 22:02:25 [INFO] CRT.ParentFeed | parent_crt H4 MANIPULATION_C2 -> RANGE_C1 bias=NONE htf=REVERSAL obj=NONE ts=2024-10-15 16:00:00
2026-09-30 22:02:25 [INFO] CRT.ParentFeed | parent_crt H4 RANGE_C1 -> MANIPULATION_C2 bias=NONE htf=ACCUMULATION obj=NONE ts=2024-10-16 00:00:00
2026-09-30 22:02:25 [INFO] CRT.ParentFeed | parent_crt H4 MANIPULATION_C2 -> DISTRIBUTION_C3 bias=LONG htf=REVERSAL obj=ACHIEVED ts=2024-10-16 04:00:00
2026-09-30 22:02:25 [INFO] CRT.ParentFeed | parent_crt H4 DISTRIBUTION_C3 -> RANGE_C1 bias=NONE htf=EXPANSION obj=NONE ts=2024-10-16 08:00:00
2026-09-30 22:02:26 [INFO] CRT.ParentFeed | parent_crt H4 RANGE_C1 -> MANIPULATION_C2 bias=NONE htf=DISTRIBUTION obj=NONE ts=2024-10-16 16:00:00
2026-09-30 22:02:26 [INFO] CRT.ParentFeed | parent_crt H4 MANIPULATION_C2 -> DISTRIBUTION_C3 bias=SHORT htf=ACCUMULATION obj=EXISTS ts=2024-10-16 20:00:00
2026-09-30 22:02:26 [INFO] CRT.ParentFeed | parent_crt H4 DISTRIBUTION_C3 -> RANGE_C1 bias=NONE htf=REVERSAL obj=NONE ts=2024-10-17 00:00:00
2026-09-30 22:02:26 [INFO] CRT.ParentFeed | parent_crt H4 RANGE_C1 -> MANIPULATION_C2 bias=NONE htf=ACCUMULATION obj=NONE ts=2024-10-17 08:00:00
2026-09-30 22:02:26 [INFO] CRT.ParentFeed | parent_crt H4 MANIPULATION_C2 -> DISTRIBUTION_C3 bias=SHORT htf=DISTRIBUTION obj=EXISTS ts=2024-10-17 12:00:00
2026-09-30 22:02:26 [INFO] CRT.ParentFeed | parent_crt H4 DISTRIBUTION_C3 -> RANGE_C1 bias=NONE htf=REVERSAL obj=NONE ts=2024-10-17 16:00:00
2026-09-30 22:02:26 [INFO] CRT.ParentFeed | parent_crt H4 RANGE_C1 -> MANIPULATION_C2 bias=NONE htf=ACCUMULATION obj=NONE ts=2024-10-18 00:00:00
2026-09-30 22:02:26 [INFO] CRT.ParentFeed | parent_crt H4 MANIPULATION_C2 -> RANGE_C1 bias=NONE htf=EXPANSION obj=NONE ts=2024-10-18 04:00:00
2026-09-30 22:02:26 [INFO] CRT.ParentFeed | parent_crt H4 RANGE_C1 -> MANIPULATION_C2 bias=NONE htf=ACCUMULATION obj=NONE ts=2024-10-18 08:00:00
2026-09-30 22:02:26 [INFO] CRT.ParentFeed | parent_crt H4 MANIPULATION_C2 -> RANGE_C1 bias=NONE htf=ACCUMULATION obj=NONE ts=2024-10-18 12:00:00
2026-09-30 22:02:27 [INFO] CRT.ParentFeed | parent_crt H4 RANGE_C1 -> MANIPULATION_C2 bias=NONE htf=EXPANSION obj=NONE ts=2024-10-18 16:00:00
2026-09-30 22:02:27 [INFO] CRT.ParentFeed | parent_crt H4 MANIPULATION_C2 -> DISTRIBUTION_C3 bias=LONG htf=EXPANSION obj=ACHIEVED ts=2024-10-18 20:00:00
2026-09-30 22:02:27 [INFO] CRT.GapDetector | GAP RESET | Session gap detected: 2955min > 120min (2024-10-21 01:00 → 2024-10-21 01:00)
2026-09-30 22:02:27 [INFO] CRT.ParentFeed | parent_crt H4 DISTRIBUTION_C3 -> RANGE_C1 bias=NONE htf=ACCUMULATION obj=NONE ts=2024-10-21 00:00:00
2026-09-30 22:02:27 [INFO] CRT.ParentFeed | parent_crt H4 RANGE_C1 -> MANIPULATION_C2 bias=NONE htf=ACCUMULATION obj=NONE ts=2024-10-21 08:00:00
2026-09-30 22:02:27 [INFO] CRT.ParentFeed | parent_crt H4 MANIPULATION_C2 -> RANGE_C1 bias=NONE htf=EXPANSION obj=NONE ts=2024-10-21 12:00:00
2026-09-30 22:02:27 [INFO] CRT.ParentFeed | parent_crt H4 RANGE_C1 -> MANIPULATION_C2 bias=NONE htf=REVERSAL obj=NONE ts=2024-10-21 16:00:00
2026-09-30 22:02:27 [INFO] CRT.ParentFeed | parent_crt H4 MANIPULATION_C2 -> DISTRIBUTION_C3 bias=SHORT htf=ACCUMULATION obj=ACHIEVED ts=2024-10-21 20:00:00
22:02:27 [BT]   10,000/47,275 (21%) | trades=0 cap=100,000 dd=0.0%
2026-09-30 22:02:27 [INFO] CRT.Backtest |   10,000/47,275 (21%) | trades=0 cap=100,000 dd=0.0%
2026-09-30 22:02:28 [INFO] CRT.ParentFeed | parent_crt H4 DISTRIBUTION_C3 -> RANGE_C1 bias=NONE htf=ACCUMULATION obj=NONE ts=2024-10-22 00:00:00
2026-09-30 22:02:28 [INFO] CRT.ParentFeed | parent_crt H4 RANGE_C1 -> MANIPULATION_C2 bias=NONE htf=ACCUMULATION obj=NONE ts=2024-10-22 08:00:00
2026-09-30 22:02:28 [INFO] CRT.ParentFeed | parent_crt H4 MANIPULATION_C2 -> RANGE_C1 bias=NONE htf=DISTRIBUTION obj=NONE ts=2024-10-22 12:00:00
2026-09-30 22:02:29 [INFO] CRT.ParentFeed | parent_crt H4 RANGE_C1 -> MANIPULATION_C2 bias=NONE htf=REVERSAL obj=NONE ts=2024-10-23 04:00:00
2026-09-30 22:02:29 [INFO] CRT.ParentFeed | parent_crt H4 MANIPULATION_C2 -> DISTRIBUTION_C3 bias=LONG htf=EXPANSION obj=ACHIEVED ts=2024-10-23 08:00:00
2026-09-30 22:02:29 [INFO] CRT.ParentFeed | parent_crt H4 DISTRIBUTION_C3 -> RANGE_C1 bias=NONE htf=REVERSAL obj=NONE ts=2024-10-23 12:00:00
2026-09-30 22:02:29 [INFO] CRT.ParentFeed | parent_crt H4 RANGE_C1 -> MANIPULATION_C2 bias=NONE htf=REVERSAL obj=NONE ts=2024-10-24 16:00:00
2026-09-30 22:02:29 [INFO] CRT.ParentFeed | parent_crt H4 MANIPULATION_C2 -> RANGE_C1 bias=NONE htf=ACCUMULATION obj=NONE ts=2024-10-24 20:00:00
2026-09-30 22:02:30 [INFO] CRT.ParentFeed | parent_crt H4 RANGE_C1 -> MANIPULATION_C2 bias=NONE htf=DISTRIBUTION obj=NONE ts=2024-10-25 12:00:00
2026-09-30 22:02:30 [INFO] CRT.ParentFeed | parent_crt H4 MANIPULATION_C2 -> DISTRIBUTION_C3 bias=LONG htf=EXPANSION obj=ACHIEVED ts=2024-10-25 16:00:00
2026-09-30 22:02:30 [INFO] CRT.ParentFeed | parent_crt H4 DISTRIBUTION_C3 -> RANGE_C1 bias=NONE htf=EXPANSION obj=NONE ts=2024-10-25 20:00:00
2026-09-30 22:02:30 [INFO] CRT.GapDetector | GAP RESET | Session gap detected: 2955min > 120min (2024-10-28 01:00 → 2024-10-28 01:00)
2026-09-30 22:02:30 [INFO] CRT.ParentFeed | parent_crt H4 RANGE_C1 -> MANIPULATION_C2 bias=NONE htf=DISTRIBUTION obj=NONE ts=2024-10-28 04:00:00
2026-09-30 22:02:30 [INFO] CRT.ParentFeed | parent_crt H4 MANIPULATION_C2 -> RANGE_C1 bias=NONE htf=DISTRIBUTION obj=NONE ts=2024-10-28 08:00:00
2026-09-30 22:02:30 [INFO] CRT.ParentFeed | parent_crt H4 RANGE_C1 -> MANIPULATION_C2 bias=NONE htf=ACCUMULATION obj=NONE ts=2024-10-28 12:00:00
2026-09-30 22:02:30 [INFO] CRT.ParentFeed | parent_crt H4 MANIPULATION_C2 -> DISTRIBUTION_C3 bias=LONG htf=EXPANSION obj=EXISTS ts=2024-10-28 16:00:00
2026-09-30 22:02:30 [INFO] CRT.ParentFeed | parent_crt H4 DISTRIBUTION_C3 -> RANGE_C1 bias=NONE htf=ACCUMULATION obj=NONE ts=2024-10-28 20:00:00
2026-09-30 22:02:30 [INFO] CRT.ParentFeed | parent_crt H4 RANGE_C1 -> MANIPULATION_C2 bias=NONE htf=REVERSAL obj=NONE ts=2024-10-29 00:00:00
2026-09-30 22:02:31 [INFO] CRT.ParentFeed | parent_crt H4 MANIPULATION_C2 -> DISTRIBUTION_C3 bias=LONG htf=EXPANSION obj=ACHIEVED ts=2024-10-29 04:00:00
2026-09-30 22:02:31 [INFO] CRT.ParentFeed | parent_crt H4 DISTRIBUTION_C3 -> RANGE_C1 bias=NONE htf=ACCUMULATION obj=NONE ts=2024-10-29 08:00:00
2026-09-30 22:02:31 [INFO] CRT.ParentFeed | parent_crt H4 RANGE_C1 -> MANIPULATION_C2 bias=NONE htf=ACCUMULATION obj=NONE ts=2024-10-29 12:00:00
2026-09-30 22:02:31 [INFO] CRT.ParentFeed | parent_crt H4 MANIPULATION_C2 -> DISTRIBUTION_C3 bias=LONG htf=REVERSAL obj=ACHIEVED ts=2024-10-29 16:00:00
2026-09-30 22:02:31 [INFO] CRT.ParentFeed | parent_crt H4 DISTRIBUTION_C3 -> RANGE_C1 bias=NONE htf=EXPANSION obj=NONE ts=2024-10-29 20:00:00
2026-09-30 22:02:31 [INFO] CRT.ParentFeed | parent_crt H4 RANGE_C1 -> MANIPULATION_C2 bias=NONE htf=DISTRIBUTION obj=NONE ts=2024-10-30 08:00:00
2026-09-30 22:02:31 [INFO] CRT.ParentFeed | parent_crt H4 MANIPULATION_C2 -> RANGE_C1 bias=NONE htf=DISTRIBUTION obj=NONE ts=2024-10-30 12:00:00
2026-09-30 22:02:31 [INFO] CRT.ParentFeed | parent_crt H4 RANGE_C1 -> MANIPULATION_C2 bias=NONE htf=DISTRIBUTION obj=NONE ts=2024-10-30 16:00:00
2026-09-30 22:02:31 [INFO] CRT.ParentFeed | parent_crt H4 MANIPULATION_C2 -> RANGE_C1 bias=NONE htf=ACCUMULATION obj=NONE ts=2024-10-30 20:00:00
2026-09-30 22:02:32 [INFO] CRT.ParentFeed | parent_crt H4 RANGE_C1 -> MANIPULATION_C2 bias=NONE htf=REVERSAL obj=NONE ts=2024-10-31 04:00:00
2026-09-30 22:02:32 [INFO] CRT.ParentFeed | parent_crt H4 MANIPULATION_C2 -> DISTRIBUTION_C3 bias=SHORT htf=EXPANSION obj=ACHIEVED ts=2024-10-31 08:00:00
2026-09-30 22:02:32 [INFO] CRT.ParentFeed | parent_crt H4 DISTRIBUTION_C3 -> RANGE_C1 bias=NONE htf=EXPANSION obj=NONE ts=2024-10-31 12:00:00
2026-09-30 22:02:32 [INFO] CRT.ParentFeed | parent_crt H4 RANGE_C1 -> MANIPULATION_C2 bias=NONE htf=DISTRIBUTION obj=NONE ts=2024-11-01 12:00:00
2026-09-30 22:02:32 [INFO] CRT.ParentFeed | parent_crt H4 MANIPULATION_C2 -> DISTRIBUTION_C3 bias=SHORT htf=REVERSAL obj=ACHIEVED ts=2024-11-01 16:00:00
2026-09-30 22:02:32 [INFO] CRT.ParentFeed | parent_crt H4 DISTRIBUTION_C3 -> RANGE_C1 bias=NONE htf=EXPANSION obj=NONE ts=2024-11-01 20:00:00
2026-09-30 22:02:32 [INFO] CRT.GapDetector | GAP RESET | Session gap detected: 2955min > 120min (2024-11-04 01:00 → 2024-11-04 01:00)
2026-09-30 22:02:33 [INFO] CRT.ParentFeed | parent_crt H4 RANGE_C1 -> MANIPULATION_C2 bias=NONE htf=DISTRIBUTION obj=NONE ts=2024-11-04 00:00:00
2026-09-30 22:02:33 [INFO] CRT.ParentFeed | parent_crt H4 MANIPULATION_C2 -> DISTRIBUTION_C3 bias=LONG htf=EXPANSION obj=EXISTS ts=2024-11-04 04:00:00
2026-09-30 22:02:33 [INFO] CRT.ParentFeed | parent_crt H4 DISTRIBUTION_C3 -> RANGE_C1 bias=NONE htf=DISTRIBUTION obj=NONE ts=2024-11-04 08:00:00
2026-09-30 22:02:33 [INFO] CRT.ParentFeed | parent_crt H4 RANGE_C1 -> MANIPULATION_C2 bias=NONE htf=DISTRIBUTION obj=NONE ts=2024-11-04 16:00:00
2026-09-30 22:02:33 [INFO] CRT.ParentFeed | parent_crt H4 MANIPULATION_C2 -> DISTRIBUTION_C3 bias=SHORT htf=ACCUMULATION obj=ACHIEVED ts=2024-11-04 20:00:00
2026-09-30 22:02:33 [INFO] CRT.ParentFeed | parent_crt H4 DISTRIBUTION_C3 -> RANGE_C1 bias=NONE htf=EXPANSION obj=NONE ts=2024-11-05 00:00:00
2026-09-30 22:02:33 [INFO] CRT.ParentFeed | parent_crt H4 RANGE_C1 -> MANIPULATION_C2 bias=NONE htf=ACCUMULATION obj=NONE ts=2024-11-05 12:00:00
2026-09-30 22:02:33 [INFO] CRT.ParentFeed | parent_crt H4 MANIPULATION_C2 -> DISTRIBUTION_C3 bias=SHORT htf=DISTRIBUTION obj=EXISTS ts=2024-11-05 16:00:00
2026-09-30 22:02:34 [INFO] CRT.ParentFeed | parent_crt H4 DISTRIBUTION_C3 -> RANGE_C1 bias=NONE htf=ACCUMULATION obj=NONE ts=2024-11-05 20:00:00
2026-09-30 22:02:34 [INFO] CRT.ParentFeed | parent_crt H4 RANGE_C1 -> MANIPULATION_C2 bias=NONE htf=EXPANSION obj=NONE ts=2024-11-06 00:00:00
2026-09-30 22:02:34 [INFO] CRT.ParentFeed | parent_crt H4 MANIPULATION_C2 -> RANGE_C1 bias=NONE htf=DISTRIBUTION obj=NONE ts=2024-11-06 04:00:00
2026-09-30 22:02:34 [INFO] CRT.ParentFeed | parent_crt H4 RANGE_C1 -> MANIPULATION_C2 bias=NONE htf=ACCUMULATION obj=NONE ts=2024-11-06 16:00:00
2026-09-30 22:02:34 [INFO] CRT.ParentFeed | parent_crt H4 MANIPULATION_C2 -> RANGE_C1 bias=NONE htf=ACCUMULATION obj=NONE ts=2024-11-06 20:00:00
2026-09-30 22:02:35 [INFO] CRT.ParentFeed | parent_crt H4 RANGE_C1 -> MANIPULATION_C2 bias=NONE htf=ACCUMULATION obj=NONE ts=2024-11-08 00:00:00
2026-09-30 22:02:35 [INFO] CRT.ParentFeed | parent_crt H4 MANIPULATION_C2 -> DISTRIBUTION_C3 bias=SHORT htf=EXPANSION obj=EXISTS ts=2024-11-08 04:00:00
2026-09-30 22:02:35 [INFO] CRT.ParentFeed | parent_crt H4 DISTRIBUTION_C3 -> RANGE_C1 bias=NONE htf=EXPANSION obj=NONE ts=2024-11-08 08:00:00
2026-09-30 22:02:35 [INFO] CRT.ParentFeed | parent_crt H4 RANGE_C1 -> MANIPULATION_C2 bias=NONE htf=DISTRIBUTION obj=NONE ts=2024-11-08 16:00:00
2026-09-30 22:02:35 [INFO] CRT.ParentFeed | parent_crt H4 MANIPULATION_C2 -> DISTRIBUTION_C3 bias=SHORT htf=ACCUMULATION obj=EXISTS ts=2024-11-08 20:00:00
2026-09-30 22:02:35 [INFO] CRT.GapDetector | GAP RESET | Session gap detected: 2955min > 120min (2024-11-11 01:00 → 2024-11-11 01:00)
2026-09-30 22:02:35 [INFO] CRT.ParentFeed | parent_crt H4 DISTRIBUTION_C3 -> RANGE_C1 bias=NONE htf=EXPANSION obj=NONE ts=2024-11-11 00:00:00
2026-09-30 22:02:35 [INFO] CRT.ParentFeed | parent_crt H4 RANGE_C1 -> MANIPULATION_C2 bias=NONE htf=DISTRIBUTION obj=NONE ts=2024-11-11 08:00:00
2026-09-30 22:02:35 [INFO] CRT.ParentFeed | parent_crt H4 MANIPULATION_C2 -> RANGE_C1 bias=NONE htf=EXPANSION obj=NONE ts=2024-11-11 12:00:00
2026-09-30 22:02:35 [INFO] CRT.ParentFeed | parent_crt H4 RANGE_C1 -> MANIPULATION_C2 bias=NONE htf=ACCUMULATION obj=NONE ts=2024-11-11 20:00:00
2026-09-30 22:02:35 [INFO] CRT.ParentFeed | parent_crt H4 MANIPULATION_C2 -> DISTRIBUTION_C3 bias=LONG htf=ACCUMULATION obj=EXISTS ts=2024-11-12 00:00:00
2026-09-30 22:02:36 [INFO] CRT.ParentFeed | parent_crt H4 DISTRIBUTION_C3 -> RANGE_C1 bias=NONE htf=REVERSAL obj=NONE ts=2024-11-12 04:00:00
22:02:36 [BT] FEATURE DIAG | dict_size=47197 dict_sample=['2024-05-22 20:30:00', '2024-05-22 20:45:00', '2024-05-22 21:00:00'] candle_ts_key='2024-11-12 15:30:00' fv_idx=11348 fv_shape=(47197, 48)
2026-09-30 22:02:36 [WARNING] CRT.Backtest | FEATURE DIAG | dict_size=47197 dict_sample=['2024-05-22 20:30:00', '2024-05-22 20:45:00', '2024-05-22 21:00:00'] candle_ts_key='2024-11-12 15:30:00' fv_idx=11348 fv_shape=(47197, 48)
2026-09-30 22:02:36 [INFO] engines.ema_momentum_kernel | EmaMomentumKernel[XAUUSD]: loaded registry — active version 'xauusd_nb_20260722T194904Z'
[92m[2026-09-30T22:02:36Z] [FLOW:ENGINE_RUNNER] [INFO] FUSION_GATE: score=0.6276 threshold=0.2500 rejected=False reached_ultron=True[0m
[90m[2026-09-30T22:02:36Z] [FLOW:COLLECTOR] [INFO] {"error": "missing required config key(s) [<root>.collector] for Collector. No default applies: declare the key in the config.", "raw_record": {"adapter": {"score": 1.0, "reason": "pass"}, "engines": {"crt": {"score": 0.4558}, "ema_momentum_kernel": {"score": 0.8827, "reason": "gaussian_computed", "meta": {"mu": 0.0, "sigma": 1.0, "x": -0.49961}}, "feature_cluster_similarity": {"engine": "feature_cluster_similarity", "score": 0.7093253142357223, "direction": 1, "meta": {"score": 0.7093253142357223, "passed": true, "vector": [2614.419921875, 2614.85009765625, 2606.0, 2606.320068359375, 4516.0, 1.4248079061508179, 0.0, 2604.555908203125, 2602.52783203125, 933.5361938476562, 1.0, 0.9097664952278137, -3746.89306640625, 0.0021724666003137827, 1.5630123615264893, 66.71895599365234, 0.5529419779777527, -1.623963713645935, 2.2291245460510254, 0.0, 0.0, 1.0, 0.0, 0.0, 1.0, 0.0, 8.100000381469727, 8.850000381469727, 0.9152542352676392, 2.0, 3.0, 15.0, 1.430553674697876, 0.3115590214729309, 8.0, 1.2716033458709717, 0.5295107960700989, 0.0], "valid": true}}, "candle_commitment": {"score": 0.9638, "candle_polarity": 0.9638, "rr_ratio": 0.9638, "reason": "candle_polarity:0.9638", "semantic": "candle_structure_quality"}}, "fusion": {"final_score": 0.6276, "normalized_score": 0.5, "scores": {"crt": 0.4558, "ema_momentum_kernel": 0.8827, "feature_cluster_similarity": 0.7093, "candle_commitment": 0.9638, "strategy_consensus": 0.0}, "missing_engines": [], "feature_cluster_similarity_dead": false, "variance": 0.0, "entropy": 0.0, "threshold": 0.5, "accepted": true, "evaluate_shadow": {"final_score": 0.8827, "ema_momentum_kernel": 0.8827, "neural": null, "llm": null, "llm_fired": false, "action": "TRADE", "risk_mult": 1.0, "normalized_score": 1.0, "threshold_used": 0.6, "reject_stage": "passed", "missing_engines": []}}, "dual_engines": {"breakout": {"engine": "breakout", "score": 1.0, "direction": 1, "reason": "trend_follow", "meta": {"trend_bias": 1.0, "momentum": 3746.89306640625, "ema_spread": 933.5361938476562}}, "trap": {"engine": "trap", "score": 0.0, "direction": 0, "reason": "no_sweep", "meta": {"trend_bias": 1.0}}}, "gate": {"allow": true, "reason": "regime_trend", "selected": {"engine": "breakout", "score": 1.0, "direction": 1, "reason": "trend_follow", "meta": {"trend_bias": 1.0, "momentum": 3746.89306640625, "ema_spread": 933.5361938476562}}, "regime": "trend"}, "final_score": 0.6276, "decision": "reject", "reason": "feature_cluster_similarity_invalid", "reject_stage": "decision", "missing_engines": [], "features": {"open": 2614.419921875, "high": 2614.85009765625, "low": 2606.0, "close": 2606.320068359375, "volume": 4516.0, "volume_ratio": 1.4248079061508179, "double_sweep": 0.0, "ema_fast": 2604.555908203125, "ema_slow": 2602.52783203125, "ema_spread": 933.5361938476562, "trend_bias": 1.0, "trend_strength_z": 0.9097664952278137, "momentum_score": -3746.89306640625, "atr": 0.0021724666003137827, "volatility_ratio": 1.5630123615264893, "rsi_14": 66.71895599365234, "macd_line": 0.5529419779777527, "macd_signal": -1.623963713645935, "macd_hist_raw": 2.176905632019043, "macd_hist_z": 2.2291245460510254, "sweep_detected": 0.0, "liquidity_sweep": 0.0, "break_of_structure": 1.0, "swing_high": 0.0, "swing_low": 0.0, "higher_high": 1.0, "lower_low": 0.0, "body_size": 8.100000381469727, "candle_range": 8.850000381469727, "body_ratio": 0.9152542352676392, "volatility_regime": 2.0, "session": 3.0, "hour_of_day": 15.0, "disp_strength": 1.430553674697876, "retest_depth": 0.3115590214729309, "candles_since_sweep": 8.0, "liquidity_distance": 1.2716033458709717, "liquidity_pressure_score": 0.5295107960700989, "volume_spike": 0.0, "order_block_distance": -0.054694946855306625, "fvg_distance": 0.9784079790115356, "breaker_distance": 0.5247107148170471, "mitigation_block_distance": 0.5596129298210144, "pdh_distance": 1.0, "pdl_distance": -0.6500150561332703, "eqh_distance": 0.0, "eql_distance": -0.9792947769165039, "change_of_character": 0.0, "timestamp": "2024-11-12 15:30:00", "_data_integrity": "real", "direction": 1, "signal_dir": 1, "trade_direction": 1}, "pnl": null}}[0m
2026-09-30 22:02:36 [INFO] CRT.ParentFeed | parent_crt H4 RANGE_C1 -> MANIPULATION_C2 bias=NONE htf=REVERSAL obj=NONE ts=2024-11-12 12:00:00
2026-09-30 22:02:36 [INFO] CRT.ParentFeed | parent_crt H4 MANIPULATION_C2 -> RANGE_C1 bias=NONE htf=ACCUMULATION obj=NONE ts=2024-11-12 16:00:00
2026-09-30 22:02:36 [INFO] CRT.ParentFeed | parent_crt H4 RANGE_C1 -> MANIPULATION_C2 bias=NONE htf=ACCUMULATION obj=NONE ts=2024-11-13 04:00:00
2026-09-30 22:02:36 [INFO] CRT.ParentFeed | parent_crt H4 MANIPULATION_C2 -> RANGE_C1 bias=NONE htf=DISTRIBUTION obj=NONE ts=2024-11-13 08:00:00
2026-09-30 22:02:37 [INFO] CRT.ParentFeed | parent_crt H4 RANGE_C1 -> MANIPULATION_C2 bias=NONE htf=ACCUMULATION obj=NONE ts=2024-11-15 00:00:00
[92m[2026-09-30T22:02:37Z] [FLOW:ENGINE_RUNNER] [INFO] FUSION_GATE: score=0.5716 threshold=0.2500 rejected=False reached_ultron=True[0m
[90m[2026-09-30T22:02:37Z] [FLOW:COLLECTOR] [INFO] {"error": "missing required config key(s) [<root>.collector] for Collector. No default applies: declare the key in the config.", "raw_record": {"adapter": {"score": 1.0, "reason": "pass"}, "engines": {"crt": {"score": 0.3409}, "ema_momentum_kernel": {"score": 0.8824, "reason": "gaussian_computed", "meta": {"mu": 0.0, "sigma": 1.0, "x": -0.50023}}, "feature_cluster_similarity": {"engine": "feature_cluster_similarity", "score": 0.599359608051985, "direction": 1, "meta": {"score": 0.599359608051985, "passed": true, "vector": [2565.47998046875, 2565.47998046875, 2559.760009765625, 2559.93994140625, 2486.0, 1.445096731185913, 0.0, 2565.73388671875, 2566.91552734375, -1406.4764404296875, -1.0, -0.4517005681991577, -6594.11962890625, 0.0008401424856856465, 2.659581422805786, 23.884057998657227, -0.8195178508758545, -0.10729409009218216, -0.7266232967376709, 0.0, 0.0, -1.0, 0.0, 0.0, 0.0, 1.0, 5.539999961853027, 5.71999979019165, 0.9685314893722534, 0.0, 1.0, 7.0, 2.5758883953094482, 0.0, 15.0, 3.431417942047119, 0.1798361837863922, 1.0], "valid": true}}, "candle_commitment": {"score": 0.9685, "candle_polarity": 0.9685, "rr_ratio": 0.9685, "reason": "candle_polarity:0.9685", "semantic": "candle_structure_quality"}}, "fusion": {"final_score": 0.5716, "normalized_score": 0.0, "scores": {"crt": 0.3409, "ema_momentum_kernel": 0.8824, "feature_cluster_similarity": 0.5994, "candle_commitment": 0.9685, "strategy_consensus": 0.0}, "missing_engines": [], "feature_cluster_similarity_dead": false, "variance": 0.0, "entropy": 0.0, "threshold": 0.5, "accepted": true, "evaluate_shadow": {"final_score": 0.8824, "ema_momentum_kernel": 0.8824, "neural": null, "llm": null, "llm_fired": false, "action": "TRADE", "risk_mult": 1.0, "normalized_score": 0.999, "threshold_used": 0.6, "reject_stage": "passed", "missing_engines": []}}, "dual_engines": {"breakout": {"engine": "breakout", "score": 1.0, "direction": -1, "reason": "trend_follow", "meta": {"trend_bias": -1.0, "momentum": 6594.11962890625, "ema_spread": 1406.4764404296875}}, "trap": {"engine": "trap", "score": 0.0, "direction": 0, "reason": "no_sweep", "meta": {"trend_bias": -1.0}}}, "gate": {"allow": true, "reason": "regime_trend", "selected": {"engine": "breakout", "score": 1.0, "direction": -1, "reason": "trend_follow", "meta": {"trend_bias": -1.0, "momentum": 6594.11962890625, "ema_spread": 1406.4764404296875}}, "regime": "trend"}, "final_score": 0.5716, "decision": "reject", "reason": "feature_cluster_similarity_invalid", "reject_stage": "decision", "missing_engines": [], "features": {"open": 2565.47998046875, "high": 2565.47998046875, "low": 2559.760009765625, "close": 2559.93994140625, "volume": 2486.0, "volume_ratio": 1.445096731185913, "double_sweep": 0.0, "ema_fast": 2565.73388671875, "ema_slow": 2566.91552734375, "ema_spread": -1406.4764404296875, "trend_bias": -1.0, "trend_strength_z": -0.4517005681991577, "momentum_score": -6594.11962890625, "atr": 0.0008401424856856465, "volatility_ratio": 2.659581422805786, "rsi_14": 23.884057998657227, "macd_line": -0.8195178508758545, "macd_signal": -0.10729409009218216, "macd_hist_raw": -0.7122237086296082, "macd_hist_z": -0.7266232967376709, "sweep_detected": 0.0, "liquidity_sweep": 0.0, "break_of_structure": -1.0, "swing_high": 0.0, "swing_low": 0.0, "higher_high": 0.0, "lower_low": 1.0, "body_size": 5.539999961853027, "candle_range": 5.71999979019165, "body_ratio": 0.9685314893722534, "volatility_regime": 0.0, "session": 1.0, "hour_of_day": 7.0, "disp_strength": 2.5758883953094482, "retest_depth": 0.0, "candles_since_sweep": 15.0, "liquidity_distance": 3.431417942047119, "liquidity_pressure_score": 0.1798361837863922, "volume_spike": 1.0, "order_block_distance": 0.9991112351417542, "fvg_distance": 0.9884884357452393, "breaker_distance": 0.0, "mitigation_block_distance": 0.0, "pdh_distance": 1.0, "pdl_distance": 1.0, "eqh_distance": 0.0, "eql_distance": -0.9979103207588196, "change_of_character": 0.0, "timestamp": "2024-11-15 07:45:00", "_data_integrity": "real", "direction": 1, "signal_dir": 1, "trade_direction": 1}, "pnl": null}}[0m
2026-09-30 22:02:37 [INFO] CRT.ParentFeed | parent_crt H4 MANIPULATION_C2 -> RANGE_C1 bias=NONE htf=REVERSAL obj=NONE ts=2024-11-15 04:00:00
2026-09-30 22:02:38 [INFO] CRT.ParentFeed | parent_crt H4 RANGE_C1 -> MANIPULATION_C2 bias=NONE htf=DISTRIBUTION obj=NONE ts=2024-11-15 08:00:00
2026-09-30 22:02:38 [INFO] CRT.ParentFeed | parent_crt H4 MANIPULATION_C2 -> DISTRIBUTION_C3 bias=LONG htf=DISTRIBUTION obj=EXISTS ts=2024-11-15 12:00:00
2026-09-30 22:02:38 [INFO] CRT.ParentFeed | parent_crt H4 DISTRIBUTION_C3 -> RANGE_C1 bias=NONE htf=DISTRIBUTION obj=NONE ts=2024-11-15 16:00:00
2026-09-30 22:02:38 [INFO] CRT.ParentFeed | parent_crt H4 RANGE_C1 -> MANIPULATION_C2 bias=NONE htf=ACCUMULATION obj=NONE ts=2024-11-15 20:00:00
2026-09-30 22:02:38 [INFO] CRT.GapDetector | GAP RESET | Session gap detected: 2955min > 120min (2024-11-18 01:00 → 2024-11-18 01:00)
2026-09-30 22:02:38 [INFO] CRT.ParentFeed | parent_crt H4 MANIPULATION_C2 -> DISTRIBUTION_C3 bias=LONG htf=REVERSAL obj=ACHIEVED ts=2024-11-18 00:00:00
2026-09-30 22:02:38 [INFO] CRT.ParentFeed | parent_crt H4 DISTRIBUTION_C3 -> RANGE_C1 bias=NONE htf=ACCUMULATION obj=NONE ts=2024-11-18 04:00:00
2026-09-30 22:02:38 [INFO] CRT.ParentFeed | parent_crt H4 RANGE_C1 -> MANIPULATION_C2 bias=NONE htf=REVERSAL obj=NONE ts=2024-11-18 08:00:00
2026-09-30 22:02:38 [INFO] CRT.ParentFeed | parent_crt H4 MANIPULATION_C2 -> DISTRIBUTION_C3 bias=LONG htf=EXPANSION obj=ACHIEVED ts=2024-11-18 12:00:00
2026-09-30 22:02:38 [INFO] CRT.ParentFeed | parent_crt H4 DISTRIBUTION_C3 -> RANGE_C1 bias=NONE htf=EXPANSION obj=NONE ts=2024-11-18 16:00:00
2026-09-30 22:02:39 [INFO] CRT.ParentFeed | parent_crt H4 RANGE_C1 -> MANIPULATION_C2 bias=NONE htf=ACCUMULATION obj=NONE ts=2024-11-20 04:00:00
2026-09-30 22:02:39 [INFO] CRT.ParentFeed | parent_crt H4 MANIPULATION_C2 -> DISTRIBUTION_C3 bias=SHORT htf=EXPANSION obj=ACHIEVED ts=2024-11-20 08:00:00
2026-09-30 22:02:39 [INFO] CRT.ParentFeed | parent_crt H4 DISTRIBUTION_C3 -> RANGE_C1 bias=NONE htf=DISTRIBUTION obj=NONE ts=2024-11-20 12:00:00
2026-09-30 22:02:40 [INFO] CRT.ParentFeed | parent_crt H4 RANGE_C1 -> MANIPULATION_C2 bias=NONE htf=ACCUMULATION obj=NONE ts=2024-11-21 12:00:00
2026-09-30 22:02:40 [INFO] CRT.ParentFeed | parent_crt H4 MANIPULATION_C2 -> RANGE_C1 bias=NONE htf=ACCUMULATION obj=NONE ts=2024-11-21 16:00:00
2026-09-30 22:02:40 [INFO] CRT.ParentFeed | parent_crt H4 RANGE_C1 -> MANIPULATION_C2 bias=NONE htf=ACCUMULATION obj=NONE ts=2024-11-21 20:00:00
2026-09-30 22:02:40 [INFO] CRT.ParentFeed | parent_crt H4 MANIPULATION_C2 -> RANGE_C1 bias=NONE htf=REVERSAL obj=NONE ts=2024-11-22 00:00:00
2026-09-30 22:02:40 [INFO] CRT.ParentFeed | parent_crt H4 RANGE_C1 -> MANIPULATION_C2 bias=NONE htf=ACCUMULATION obj=NONE ts=2024-11-22 12:00:00
2026-09-30 22:02:41 [INFO] CRT.ParentFeed | parent_crt H4 MANIPULATION_C2 -> RANGE_C1 bias=NONE htf=DISTRIBUTION obj=NONE ts=2024-11-22 16:00:00
2026-09-30 22:02:41 [INFO] CRT.GapDetector | GAP RESET | Session gap detected: 2955min > 120min (2024-11-25 01:00 → 2024-11-25 01:00)
2026-09-30 22:02:41 [INFO] CRT.ParentFeed | parent_crt H4 RANGE_C1 -> MANIPULATION_C2 bias=NONE htf=REVERSAL obj=NONE ts=2024-11-25 00:00:00
2026-09-30 22:02:41 [INFO] CRT.ParentFeed | parent_crt H4 MANIPULATION_C2 -> DISTRIBUTION_C3 bias=SHORT htf=EXPANSION obj=ACHIEVED ts=2024-11-25 04:00:00
2026-09-30 22:02:41 [INFO] CRT.ParentFeed | parent_crt H4 DISTRIBUTION_C3 -> RANGE_C1 bias=NONE htf=ACCUMULATION obj=NONE ts=2024-11-25 08:00:00
2026-09-30 22:02:41 [INFO] CRT.ParentFeed | parent_crt H4 RANGE_C1 -> MANIPULATION_C2 bias=NONE htf=ACCUMULATION obj=NONE ts=2024-11-25 20:00:00
2026-09-30 22:02:41 [INFO] CRT.ParentFeed | parent_crt H4 MANIPULATION_C2 -> DISTRIBUTION_C3 bias=LONG htf=DISTRIBUTION obj=EXISTS ts=2024-11-26 00:00:00
2026-09-30 22:02:41 [INFO] CRT.ParentFeed | parent_crt H4 DISTRIBUTION_C3 -> RANGE_C1 bias=NONE htf=ACCUMULATION obj=NONE ts=2024-11-26 04:00:00
2026-09-30 22:02:41 [INFO] CRT.ParentFeed | parent_crt H4 RANGE_C1 -> MANIPULATION_C2 bias=NONE htf=DISTRIBUTION obj=NONE ts=2024-11-26 08:00:00
2026-09-30 22:02:41 [INFO] CRT.ParentFeed | parent_crt H4 MANIPULATION_C2 -> DISTRIBUTION_C3 bias=LONG htf=EXPANSION obj=EXISTS ts=2024-11-26 12:00:00
2026-09-30 22:02:41 [INFO] CRT.ParentFeed | parent_crt H4 DISTRIBUTION_C3 -> RANGE_C1 bias=NONE htf=ACCUMULATION obj=NONE ts=2024-11-26 16:00:00
2026-09-30 22:02:42 [INFO] CRT.ParentFeed | parent_crt H4 RANGE_C1 -> MANIPULATION_C2 bias=NONE htf=ACCUMULATION obj=NONE ts=2024-11-27 00:00:00
2026-09-30 22:02:42 [INFO] CRT.ParentFeed | parent_crt H4 MANIPULATION_C2 -> RANGE_C1 bias=NONE htf=REVERSAL obj=NONE ts=2024-11-27 04:00:00
2026-09-30 22:02:42 [INFO] CRT.ParentFeed | parent_crt H4 RANGE_C1 -> MANIPULATION_C2 bias=NONE htf=ACCUMULATION obj=NONE ts=2024-11-27 20:00:00
2026-09-30 22:02:42 [INFO] CRT.ParentFeed | parent_crt H4 MANIPULATION_C2 -> RANGE_C1 bias=NONE htf=EXPANSION obj=NONE ts=2024-11-28 00:00:00
2026-09-30 22:02:42 [INFO] CRT.ParentFeed | parent_crt H4 RANGE_C1 -> MANIPULATION_C2 bias=NONE htf=ACCUMULATION obj=NONE ts=2024-11-28 12:00:00
2026-09-30 22:02:43 [INFO] CRT.ParentFeed | parent_crt H4 MANIPULATION_C2 -> DISTRIBUTION_C3 bias=SHORT htf=REVERSAL obj=EXISTS ts=2024-11-28 16:00:00
2026-09-30 22:02:43 [INFO] CRT.ParentFeed | parent_crt H4 DISTRIBUTION_C3 -> RANGE_C1 bias=NONE htf=ACCUMULATION obj=NONE ts=2024-11-28 20:00:00
2026-09-30 22:02:43 [INFO] CRT.GapDetector | GAP RESET | Session gap detected: 225min > 120min (2024-11-29 01:00 → 2024-11-29 01:00)
2026-09-30 22:02:43 [INFO] CRT.ParentFeed | parent_crt H4 RANGE_C1 -> MANIPULATION_C2 bias=NONE htf=REVERSAL obj=NONE ts=2024-11-29 00:00:00
2026-09-30 22:02:43 [INFO] CRT.ParentFeed | parent_crt H4 MANIPULATION_C2 -> DISTRIBUTION_C3 bias=LONG htf=EXPANSION obj=ACHIEVED ts=2024-11-29 04:00:00
2026-09-30 22:02:43 [INFO] CRT.ParentFeed | parent_crt H4 DISTRIBUTION_C3 -> RANGE_C1 bias=NONE htf=EXPANSION obj=NONE ts=2024-11-29 08:00:00
2026-09-30 22:02:43 [INFO] CRT.ParentFeed | parent_crt H4 RANGE_C1 -> MANIPULATION_C2 bias=NONE htf=DISTRIBUTION obj=NONE ts=2024-11-29 16:00:00
2026-09-30 22:02:43 [INFO] CRT.ParentFeed | parent_crt H4 MANIPULATION_C2 -> RANGE_C1 bias=NONE htf=REVERSAL obj=NONE ts=2024-11-29 20:00:00
2026-09-30 22:02:43 [INFO] CRT.GapDetector | GAP RESET | Session gap detected: 3090min > 120min (2024-12-02 01:00 → 2024-12-02 01:00)
2026-09-30 22:02:43 [INFO] CRT.ParentFeed | parent_crt H4 RANGE_C1 -> MANIPULATION_C2 bias=NONE htf=ACCUMULATION obj=NONE ts=2024-12-02 04:00:00
2026-09-30 22:02:43 [INFO] CRT.ParentFeed | parent_crt H4 MANIPULATION_C2 -> DISTRIBUTION_C3 bias=LONG htf=ACCUMULATION obj=EXISTS ts=2024-12-02 08:00:00
2026-09-30 22:02:43 [INFO] CRT.ParentFeed | parent_crt H4 DISTRIBUTION_C3 -> RANGE_C1 bias=NONE htf=EXPANSION obj=NONE ts=2024-12-02 12:00:00
2026-09-30 22:02:43 [INFO] CRT.ParentFeed | parent_crt H4 RANGE_C1 -> MANIPULATION_C2 bias=NONE htf=ACCUMULATION obj=NONE ts=2024-12-02 16:00:00
2026-09-30 22:02:43 [INFO] CRT.ParentFeed | parent_crt H4 MANIPULATION_C2 -> DISTRIBUTION_C3 bias=SHORT htf=ACCUMULATION obj=EXISTS ts=2024-12-02 20:00:00
2026-09-30 22:02:43 [INFO] CRT.ParentFeed | parent_crt H4 DISTRIBUTION_C3 -> RANGE_C1 bias=NONE htf=DISTRIBUTION obj=NONE ts=2024-12-03 00:00:00
2026-09-30 22:02:44 [INFO] CRT.ParentFeed | parent_crt H4 RANGE_C1 -> MANIPULATION_C2 bias=NONE htf=EXPANSION obj=NONE ts=2024-12-03 12:00:00
2026-09-30 22:02:44 [INFO] CRT.ParentFeed | parent_crt H4 MANIPULATION_C2 -> RANGE_C1 bias=NONE htf=DISTRIBUTION obj=NONE ts=2024-12-03 16:00:00
2026-09-30 22:02:44 [INFO] CRT.ParentFeed | parent_crt H4 RANGE_C1 -> MANIPULATION_C2 bias=NONE htf=ACCUMULATION obj=NONE ts=2024-12-04 00:00:00
2026-09-30 22:02:44 [INFO] CRT.ParentFeed | parent_crt H4 MANIPULATION_C2 -> DISTRIBUTION_C3 bias=LONG htf=REVERSAL obj=ACHIEVED ts=2024-12-04 04:00:00
2026-09-30 22:02:44 [INFO] CRT.ParentFeed | parent_crt H4 DISTRIBUTION_C3 -> RANGE_C1 bias=NONE htf=REVERSAL obj=NONE ts=2024-12-04 08:00:00
2026-09-30 22:02:44 [INFO] CRT.ParentFeed | parent_crt H4 RANGE_C1 -> MANIPULATION_C2 bias=NONE htf=DISTRIBUTION obj=NONE ts=2024-12-04 12:00:00
2026-09-30 22:02:44 [INFO] CRT.ParentFeed | parent_crt H4 MANIPULATION_C2 -> DISTRIBUTION_C3 bias=LONG htf=EXPANSION obj=ACHIEVED ts=2024-12-04 16:00:00
2026-09-30 22:02:44 [INFO] CRT.ParentFeed | parent_crt H4 DISTRIBUTION_C3 -> RANGE_C1 bias=NONE htf=ACCUMULATION obj=NONE ts=2024-12-04 20:00:00
2026-09-30 22:02:44 [INFO] CRT.ParentFeed | parent_crt H4 RANGE_C1 -> MANIPULATION_C2 bias=NONE htf=ACCUMULATION obj=NONE ts=2024-12-05 00:00:00
2026-09-30 22:02:45 [INFO] CRT.ParentFeed | parent_crt H4 MANIPULATION_C2 -> DISTRIBUTION_C3 bias=LONG htf=REVERSAL obj=EXISTS ts=2024-12-05 04:00:00
2026-09-30 22:02:45 [INFO] CRT.ParentFeed | parent_crt H4 DISTRIBUTION_C3 -> RANGE_C1 bias=NONE htf=DISTRIBUTION obj=NONE ts=2024-12-05 08:00:00
2026-09-30 22:02:45 [INFO] CRT.ParentFeed | parent_crt H4 RANGE_C1 -> MANIPULATION_C2 bias=NONE htf=ACCUMULATION obj=NONE ts=2024-12-05 12:00:00
2026-09-30 22:02:45 [INFO] CRT.ParentFeed | parent_crt H4 MANIPULATION_C2 -> DISTRIBUTION_C3 bias=SHORT htf=REVERSAL obj=ACHIEVED ts=2024-12-05 16:00:00
2026-09-30 22:02:45 [INFO] CRT.ParentFeed | parent_crt H4 DISTRIBUTION_C3 -> RANGE_C1 bias=NONE htf=ACCUMULATION obj=NONE ts=2024-12-05 20:00:00
2026-09-30 22:02:45 [INFO] CRT.ParentFeed | parent_crt H4 RANGE_C1 -> MANIPULATION_C2 bias=NONE htf=REVERSAL obj=NONE ts=2024-12-06 00:00:00
2026-09-30 22:02:45 [INFO] CRT.ParentFeed | parent_crt H4 MANIPULATION_C2 -> RANGE_C1 bias=NONE htf=REVERSAL obj=NONE ts=2024-12-06 04:00:00
2026-09-30 22:02:45 [INFO] CRT.ParentFeed | parent_crt H4 RANGE_C1 -> MANIPULATION_C2 bias=NONE htf=ACCUMULATION obj=NONE ts=2024-12-06 08:00:00
2026-09-30 22:02:45 [INFO] CRT.ParentFeed | parent_crt H4 MANIPULATION_C2 -> DISTRIBUTION_C3 bias=SHORT htf=REVERSAL obj=EXISTS ts=2024-12-06 12:00:00
2026-09-30 22:02:46 [INFO] CRT.ParentFeed | parent_crt H4 DISTRIBUTION_C3 -> RANGE_C1 bias=NONE htf=DISTRIBUTION obj=NONE ts=2024-12-06 16:00:00
2026-09-30 22:02:46 [INFO] CRT.GapDetector | GAP RESET | Session gap detected: 2955min > 120min (2024-12-09 01:00 → 2024-12-09 01:00)
2026-09-30 22:02:46 [INFO] CRT.ParentFeed | parent_crt H4 RANGE_C1 -> MANIPULATION_C2 bias=NONE htf=REVERSAL obj=NONE ts=2024-12-09 00:00:00
2026-09-30 22:02:46 [INFO] CRT.ParentFeed | parent_crt H4 MANIPULATION_C2 -> RANGE_C1 bias=NONE htf=ACCUMULATION obj=NONE ts=2024-12-09 04:00:00
2026-09-30 22:02:46 [INFO] CRT.ParentFeed | parent_crt H4 RANGE_C1 -> MANIPULATION_C2 bias=NONE htf=DISTRIBUTION obj=NONE ts=2024-12-09 16:00:00
2026-09-30 22:02:46 [INFO] CRT.ParentFeed | parent_crt H4 MANIPULATION_C2 -> DISTRIBUTION_C3 bias=SHORT htf=EXPANSION obj=EXISTS ts=2024-12-09 20:00:00
2026-09-30 22:02:46 [INFO] CRT.ParentFeed | parent_crt H4 DISTRIBUTION_C3 -> RANGE_C1 bias=NONE htf=REVERSAL obj=NONE ts=2024-12-10 00:00:00
2026-09-30 22:02:46 [INFO] CRT.ParentFeed | parent_crt H4 RANGE_C1 -> MANIPULATION_C2 bias=NONE htf=REVERSAL obj=NONE ts=2024-12-11 04:00:00
2026-09-30 22:02:46 [INFO] CRT.ParentFeed | parent_crt H4 MANIPULATION_C2 -> RANGE_C1 bias=NONE htf=ACCUMULATION obj=NONE ts=2024-12-11 08:00:00
2026-09-30 22:02:47 [INFO] CRT.ParentFeed | parent_crt H4 RANGE_C1 -> MANIPULATION_C2 bias=NONE htf=ACCUMULATION obj=NONE ts=2024-12-11 20:00:00
2026-09-30 22:02:47 [INFO] CRT.ParentFeed | parent_crt H4 MANIPULATION_C2 -> DISTRIBUTION_C3 bias=SHORT htf=EXPANSION obj=EXISTS ts=2024-12-12 00:00:00
2026-09-30 22:02:47 [INFO] CRT.ParentFeed | parent_crt H4 DISTRIBUTION_C3 -> RANGE_C1 bias=NONE htf=ACCUMULATION obj=NONE ts=2024-12-12 04:00:00
2026-09-30 22:02:47 [INFO] CRT.ParentFeed | parent_crt H4 RANGE_C1 -> MANIPULATION_C2 bias=NONE htf=ACCUMULATION obj=NONE ts=2024-12-12 08:00:00
2026-09-30 22:02:47 [INFO] CRT.ParentFeed | parent_crt H4 MANIPULATION_C2 -> DISTRIBUTION_C3 bias=SHORT htf=REVERSAL obj=ACHIEVED ts=2024-12-12 12:00:00
2026-09-30 22:02:47 [INFO] CRT.ParentFeed | parent_crt H4 DISTRIBUTION_C3 -> RANGE_C1 bias=NONE htf=EXPANSION obj=NONE ts=2024-12-12 16:00:00
2026-09-30 22:02:47 [INFO] CRT.ParentFeed | parent_crt H4 RANGE_C1 -> MANIPULATION_C2 bias=NONE htf=REVERSAL obj=NONE ts=2024-12-13 00:00:00
2026-09-30 22:02:47 [INFO] CRT.ParentFeed | parent_crt H4 MANIPULATION_C2 -> RANGE_C1 bias=NONE htf=ACCUMULATION obj=NONE ts=2024-12-13 04:00:00
2026-09-30 22:02:48 [INFO] CRT.GapDetector | GAP RESET | Session gap detected: 2955min > 120min (2024-12-16 01:00 → 2024-12-16 01:00)
2026-09-30 22:02:48 [INFO] CRT.ParentFeed | parent_crt H4 RANGE_C1 -> MANIPULATION_C2 bias=NONE htf=DISTRIBUTION obj=NONE ts=2024-12-16 00:00:00
2026-09-30 22:02:48 [INFO] CRT.ParentFeed | parent_crt H4 MANIPULATION_C2 -> RANGE_C1 bias=NONE htf=ACCUMULATION obj=NONE ts=2024-12-16 04:00:00
2026-09-30 22:02:48 [INFO] CRT.ParentFeed | parent_crt H4 RANGE_C1 -> MANIPULATION_C2 bias=NONE htf=ACCUMULATION obj=NONE ts=2024-12-16 12:00:00
2026-09-30 22:02:48 [INFO] CRT.ParentFeed | parent_crt H4 MANIPULATION_C2 -> DISTRIBUTION_C3 bias=SHORT htf=REVERSAL obj=EXISTS ts=2024-12-16 16:00:00
2026-09-30 22:02:48 [INFO] CRT.ParentFeed | parent_crt H4 DISTRIBUTION_C3 -> RANGE_C1 bias=NONE htf=ACCUMULATION obj=NONE ts=2024-12-16 20:00:00
2026-09-30 22:02:48 [INFO] CRT.ParentFeed | parent_crt H4 RANGE_C1 -> MANIPULATION_C2 bias=NONE htf=EXPANSION obj=NONE ts=2024-12-17 00:00:00
2026-09-30 22:02:48 [INFO] CRT.ParentFeed | parent_crt H4 MANIPULATION_C2 -> RANGE_C1 bias=NONE htf=DISTRIBUTION obj=NONE ts=2024-12-17 04:00:00
2026-09-30 22:02:49 [INFO] CRT.ParentFeed | parent_crt H4 RANGE_C1 -> MANIPULATION_C2 bias=NONE htf=DISTRIBUTION obj=NONE ts=2024-12-17 16:00:00
2026-09-30 22:02:49 [INFO] CRT.ParentFeed | parent_crt H4 MANIPULATION_C2 -> RANGE_C1 bias=NONE htf=ACCUMULATION obj=NONE ts=2024-12-17 20:00:00
2026-09-30 22:02:49 [INFO] CRT.ParentFeed | parent_crt H4 RANGE_C1 -> MANIPULATION_C2 bias=NONE htf=DISTRIBUTION obj=NONE ts=2024-12-18 04:00:00
2026-09-30 22:02:49 [INFO] CRT.ParentFeed | parent_crt H4 MANIPULATION_C2 -> RANGE_C1 bias=NONE htf=ACCUMULATION obj=NONE ts=2024-12-18 08:00:00
2026-09-30 22:02:49 [INFO] CRT.ParentFeed | parent_crt H4 RANGE_C1 -> MANIPULATION_C2 bias=NONE htf=DISTRIBUTION obj=NONE ts=2024-12-18 12:00:00
2026-09-30 22:02:49 [INFO] CRT.ParentFeed | parent_crt H4 MANIPULATION_C2 -> RANGE_C1 bias=NONE htf=EXPANSION obj=NONE ts=2024-12-18 16:00:00
2026-09-30 22:02:49 [INFO] CRT.ParentFeed | parent_crt H4 RANGE_C1 -> MANIPULATION_C2 bias=NONE htf=ACCUMULATION obj=NONE ts=2024-12-19 00:00:00
2026-09-30 22:02:49 [INFO] CRT.ParentFeed | parent_crt H4 MANIPULATION_C2 -> RANGE_C1 bias=NONE htf=ACCUMULATION obj=NONE ts=2024-12-19 04:00:00
2026-09-30 22:02:50 [INFO] CRT.ParentFeed | parent_crt H4 RANGE_C1 -> MANIPULATION_C2 bias=NONE htf=REVERSAL obj=NONE ts=2024-12-19 08:00:00
2026-09-30 22:02:50 [INFO] CRT.ParentFeed | parent_crt H4 MANIPULATION_C2 -> RANGE_C1 bias=NONE htf=REVERSAL obj=NONE ts=2024-12-19 12:00:00
2026-09-30 22:02:50 [INFO] CRT.ParentFeed | parent_crt H4 RANGE_C1 -> MANIPULATION_C2 bias=NONE htf=ACCUMULATION obj=NONE ts=2024-12-19 20:00:00
2026-09-30 22:02:50 [INFO] CRT.ParentFeed | parent_crt H4 MANIPULATION_C2 -> RANGE_C1 bias=NONE htf=EXPANSION obj=NONE ts=2024-12-20 00:00:00
2026-09-30 22:02:50 [INFO] CRT.ParentFeed | parent_crt H4 RANGE_C1 -> MANIPULATION_C2 bias=NONE htf=ACCUMULATION obj=NONE ts=2024-12-20 04:00:00
2026-09-30 22:02:50 [INFO] CRT.ParentFeed | parent_crt H4 MANIPULATION_C2 -> RANGE_C1 bias=NONE htf=REVERSAL obj=NONE ts=2024-12-20 08:00:00
2026-09-30 22:02:50 [INFO] CRT.GapDetector | GAP RESET | Session gap detected: 2955min > 120min (2024-12-23 01:00 → 2024-12-23 01:00)
2026-09-30 22:02:50 [INFO] CRT.ParentFeed | parent_crt H4 RANGE_C1 -> MANIPULATION_C2 bias=NONE htf=ACCUMULATION obj=NONE ts=2024-12-23 00:00:00
2026-09-30 22:02:50 [INFO] CRT.ParentFeed | parent_crt H4 MANIPULATION_C2 -> DISTRIBUTION_C3 bias=LONG htf=REVERSAL obj=EXISTS ts=2024-12-23 04:00:00
2026-09-30 22:02:51 [INFO] CRT.ParentFeed | parent_crt H4 DISTRIBUTION_C3 -> RANGE_C1 bias=NONE htf=DISTRIBUTION obj=NONE ts=2024-12-23 08:00:00
2026-09-30 22:02:51 [INFO] CRT.ParentFeed | parent_crt H4 RANGE_C1 -> MANIPULATION_C2 bias=NONE htf=REVERSAL obj=NONE ts=2024-12-24 08:00:00
2026-09-30 22:02:51 [INFO] CRT.ParentFeed | parent_crt H4 MANIPULATION_C2 -> RANGE_C1 bias=NONE htf=ACCUMULATION obj=NONE ts=2024-12-24 12:00:00
2026-09-30 22:02:51 [INFO] CRT.ParentFeed | parent_crt H4 RANGE_C1 -> MANIPULATION_C2 bias=NONE htf=DISTRIBUTION obj=NONE ts=2024-12-24 16:00:00
2026-09-30 22:02:51 [INFO] CRT.ParentFeed | parent_crt H4 MANIPULATION_C2 -> RANGE_C1 bias=NONE htf=ACCUMULATION obj=NONE ts=2024-12-24 20:00:00
2026-09-30 22:02:51 [INFO] CRT.GapDetector | GAP RESET | Session gap detected: 1710min > 120min (2024-12-26 01:00 → 2024-12-26 01:00)
2026-09-30 22:02:51 [INFO] CRT.ParentFeed | parent_crt H4 RANGE_C1 -> MANIPULATION_C2 bias=NONE htf=EXPANSION obj=NONE ts=2024-12-26 00:00:00
2026-09-30 22:02:51 [INFO] CRT.ParentFeed | parent_crt H4 MANIPULATION_C2 -> RANGE_C1 bias=NONE htf=ACCUMULATION obj=NONE ts=2024-12-26 04:00:00
2026-09-30 22:02:51 [INFO] CRT.ParentFeed | parent_crt H4 RANGE_C1 -> MANIPULATION_C2 bias=NONE htf=DISTRIBUTION obj=NONE ts=2024-12-26 08:00:00
2026-09-30 22:02:52 [INFO] CRT.ParentFeed | parent_crt H4 MANIPULATION_C2 -> DISTRIBUTION_C3 bias=SHORT htf=REVERSAL obj=ACHIEVED ts=2024-12-26 12:00:00
2026-09-30 22:02:52 [INFO] CRT.ParentFeed | parent_crt H4 DISTRIBUTION_C3 -> RANGE_C1 bias=NONE htf=DISTRIBUTION obj=NONE ts=2024-12-26 16:00:00
2026-09-30 22:02:52 [INFO] CRT.ParentFeed | parent_crt H4 RANGE_C1 -> MANIPULATION_C2 bias=NONE htf=ACCUMULATION obj=NONE ts=2024-12-27 04:00:00
2026-09-30 22:02:52 [INFO] CRT.ParentFeed | parent_crt H4 MANIPULATION_C2 -> RANGE_C1 bias=NONE htf=EXPANSION obj=NONE ts=2024-12-27 08:00:00
2026-09-30 22:02:52 [INFO] CRT.GapDetector | GAP RESET | Session gap detected: 2955min > 120min (2024-12-30 01:00 → 2024-12-30 01:00)
2026-09-30 22:02:52 [INFO] CRT.ParentFeed | parent_crt H4 RANGE_C1 -> MANIPULATION_C2 bias=NONE htf=ACCUMULATION obj=NONE ts=2024-12-30 04:00:00
2026-09-30 22:02:52 [INFO] CRT.ParentFeed | parent_crt H4 MANIPULATION_C2 -> DISTRIBUTION_C3 bias=SHORT htf=EXPANSION obj=ACHIEVED ts=2024-12-30 08:00:00
2026-09-30 22:02:52 [INFO] CRT.ParentFeed | parent_crt H4 DISTRIBUTION_C3 -> RANGE_C1 bias=NONE htf=EXPANSION obj=NONE ts=2024-12-30 12:00:00
2026-09-30 22:02:52 [INFO] CRT.ParentFeed | parent_crt H4 RANGE_C1 -> MANIPULATION_C2 bias=NONE htf=DISTRIBUTION obj=NONE ts=2024-12-31 00:00:00
2026-09-30 22:02:52 [INFO] CRT.ParentFeed | parent_crt H4 MANIPULATION_C2 -> DISTRIBUTION_C3 bias=SHORT htf=ACCUMULATION obj=EXISTS ts=2024-12-31 04:00:00
2026-09-30 22:02:53 [INFO] CRT.ParentFeed | parent_crt H4 DISTRIBUTION_C3 -> RANGE_C1 bias=NONE htf=REVERSAL obj=NONE ts=2024-12-31 08:00:00
2026-09-30 22:02:53 [INFO] CRT.GapDetector | GAP RESET | Session gap detected: 1515min > 120min (2025-01-02 01:00 → 2025-01-02 01:00)
2026-09-30 22:02:53 [INFO] CRT.ParentFeed | parent_crt H4 RANGE_C1 -> MANIPULATION_C2 bias=NONE htf=EXPANSION obj=NONE ts=2025-01-02 00:00:00
2026-09-30 22:02:53 [INFO] CRT.ParentFeed | parent_crt H4 MANIPULATION_C2 -> DISTRIBUTION_C3 bias=LONG htf=ACCUMULATION obj=ACHIEVED ts=2025-01-02 04:00:00
2026-09-30 22:02:53 [INFO] CRT.ParentFeed | parent_crt H4 DISTRIBUTION_C3 -> RANGE_C1 bias=NONE htf=DISTRIBUTION obj=NONE ts=2025-01-02 08:00:00
2026-09-30 22:02:53 [INFO] CRT.ParentFeed | parent_crt H4 RANGE_C1 -> MANIPULATION_C2 bias=NONE htf=ACCUMULATION obj=NONE ts=2025-01-03 00:00:00
2026-09-30 22:02:53 [INFO] CRT.ParentFeed | parent_crt H4 MANIPULATION_C2 -> DISTRIBUTION_C3 bias=SHORT htf=DISTRIBUTION obj=EXISTS ts=2025-01-03 04:00:00
2026-09-30 22:02:54 [INFO] CRT.ParentFeed | parent_crt H4 DISTRIBUTION_C3 -> RANGE_C1 bias=NONE htf=EXPANSION obj=NONE ts=2025-01-03 08:00:00
2026-09-30 22:02:54 [INFO] CRT.ParentFeed | parent_crt H4 RANGE_C1 -> MANIPULATION_C2 bias=NONE htf=DISTRIBUTION obj=NONE ts=2025-01-03 12:00:00
2026-09-30 22:02:54 [INFO] CRT.ParentFeed | parent_crt H4 MANIPULATION_C2 -> RANGE_C1 bias=NONE htf=EXPANSION obj=NONE ts=2025-01-03 16:00:00
2026-09-30 22:02:54 [INFO] CRT.ParentFeed | parent_crt H4 RANGE_C1 -> MANIPULATION_C2 bias=NONE htf=ACCUMULATION obj=NONE ts=2025-01-03 20:00:00
2026-09-30 22:02:54 [INFO] CRT.GapDetector | GAP RESET | Session gap detected: 2955min > 120min (2025-01-06 01:00 → 2025-01-06 01:00)
2026-09-30 22:02:54 [INFO] CRT.ParentFeed | parent_crt H4 MANIPULATION_C2 -> RANGE_C1 bias=NONE htf=DISTRIBUTION obj=NONE ts=2025-01-06 00:00:00
2026-09-30 22:02:54 [INFO] CRT.ParentFeed | parent_crt H4 RANGE_C1 -> MANIPULATION_C2 bias=NONE htf=ACCUMULATION obj=NONE ts=2025-01-06 08:00:00
2026-09-30 22:02:54 [INFO] CRT.ParentFeed | parent_crt H4 MANIPULATION_C2 -> RANGE_C1 bias=NONE htf=EXPANSION obj=NONE ts=2025-01-06 12:00:00
2026-09-30 22:02:54 [INFO] CRT.ParentFeed | parent_crt H4 RANGE_C1 -> MANIPULATION_C2 bias=NONE htf=ACCUMULATION obj=NONE ts=2025-01-06 16:00:00
2026-09-30 22:02:54 [INFO] CRT.ParentFeed | parent_crt H4 MANIPULATION_C2 -> RANGE_C1 bias=NONE htf=ACCUMULATION obj=NONE ts=2025-01-06 20:00:00
2026-09-30 22:02:54 [INFO] CRT.ParentFeed | parent_crt H4 RANGE_C1 -> MANIPULATION_C2 bias=NONE htf=REVERSAL obj=NONE ts=2025-01-07 00:00:00
2026-09-30 22:02:54 [INFO] CRT.ParentFeed | parent_crt H4 MANIPULATION_C2 -> DISTRIBUTION_C3 bias=LONG htf=EXPANSION obj=ACHIEVED ts=2025-01-07 04:00:00
2026-09-30 22:02:54 [INFO] CRT.ParentFeed | parent_crt H4 DISTRIBUTION_C3 -> RANGE_C1 bias=NONE htf=ACCUMULATION obj=NONE ts=2025-01-07 08:00:00
2026-09-30 22:02:55 [INFO] CRT.ParentFeed | parent_crt H4 RANGE_C1 -> MANIPULATION_C2 bias=NONE htf=DISTRIBUTION obj=NONE ts=2025-01-08 04:00:00
2026-09-30 22:02:55 [INFO] CRT.ParentFeed | parent_crt H4 MANIPULATION_C2 -> DISTRIBUTION_C3 bias=LONG htf=EXPANSION obj=ACHIEVED ts=2025-01-08 08:00:00
2026-09-30 22:02:55 [INFO] CRT.ParentFeed | parent_crt H4 DISTRIBUTION_C3 -> RANGE_C1 bias=NONE htf=EXPANSION obj=NONE ts=2025-01-08 12:00:00
22:02:55 [BT]   15,000/47,275 (32%) | trades=2 cap=97,940 dd=2.1%
2026-09-30 22:02:55 [INFO] CRT.Backtest |   15,000/47,275 (32%) | trades=2 cap=97,940 dd=2.1%
2026-09-30 22:02:55 [INFO] CRT.ParentFeed | parent_crt H4 RANGE_C1 -> MANIPULATION_C2 bias=NONE htf=DISTRIBUTION obj=NONE ts=2025-01-08 16:00:00
2026-09-30 22:02:55 [INFO] CRT.ParentFeed | parent_crt H4 MANIPULATION_C2 -> RANGE_C1 bias=NONE htf=ACCUMULATION obj=NONE ts=2025-01-08 20:00:00
2026-09-30 22:02:55 [INFO] CRT.ParentFeed | parent_crt H4 RANGE_C1 -> MANIPULATION_C2 bias=NONE htf=DISTRIBUTION obj=NONE ts=2025-01-09 04:00:00
2026-09-30 22:02:55 [INFO] CRT.ParentFeed | parent_crt H4 MANIPULATION_C2 -> DISTRIBUTION_C3 bias=LONG htf=REVERSAL obj=ACHIEVED ts=2025-01-09 08:00:00
2026-09-30 22:02:55 [INFO] CRT.ParentFeed | parent_crt H4 DISTRIBUTION_C3 -> RANGE_C1 bias=NONE htf=EXPANSION obj=NONE ts=2025-01-09 12:00:00
2026-09-30 22:02:55 [INFO] CRT.ParentFeed | parent_crt H4 RANGE_C1 -> MANIPULATION_C2 bias=NONE htf=ACCUMULATION obj=NONE ts=2025-01-09 16:00:00
2026-09-30 22:02:55 [INFO] CRT.ParentFeed | parent_crt H4 MANIPULATION_C2 -> DISTRIBUTION_C3 bias=LONG htf=ACCUMULATION obj=EXISTS ts=2025-01-09 20:00:00
2026-09-30 22:02:55 [INFO] CRT.ParentFeed | parent_crt H4 DISTRIBUTION_C3 -> RANGE_C1 bias=NONE htf=ACCUMULATION obj=NONE ts=2025-01-10 00:00:00
2026-09-30 22:02:56 [INFO] CRT.ParentFeed | parent_crt H4 RANGE_C1 -> MANIPULATION_C2 bias=NONE htf=EXPANSION obj=NONE ts=2025-01-10 12:00:00
2026-09-30 22:02:56 [INFO] CRT.ParentFeed | parent_crt H4 MANIPULATION_C2 -> DISTRIBUTION_C3 bias=LONG htf=EXPANSION obj=ACHIEVED ts=2025-01-10 16:00:00
2026-09-30 22:02:56 [INFO] CRT.ParentFeed | parent_crt H4 DISTRIBUTION_C3 -> RANGE_C1 bias=NONE htf=ACCUMULATION obj=NONE ts=2025-01-10 20:00:00
2026-09-30 22:02:56 [INFO] CRT.GapDetector | GAP RESET | Session gap detected: 2955min > 120min (2025-01-13 01:00 → 2025-01-13 01:00)
2026-09-30 22:02:56 [INFO] CRT.ParentFeed | parent_crt H4 RANGE_C1 -> MANIPULATION_C2 bias=NONE htf=DISTRIBUTION obj=NONE ts=2025-01-13 00:00:00
2026-09-30 22:02:56 [INFO] CRT.ParentFeed | parent_crt H4 MANIPULATION_C2 -> DISTRIBUTION_C3 bias=LONG htf=ACCUMULATION obj=EXISTS ts=2025-01-13 04:00:00
2026-09-30 22:02:56 [INFO] CRT.ParentFeed | parent_crt H4 DISTRIBUTION_C3 -> RANGE_C1 bias=NONE htf=DISTRIBUTION obj=NONE ts=2025-01-13 08:00:00
2026-09-30 22:02:56 [INFO] CRT.ParentFeed | parent_crt H4 RANGE_C1 -> MANIPULATION_C2 bias=NONE htf=ACCUMULATION obj=NONE ts=2025-01-13 20:00:00
2026-09-30 22:02:56 [INFO] CRT.ParentFeed | parent_crt H4 MANIPULATION_C2 -> DISTRIBUTION_C3 bias=LONG htf=EXPANSION obj=EXISTS ts=2025-01-14 00:00:00
2026-09-30 22:02:56 [INFO] CRT.ParentFeed | parent_crt H4 DISTRIBUTION_C3 -> RANGE_C1 bias=NONE htf=ACCUMULATION obj=NONE ts=2025-01-14 04:00:00
2026-09-30 22:02:56 [INFO] CRT.ParentFeed | parent_crt H4 RANGE_C1 -> MANIPULATION_C2 bias=NONE htf=DISTRIBUTION obj=NONE ts=2025-01-14 16:00:00
2026-09-30 22:02:56 [INFO] CRT.ParentFeed | parent_crt H4 MANIPULATION_C2 -> DISTRIBUTION_C3 bias=LONG htf=EXPANSION obj=ACHIEVED ts=2025-01-14 20:00:00
2026-09-30 22:02:56 [INFO] CRT.ParentFeed | parent_crt H4 DISTRIBUTION_C3 -> RANGE_C1 bias=NONE htf=ACCUMULATION obj=NONE ts=2025-01-15 00:00:00
2026-09-30 22:02:57 [INFO] CRT.ParentFeed | parent_crt H4 RANGE_C1 -> MANIPULATION_C2 bias=NONE htf=REVERSAL obj=NONE ts=2025-01-15 04:00:00
2026-09-30 22:02:57 [INFO] CRT.ParentFeed | parent_crt H4 MANIPULATION_C2 -> DISTRIBUTION_C3 bias=LONG htf=EXPANSION obj=ACHIEVED ts=2025-01-15 08:00:00
2026-09-30 22:02:57 [INFO] CRT.ParentFeed | parent_crt H4 DISTRIBUTION_C3 -> RANGE_C1 bias=NONE htf=EXPANSION obj=NONE ts=2025-01-15 12:00:00
2026-09-30 22:02:57 [INFO] CRT.ParentFeed | parent_crt H4 RANGE_C1 -> MANIPULATION_C2 bias=NONE htf=DISTRIBUTION obj=NONE ts=2025-01-15 16:00:00
2026-09-30 22:02:57 [INFO] CRT.ParentFeed | parent_crt H4 MANIPULATION_C2 -> RANGE_C1 bias=NONE htf=REVERSAL obj=NONE ts=2025-01-15 20:00:00
2026-09-30 22:02:57 [INFO] CRT.ParentFeed | parent_crt H4 RANGE_C1 -> MANIPULATION_C2 bias=NONE htf=DISTRIBUTION obj=NONE ts=2025-01-16 00:00:00
2026-09-30 22:02:57 [INFO] CRT.ParentFeed | parent_crt H4 MANIPULATION_C2 -> DISTRIBUTION_C3 bias=SHORT htf=ACCUMULATION obj=EXISTS ts=2025-01-16 04:00:00
2026-09-30 22:02:57 [INFO] CRT.ParentFeed | parent_crt H4 DISTRIBUTION_C3 -> RANGE_C1 bias=NONE htf=REVERSAL obj=NONE ts=2025-01-16 08:00:00
2026-09-30 22:02:57 [INFO] CRT.ParentFeed | parent_crt H4 RANGE_C1 -> MANIPULATION_C2 bias=NONE htf=ACCUMULATION obj=NONE ts=2025-01-16 20:00:00
2026-09-30 22:02:57 [INFO] CRT.ParentFeed | parent_crt H4 MANIPULATION_C2 -> DISTRIBUTION_C3 bias=LONG htf=ACCUMULATION obj=EXISTS ts=2025-01-17 00:00:00
2026-09-30 22:02:57 [INFO] CRT.ParentFeed | parent_crt H4 DISTRIBUTION_C3 -> RANGE_C1 bias=NONE htf=DISTRIBUTION obj=NONE ts=2025-01-17 04:00:00
2026-09-30 22:02:57 [INFO] CRT.ParentFeed | parent_crt H4 RANGE_C1 -> MANIPULATION_C2 bias=NONE htf=ACCUMULATION obj=NONE ts=2025-01-17 12:00:00
2026-09-30 22:02:58 [INFO] CRT.ParentFeed | parent_crt H4 MANIPULATION_C2 -> DISTRIBUTION_C3 bias=LONG htf=REVERSAL obj=EXISTS ts=2025-01-17 16:00:00
2026-09-30 22:02:58 [INFO] CRT.ParentFeed | parent_crt H4 DISTRIBUTION_C3 -> RANGE_C1 bias=NONE htf=ACCUMULATION obj=NONE ts=2025-01-17 20:00:00
2026-09-30 22:02:58 [INFO] CRT.GapDetector | GAP RESET | Session gap detected: 2955min > 120min (2025-01-20 01:00 → 2025-01-20 01:00)
2026-09-30 22:02:58 [INFO] CRT.ParentFeed | parent_crt H4 RANGE_C1 -> MANIPULATION_C2 bias=NONE htf=ACCUMULATION obj=NONE ts=2025-01-20 08:00:00
2026-09-30 22:02:58 [INFO] CRT.ParentFeed | parent_crt H4 MANIPULATION_C2 -> DISTRIBUTION_C3 bias=SHORT htf=DISTRIBUTION obj=EXISTS ts=2025-01-20 12:00:00
2026-09-30 22:02:58 [INFO] CRT.ParentFeed | parent_crt H4 DISTRIBUTION_C3 -> RANGE_C1 bias=NONE htf=ACCUMULATION obj=NONE ts=2025-01-20 16:00:00
2026-09-30 22:02:58 [INFO] CRT.GapDetector | GAP RESET | Session gap detected: 225min > 120min (2025-01-21 01:00 → 2025-01-21 01:00)
2026-09-30 22:02:58 [INFO] CRT.ParentFeed | parent_crt H4 RANGE_C1 -> MANIPULATION_C2 bias=NONE htf=REVERSAL obj=NONE ts=2025-01-21 00:00:00
2026-09-30 22:02:58 [INFO] CRT.ParentFeed | parent_crt H4 MANIPULATION_C2 -> DISTRIBUTION_C3 bias=LONG htf=EXPANSION obj=ACHIEVED ts=2025-01-21 04:00:00
2026-09-30 22:02:58 [INFO] CRT.ParentFeed | parent_crt H4 DISTRIBUTION_C3 -> RANGE_C1 bias=NONE htf=DISTRIBUTION obj=NONE ts=2025-01-21 08:00:00
2026-09-30 22:02:58 [INFO] CRT.ParentFeed | parent_crt H4 RANGE_C1 -> MANIPULATION_C2 bias=NONE htf=ACCUMULATION obj=NONE ts=2025-01-21 12:00:00
2026-09-30 22:02:58 [INFO] CRT.ParentFeed | parent_crt H4 MANIPULATION_C2 -> DISTRIBUTION_C3 bias=LONG htf=EXPANSION obj=ACHIEVED ts=2025-01-21 16:00:00
2026-09-30 22:02:58 [INFO] CRT.ParentFeed | parent_crt H4 DISTRIBUTION_C3 -> RANGE_C1 bias=NONE htf=ACCUMULATION obj=NONE ts=2025-01-21 20:00:00
2026-09-30 22:02:58 [INFO] CRT.ParentFeed | parent_crt H4 RANGE_C1 -> MANIPULATION_C2 bias=NONE htf=DISTRIBUTION obj=NONE ts=2025-01-22 08:00:00
2026-09-30 22:02:58 [INFO] CRT.ParentFeed | parent_crt H4 MANIPULATION_C2 -> DISTRIBUTION_C3 bias=SHORT htf=ACCUMULATION obj=EXISTS ts=2025-01-22 12:00:00
2026-09-30 22:02:59 [INFO] CRT.ParentFeed | parent_crt H4 DISTRIBUTION_C3 -> RANGE_C1 bias=NONE htf=ACCUMULATION obj=NONE ts=2025-01-22 16:00:00
2026-09-30 22:02:59 [INFO] CRT.ParentFeed | parent_crt H4 RANGE_C1 -> MANIPULATION_C2 bias=NONE htf=ACCUMULATION obj=NONE ts=2025-01-23 04:00:00
2026-09-30 22:02:59 [INFO] CRT.ParentFeed | parent_crt H4 MANIPULATION_C2 -> RANGE_C1 bias=NONE htf=EXPANSION obj=NONE ts=2025-01-23 08:00:00
2026-09-30 22:02:59 [INFO] CRT.ParentFeed | parent_crt H4 RANGE_C1 -> MANIPULATION_C2 bias=NONE htf=DISTRIBUTION obj=NONE ts=2025-01-23 12:00:00
2026-09-30 22:02:59 [INFO] CRT.ParentFeed | parent_crt H4 MANIPULATION_C2 -> DISTRIBUTION_C3 bias=LONG htf=REVERSAL obj=ACHIEVED ts=2025-01-23 16:00:00
2026-09-30 22:02:59 [INFO] CRT.ParentFeed | parent_crt H4 DISTRIBUTION_C3 -> RANGE_C1 bias=NONE htf=ACCUMULATION obj=NONE ts=2025-01-23 20:00:00
2026-09-30 22:02:59 [INFO] CRT.ParentFeed | parent_crt H4 RANGE_C1 -> MANIPULATION_C2 bias=NONE htf=ACCUMULATION obj=NONE ts=2025-01-24 08:00:00
2026-09-30 22:02:59 [INFO] CRT.ParentFeed | parent_crt H4 MANIPULATION_C2 -> RANGE_C1 bias=NONE htf=REVERSAL obj=NONE ts=2025-01-24 12:00:00
2026-09-30 22:02:59 [INFO] CRT.ParentFeed | parent_crt H4 RANGE_C1 -> MANIPULATION_C2 bias=NONE htf=DISTRIBUTION obj=NONE ts=2025-01-24 16:00:00
2026-09-30 22:03:00 [INFO] CRT.ParentFeed | parent_crt H4 MANIPULATION_C2 -> DISTRIBUTION_C3 bias=SHORT htf=ACCUMULATION obj=ACHIEVED ts=2025-01-24 20:00:00
2026-09-30 22:03:00 [INFO] CRT.GapDetector | GAP RESET | Session gap detected: 2955min > 120min (2025-01-27 01:00 → 2025-01-27 01:00)
2026-09-30 22:03:00 [INFO] CRT.ParentFeed | parent_crt H4 DISTRIBUTION_C3 -> RANGE_C1 bias=NONE htf=EXPANSION obj=NONE ts=2025-01-27 00:00:00
2026-09-30 22:03:00 [INFO] CRT.ParentFeed | parent_crt H4 RANGE_C1 -> MANIPULATION_C2 bias=NONE htf=DISTRIBUTION obj=NONE ts=2025-01-27 08:00:00
2026-09-30 22:03:00 [INFO] CRT.ParentFeed | parent_crt H4 MANIPULATION_C2 -> DISTRIBUTION_C3 bias=SHORT htf=DISTRIBUTION obj=EXISTS ts=2025-01-27 12:00:00
2026-09-30 22:03:00 [INFO] CRT.ParentFeed | parent_crt H4 DISTRIBUTION_C3 -> RANGE_C1 bias=NONE htf=EXPANSION obj=NONE ts=2025-01-27 16:00:00
2026-09-30 22:03:00 [INFO] CRT.ParentFeed | parent_crt H4 RANGE_C1 -> MANIPULATION_C2 bias=NONE htf=ACCUMULATION obj=NONE ts=2025-01-28 00:00:00
2026-09-30 22:03:00 [INFO] CRT.ParentFeed | parent_crt H4 MANIPULATION_C2 -> RANGE_C1 bias=NONE htf=DISTRIBUTION obj=NONE ts=2025-01-28 04:00:00
2026-09-30 22:03:00 [INFO] CRT.ParentFeed | parent_crt H4 RANGE_C1 -> MANIPULATION_C2 bias=NONE htf=DISTRIBUTION obj=NONE ts=2025-01-28 08:00:00
2026-09-30 22:03:00 [INFO] CRT.ParentFeed | parent_crt H4 MANIPULATION_C2 -> RANGE_C1 bias=NONE htf=EXPANSION obj=NONE ts=2025-01-28 12:00:00
2026-09-30 22:03:00 [INFO] CRT.ParentFeed | parent_crt H4 RANGE_C1 -> MANIPULATION_C2 bias=NONE htf=ACCUMULATION obj=NONE ts=2025-01-29 00:00:00
2026-09-30 22:03:01 [INFO] CRT.ParentFeed | parent_crt H4 MANIPULATION_C2 -> DISTRIBUTION_C3 bias=SHORT htf=REVERSAL obj=EXISTS ts=2025-01-29 04:00:00
2026-09-30 22:03:01 [INFO] CRT.ParentFeed | parent_crt H4 DISTRIBUTION_C3 -> RANGE_C1 bias=NONE htf=DISTRIBUTION obj=NONE ts=2025-01-29 08:00:00
2026-09-30 22:03:01 [INFO] CRT.ParentFeed | parent_crt H4 RANGE_C1 -> MANIPULATION_C2 bias=NONE htf=DISTRIBUTION obj=NONE ts=2025-01-29 12:00:00
2026-09-30 22:03:01 [INFO] CRT.ParentFeed | parent_crt H4 MANIPULATION_C2 -> RANGE_C1 bias=NONE htf=DISTRIBUTION obj=NONE ts=2025-01-29 16:00:00
2026-09-30 22:03:01 [INFO] CRT.ParentFeed | parent_crt H4 RANGE_C1 -> MANIPULATION_C2 bias=NONE htf=DISTRIBUTION obj=NONE ts=2025-01-29 20:00:00
2026-09-30 22:03:01 [INFO] CRT.ParentFeed | parent_crt H4 MANIPULATION_C2 -> DISTRIBUTION_C3 bias=LONG htf=EXPANSION obj=EXISTS ts=2025-01-30 00:00:00
2026-09-30 22:03:01 [INFO] CRT.ParentFeed | parent_crt H4 DISTRIBUTION_C3 -> RANGE_C1 bias=NONE htf=DISTRIBUTION obj=NONE ts=2025-01-30 04:00:00
2026-09-30 22:03:01 [INFO] CRT.ParentFeed | parent_crt H4 RANGE_C1 -> MANIPULATION_C2 bias=NONE htf=ACCUMULATION obj=NONE ts=2025-01-31 00:00:00
2026-09-30 22:03:01 [INFO] CRT.ParentFeed | parent_crt H4 MANIPULATION_C2 -> DISTRIBUTION_C3 bias=SHORT htf=ACCUMULATION obj=EXISTS ts=2025-01-31 04:00:00
2026-09-30 22:03:01 [INFO] CRT.ParentFeed | parent_crt H4 DISTRIBUTION_C3 -> RANGE_C1 bias=NONE htf=EXPANSION obj=NONE ts=2025-01-31 08:00:00
2026-09-30 22:03:02 [INFO] CRT.ParentFeed | parent_crt H4 RANGE_C1 -> MANIPULATION_C2 bias=NONE htf=REVERSAL obj=NONE ts=2025-01-31 12:00:00
2026-09-30 22:03:02 [INFO] CRT.ParentFeed | parent_crt H4 MANIPULATION_C2 -> DISTRIBUTION_C3 bias=LONG htf=EXPANSION obj=ACHIEVED ts=2025-01-31 16:00:00
2026-09-30 22:03:02 [INFO] CRT.ParentFeed | parent_crt H4 DISTRIBUTION_C3 -> RANGE_C1 bias=NONE htf=REVERSAL obj=NONE ts=2025-01-31 20:00:00
2026-09-30 22:03:02 [INFO] CRT.GapDetector | GAP RESET | Session gap detected: 2955min > 120min (2025-02-03 01:00 → 2025-02-03 01:00)
2026-09-30 22:03:02 [INFO] CRT.ParentFeed | parent_crt H4 RANGE_C1 -> MANIPULATION_C2 bias=NONE htf=ACCUMULATION obj=NONE ts=2025-02-03 04:00:00
2026-09-30 22:03:02 [INFO] CRT.ParentFeed | parent_crt H4 MANIPULATION_C2 -> DISTRIBUTION_C3 bias=LONG htf=EXPANSION obj=EXISTS ts=2025-02-03 08:00:00
2026-09-30 22:03:02 [INFO] CRT.ParentFeed | parent_crt H4 DISTRIBUTION_C3 -> RANGE_C1 bias=NONE htf=EXPANSION obj=NONE ts=2025-02-03 12:00:00
2026-09-30 22:03:02 [INFO] CRT.ParentFeed | parent_crt H4 RANGE_C1 -> MANIPULATION_C2 bias=NONE htf=ACCUMULATION obj=NONE ts=2025-02-04 04:00:00
2026-09-30 22:03:02 [INFO] CRT.ParentFeed | parent_crt H4 MANIPULATION_C2 -> RANGE_C1 bias=NONE htf=DISTRIBUTION obj=NONE ts=2025-02-04 08:00:00
2026-09-30 22:03:02 [INFO] CRT.ParentFeed | parent_crt H4 RANGE_C1 -> MANIPULATION_C2 bias=NONE htf=DISTRIBUTION obj=NONE ts=2025-02-05 00:00:00
2026-09-30 22:03:03 [INFO] CRT.ParentFeed | parent_crt H4 MANIPULATION_C2 -> RANGE_C1 bias=NONE htf=EXPANSION obj=NONE ts=2025-02-05 04:00:00
2026-09-30 22:03:03 [INFO] CRT.ParentFeed | parent_crt H4 RANGE_C1 -> MANIPULATION_C2 bias=NONE htf=DISTRIBUTION obj=NONE ts=2025-02-05 12:00:00
2026-09-30 22:03:03 [INFO] CRT.ParentFeed | parent_crt H4 MANIPULATION_C2 -> RANGE_C1 bias=NONE htf=DISTRIBUTION obj=NONE ts=2025-02-05 16:00:00
2026-09-30 22:03:03 [INFO] CRT.ParentFeed | parent_crt H4 RANGE_C1 -> MANIPULATION_C2 bias=NONE htf=ACCUMULATION obj=NONE ts=2025-02-05 20:00:00
2026-09-30 22:03:03 [INFO] CRT.ParentFeed | parent_crt H4 MANIPULATION_C2 -> DISTRIBUTION_C3 bias=LONG htf=ACCUMULATION obj=EXISTS ts=2025-02-06 00:00:00
2026-09-30 22:03:03 [INFO] CRT.ParentFeed | parent_crt H4 DISTRIBUTION_C3 -> RANGE_C1 bias=NONE htf=ACCUMULATION obj=NONE ts=2025-02-06 04:00:00
2026-09-30 22:03:03 [INFO] CRT.ParentFeed | parent_crt H4 RANGE_C1 -> MANIPULATION_C2 bias=NONE htf=ACCUMULATION obj=NONE ts=2025-02-07 04:00:00
2026-09-30 22:03:03 [INFO] CRT.ParentFeed | parent_crt H4 MANIPULATION_C2 -> RANGE_C1 bias=NONE htf=DISTRIBUTION obj=NONE ts=2025-02-07 08:00:00
2026-09-30 22:03:04 [INFO] CRT.ParentFeed | parent_crt H4 RANGE_C1 -> MANIPULATION_C2 bias=NONE htf=DISTRIBUTION obj=NONE ts=2025-02-07 12:00:00
2026-09-30 22:03:04 [INFO] CRT.ParentFeed | parent_crt H4 MANIPULATION_C2 -> DISTRIBUTION_C3 bias=SHORT htf=DISTRIBUTION obj=EXISTS ts=2025-02-07 16:00:00
2026-09-30 22:03:04 [INFO] CRT.ParentFeed | parent_crt H4 DISTRIBUTION_C3 -> RANGE_C1 bias=NONE htf=ACCUMULATION obj=NONE ts=2025-02-07 20:00:00
2026-09-30 22:03:04 [INFO] CRT.GapDetector | GAP RESET | Session gap detected: 2955min > 120min (2025-02-10 01:00 → 2025-02-10 01:00)
2026-09-30 22:03:04 [INFO] CRT.ParentFeed | parent_crt H4 RANGE_C1 -> MANIPULATION_C2 bias=NONE htf=EXPANSION obj=NONE ts=2025-02-10 00:00:00
2026-09-30 22:03:04 [INFO] CRT.ParentFeed | parent_crt H4 MANIPULATION_C2 -> DISTRIBUTION_C3 bias=LONG htf=EXPANSION obj=ACHIEVED ts=2025-02-10 04:00:00
2026-09-30 22:03:04 [INFO] CRT.ParentFeed | parent_crt H4 DISTRIBUTION_C3 -> RANGE_C1 bias=NONE htf=EXPANSION obj=NONE ts=2025-02-10 08:00:00
2026-09-30 22:03:04 [INFO] CRT.ParentFeed | parent_crt H4 RANGE_C1 -> MANIPULATION_C2 bias=NONE htf=ACCUMULATION obj=NONE ts=2025-02-10 12:00:00
2026-09-30 22:03:04 [INFO] CRT.ParentFeed | parent_crt H4 MANIPULATION_C2 -> RANGE_C1 bias=NONE htf=DISTRIBUTION obj=NONE ts=2025-02-10 16:00:00
2026-09-30 22:03:04 [INFO] CRT.ParentFeed | parent_crt H4 RANGE_C1 -> MANIPULATION_C2 bias=NONE htf=DISTRIBUTION obj=NONE ts=2025-02-11 04:00:00
2026-09-30 22:03:04 [INFO] CRT.ParentFeed | parent_crt H4 MANIPULATION_C2 -> DISTRIBUTION_C3 bias=SHORT htf=EXPANSION obj=ACHIEVED ts=2025-02-11 08:00:00
2026-09-30 22:03:04 [INFO] CRT.ParentFeed | parent_crt H4 DISTRIBUTION_C3 -> RANGE_C1 bias=NONE htf=EXPANSION obj=NONE ts=2025-02-11 12:00:00
2026-09-30 22:03:04 [INFO] CRT.ParentFeed | parent_crt H4 RANGE_C1 -> MANIPULATION_C2 bias=NONE htf=ACCUMULATION obj=NONE ts=2025-02-11 16:00:00
2026-09-30 22:03:05 [INFO] CRT.ParentFeed | parent_crt H4 MANIPULATION_C2 -> DISTRIBUTION_C3 bias=SHORT htf=ACCUMULATION obj=EXISTS ts=2025-02-11 20:00:00
2026-09-30 22:03:05 [INFO] CRT.ParentFeed | parent_crt H4 DISTRIBUTION_C3 -> RANGE_C1 bias=NONE htf=EXPANSION obj=NONE ts=2025-02-12 00:00:00
2026-09-30 22:03:05 [INFO] CRT.ParentFeed | parent_crt H4 RANGE_C1 -> MANIPULATION_C2 bias=NONE htf=EXPANSION obj=NONE ts=2025-02-13 12:00:00
2026-09-30 22:03:05 [INFO] CRT.ParentFeed | parent_crt H4 MANIPULATION_C2 -> RANGE_C1 bias=NONE htf=ACCUMULATION obj=NONE ts=2025-02-13 16:00:00
2026-09-30 22:03:06 [INFO] CRT.ParentFeed | parent_crt H4 RANGE_C1 -> MANIPULATION_C2 bias=NONE htf=DISTRIBUTION obj=NONE ts=2025-02-14 04:00:00
2026-09-30 22:03:06 [INFO] CRT.ParentFeed | parent_crt H4 MANIPULATION_C2 -> DISTRIBUTION_C3 bias=LONG htf=EXPANSION obj=ACHIEVED ts=2025-02-14 08:00:00
2026-09-30 22:03:06 [INFO] CRT.ParentFeed | parent_crt H4 DISTRIBUTION_C3 -> RANGE_C1 bias=NONE htf=REVERSAL obj=NONE ts=2025-02-14 12:00:00
2026-09-30 22:03:06 [INFO] CRT.GapDetector | GAP RESET | Session gap detected: 2955min > 120min (2025-02-17 01:00 → 2025-02-17 01:00)
2026-09-30 22:03:06 [INFO] CRT.ParentFeed | parent_crt H4 RANGE_C1 -> MANIPULATION_C2 bias=NONE htf=ACCUMULATION obj=NONE ts=2025-02-17 04:00:00
2026-09-30 22:03:06 [INFO] CRT.ParentFeed | parent_crt H4 MANIPULATION_C2 -> RANGE_C1 bias=NONE htf=DISTRIBUTION obj=NONE ts=2025-02-17 08:00:00
2026-09-30 22:03:06 [INFO] CRT.ParentFeed | parent_crt H4 RANGE_C1 -> MANIPULATION_C2 bias=NONE htf=ACCUMULATION obj=NONE ts=2025-02-17 16:00:00
2026-09-30 22:03:06 [INFO] CRT.ParentFeed | parent_crt H4 MANIPULATION_C2 -> RANGE_C1 bias=NONE htf=ACCUMULATION obj=NONE ts=2025-02-17 20:00:00
2026-09-30 22:03:06 [INFO] CRT.GapDetector | GAP RESET | Session gap detected: 225min > 120min (2025-02-18 01:00 → 2025-02-18 01:00)
2026-09-30 22:03:07 [INFO] CRT.ParentFeed | parent_crt H4 RANGE_C1 -> MANIPULATION_C2 bias=NONE htf=REVERSAL obj=NONE ts=2025-02-18 00:00:00
2026-09-30 22:03:07 [INFO] CRT.ParentFeed | parent_crt H4 MANIPULATION_C2 -> RANGE_C1 bias=NONE htf=REVERSAL obj=NONE ts=2025-02-18 04:00:00
2026-09-30 22:03:07 [INFO] CRT.ParentFeed | parent_crt H4 RANGE_C1 -> MANIPULATION_C2 bias=NONE htf=EXPANSION obj=NONE ts=2025-02-18 12:00:00
2026-09-30 22:03:07 [INFO] CRT.ParentFeed | parent_crt H4 MANIPULATION_C2 -> DISTRIBUTION_C3 bias=LONG htf=EXPANSION obj=ACHIEVED ts=2025-02-18 16:00:00
2026-09-30 22:03:07 [INFO] CRT.ParentFeed | parent_crt H4 DISTRIBUTION_C3 -> RANGE_C1 bias=NONE htf=EXPANSION obj=NONE ts=2025-02-18 20:00:00
2026-09-30 22:03:07 [INFO] CRT.ParentFeed | parent_crt H4 RANGE_C1 -> MANIPULATION_C2 bias=NONE htf=EXPANSION obj=NONE ts=2025-02-19 00:00:00
2026-09-30 22:03:07 [INFO] CRT.ParentFeed | parent_crt H4 MANIPULATION_C2 -> RANGE_C1 bias=NONE htf=DISTRIBUTION obj=NONE ts=2025-02-19 04:00:00
2026-09-30 22:03:07 [INFO] CRT.ParentFeed | parent_crt H4 RANGE_C1 -> MANIPULATION_C2 bias=NONE htf=ACCUMULATION obj=NONE ts=2025-02-19 12:00:00
2026-09-30 22:03:07 [INFO] CRT.ParentFeed | parent_crt H4 MANIPULATION_C2 -> DISTRIBUTION_C3 bias=SHORT htf=EXPANSION obj=ACHIEVED ts=2025-02-19 16:00:00
2026-09-30 22:03:07 [INFO] CRT.ParentFeed | parent_crt H4 DISTRIBUTION_C3 -> RANGE_C1 bias=NONE htf=ACCUMULATION obj=NONE ts=2025-02-19 20:00:00
2026-09-30 22:03:07 [INFO] CRT.ParentFeed | parent_crt H4 RANGE_C1 -> MANIPULATION_C2 bias=NONE htf=ACCUMULATION obj=NONE ts=2025-02-20 00:00:00
2026-09-30 22:03:07 [INFO] CRT.ParentFeed | parent_crt H4 MANIPULATION_C2 -> RANGE_C1 bias=NONE htf=EXPANSION obj=NONE ts=2025-02-20 04:00:00
2026-09-30 22:03:07 [INFO] CRT.ParentFeed | parent_crt H4 RANGE_C1 -> MANIPULATION_C2 bias=NONE htf=DISTRIBUTION obj=NONE ts=2025-02-20 16:00:00
2026-09-30 22:03:07 [INFO] CRT.ParentFeed | parent_crt H4 MANIPULATION_C2 -> RANGE_C1 bias=NONE htf=ACCUMULATION obj=NONE ts=2025-02-20 20:00:00
2026-09-30 22:03:08 [INFO] CRT.ParentFeed | parent_crt H4 RANGE_C1 -> MANIPULATION_C2 bias=NONE htf=EXPANSION obj=NONE ts=2025-02-21 00:00:00
2026-09-30 22:03:08 [INFO] CRT.ParentFeed | parent_crt H4 MANIPULATION_C2 -> RANGE_C1 bias=NONE htf=ACCUMULATION obj=NONE ts=2025-02-21 04:00:00
2026-09-30 22:03:08 [INFO] CRT.ParentFeed | parent_crt H4 RANGE_C1 -> MANIPULATION_C2 bias=NONE htf=ACCUMULATION obj=NONE ts=2025-02-21 08:00:00
2026-09-30 22:03:08 [INFO] CRT.ParentFeed | parent_crt H4 MANIPULATION_C2 -> DISTRIBUTION_C3 bias=LONG htf=ACCUMULATION obj=EXISTS ts=2025-02-21 12:00:00
2026-09-30 22:03:08 [INFO] CRT.ParentFeed | parent_crt H4 DISTRIBUTION_C3 -> RANGE_C1 bias=NONE htf=EXPANSION obj=NONE ts=2025-02-21 16:00:00
2026-09-30 22:03:08 [INFO] CRT.ParentFeed | parent_crt H4 RANGE_C1 -> MANIPULATION_C2 bias=NONE htf=ACCUMULATION obj=NONE ts=2025-02-21 20:00:00
2026-09-30 22:03:08 [INFO] CRT.GapDetector | GAP RESET | Session gap detected: 2955min > 120min (2025-02-24 01:00 → 2025-02-24 01:00)
2026-09-30 22:03:08 [INFO] CRT.ParentFeed | parent_crt H4 MANIPULATION_C2 -> DISTRIBUTION_C3 bias=SHORT htf=EXPANSION obj=EXISTS ts=2025-02-24 00:00:00
2026-09-30 22:03:08 [INFO] CRT.ParentFeed | parent_crt H4 DISTRIBUTION_C3 -> RANGE_C1 bias=NONE htf=DISTRIBUTION obj=NONE ts=2025-02-24 04:00:00
2026-09-30 22:03:08 [INFO] CRT.ParentFeed | parent_crt H4 RANGE_C1 -> MANIPULATION_C2 bias=NONE htf=ACCUMULATION obj=NONE ts=2025-02-24 08:00:00
2026-09-30 22:03:08 [INFO] CRT.ParentFeed | parent_crt H4 MANIPULATION_C2 -> RANGE_C1 bias=NONE htf=EXPANSION obj=NONE ts=2025-02-24 12:00:00
2026-09-30 22:03:08 [WARNING] CRT.UltronRisk | REJECTED | S=0.289 < tier_2=0.3
2026-09-30 22:03:08 [WARNING] CRT.UltronRisk | REJECTED | S=0.258 < tier_2=0.3
2026-09-30 22:03:08 [WARNING] CRT.UltronRisk | REJECTED | S=0.247 < tier_2=0.3
2026-09-30 22:03:08 [INFO] CRT.ParentFeed | parent_crt H4 RANGE_C1 -> MANIPULATION_C2 bias=NONE htf=DISTRIBUTION obj=NONE ts=2025-02-24 16:00:00
2026-09-30 22:03:08 [INFO] CRT.ParentFeed | parent_crt H4 MANIPULATION_C2 -> RANGE_C1 bias=NONE htf=ACCUMULATION obj=NONE ts=2025-02-24 20:00:00
2026-09-30 22:03:08 [INFO] CRT.ParentFeed | parent_crt H4 RANGE_C1 -> MANIPULATION_C2 bias=NONE htf=ACCUMULATION obj=NONE ts=2025-02-25 00:00:00
2026-09-30 22:03:08 [INFO] CRT.ParentFeed | parent_crt H4 MANIPULATION_C2 -> DISTRIBUTION_C3 bias=SHORT htf=EXPANSION obj=ACHIEVED ts=2025-02-25 04:00:00
2026-09-30 22:03:09 [INFO] CRT.ParentFeed | parent_crt H4 DISTRIBUTION_C3 -> RANGE_C1 bias=NONE htf=ACCUMULATION obj=NONE ts=2025-02-25 08:00:00
[92m[2026-09-30T22:03:09Z] [FLOW:ENGINE_RUNNER] [INFO] FUSION_GATE: score=0.5785 threshold=0.2500 rejected=False reached_ultron=True[0m
[90m[2026-09-30T22:03:09Z] [FLOW:COLLECTOR] [INFO] {"error": "missing required config key(s) [<root>.collector] for Collector. No default applies: declare the key in the config.", "raw_record": {"adapter": {"score": 1.0, "reason": "pass"}, "engines": {"crt": {"score": 0.3191}, "ema_momentum_kernel": {"score": 0.8826, "reason": "gaussian_computed", "meta": {"mu": 0.0, "sigma": 1.0, "x": 0.49971}}, "feature_cluster_similarity": {"engine": "feature_cluster_similarity", "score": 0.8529699875846258, "direction": 1, "meta": {"score": 0.8529699875846258, "passed": true, "vector": [2934.389892578125, 2938.050048828125, 2933.070068359375, 2937.510009765625, 3384.0, 1.612273097038269, 0.0, 2934.009521484375, 2935.712158203125, -1075.4288330078125, -1.0, 0.3685337007045746, 1970.6717529296875, 0.001583216479048133, 1.0708032846450806, 47.78782653808594, -1.8316017389297485, -1.6774038076400757, 0.12377877533435822, 0.0, 0.0, 0.0, 0.0, 0.0, 0.0, 0.0, 3.119999885559082, 4.980000019073486, 0.6265060305595398, 2.0, 3.0, 15.0, 0.6708647012710571, 0.0, 11.0, 0.08385808765888214, 0.9589378237724304, 1.0], "valid": true}}, "candle_commitment": {"score": 0.8916, "candle_polarity": 0.8916, "rr_ratio": 0.8916, "reason": "candle_polarity:0.8916", "semantic": "candle_structure_quality"}}, "fusion": {"final_score": 0.5785, "normalized_score": 0.0222, "scores": {"crt": 0.3191, "ema_momentum_kernel": 0.8826, "feature_cluster_similarity": 0.853, "candle_commitment": 0.8916, "strategy_consensus": 0.0}, "missing_engines": [], "feature_cluster_similarity_dead": false, "variance": 0.0, "entropy": 0.0, "threshold": 0.5, "accepted": true, "evaluate_shadow": {"final_score": 0.8826, "ema_momentum_kernel": 0.8826, "neural": null, "llm": null, "llm_fired": false, "action": "TRADE", "risk_mult": 1.0, "normalized_score": 0.9997, "threshold_used": 0.6, "reject_stage": "passed", "missing_engines": []}}, "dual_engines": {"breakout": {"engine": "breakout", "score": 1.0, "direction": -1, "reason": "trend_follow", "meta": {"trend_bias": -1.0, "momentum": 1970.6717529296875, "ema_spread": 1075.4288330078125}}, "trap": {"engine": "trap", "score": 0.0, "direction": 0, "reason": "no_sweep", "meta": {"trend_bias": -1.0}}}, "gate": {"allow": true, "reason": "regime_trend", "selected": {"engine": "breakout", "score": 1.0, "direction": -1, "reason": "trend_follow", "meta": {"trend_bias": -1.0, "momentum": 1970.6717529296875, "ema_spread": 1075.4288330078125}}, "regime": "trend"}, "final_score": 0.5785, "decision": "reject", "reason": "feature_cluster_similarity_invalid", "reject_stage": "decision", "missing_engines": [], "features": {"open": 2934.389892578125, "high": 2938.050048828125, "low": 2933.070068359375, "close": 2937.510009765625, "volume": 3384.0, "volume_ratio": 1.612273097038269, "double_sweep": 0.0, "ema_fast": 2934.009521484375, "ema_slow": 2935.712158203125, "ema_spread": -1075.4288330078125, "trend_bias": -1.0, "trend_strength_z": 0.3685337007045746, "momentum_score": 1970.6717529296875, "atr": 0.001583216479048133, "volatility_ratio": 1.0708032846450806, "rsi_14": 47.78782653808594, "macd_line": -1.8316017389297485, "macd_signal": -1.6774038076400757, "macd_hist_raw": -0.15419791638851166, "macd_hist_z": 0.12377877533435822, "sweep_detected": 0.0, "liquidity_sweep": 0.0, "break_of_structure": 0.0, "swing_high": 0.0, "swing_low": 0.0, "higher_high": 0.0, "lower_low": 0.0, "body_size": 3.119999885559082, "candle_range": 4.980000019073486, "body_ratio": 0.6265060305595398, "volatility_regime": 2.0, "session": 3.0, "hour_of_day": 15.0, "disp_strength": 0.6708647012710571, "retest_depth": 0.0, "candles_since_sweep": 11.0, "liquidity_distance": 0.08385808765888214, "liquidity_pressure_score": 0.9589378237724304, "volume_spike": 1.0, "order_block_distance": 0.19941139221191406, "fvg_distance": 0.7418999075889587, "breaker_distance": 0.815005898475647, "mitigation_block_distance": 0.0, "pdh_distance": 0.999378502368927, "pdl_distance": 0.9980917572975159, "eqh_distance": 0.6804652810096741, "eql_distance": 0.08366207033395767, "change_of_character": 0.0, "timestamp": "2025-02-25 15:45:00", "_data_integrity": "real", "direction": 1, "signal_dir": 1, "trade_direction": 1}, "pnl": null}}[0m
2026-09-30 22:03:09 [INFO] CRT.ParentFeed | parent_crt H4 RANGE_C1 -> MANIPULATION_C2 bias=NONE htf=DISTRIBUTION obj=NONE ts=2025-02-25 12:00:00
22:03:09 [BT] TP1_PARTIAL: runner live for CRT-0003 | partial_pnl=0.88511 SL→2935.27511
2026-09-30 22:03:09 [INFO] CRT.Backtest | TP1_PARTIAL: runner live for CRT-0003 | partial_pnl=0.88511 SL→2935.27511
2026-09-30 22:03:09 [WARNING] CRT.StateMachine | ILLEGAL RANGE → RESOLUTION | Trade closed: TP2
2026-09-30 22:03:09 [INFO] CRT.ParentFeed | parent_crt H4 MANIPULATION_C2 -> RANGE_C1 bias=NONE htf=EXPANSION obj=NONE ts=2025-02-25 16:00:00
2026-09-30 22:03:09 [INFO] CRT.ParentFeed | parent_crt H4 RANGE_C1 -> MANIPULATION_C2 bias=NONE htf=ACCUMULATION obj=NONE ts=2025-02-26 04:00:00
2026-09-30 22:03:09 [INFO] CRT.ParentFeed | parent_crt H4 MANIPULATION_C2 -> RANGE_C1 bias=NONE htf=DISTRIBUTION obj=NONE ts=2025-02-26 08:00:00
2026-09-30 22:03:09 [INFO] CRT.ParentFeed | parent_crt H4 RANGE_C1 -> MANIPULATION_C2 bias=NONE htf=ACCUMULATION obj=NONE ts=2025-02-26 12:00:00
2026-09-30 22:03:09 [INFO] CRT.ParentFeed | parent_crt H4 MANIPULATION_C2 -> DISTRIBUTION_C3 bias=LONG htf=DISTRIBUTION obj=EXISTS ts=2025-02-26 16:00:00
2026-09-30 22:03:09 [INFO] CRT.ParentFeed | parent_crt H4 DISTRIBUTION_C3 -> RANGE_C1 bias=NONE htf=ACCUMULATION obj=NONE ts=2025-02-26 20:00:00
2026-09-30 22:03:09 [INFO] CRT.ParentFeed | parent_crt H4 RANGE_C1 -> MANIPULATION_C2 bias=NONE htf=DISTRIBUTION obj=NONE ts=2025-02-27 00:00:00
2026-09-30 22:03:09 [INFO] CRT.ParentFeed | parent_crt H4 MANIPULATION_C2 -> DISTRIBUTION_C3 bias=SHORT htf=EXPANSION obj=ACHIEVED ts=2025-02-27 04:00:00
2026-09-30 22:03:09 [INFO] CRT.ParentFeed | parent_crt H4 DISTRIBUTION_C3 -> RANGE_C1 bias=NONE htf=EXPANSION obj=NONE ts=2025-02-27 08:00:00
2026-09-30 22:03:09 [INFO] CRT.ParentFeed | parent_crt H4 RANGE_C1 -> MANIPULATION_C2 bias=NONE htf=DISTRIBUTION obj=NONE ts=2025-02-27 16:00:00
2026-09-30 22:03:09 [INFO] CRT.ParentFeed | parent_crt H4 MANIPULATION_C2 -> RANGE_C1 bias=NONE htf=ACCUMULATION obj=NONE ts=2025-02-27 20:00:00
2026-09-30 22:03:09 [INFO] CRT.ParentFeed | parent_crt H4 RANGE_C1 -> MANIPULATION_C2 bias=NONE htf=ACCUMULATION obj=NONE ts=2025-02-28 08:00:00
2026-09-30 22:03:10 [INFO] CRT.ParentFeed | parent_crt H4 MANIPULATION_C2 -> RANGE_C1 bias=NONE htf=EXPANSION obj=NONE ts=2025-02-28 12:00:00
2026-09-30 22:03:10 [INFO] CRT.GapDetector | GAP RESET | Session gap detected: 2955min > 120min (2025-03-03 01:00 → 2025-03-03 01:00)
2026-09-30 22:03:10 [INFO] CRT.ParentFeed | parent_crt H4 RANGE_C1 -> MANIPULATION_C2 bias=NONE htf=ACCUMULATION obj=NONE ts=2025-03-03 08:00:00
2026-09-30 22:03:10 [INFO] CRT.ParentFeed | parent_crt H4 MANIPULATION_C2 -> DISTRIBUTION_C3 bias=LONG htf=EXPANSION obj=ACHIEVED ts=2025-03-03 12:00:00
2026-09-30 22:03:10 [INFO] CRT.ParentFeed | parent_crt H4 DISTRIBUTION_C3 -> RANGE_C1 bias=NONE htf=EXPANSION obj=NONE ts=2025-03-03 16:00:00
2026-09-30 22:03:10 [INFO] CRT.ParentFeed | parent_crt H4 RANGE_C1 -> MANIPULATION_C2 bias=NONE htf=ACCUMULATION obj=NONE ts=2025-03-03 20:00:00
2026-09-30 22:03:10 [INFO] CRT.ParentFeed | parent_crt H4 MANIPULATION_C2 -> DISTRIBUTION_C3 bias=SHORT htf=ACCUMULATION obj=EXISTS ts=2025-03-04 00:00:00
2026-09-30 22:03:10 [INFO] CRT.ParentFeed | parent_crt H4 DISTRIBUTION_C3 -> RANGE_C1 bias=NONE htf=ACCUMULATION obj=NONE ts=2025-03-04 04:00:00
2026-09-30 22:03:10 [INFO] CRT.ParentFeed | parent_crt H4 RANGE_C1 -> MANIPULATION_C2 bias=NONE htf=EXPANSION obj=NONE ts=2025-03-04 08:00:00
2026-09-30 22:03:10 [INFO] CRT.ParentFeed | parent_crt H4 MANIPULATION_C2 -> DISTRIBUTION_C3 bias=LONG htf=EXPANSION obj=ACHIEVED ts=2025-03-04 12:00:00
2026-09-30 22:03:10 [INFO] CRT.ParentFeed | parent_crt H4 DISTRIBUTION_C3 -> RANGE_C1 bias=NONE htf=REVERSAL obj=NONE ts=2025-03-04 16:00:00
2026-09-30 22:03:11 [INFO] CRT.ParentFeed | parent_crt H4 RANGE_C1 -> MANIPULATION_C2 bias=NONE htf=REVERSAL obj=NONE ts=2025-03-05 04:00:00
2026-09-30 22:03:11 [INFO] CRT.ParentFeed | parent_crt H4 MANIPULATION_C2 -> DISTRIBUTION_C3 bias=LONG htf=EXPANSION obj=ACHIEVED ts=2025-03-05 08:00:00
2026-09-30 22:03:11 [INFO] CRT.ParentFeed | parent_crt H4 DISTRIBUTION_C3 -> RANGE_C1 bias=NONE htf=REVERSAL obj=NONE ts=2025-03-05 12:00:00
2026-09-30 22:03:11 [INFO] CRT.ParentFeed | parent_crt H4 RANGE_C1 -> MANIPULATION_C2 bias=NONE htf=DISTRIBUTION obj=NONE ts=2025-03-05 16:00:00
2026-09-30 22:03:11 [INFO] CRT.ParentFeed | parent_crt H4 MANIPULATION_C2 -> RANGE_C1 bias=NONE htf=ACCUMULATION obj=NONE ts=2025-03-05 20:00:00
2026-09-30 22:03:11 [INFO] CRT.ParentFeed | parent_crt H4 RANGE_C1 -> MANIPULATION_C2 bias=NONE htf=DISTRIBUTION obj=NONE ts=2025-03-06 04:00:00
2026-09-30 22:03:11 [INFO] CRT.ParentFeed | parent_crt H4 MANIPULATION_C2 -> DISTRIBUTION_C3 bias=SHORT htf=EXPANSION obj=ACHIEVED ts=2025-03-06 08:00:00
2026-09-30 22:03:11 [INFO] CRT.ParentFeed | parent_crt H4 DISTRIBUTION_C3 -> RANGE_C1 bias=NONE htf=ACCUMULATION obj=NONE ts=2025-03-06 12:00:00
2026-09-30 22:03:11 [INFO] CRT.ParentFeed | parent_crt H4 RANGE_C1 -> MANIPULATION_C2 bias=NONE htf=DISTRIBUTION obj=NONE ts=2025-03-07 12:00:00
2026-09-30 22:03:11 [INFO] CRT.ParentFeed | parent_crt H4 MANIPULATION_C2 -> DISTRIBUTION_C3 bias=SHORT htf=EXPANSION obj=EXISTS ts=2025-03-07 16:00:00
2026-09-30 22:03:11 [INFO] CRT.ParentFeed | parent_crt H4 DISTRIBUTION_C3 -> RANGE_C1 bias=NONE htf=ACCUMULATION obj=NONE ts=2025-03-07 20:00:00
2026-09-30 22:03:11 [INFO] CRT.GapDetector | GAP RESET | Session gap detected: 2955min > 120min (2025-03-10 01:00 → 2025-03-10 01:00)
2026-09-30 22:03:11 [INFO] CRT.ParentFeed | parent_crt H4 RANGE_C1 -> MANIPULATION_C2 bias=NONE htf=DISTRIBUTION obj=NONE ts=2025-03-10 04:00:00
2026-09-30 22:03:12 [INFO] CRT.ParentFeed | parent_crt H4 MANIPULATION_C2 -> DISTRIBUTION_C3 bias=SHORT htf=EXPANSION obj=ACHIEVED ts=2025-03-10 08:00:00
2026-09-30 22:03:12 [INFO] CRT.ParentFeed | parent_crt H4 DISTRIBUTION_C3 -> RANGE_C1 bias=NONE htf=DISTRIBUTION obj=NONE ts=2025-03-10 12:00:00
2026-09-30 22:03:12 [INFO] CRT.ParentFeed | parent_crt H4 RANGE_C1 -> MANIPULATION_C2 bias=NONE htf=REVERSAL obj=NONE ts=2025-03-11 04:00:00
2026-09-30 22:03:12 [INFO] CRT.ParentFeed | parent_crt H4 MANIPULATION_C2 -> DISTRIBUTION_C3 bias=LONG htf=EXPANSION obj=ACHIEVED ts=2025-03-11 08:00:00
2026-09-30 22:03:12 [INFO] CRT.ParentFeed | parent_crt H4 DISTRIBUTION_C3 -> RANGE_C1 bias=NONE htf=EXPANSION obj=NONE ts=2025-03-11 12:00:00
2026-09-30 22:03:12 [INFO] CRT.ParentFeed | parent_crt H4 RANGE_C1 -> MANIPULATION_C2 bias=NONE htf=EXPANSION obj=NONE ts=2025-03-11 16:00:00
2026-09-30 22:03:12 [INFO] CRT.ParentFeed | parent_crt H4 MANIPULATION_C2 -> RANGE_C1 bias=NONE htf=ACCUMULATION obj=NONE ts=2025-03-11 20:00:00
2026-09-30 22:03:12 [INFO] CRT.ParentFeed | parent_crt H4 RANGE_C1 -> MANIPULATION_C2 bias=NONE htf=DISTRIBUTION obj=NONE ts=2025-03-12 04:00:00
2026-09-30 22:03:12 [INFO] CRT.ParentFeed | parent_crt H4 MANIPULATION_C2 -> RANGE_C1 bias=NONE htf=EXPANSION obj=NONE ts=2025-03-12 08:00:00
2026-09-30 22:03:12 [INFO] CRT.ParentFeed | parent_crt H4 RANGE_C1 -> MANIPULATION_C2 bias=NONE htf=DISTRIBUTION obj=NONE ts=2025-03-12 12:00:00
2026-09-30 22:03:12 [INFO] CRT.ParentFeed | parent_crt H4 MANIPULATION_C2 -> RANGE_C1 bias=NONE htf=REVERSAL obj=NONE ts=2025-03-12 16:00:00
2026-09-30 22:03:12 [INFO] CRT.ParentFeed | parent_crt H4 RANGE_C1 -> MANIPULATION_C2 bias=NONE htf=ACCUMULATION obj=NONE ts=2025-03-12 20:00:00
2026-09-30 22:03:12 [INFO] CRT.ParentFeed | parent_crt H4 MANIPULATION_C2 -> RANGE_C1 bias=NONE htf=ACCUMULATION obj=NONE ts=2025-03-13 00:00:00
2026-09-30 22:03:13 [INFO] CRT.ParentFeed | parent_crt H4 RANGE_C1 -> MANIPULATION_C2 bias=NONE htf=DISTRIBUTION obj=NONE ts=2025-03-13 08:00:00
2026-09-30 22:03:13 [INFO] CRT.ParentFeed | parent_crt H4 MANIPULATION_C2 -> DISTRIBUTION_C3 bias=LONG htf=ACCUMULATION obj=EXISTS ts=2025-03-13 12:00:00
2026-09-30 22:03:13 [INFO] CRT.ParentFeed | parent_crt H4 DISTRIBUTION_C3 -> RANGE_C1 bias=NONE htf=EXPANSION obj=NONE ts=2025-03-13 16:00:00
2026-09-30 22:03:13 [INFO] CRT.ParentFeed | parent_crt H4 RANGE_C1 -> MANIPULATION_C2 bias=NONE htf=ACCUMULATION obj=NONE ts=2025-03-14 00:00:00
2026-09-30 22:03:13 [INFO] CRT.ParentFeed | parent_crt H4 MANIPULATION_C2 -> DISTRIBUTION_C3 bias=SHORT htf=DISTRIBUTION obj=EXISTS ts=2025-03-14 04:00:00
2026-09-30 22:03:13 [INFO] CRT.ParentFeed | parent_crt H4 DISTRIBUTION_C3 -> RANGE_C1 bias=NONE htf=DISTRIBUTION obj=NONE ts=2025-03-14 08:00:00
2026-09-30 22:03:13 [INFO] CRT.ParentFeed | parent_crt H4 RANGE_C1 -> MANIPULATION_C2 bias=NONE htf=ACCUMULATION obj=NONE ts=2025-03-14 16:00:00
2026-09-30 22:03:13 [INFO] CRT.ParentFeed | parent_crt H4 MANIPULATION_C2 -> RANGE_C1 bias=NONE htf=ACCUMULATION obj=NONE ts=2025-03-14 20:00:00
2026-09-30 22:03:13 [INFO] CRT.GapDetector | GAP RESET | Session gap detected: 2955min > 120min (2025-03-17 01:00 → 2025-03-17 01:00)
2026-09-30 22:03:13 [INFO] CRT.ParentFeed | parent_crt H4 RANGE_C1 -> MANIPULATION_C2 bias=NONE htf=ACCUMULATION obj=NONE ts=2025-03-17 08:00:00
2026-09-30 22:03:13 [INFO] CRT.ParentFeed | parent_crt H4 MANIPULATION_C2 -> RANGE_C1 bias=NONE htf=DISTRIBUTION obj=NONE ts=2025-03-17 12:00:00
2026-09-30 22:03:14 [INFO] CRT.ParentFeed | parent_crt H4 RANGE_C1 -> MANIPULATION_C2 bias=NONE htf=ACCUMULATION obj=NONE ts=2025-03-18 00:00:00
2026-09-30 22:03:14 [INFO] CRT.ParentFeed | parent_crt H4 MANIPULATION_C2 -> RANGE_C1 bias=NONE htf=EXPANSION obj=NONE ts=2025-03-18 04:00:00
2026-09-30 22:03:14 [INFO] CRT.ParentFeed | parent_crt H4 RANGE_C1 -> MANIPULATION_C2 bias=NONE htf=REVERSAL obj=NONE ts=2025-03-19 04:00:00
2026-09-30 22:03:14 [INFO] CRT.ParentFeed | parent_crt H4 MANIPULATION_C2 -> RANGE_C1 bias=NONE htf=REVERSAL obj=NONE ts=2025-03-19 08:00:00
2026-09-30 22:03:14 [INFO] CRT.ParentFeed | parent_crt H4 RANGE_C1 -> MANIPULATION_C2 bias=NONE htf=ACCUMULATION obj=NONE ts=2025-03-19 12:00:00
2026-09-30 22:03:15 [INFO] CRT.ParentFeed | parent_crt H4 MANIPULATION_C2 -> RANGE_C1 bias=NONE htf=ACCUMULATION obj=NONE ts=2025-03-19 16:00:00
2026-09-30 22:03:15 [INFO] CRT.ParentFeed | parent_crt H4 RANGE_C1 -> MANIPULATION_C2 bias=NONE htf=DISTRIBUTION obj=NONE ts=2025-03-20 04:00:00
2026-09-30 22:03:15 [INFO] CRT.ParentFeed | parent_crt H4 MANIPULATION_C2 -> DISTRIBUTION_C3 bias=SHORT htf=EXPANSION obj=ACHIEVED ts=2025-03-20 08:00:00
2026-09-30 22:03:15 [INFO] CRT.ParentFeed | parent_crt H4 DISTRIBUTION_C3 -> RANGE_C1 bias=NONE htf=DISTRIBUTION obj=NONE ts=2025-03-20 12:00:00
2026-09-30 22:03:15 [INFO] CRT.ParentFeed | parent_crt H4 RANGE_C1 -> MANIPULATION_C2 bias=NONE htf=ACCUMULATION obj=NONE ts=2025-03-21 00:00:00
2026-09-30 22:03:15 [INFO] CRT.ParentFeed | parent_crt H4 MANIPULATION_C2 -> DISTRIBUTION_C3 bias=SHORT htf=EXPANSION obj=ACHIEVED ts=2025-03-21 04:00:00
2026-09-30 22:03:15 [INFO] CRT.ParentFeed | parent_crt H4 DISTRIBUTION_C3 -> RANGE_C1 bias=NONE htf=ACCUMULATION obj=NONE ts=2025-03-21 08:00:00
2026-09-30 22:03:15 [INFO] CRT.ParentFeed | parent_crt H4 RANGE_C1 -> MANIPULATION_C2 bias=NONE htf=ACCUMULATION obj=NONE ts=2025-03-21 12:00:00
2026-09-30 22:03:15 [INFO] CRT.ParentFeed | parent_crt H4 MANIPULATION_C2 -> DISTRIBUTION_C3 bias=SHORT htf=REVERSAL obj=ACHIEVED ts=2025-03-21 16:00:00
2026-09-30 22:03:15 [INFO] CRT.ParentFeed | parent_crt H4 DISTRIBUTION_C3 -> RANGE_C1 bias=NONE htf=ACCUMULATION obj=NONE ts=2025-03-21 20:00:00
2026-09-30 22:03:15 [INFO] CRT.GapDetector | GAP RESET | Session gap detected: 2955min > 120min (2025-03-24 01:00 → 2025-03-24 01:00)
2026-09-30 22:03:15 [INFO] CRT.ParentFeed | parent_crt H4 RANGE_C1 -> MANIPULATION_C2 bias=NONE htf=ACCUMULATION obj=NONE ts=2025-03-24 00:00:00
2026-09-30 22:03:15 [INFO] CRT.ParentFeed | parent_crt H4 MANIPULATION_C2 -> RANGE_C1 bias=NONE htf=DISTRIBUTION obj=NONE ts=2025-03-24 04:00:00
2026-09-30 22:03:16 [INFO] CRT.ParentFeed | parent_crt H4 RANGE_C1 -> MANIPULATION_C2 bias=NONE htf=ACCUMULATION obj=NONE ts=2025-03-24 12:00:00
2026-09-30 22:03:16 [INFO] CRT.ParentFeed | parent_crt H4 MANIPULATION_C2 -> DISTRIBUTION_C3 bias=SHORT htf=EXPANSION obj=ACHIEVED ts=2025-03-24 16:00:00
2026-09-30 22:03:16 [INFO] CRT.ParentFeed | parent_crt H4 DISTRIBUTION_C3 -> RANGE_C1 bias=NONE htf=ACCUMULATION obj=NONE ts=2025-03-24 20:00:00
2026-09-30 22:03:16 [INFO] CRT.ParentFeed | parent_crt H4 RANGE_C1 -> MANIPULATION_C2 bias=NONE htf=ACCUMULATION obj=NONE ts=2025-03-25 00:00:00
2026-09-30 22:03:16 [INFO] CRT.ParentFeed | parent_crt H4 MANIPULATION_C2 -> RANGE_C1 bias=NONE htf=EXPANSION obj=NONE ts=2025-03-25 04:00:00
2026-09-30 22:03:16 [INFO] CRT.ParentFeed | parent_crt H4 RANGE_C1 -> MANIPULATION_C2 bias=NONE htf=DISTRIBUTION obj=NONE ts=2025-03-25 12:00:00
2026-09-30 22:03:16 [INFO] CRT.ParentFeed | parent_crt H4 MANIPULATION_C2 -> RANGE_C1 bias=NONE htf=DISTRIBUTION obj=NONE ts=2025-03-25 16:00:00
2026-09-30 22:03:16 [INFO] CRT.ParentFeed | parent_crt H4 RANGE_C1 -> MANIPULATION_C2 bias=NONE htf=ACCUMULATION obj=NONE ts=2025-03-25 20:00:00
2026-09-30 22:03:16 [INFO] CRT.ParentFeed | parent_crt H4 MANIPULATION_C2 -> RANGE_C1 bias=NONE htf=ACCUMULATION obj=NONE ts=2025-03-26 00:00:00
2026-09-30 22:03:16 [INFO] CRT.ParentFeed | parent_crt H4 RANGE_C1 -> MANIPULATION_C2 bias=NONE htf=EXPANSION obj=NONE ts=2025-03-26 04:00:00
22:03:16 [BT]   20,000/47,275 (42%) | trades=3 cap=98,501 dd=1.5%
2026-09-30 22:03:16 [INFO] CRT.Backtest |   20,000/47,275 (42%) | trades=3 cap=98,501 dd=1.5%
2026-09-30 22:03:16 [INFO] CRT.ParentFeed | parent_crt H4 MANIPULATION_C2 -> RANGE_C1 bias=NONE htf=DISTRIBUTION obj=NONE ts=2025-03-26 08:00:00
2026-09-30 22:03:17 [INFO] CRT.ParentFeed | parent_crt H4 RANGE_C1 -> MANIPULATION_C2 bias=NONE htf=DISTRIBUTION obj=NONE ts=2025-03-27 16:00:00
2026-09-30 22:03:17 [INFO] CRT.ParentFeed | parent_crt H4 MANIPULATION_C2 -> RANGE_C1 bias=NONE htf=ACCUMULATION obj=NONE ts=2025-03-27 20:00:00
2026-09-30 22:03:17 [INFO] CRT.ParentFeed | parent_crt H4 RANGE_C1 -> MANIPULATION_C2 bias=NONE htf=DISTRIBUTION obj=NONE ts=2025-03-28 08:00:00
2026-09-30 22:03:17 [INFO] CRT.ParentFeed | parent_crt H4 MANIPULATION_C2 -> RANGE_C1 bias=NONE htf=ACCUMULATION obj=NONE ts=2025-03-28 12:00:00
2026-09-30 22:03:17 [INFO] CRT.GapDetector | GAP RESET | Session gap detected: 2955min > 120min (2025-03-31 01:00 → 2025-03-31 01:00)
2026-09-30 22:03:17 [INFO] CRT.ParentFeed | parent_crt H4 RANGE_C1 -> MANIPULATION_C2 bias=NONE htf=DISTRIBUTION obj=NONE ts=2025-03-31 00:00:00
2026-09-30 22:03:17 [INFO] CRT.ParentFeed | parent_crt H4 MANIPULATION_C2 -> RANGE_C1 bias=NONE htf=REVERSAL obj=NONE ts=2025-03-31 04:00:00
2026-09-30 22:03:18 [INFO] CRT.ParentFeed | parent_crt H4 RANGE_C1 -> MANIPULATION_C2 bias=NONE htf=DISTRIBUTION obj=NONE ts=2025-03-31 16:00:00
2026-09-30 22:03:18 [INFO] CRT.ParentFeed | parent_crt H4 MANIPULATION_C2 -> RANGE_C1 bias=NONE htf=ACCUMULATION obj=NONE ts=2025-03-31 20:00:00
2026-09-30 22:03:18 [INFO] CRT.ParentFeed | parent_crt H4 RANGE_C1 -> MANIPULATION_C2 bias=NONE htf=DISTRIBUTION obj=NONE ts=2025-04-01 08:00:00
2026-09-30 22:03:18 [INFO] CRT.ParentFeed | parent_crt H4 MANIPULATION_C2 -> RANGE_C1 bias=NONE htf=ACCUMULATION obj=NONE ts=2025-04-01 12:00:00
2026-09-30 22:03:18 [INFO] CRT.ParentFeed | parent_crt H4 RANGE_C1 -> MANIPULATION_C2 bias=NONE htf=DISTRIBUTION obj=NONE ts=2025-04-02 04:00:00
2026-09-30 22:03:18 [INFO] CRT.ParentFeed | parent_crt H4 MANIPULATION_C2 -> RANGE_C1 bias=NONE htf=DISTRIBUTION obj=NONE ts=2025-04-02 08:00:00
2026-09-30 22:03:19 [INFO] CRT.ParentFeed | parent_crt H4 RANGE_C1 -> MANIPULATION_C2 bias=NONE htf=DISTRIBUTION obj=NONE ts=2025-04-02 20:00:00
2026-09-30 22:03:19 [INFO] CRT.ParentFeed | parent_crt H4 MANIPULATION_C2 -> RANGE_C1 bias=NONE htf=EXPANSION obj=NONE ts=2025-04-03 00:00:00
2026-09-30 22:03:19 [INFO] CRT.ParentFeed | parent_crt H4 RANGE_C1 -> MANIPULATION_C2 bias=NONE htf=DISTRIBUTION obj=NONE ts=2025-04-03 16:00:00
2026-09-30 22:03:19 [INFO] CRT.ParentFeed | parent_crt H4 MANIPULATION_C2 -> RANGE_C1 bias=NONE htf=ACCUMULATION obj=NONE ts=2025-04-03 20:00:00
2026-09-30 22:03:20 [INFO] CRT.ParentFeed | parent_crt H4 RANGE_C1 -> MANIPULATION_C2 bias=NONE htf=EXPANSION obj=NONE ts=2025-04-04 12:00:00
2026-09-30 22:03:20 [INFO] CRT.ParentFeed | parent_crt H4 MANIPULATION_C2 -> DISTRIBUTION_C3 bias=SHORT htf=EXPANSION obj=ACHIEVED ts=2025-04-04 16:00:00
2026-09-30 22:03:20 [INFO] CRT.ParentFeed | parent_crt H4 DISTRIBUTION_C3 -> RANGE_C1 bias=NONE htf=ACCUMULATION obj=NONE ts=2025-04-04 20:00:00
2026-09-30 22:03:20 [INFO] CRT.GapDetector | GAP RESET | Session gap detected: 2955min > 120min (2025-04-07 01:00 → 2025-04-07 01:00)
2026-09-30 22:03:20 [INFO] CRT.ParentFeed | parent_crt H4 RANGE_C1 -> MANIPULATION_C2 bias=NONE htf=DISTRIBUTION obj=NONE ts=2025-04-07 04:00:00
2026-09-30 22:03:20 [INFO] CRT.ParentFeed | parent_crt H4 MANIPULATION_C2 -> DISTRIBUTION_C3 bias=SHORT htf=ACCUMULATION obj=EXISTS ts=2025-04-07 08:00:00
2026-09-30 22:03:20 [INFO] CRT.ParentFeed | parent_crt H4 DISTRIBUTION_C3 -> RANGE_C1 bias=NONE htf=ACCUMULATION obj=NONE ts=2025-04-07 12:00:00
2026-09-30 22:03:20 [INFO] CRT.ParentFeed | parent_crt H4 RANGE_C1 -> MANIPULATION_C2 bias=NONE htf=ACCUMULATION obj=NONE ts=2025-04-07 20:00:00
2026-09-30 22:03:20 [INFO] CRT.ParentFeed | parent_crt H4 MANIPULATION_C2 -> DISTRIBUTION_C3 bias=LONG htf=ACCUMULATION obj=EXISTS ts=2025-04-08 00:00:00
2026-09-30 22:03:20 [INFO] CRT.ParentFeed | parent_crt H4 DISTRIBUTION_C3 -> RANGE_C1 bias=NONE htf=EXPANSION obj=NONE ts=2025-04-08 04:00:00
2026-09-30 22:03:20 [INFO] CRT.ParentFeed | parent_crt H4 RANGE_C1 -> MANIPULATION_C2 bias=NONE htf=DISTRIBUTION obj=NONE ts=2025-04-08 12:00:00
2026-09-30 22:03:20 [INFO] CRT.ParentFeed | parent_crt H4 MANIPULATION_C2 -> DISTRIBUTION_C3 bias=SHORT htf=EXPANSION obj=ACHIEVED ts=2025-04-08 16:00:00
2026-09-30 22:03:20 [INFO] CRT.ParentFeed | parent_crt H4 DISTRIBUTION_C3 -> RANGE_C1 bias=NONE htf=EXPANSION obj=NONE ts=2025-04-08 20:00:00
2026-09-30 22:03:21 [INFO] CRT.ParentFeed | parent_crt H4 RANGE_C1 -> MANIPULATION_C2 bias=NONE htf=DISTRIBUTION obj=NONE ts=2025-04-09 00:00:00
2026-09-30 22:03:21 [INFO] CRT.ParentFeed | parent_crt H4 MANIPULATION_C2 -> DISTRIBUTION_C3 bias=LONG htf=REVERSAL obj=ACHIEVED ts=2025-04-09 04:00:00
2026-09-30 22:03:21 [INFO] CRT.ParentFeed | parent_crt H4 DISTRIBUTION_C3 -> RANGE_C1 bias=NONE htf=EXPANSION obj=NONE ts=2025-04-09 08:00:00
2026-09-30 22:03:21 [INFO] CRT.ParentFeed | parent_crt H4 RANGE_C1 -> MANIPULATION_C2 bias=NONE htf=ACCUMULATION obj=NONE ts=2025-04-09 12:00:00
2026-09-30 22:03:21 [INFO] CRT.ParentFeed | parent_crt H4 MANIPULATION_C2 -> RANGE_C1 bias=NONE htf=EXPANSION obj=NONE ts=2025-04-09 16:00:00
2026-09-30 22:03:21 [INFO] CRT.ParentFeed | parent_crt H4 RANGE_C1 -> MANIPULATION_C2 bias=NONE htf=DISTRIBUTION obj=NONE ts=2025-04-09 20:00:00
2026-09-30 22:03:21 [INFO] CRT.ParentFeed | parent_crt H4 MANIPULATION_C2 -> RANGE_C1 bias=NONE htf=ACCUMULATION obj=NONE ts=2025-04-10 00:00:00
2026-09-30 22:03:21 [INFO] CRT.ParentFeed | parent_crt H4 RANGE_C1 -> MANIPULATION_C2 bias=NONE htf=ACCUMULATION obj=NONE ts=2025-04-10 08:00:00
2026-09-30 22:03:21 [INFO] CRT.ParentFeed | parent_crt H4 MANIPULATION_C2 -> RANGE_C1 bias=NONE htf=DISTRIBUTION obj=NONE ts=2025-04-10 12:00:00
2026-09-30 22:03:21 [INFO] CRT.ParentFeed | parent_crt H4 RANGE_C1 -> MANIPULATION_C2 bias=NONE htf=ACCUMULATION obj=NONE ts=2025-04-11 04:00:00
2026-09-30 22:03:21 [INFO] CRT.ParentFeed | parent_crt H4 MANIPULATION_C2 -> RANGE_C1 bias=NONE htf=DISTRIBUTION obj=NONE ts=2025-04-11 08:00:00
2026-09-30 22:03:22 [INFO] CRT.ParentFeed | parent_crt H4 RANGE_C1 -> MANIPULATION_C2 bias=NONE htf=ACCUMULATION obj=NONE ts=2025-04-11 16:00:00
2026-09-30 22:03:22 [INFO] CRT.ParentFeed | parent_crt H4 MANIPULATION_C2 -> RANGE_C1 bias=NONE htf=ACCUMULATION obj=NONE ts=2025-04-11 20:00:00
2026-09-30 22:03:22 [INFO] CRT.GapDetector | GAP RESET | Session gap detected: 2955min > 120min (2025-04-14 01:00 → 2025-04-14 01:00)
2026-09-30 22:03:22 [INFO] CRT.ParentFeed | parent_crt H4 RANGE_C1 -> MANIPULATION_C2 bias=NONE htf=DISTRIBUTION obj=NONE ts=2025-04-14 04:00:00
2026-09-30 22:03:22 [INFO] CRT.ParentFeed | parent_crt H4 MANIPULATION_C2 -> DISTRIBUTION_C3 bias=SHORT htf=ACCUMULATION obj=EXISTS ts=2025-04-14 08:00:00
2026-09-30 22:03:22 [INFO] CRT.ParentFeed | parent_crt H4 DISTRIBUTION_C3 -> RANGE_C1 bias=NONE htf=EXPANSION obj=NONE ts=2025-04-14 12:00:00
2026-09-30 22:03:22 [INFO] CRT.ParentFeed | parent_crt H4 RANGE_C1 -> MANIPULATION_C2 bias=NONE htf=ACCUMULATION obj=NONE ts=2025-04-14 16:00:00
2026-09-30 22:03:22 [INFO] CRT.ParentFeed | parent_crt H4 MANIPULATION_C2 -> DISTRIBUTION_C3 bias=LONG htf=ACCUMULATION obj=EXISTS ts=2025-04-14 20:00:00
2026-09-30 22:03:22 [INFO] CRT.ParentFeed | parent_crt H4 DISTRIBUTION_C3 -> RANGE_C1 bias=NONE htf=ACCUMULATION obj=NONE ts=2025-04-15 00:00:00
2026-09-30 22:03:22 [INFO] CRT.ParentFeed | parent_crt H4 RANGE_C1 -> MANIPULATION_C2 bias=NONE htf=EXPANSION obj=NONE ts=2025-04-15 04:00:00
2026-09-30 22:03:22 [INFO] CRT.ParentFeed | parent_crt H4 MANIPULATION_C2 -> RANGE_C1 bias=NONE htf=ACCUMULATION obj=NONE ts=2025-04-15 08:00:00
2026-09-30 22:03:23 [INFO] CRT.ParentFeed | parent_crt H4 RANGE_C1 -> MANIPULATION_C2 bias=NONE htf=DISTRIBUTION obj=NONE ts=2025-04-15 12:00:00
2026-09-30 22:03:23 [INFO] CRT.ParentFeed | parent_crt H4 MANIPULATION_C2 -> RANGE_C1 bias=NONE htf=ACCUMULATION obj=NONE ts=2025-04-15 16:00:00
2026-09-30 22:03:23 [INFO] CRT.ParentFeed | parent_crt H4 RANGE_C1 -> MANIPULATION_C2 bias=NONE htf=ACCUMULATION obj=NONE ts=2025-04-17 08:00:00
2026-09-30 22:03:23 [INFO] CRT.ParentFeed | parent_crt H4 MANIPULATION_C2 -> DISTRIBUTION_C3 bias=LONG htf=ACCUMULATION obj=EXISTS ts=2025-04-17 12:00:00
2026-09-30 22:03:24 [INFO] CRT.ParentFeed | parent_crt H4 DISTRIBUTION_C3 -> RANGE_C1 bias=NONE htf=REVERSAL obj=NONE ts=2025-04-17 16:00:00
2026-09-30 22:03:24 [INFO] CRT.GapDetector | GAP RESET | Session gap detected: 4395min > 120min (2025-04-21 01:00 → 2025-04-21 01:00)
2026-09-30 22:03:24 [INFO] CRT.ParentFeed | parent_crt H4 RANGE_C1 -> MANIPULATION_C2 bias=NONE htf=ACCUMULATION obj=NONE ts=2025-04-21 16:00:00
2026-09-30 22:03:24 [INFO] CRT.ParentFeed | parent_crt H4 MANIPULATION_C2 -> RANGE_C1 bias=NONE htf=ACCUMULATION obj=NONE ts=2025-04-21 20:00:00
2026-09-30 22:03:24 [INFO] CRT.ParentFeed | parent_crt H4 RANGE_C1 -> MANIPULATION_C2 bias=NONE htf=DISTRIBUTION obj=NONE ts=2025-04-22 00:00:00
2026-09-30 22:03:24 [INFO] CRT.ParentFeed | parent_crt H4 MANIPULATION_C2 -> RANGE_C1 bias=NONE htf=EXPANSION obj=NONE ts=2025-04-22 04:00:00
2026-09-30 22:03:24 [INFO] CRT.ParentFeed | parent_crt H4 RANGE_C1 -> MANIPULATION_C2 bias=NONE htf=ACCUMULATION obj=NONE ts=2025-04-22 08:00:00
2026-09-30 22:03:24 [INFO] CRT.ParentFeed | parent_crt H4 MANIPULATION_C2 -> DISTRIBUTION_C3 bias=SHORT htf=EXPANSION obj=EXISTS ts=2025-04-22 12:00:00
2026-09-30 22:03:24 [INFO] CRT.ParentFeed | parent_crt H4 DISTRIBUTION_C3 -> RANGE_C1 bias=NONE htf=EXPANSION obj=NONE ts=2025-04-22 16:00:00
2026-09-30 22:03:24 [INFO] CRT.ParentFeed | parent_crt H4 RANGE_C1 -> MANIPULATION_C2 bias=NONE htf=ACCUMULATION obj=NONE ts=2025-04-22 20:00:00
2026-09-30 22:03:24 [INFO] CRT.ParentFeed | parent_crt H4 MANIPULATION_C2 -> DISTRIBUTION_C3 bias=LONG htf=DISTRIBUTION obj=INVALIDATED ts=2025-04-23 00:00:00
2026-09-30 22:03:24 [INFO] CRT.ParentFeed | parent_crt H4 DISTRIBUTION_C3 -> RANGE_C1 bias=NONE htf=ACCUMULATION obj=NONE ts=2025-04-23 04:00:00
2026-09-30 22:03:25 [INFO] CRT.ParentFeed | parent_crt H4 RANGE_C1 -> MANIPULATION_C2 bias=NONE htf=ACCUMULATION obj=NONE ts=2025-04-24 04:00:00
2026-09-30 22:03:25 [INFO] CRT.ParentFeed | parent_crt H4 MANIPULATION_C2 -> RANGE_C1 bias=NONE htf=ACCUMULATION obj=NONE ts=2025-04-24 08:00:00
2026-09-30 22:03:25 [INFO] CRT.ParentFeed | parent_crt H4 RANGE_C1 -> MANIPULATION_C2 bias=NONE htf=ACCUMULATION obj=NONE ts=2025-04-24 12:00:00
2026-09-30 22:03:25 [INFO] CRT.ParentFeed | parent_crt H4 MANIPULATION_C2 -> DISTRIBUTION_C3 bias=SHORT htf=DISTRIBUTION obj=EXISTS ts=2025-04-24 16:00:00
2026-09-30 22:03:25 [INFO] CRT.ParentFeed | parent_crt H4 DISTRIBUTION_C3 -> RANGE_C1 bias=NONE htf=REVERSAL obj=NONE ts=2025-04-24 20:00:00
2026-09-30 22:03:26 [INFO] CRT.GapDetector | GAP RESET | Session gap detected: 2955min > 120min (2025-04-28 01:00 → 2025-04-28 01:00)
2026-09-30 22:03:26 [INFO] CRT.ParentFeed | parent_crt H4 RANGE_C1 -> MANIPULATION_C2 bias=NONE htf=DISTRIBUTION obj=NONE ts=2025-04-28 00:00:00
2026-09-30 22:03:26 [INFO] CRT.ParentFeed | parent_crt H4 MANIPULATION_C2 -> DISTRIBUTION_C3 bias=SHORT htf=DISTRIBUTION obj=EXISTS ts=2025-04-28 04:00:00
2026-09-30 22:03:26 [INFO] CRT.ParentFeed | parent_crt H4 DISTRIBUTION_C3 -> RANGE_C1 bias=NONE htf=ACCUMULATION obj=NONE ts=2025-04-28 08:00:00
2026-09-30 22:03:26 [INFO] CRT.ParentFeed | parent_crt H4 RANGE_C1 -> MANIPULATION_C2 bias=NONE htf=DISTRIBUTION obj=NONE ts=2025-04-28 12:00:00
2026-09-30 22:03:26 [INFO] CRT.ParentFeed | parent_crt H4 MANIPULATION_C2 -> RANGE_C1 bias=NONE htf=EXPANSION obj=NONE ts=2025-04-28 16:00:00
2026-09-30 22:03:26 [INFO] CRT.ParentFeed | parent_crt H4 RANGE_C1 -> MANIPULATION_C2 bias=NONE htf=ACCUMULATION obj=NONE ts=2025-04-29 08:00:00
2026-09-30 22:03:26 [INFO] CRT.ParentFeed | parent_crt H4 MANIPULATION_C2 -> DISTRIBUTION_C3 bias=LONG htf=ACCUMULATION obj=EXISTS ts=2025-04-29 12:00:00
2026-09-30 22:03:26 [INFO] CRT.ParentFeed | parent_crt H4 DISTRIBUTION_C3 -> RANGE_C1 bias=NONE htf=EXPANSION obj=NONE ts=2025-04-29 16:00:00
2026-09-30 22:03:26 [INFO] CRT.ParentFeed | parent_crt H4 RANGE_C1 -> MANIPULATION_C2 bias=NONE htf=DISTRIBUTION obj=NONE ts=2025-04-30 00:00:00
2026-09-30 22:03:26 [INFO] CRT.ParentFeed | parent_crt H4 MANIPULATION_C2 -> RANGE_C1 bias=NONE htf=EXPANSION obj=NONE ts=2025-04-30 04:00:00
2026-09-30 22:03:27 [INFO] CRT.ParentFeed | parent_crt H4 RANGE_C1 -> MANIPULATION_C2 bias=NONE htf=DISTRIBUTION obj=NONE ts=2025-04-30 12:00:00
2026-09-30 22:03:27 [INFO] CRT.ParentFeed | parent_crt H4 MANIPULATION_C2 -> DISTRIBUTION_C3 bias=LONG htf=EXPANSION obj=EXISTS ts=2025-04-30 16:00:00
2026-09-30 22:03:27 [INFO] CRT.ParentFeed | parent_crt H4 DISTRIBUTION_C3 -> RANGE_C1 bias=NONE htf=REVERSAL obj=NONE ts=2025-04-30 20:00:00
2026-09-30 22:03:27 [INFO] CRT.ParentFeed | parent_crt H4 RANGE_C1 -> MANIPULATION_C2 bias=NONE htf=DISTRIBUTION obj=NONE ts=2025-05-01 12:00:00
2026-09-30 22:03:27 [INFO] CRT.ParentFeed | parent_crt H4 MANIPULATION_C2 -> RANGE_C1 bias=NONE htf=ACCUMULATION obj=NONE ts=2025-05-01 16:00:00
2026-09-30 22:03:27 [INFO] CRT.ParentFeed | parent_crt H4 RANGE_C1 -> MANIPULATION_C2 bias=NONE htf=ACCUMULATION obj=NONE ts=2025-05-02 00:00:00
2026-09-30 22:03:27 [INFO] CRT.ParentFeed | parent_crt H4 MANIPULATION_C2 -> RANGE_C1 bias=NONE htf=REVERSAL obj=NONE ts=2025-05-02 04:00:00
2026-09-30 22:03:27 [INFO] CRT.ParentFeed | parent_crt H4 RANGE_C1 -> MANIPULATION_C2 bias=NONE htf=ACCUMULATION obj=NONE ts=2025-05-02 08:00:00
2026-09-30 22:03:27 [INFO] CRT.ParentFeed | parent_crt H4 MANIPULATION_C2 -> DISTRIBUTION_C3 bias=SHORT htf=DISTRIBUTION obj=EXISTS ts=2025-05-02 12:00:00
2026-09-30 22:03:27 [INFO] CRT.ParentFeed | parent_crt H4 DISTRIBUTION_C3 -> RANGE_C1 bias=NONE htf=EXPANSION obj=NONE ts=2025-05-02 16:00:00
2026-09-30 22:03:28 [INFO] CRT.GapDetector | GAP RESET | Session gap detected: 2955min > 120min (2025-05-05 01:00 → 2025-05-05 01:00)
2026-09-30 22:03:28 [INFO] CRT.ParentFeed | parent_crt H4 RANGE_C1 -> MANIPULATION_C2 bias=NONE htf=ACCUMULATION obj=NONE ts=2025-05-05 16:00:00
2026-09-30 22:03:28 [INFO] CRT.ParentFeed | parent_crt H4 MANIPULATION_C2 -> RANGE_C1 bias=NONE htf=REVERSAL obj=NONE ts=2025-05-05 20:00:00
2026-09-30 22:03:28 [INFO] CRT.ParentFeed | parent_crt H4 RANGE_C1 -> MANIPULATION_C2 bias=NONE htf=ACCUMULATION obj=NONE ts=2025-05-06 00:00:00
2026-09-30 22:03:28 [INFO] CRT.ParentFeed | parent_crt H4 MANIPULATION_C2 -> RANGE_C1 bias=NONE htf=REVERSAL obj=NONE ts=2025-05-06 04:00:00
2026-09-30 22:03:28 [INFO] CRT.ParentFeed | parent_crt H4 RANGE_C1 -> MANIPULATION_C2 bias=NONE htf=REVERSAL obj=NONE ts=2025-05-07 00:00:00
2026-09-30 22:03:29 [INFO] CRT.ParentFeed | parent_crt H4 MANIPULATION_C2 -> RANGE_C1 bias=NONE htf=ACCUMULATION obj=NONE ts=2025-05-07 04:00:00
2026-09-30 22:03:29 [INFO] CRT.ParentFeed | parent_crt H4 RANGE_C1 -> MANIPULATION_C2 bias=NONE htf=ACCUMULATION obj=NONE ts=2025-05-07 08:00:00
2026-09-30 22:03:29 [INFO] CRT.ParentFeed | parent_crt H4 MANIPULATION_C2 -> RANGE_C1 bias=NONE htf=DISTRIBUTION obj=NONE ts=2025-05-07 12:00:00
2026-09-30 22:03:29 [INFO] CRT.ParentFeed | parent_crt H4 RANGE_C1 -> MANIPULATION_C2 bias=NONE htf=ACCUMULATION obj=NONE ts=2025-05-07 16:00:00
2026-09-30 22:03:29 [INFO] CRT.ParentFeed | parent_crt H4 MANIPULATION_C2 -> DISTRIBUTION_C3 bias=SHORT htf=EXPANSION obj=ACHIEVED ts=2025-05-07 20:00:00
2026-09-30 22:03:29 [INFO] CRT.ParentFeed | parent_crt H4 DISTRIBUTION_C3 -> RANGE_C1 bias=NONE htf=ACCUMULATION obj=NONE ts=2025-05-08 00:00:00
2026-09-30 22:03:29 [INFO] CRT.ParentFeed | parent_crt H4 RANGE_C1 -> MANIPULATION_C2 bias=NONE htf=DISTRIBUTION obj=NONE ts=2025-05-08 04:00:00
2026-09-30 22:03:29 [INFO] CRT.ParentFeed | parent_crt H4 MANIPULATION_C2 -> DISTRIBUTION_C3 bias=SHORT htf=REVERSAL obj=ACHIEVED ts=2025-05-08 08:00:00
2026-09-30 22:03:29 [INFO] CRT.ParentFeed | parent_crt H4 DISTRIBUTION_C3 -> RANGE_C1 bias=NONE htf=ACCUMULATION obj=NONE ts=2025-05-08 12:00:00
2026-09-30 22:03:29 [INFO] CRT.ParentFeed | parent_crt H4 RANGE_C1 -> MANIPULATION_C2 bias=NONE htf=REVERSAL obj=NONE ts=2025-05-08 16:00:00
2026-09-30 22:03:29 [INFO] CRT.ParentFeed | parent_crt H4 MANIPULATION_C2 -> DISTRIBUTION_C3 bias=SHORT htf=ACCUMULATION obj=ACHIEVED ts=2025-05-08 20:00:00
2026-09-30 22:03:29 [INFO] CRT.ParentFeed | parent_crt H4 DISTRIBUTION_C3 -> RANGE_C1 bias=NONE htf=REVERSAL obj=NONE ts=2025-05-09 00:00:00
2026-09-30 22:03:29 [INFO] CRT.ParentFeed | parent_crt H4 RANGE_C1 -> MANIPULATION_C2 bias=NONE htf=EXPANSION obj=NONE ts=2025-05-09 04:00:00
2026-09-30 22:03:29 [INFO] CRT.ParentFeed | parent_crt H4 MANIPULATION_C2 -> DISTRIBUTION_C3 bias=LONG htf=EXPANSION obj=ACHIEVED ts=2025-05-09 08:00:00
2026-09-30 22:03:29 [INFO] CRT.ParentFeed | parent_crt H4 DISTRIBUTION_C3 -> RANGE_C1 bias=NONE htf=EXPANSION obj=NONE ts=2025-05-09 12:00:00
2026-09-30 22:03:29 [INFO] CRT.ParentFeed | parent_crt H4 RANGE_C1 -> MANIPULATION_C2 bias=NONE htf=DISTRIBUTION obj=NONE ts=2025-05-09 16:00:00
2026-09-30 22:03:29 [INFO] CRT.ParentFeed | parent_crt H4 MANIPULATION_C2 -> DISTRIBUTION_C3 bias=SHORT htf=ACCUMULATION obj=EXISTS ts=2025-05-09 20:00:00
2026-09-30 22:03:29 [INFO] CRT.GapDetector | GAP RESET | Session gap detected: 2955min > 120min (2025-05-12 01:00 → 2025-05-12 01:00)
2026-09-30 22:03:29 [INFO] CRT.ParentFeed | parent_crt H4 DISTRIBUTION_C3 -> RANGE_C1 bias=NONE htf=EXPANSION obj=NONE ts=2025-05-12 00:00:00
2026-09-30 22:03:29 [INFO] CRT.ParentFeed | parent_crt H4 RANGE_C1 -> MANIPULATION_C2 bias=NONE htf=ACCUMULATION obj=NONE ts=2025-05-12 04:00:00
2026-09-30 22:03:30 [INFO] CRT.ParentFeed | parent_crt H4 MANIPULATION_C2 -> RANGE_C1 bias=NONE htf=EXPANSION obj=NONE ts=2025-05-12 08:00:00
2026-09-30 22:03:30 [INFO] CRT.ParentFeed | parent_crt H4 RANGE_C1 -> MANIPULATION_C2 bias=NONE htf=ACCUMULATION obj=NONE ts=2025-05-12 12:00:00
2026-09-30 22:03:30 [INFO] CRT.ParentFeed | parent_crt H4 MANIPULATION_C2 -> RANGE_C1 bias=NONE htf=ACCUMULATION obj=NONE ts=2025-05-12 16:00:00
2026-09-30 22:03:30 [INFO] CRT.ParentFeed | parent_crt H4 RANGE_C1 -> MANIPULATION_C2 bias=NONE htf=ACCUMULATION obj=NONE ts=2025-05-12 20:00:00
2026-09-30 22:03:30 [INFO] CRT.ParentFeed | parent_crt H4 MANIPULATION_C2 -> DISTRIBUTION_C3 bias=LONG htf=EXPANSION obj=EXISTS ts=2025-05-13 00:00:00
2026-09-30 22:03:30 [INFO] CRT.ParentFeed | parent_crt H4 DISTRIBUTION_C3 -> RANGE_C1 bias=NONE htf=EXPANSION obj=NONE ts=2025-05-13 04:00:00
2026-09-30 22:03:30 [INFO] CRT.ParentFeed | parent_crt H4 RANGE_C1 -> MANIPULATION_C2 bias=NONE htf=DISTRIBUTION obj=NONE ts=2025-05-13 16:00:00
2026-09-30 22:03:30 [INFO] CRT.ParentFeed | parent_crt H4 MANIPULATION_C2 -> RANGE_C1 bias=NONE htf=ACCUMULATION obj=NONE ts=2025-05-13 20:00:00
2026-09-30 22:03:30 [INFO] CRT.ParentFeed | parent_crt H4 RANGE_C1 -> MANIPULATION_C2 bias=NONE htf=DISTRIBUTION obj=NONE ts=2025-05-14 00:00:00
2026-09-30 22:03:30 [INFO] CRT.ParentFeed | parent_crt H4 MANIPULATION_C2 -> DISTRIBUTION_C3 bias=SHORT htf=EXPANSION obj=ACHIEVED ts=2025-05-14 04:00:00
2026-09-30 22:03:30 [INFO] CRT.ParentFeed | parent_crt H4 DISTRIBUTION_C3 -> RANGE_C1 bias=NONE htf=ACCUMULATION obj=NONE ts=2025-05-14 08:00:00
2026-09-30 22:03:30 [INFO] CRT.ParentFeed | parent_crt H4 RANGE_C1 -> MANIPULATION_C2 bias=NONE htf=ACCUMULATION obj=NONE ts=2025-05-14 16:00:00
2026-09-30 22:03:30 [INFO] CRT.ParentFeed | parent_crt H4 MANIPULATION_C2 -> RANGE_C1 bias=NONE htf=ACCUMULATION obj=NONE ts=2025-05-14 20:00:00
2026-09-30 22:03:31 [INFO] CRT.ParentFeed | parent_crt H4 RANGE_C1 -> MANIPULATION_C2 bias=NONE htf=REVERSAL obj=NONE ts=2025-05-15 04:00:00
2026-09-30 22:03:31 [INFO] CRT.ParentFeed | parent_crt H4 MANIPULATION_C2 -> RANGE_C1 bias=NONE htf=ACCUMULATION obj=NONE ts=2025-05-15 08:00:00
2026-09-30 22:03:31 [INFO] CRT.ParentFeed | parent_crt H4 RANGE_C1 -> MANIPULATION_C2 bias=NONE htf=ACCUMULATION obj=NONE ts=2025-05-16 08:00:00
2026-09-30 22:03:31 [INFO] CRT.ParentFeed | parent_crt H4 MANIPULATION_C2 -> RANGE_C1 bias=NONE htf=EXPANSION obj=NONE ts=2025-05-16 12:00:00
2026-09-30 22:03:32 [INFO] CRT.GapDetector | GAP RESET | Session gap detected: 2955min > 120min (2025-05-19 01:00 → 2025-05-19 01:00)
2026-09-30 22:03:32 [INFO] CRT.ParentFeed | parent_crt H4 RANGE_C1 -> MANIPULATION_C2 bias=NONE htf=ACCUMULATION obj=NONE ts=2025-05-19 12:00:00
2026-09-30 22:03:32 [INFO] CRT.ParentFeed | parent_crt H4 MANIPULATION_C2 -> RANGE_C1 bias=NONE htf=DISTRIBUTION obj=NONE ts=2025-05-19 16:00:00
2026-09-30 22:03:32 [INFO] CRT.ParentFeed | parent_crt H4 RANGE_C1 -> MANIPULATION_C2 bias=NONE htf=DISTRIBUTION obj=NONE ts=2025-05-20 04:00:00
2026-09-30 22:03:32 [INFO] CRT.ParentFeed | parent_crt H4 MANIPULATION_C2 -> RANGE_C1 bias=NONE htf=REVERSAL obj=NONE ts=2025-05-20 08:00:00
2026-09-30 22:03:33 [INFO] CRT.ParentFeed | parent_crt H4 RANGE_C1 -> MANIPULATION_C2 bias=NONE htf=DISTRIBUTION obj=NONE ts=2025-05-21 04:00:00
2026-09-30 22:03:33 [INFO] CRT.ParentFeed | parent_crt H4 MANIPULATION_C2 -> RANGE_C1 bias=NONE htf=ACCUMULATION obj=NONE ts=2025-05-21 08:00:00
2026-09-30 22:03:33 [INFO] CRT.ParentFeed | parent_crt H4 RANGE_C1 -> MANIPULATION_C2 bias=NONE htf=DISTRIBUTION obj=NONE ts=2025-05-21 12:00:00
2026-09-30 22:03:33 [INFO] CRT.ParentFeed | parent_crt H4 MANIPULATION_C2 -> DISTRIBUTION_C3 bias=LONG htf=ACCUMULATION obj=EXISTS ts=2025-05-21 16:00:00
2026-09-30 22:03:33 [INFO] CRT.ParentFeed | parent_crt H4 DISTRIBUTION_C3 -> RANGE_C1 bias=NONE htf=DISTRIBUTION obj=NONE ts=2025-05-21 20:00:00
2026-09-30 22:03:33 [INFO] CRT.ParentFeed | parent_crt H4 RANGE_C1 -> MANIPULATION_C2 bias=NONE htf=ACCUMULATION obj=NONE ts=2025-05-22 00:00:00
2026-09-30 22:03:33 [INFO] CRT.ParentFeed | parent_crt H4 MANIPULATION_C2 -> RANGE_C1 bias=NONE htf=EXPANSION obj=NONE ts=2025-05-22 04:00:00
2026-09-30 22:03:33 [INFO] CRT.ParentFeed | parent_crt H4 RANGE_C1 -> MANIPULATION_C2 bias=NONE htf=DISTRIBUTION obj=NONE ts=2025-05-22 16:00:00
2026-09-30 22:03:33 [INFO] CRT.ParentFeed | parent_crt H4 MANIPULATION_C2 -> DISTRIBUTION_C3 bias=SHORT htf=ACCUMULATION obj=EXISTS ts=2025-05-22 20:00:00
2026-09-30 22:03:33 [INFO] CRT.ParentFeed | parent_crt H4 DISTRIBUTION_C3 -> RANGE_C1 bias=NONE htf=DISTRIBUTION obj=NONE ts=2025-05-23 00:00:00
2026-09-30 22:03:34 [INFO] CRT.ParentFeed | parent_crt H4 RANGE_C1 -> MANIPULATION_C2 bias=NONE htf=ACCUMULATION obj=NONE ts=2025-05-23 16:00:00
2026-09-30 22:03:34 [INFO] CRT.ParentFeed | parent_crt H4 MANIPULATION_C2 -> DISTRIBUTION_C3 bias=SHORT htf=ACCUMULATION obj=EXISTS ts=2025-05-23 20:00:00
2026-09-30 22:03:34 [INFO] CRT.GapDetector | GAP RESET | Session gap detected: 2955min > 120min (2025-05-26 01:00 → 2025-05-26 01:00)
2026-09-30 22:03:34 [INFO] CRT.ParentFeed | parent_crt H4 DISTRIBUTION_C3 -> RANGE_C1 bias=NONE htf=EXPANSION obj=NONE ts=2025-05-26 00:00:00
2026-09-30 22:03:34 [INFO] CRT.ParentFeed | parent_crt H4 RANGE_C1 -> MANIPULATION_C2 bias=NONE htf=ACCUMULATION obj=NONE ts=2025-05-26 04:00:00
2026-09-30 22:03:34 [INFO] CRT.ParentFeed | parent_crt H4 MANIPULATION_C2 -> DISTRIBUTION_C3 bias=SHORT htf=REVERSAL obj=EXISTS ts=2025-05-26 08:00:00
2026-09-30 22:03:34 [INFO] CRT.ParentFeed | parent_crt H4 DISTRIBUTION_C3 -> RANGE_C1 bias=NONE htf=ACCUMULATION obj=NONE ts=2025-05-26 12:00:00
2026-09-30 22:03:34 [INFO] CRT.GapDetector | GAP RESET | Session gap detected: 225min > 120min (2025-05-27 01:00 → 2025-05-27 01:00)
2026-09-30 22:03:34 [INFO] CRT.ParentFeed | parent_crt H4 RANGE_C1 -> MANIPULATION_C2 bias=NONE htf=ACCUMULATION obj=NONE ts=2025-05-27 12:00:00
2026-09-30 22:03:34 [INFO] CRT.ParentFeed | parent_crt H4 MANIPULATION_C2 -> DISTRIBUTION_C3 bias=LONG htf=ACCUMULATION obj=EXISTS ts=2025-05-27 16:00:00
2026-09-30 22:03:34 [INFO] CRT.ParentFeed | parent_crt H4 DISTRIBUTION_C3 -> RANGE_C1 bias=NONE htf=ACCUMULATION obj=NONE ts=2025-05-27 20:00:00
2026-09-30 22:03:35 [INFO] CRT.ParentFeed | parent_crt H4 RANGE_C1 -> MANIPULATION_C2 bias=NONE htf=ACCUMULATION obj=NONE ts=2025-05-28 12:00:00
2026-09-30 22:03:35 [INFO] CRT.ParentFeed | parent_crt H4 MANIPULATION_C2 -> DISTRIBUTION_C3 bias=SHORT htf=EXPANSION obj=ACHIEVED ts=2025-05-28 16:00:00
2026-09-30 22:03:35 [INFO] CRT.ParentFeed | parent_crt H4 DISTRIBUTION_C3 -> RANGE_C1 bias=NONE htf=ACCUMULATION obj=NONE ts=2025-05-28 20:00:00
2026-09-30 22:03:35 [INFO] CRT.ParentFeed | parent_crt H4 RANGE_C1 -> MANIPULATION_C2 bias=NONE htf=ACCUMULATION obj=NONE ts=2025-05-29 04:00:00
2026-09-30 22:03:35 [INFO] CRT.ParentFeed | parent_crt H4 MANIPULATION_C2 -> DISTRIBUTION_C3 bias=LONG htf=EXPANSION obj=EXISTS ts=2025-05-29 08:00:00
2026-09-30 22:03:35 [INFO] CRT.ParentFeed | parent_crt H4 DISTRIBUTION_C3 -> RANGE_C1 bias=NONE htf=EXPANSION obj=NONE ts=2025-05-29 12:00:00
2026-09-30 22:03:35 [INFO] CRT.ParentFeed | parent_crt H4 RANGE_C1 -> MANIPULATION_C2 bias=NONE htf=EXPANSION obj=NONE ts=2025-05-30 04:00:00
2026-09-30 22:03:35 [INFO] CRT.ParentFeed | parent_crt H4 MANIPULATION_C2 -> DISTRIBUTION_C3 bias=SHORT htf=ACCUMULATION obj=ACHIEVED ts=2025-05-30 08:00:00
2026-09-30 22:03:35 [INFO] CRT.ParentFeed | parent_crt H4 DISTRIBUTION_C3 -> RANGE_C1 bias=NONE htf=DISTRIBUTION obj=NONE ts=2025-05-30 12:00:00
2026-09-30 22:03:35 [INFO] CRT.ParentFeed | parent_crt H4 RANGE_C1 -> MANIPULATION_C2 bias=NONE htf=DISTRIBUTION obj=NONE ts=2025-05-30 16:00:00
2026-09-30 22:03:35 [INFO] CRT.ParentFeed | parent_crt H4 MANIPULATION_C2 -> DISTRIBUTION_C3 bias=SHORT htf=ACCUMULATION obj=EXISTS ts=2025-05-30 20:00:00
2026-09-30 22:03:35 [INFO] CRT.GapDetector | GAP RESET | Session gap detected: 2955min > 120min (2025-06-02 01:00 → 2025-06-02 01:00)
2026-09-30 22:03:35 [INFO] CRT.ParentFeed | parent_crt H4 DISTRIBUTION_C3 -> RANGE_C1 bias=NONE htf=REVERSAL obj=NONE ts=2025-06-02 00:00:00
2026-09-30 22:03:36 [INFO] CRT.ParentFeed | parent_crt H4 RANGE_C1 -> MANIPULATION_C2 bias=NONE htf=ACCUMULATION obj=NONE ts=2025-06-02 04:00:00
2026-09-30 22:03:36 [INFO] CRT.ParentFeed | parent_crt H4 MANIPULATION_C2 -> RANGE_C1 bias=NONE htf=EXPANSION obj=NONE ts=2025-06-02 08:00:00
2026-09-30 22:03:36 [INFO] CRT.ParentFeed | parent_crt H4 RANGE_C1 -> MANIPULATION_C2 bias=NONE htf=ACCUMULATION obj=NONE ts=2025-06-02 12:00:00
2026-09-30 22:03:36 [INFO] CRT.ParentFeed | parent_crt H4 MANIPULATION_C2 -> RANGE_C1 bias=NONE htf=EXPANSION obj=NONE ts=2025-06-02 16:00:00
2026-09-30 22:03:36 [INFO] CRT.ParentFeed | parent_crt H4 RANGE_C1 -> MANIPULATION_C2 bias=NONE htf=DISTRIBUTION obj=NONE ts=2025-06-03 00:00:00
2026-09-30 22:03:36 [INFO] CRT.ParentFeed | parent_crt H4 MANIPULATION_C2 -> DISTRIBUTION_C3 bias=SHORT htf=EXPANSION obj=ACHIEVED ts=2025-06-03 04:00:00
2026-09-30 22:03:36 [INFO] CRT.ParentFeed | parent_crt H4 DISTRIBUTION_C3 -> RANGE_C1 bias=NONE htf=ACCUMULATION obj=NONE ts=2025-06-03 08:00:00
2026-09-30 22:03:36 [INFO] CRT.ParentFeed | parent_crt H4 RANGE_C1 -> MANIPULATION_C2 bias=NONE htf=ACCUMULATION obj=NONE ts=2025-06-03 12:00:00
2026-09-30 22:03:36 [INFO] CRT.ParentFeed | parent_crt H4 MANIPULATION_C2 -> RANGE_C1 bias=NONE htf=EXPANSION obj=NONE ts=2025-06-03 16:00:00
2026-09-30 22:03:36 [INFO] CRT.ParentFeed | parent_crt H4 RANGE_C1 -> MANIPULATION_C2 bias=NONE htf=DISTRIBUTION obj=NONE ts=2025-06-04 00:00:00
2026-09-30 22:03:36 [INFO] CRT.ParentFeed | parent_crt H4 MANIPULATION_C2 -> RANGE_C1 bias=NONE htf=DISTRIBUTION obj=NONE ts=2025-06-04 04:00:00
2026-09-30 22:03:36 [INFO] CRT.ParentFeed | parent_crt H4 RANGE_C1 -> MANIPULATION_C2 bias=NONE htf=DISTRIBUTION obj=NONE ts=2025-06-04 12:00:00
2026-09-30 22:03:36 [INFO] CRT.ParentFeed | parent_crt H4 MANIPULATION_C2 -> DISTRIBUTION_C3 bias=LONG htf=REVERSAL obj=ACHIEVED ts=2025-06-04 16:00:00
2026-09-30 22:03:37 [INFO] CRT.ParentFeed | parent_crt H4 DISTRIBUTION_C3 -> RANGE_C1 bias=NONE htf=ACCUMULATION obj=NONE ts=2025-06-04 20:00:00
2026-09-30 22:03:37 [INFO] CRT.ParentFeed | parent_crt H4 RANGE_C1 -> MANIPULATION_C2 bias=NONE htf=REVERSAL obj=NONE ts=2025-06-05 04:00:00
2026-09-30 22:03:37 [INFO] CRT.ParentFeed | parent_crt H4 MANIPULATION_C2 -> RANGE_C1 bias=NONE htf=ACCUMULATION obj=NONE ts=2025-06-05 08:00:00
2026-09-30 22:03:37 [INFO] CRT.ParentFeed | parent_crt H4 RANGE_C1 -> MANIPULATION_C2 bias=NONE htf=ACCUMULATION obj=NONE ts=2025-06-06 00:00:00
2026-09-30 22:03:37 [INFO] CRT.ParentFeed | parent_crt H4 MANIPULATION_C2 -> RANGE_C1 bias=NONE htf=EXPANSION obj=NONE ts=2025-06-06 04:00:00
2026-09-30 22:03:37 [INFO] CRT.ParentFeed | parent_crt H4 RANGE_C1 -> MANIPULATION_C2 bias=NONE htf=DISTRIBUTION obj=NONE ts=2025-06-06 08:00:00
2026-09-30 22:03:37 [INFO] CRT.ParentFeed | parent_crt H4 MANIPULATION_C2 -> DISTRIBUTION_C3 bias=SHORT htf=ACCUMULATION obj=ACHIEVED ts=2025-06-06 12:00:00
2026-09-30 22:03:37 [INFO] CRT.ParentFeed | parent_crt H4 DISTRIBUTION_C3 -> RANGE_C1 bias=NONE htf=EXPANSION obj=NONE ts=2025-06-06 16:00:00
2026-09-30 22:03:37 [INFO] CRT.GapDetector | GAP RESET | Session gap detected: 2955min > 120min (2025-06-09 01:00 → 2025-06-09 01:00)
2026-09-30 22:03:37 [INFO] CRT.ParentFeed | parent_crt H4 RANGE_C1 -> MANIPULATION_C2 bias=NONE htf=ACCUMULATION obj=NONE ts=2025-06-09 04:00:00
2026-09-30 22:03:37 [INFO] CRT.ParentFeed | parent_crt H4 MANIPULATION_C2 -> DISTRIBUTION_C3 bias=LONG htf=EXPANSION obj=EXISTS ts=2025-06-09 08:00:00
2026-09-30 22:03:37 [INFO] CRT.ParentFeed | parent_crt H4 DISTRIBUTION_C3 -> RANGE_C1 bias=NONE htf=ACCUMULATION obj=NONE ts=2025-06-09 12:00:00
2026-09-30 22:03:37 [INFO] CRT.ParentFeed | parent_crt H4 RANGE_C1 -> MANIPULATION_C2 bias=NONE htf=EXPANSION obj=NONE ts=2025-06-09 16:00:00
2026-09-30 22:03:37 [INFO] CRT.ParentFeed | parent_crt H4 MANIPULATION_C2 -> RANGE_C1 bias=NONE htf=ACCUMULATION obj=NONE ts=2025-06-09 20:00:00
2026-09-30 22:03:38 [INFO] CRT.ParentFeed | parent_crt H4 RANGE_C1 -> MANIPULATION_C2 bias=NONE htf=REVERSAL obj=NONE ts=2025-06-10 16:00:00
2026-09-30 22:03:38 [INFO] CRT.ParentFeed | parent_crt H4 MANIPULATION_C2 -> RANGE_C1 bias=NONE htf=ACCUMULATION obj=NONE ts=2025-06-10 20:00:00
2026-09-30 22:03:38 [INFO] CRT.ParentFeed | parent_crt H4 RANGE_C1 -> MANIPULATION_C2 bias=NONE htf=DISTRIBUTION obj=NONE ts=2025-06-11 00:00:00
2026-09-30 22:03:38 [INFO] CRT.ParentFeed | parent_crt H4 MANIPULATION_C2 -> RANGE_C1 bias=NONE htf=EXPANSION obj=NONE ts=2025-06-11 04:00:00
2026-09-30 22:03:38 [INFO] CRT.ParentFeed | parent_crt H4 RANGE_C1 -> MANIPULATION_C2 bias=NONE htf=DISTRIBUTION obj=NONE ts=2025-06-11 12:00:00
2026-09-30 22:03:38 [INFO] CRT.ParentFeed | parent_crt H4 MANIPULATION_C2 -> DISTRIBUTION_C3 bias=SHORT htf=ACCUMULATION obj=ACHIEVED ts=2025-06-11 16:00:00
22:03:38 [BT]   25,000/47,275 (53%) | trades=3 cap=98,501 dd=1.5%
2026-09-30 22:03:38 [INFO] CRT.Backtest |   25,000/47,275 (53%) | trades=3 cap=98,501 dd=1.5%
2026-09-30 22:03:39 [INFO] CRT.ParentFeed | parent_crt H4 DISTRIBUTION_C3 -> RANGE_C1 bias=NONE htf=REVERSAL obj=NONE ts=2025-06-11 20:00:00
2026-09-30 22:03:39 [INFO] CRT.ParentFeed | parent_crt H4 RANGE_C1 -> MANIPULATION_C2 bias=NONE htf=ACCUMULATION obj=NONE ts=2025-06-12 04:00:00
2026-09-30 22:03:39 [INFO] CRT.ParentFeed | parent_crt H4 MANIPULATION_C2 -> DISTRIBUTION_C3 bias=SHORT htf=REVERSAL obj=EXISTS ts=2025-06-12 08:00:00
2026-09-30 22:03:39 [INFO] CRT.ParentFeed | parent_crt H4 DISTRIBUTION_C3 -> RANGE_C1 bias=NONE htf=REVERSAL obj=NONE ts=2025-06-12 12:00:00
2026-09-30 22:03:39 [INFO] CRT.ParentFeed | parent_crt H4 RANGE_C1 -> MANIPULATION_C2 bias=NONE htf=ACCUMULATION obj=NONE ts=2025-06-12 16:00:00
2026-09-30 22:03:39 [INFO] CRT.ParentFeed | parent_crt H4 MANIPULATION_C2 -> RANGE_C1 bias=NONE htf=ACCUMULATION obj=NONE ts=2025-06-12 20:00:00
2026-09-30 22:03:39 [INFO] CRT.ParentFeed | parent_crt H4 RANGE_C1 -> MANIPULATION_C2 bias=NONE htf=ACCUMULATION obj=NONE ts=2025-06-13 08:00:00
2026-09-30 22:03:39 [INFO] CRT.ParentFeed | parent_crt H4 MANIPULATION_C2 -> DISTRIBUTION_C3 bias=LONG htf=REVERSAL obj=EXISTS ts=2025-06-13 12:00:00
2026-09-30 22:03:39 [INFO] CRT.ParentFeed | parent_crt H4 DISTRIBUTION_C3 -> RANGE_C1 bias=NONE htf=DISTRIBUTION obj=NONE ts=2025-06-13 16:00:00
2026-09-30 22:03:39 [INFO] CRT.GapDetector | GAP RESET | Session gap detected: 2955min > 120min (2025-06-16 01:00 → 2025-06-16 01:00)
2026-09-30 22:03:39 [INFO] CRT.ParentFeed | parent_crt H4 RANGE_C1 -> MANIPULATION_C2 bias=NONE htf=DISTRIBUTION obj=NONE ts=2025-06-16 00:00:00
2026-09-30 22:03:39 [INFO] CRT.ParentFeed | parent_crt H4 MANIPULATION_C2 -> DISTRIBUTION_C3 bias=SHORT htf=ACCUMULATION obj=EXISTS ts=2025-06-16 04:00:00
2026-09-30 22:03:40 [INFO] CRT.ParentFeed | parent_crt H4 DISTRIBUTION_C3 -> RANGE_C1 bias=NONE htf=EXPANSION obj=NONE ts=2025-06-16 08:00:00
2026-09-30 22:03:40 [INFO] CRT.ParentFeed | parent_crt H4 RANGE_C1 -> MANIPULATION_C2 bias=NONE htf=DISTRIBUTION obj=NONE ts=2025-06-17 00:00:00
2026-09-30 22:03:40 [INFO] CRT.ParentFeed | parent_crt H4 MANIPULATION_C2 -> DISTRIBUTION_C3 bias=SHORT htf=DISTRIBUTION obj=EXISTS ts=2025-06-17 04:00:00
2026-09-30 22:03:40 [INFO] CRT.ParentFeed | parent_crt H4 DISTRIBUTION_C3 -> RANGE_C1 bias=NONE htf=ACCUMULATION obj=NONE ts=2025-06-17 08:00:00
2026-09-30 22:03:40 [INFO] CRT.ParentFeed | parent_crt H4 RANGE_C1 -> MANIPULATION_C2 bias=NONE htf=DISTRIBUTION obj=NONE ts=2025-06-17 12:00:00
2026-09-30 22:03:40 [INFO] CRT.ParentFeed | parent_crt H4 MANIPULATION_C2 -> DISTRIBUTION_C3 bias=SHORT htf=DISTRIBUTION obj=EXISTS ts=2025-06-17 16:00:00
2026-09-30 22:03:40 [INFO] CRT.ParentFeed | parent_crt H4 DISTRIBUTION_C3 -> RANGE_C1 bias=NONE htf=ACCUMULATION obj=NONE ts=2025-06-17 20:00:00
2026-09-30 22:03:40 [INFO] CRT.ParentFeed | parent_crt H4 RANGE_C1 -> MANIPULATION_C2 bias=NONE htf=DISTRIBUTION obj=NONE ts=2025-06-18 00:00:00
2026-09-30 22:03:40 [INFO] CRT.ParentFeed | parent_crt H4 MANIPULATION_C2 -> RANGE_C1 bias=NONE htf=DISTRIBUTION obj=NONE ts=2025-06-18 04:00:00
2026-09-30 22:03:40 [INFO] CRT.ParentFeed | parent_crt H4 RANGE_C1 -> MANIPULATION_C2 bias=NONE htf=ACCUMULATION obj=NONE ts=2025-06-18 12:00:00
2026-09-30 22:03:40 [INFO] CRT.ParentFeed | parent_crt H4 MANIPULATION_C2 -> DISTRIBUTION_C3 bias=LONG htf=EXPANSION obj=EXISTS ts=2025-06-18 16:00:00
2026-09-30 22:03:40 [INFO] CRT.ParentFeed | parent_crt H4 DISTRIBUTION_C3 -> RANGE_C1 bias=NONE htf=REVERSAL obj=NONE ts=2025-06-18 20:00:00
2026-09-30 22:03:41 [INFO] CRT.ParentFeed | parent_crt H4 RANGE_C1 -> MANIPULATION_C2 bias=NONE htf=DISTRIBUTION obj=NONE ts=2025-06-19 04:00:00
2026-09-30 22:03:41 [INFO] CRT.ParentFeed | parent_crt H4 MANIPULATION_C2 -> DISTRIBUTION_C3 bias=SHORT htf=EXPANSION obj=EXISTS ts=2025-06-19 08:00:00
2026-09-30 22:03:41 [INFO] CRT.ParentFeed | parent_crt H4 DISTRIBUTION_C3 -> RANGE_C1 bias=NONE htf=ACCUMULATION obj=NONE ts=2025-06-19 12:00:00
2026-09-30 22:03:41 [INFO] CRT.ParentFeed | parent_crt H4 RANGE_C1 -> MANIPULATION_C2 bias=NONE htf=ACCUMULATION obj=NONE ts=2025-06-19 16:00:00
2026-09-30 22:03:41 [INFO] CRT.ParentFeed | parent_crt H4 MANIPULATION_C2 -> RANGE_C1 bias=NONE htf=ACCUMULATION obj=NONE ts=2025-06-19 20:00:00
2026-09-30 22:03:41 [INFO] CRT.GapDetector | GAP RESET | Session gap detected: 225min > 120min (2025-06-20 01:00 → 2025-06-20 01:00)
2026-09-30 22:03:41 [INFO] CRT.ParentFeed | parent_crt H4 RANGE_C1 -> MANIPULATION_C2 bias=NONE htf=ACCUMULATION obj=NONE ts=2025-06-20 00:00:00
2026-09-30 22:03:41 [INFO] CRT.ParentFeed | parent_crt H4 MANIPULATION_C2 -> RANGE_C1 bias=NONE htf=EXPANSION obj=NONE ts=2025-06-20 04:00:00
2026-09-30 22:03:41 [INFO] CRT.ParentFeed | parent_crt H4 RANGE_C1 -> MANIPULATION_C2 bias=NONE htf=ACCUMULATION obj=NONE ts=2025-06-20 08:00:00
2026-09-30 22:03:41 [INFO] CRT.ParentFeed | parent_crt H4 MANIPULATION_C2 -> RANGE_C1 bias=NONE htf=DISTRIBUTION obj=NONE ts=2025-06-20 12:00:00
2026-09-30 22:03:41 [INFO] CRT.GapDetector | GAP RESET | Session gap detected: 2955min > 120min (2025-06-23 01:00 → 2025-06-23 01:00)
2026-09-30 22:03:41 [INFO] CRT.ParentFeed | parent_crt H4 RANGE_C1 -> MANIPULATION_C2 bias=NONE htf=DISTRIBUTION obj=NONE ts=2025-06-23 00:00:00
2026-09-30 22:03:41 [INFO] CRT.ParentFeed | parent_crt H4 MANIPULATION_C2 -> DISTRIBUTION_C3 bias=SHORT htf=ACCUMULATION obj=ACHIEVED ts=2025-06-23 04:00:00
2026-09-30 22:03:41 [INFO] CRT.ParentFeed | parent_crt H4 DISTRIBUTION_C3 -> RANGE_C1 bias=NONE htf=ACCUMULATION obj=NONE ts=2025-06-23 08:00:00
2026-09-30 22:03:41 [INFO] CRT.ParentFeed | parent_crt H4 RANGE_C1 -> MANIPULATION_C2 bias=NONE htf=DISTRIBUTION obj=NONE ts=2025-06-23 12:00:00
2026-09-30 22:03:41 [INFO] CRT.ParentFeed | parent_crt H4 MANIPULATION_C2 -> RANGE_C1 bias=NONE htf=REVERSAL obj=NONE ts=2025-06-23 16:00:00
2026-09-30 22:03:42 [INFO] CRT.ParentFeed | parent_crt H4 RANGE_C1 -> MANIPULATION_C2 bias=NONE htf=DISTRIBUTION obj=NONE ts=2025-06-24 16:00:00
2026-09-30 22:03:42 [INFO] CRT.ParentFeed | parent_crt H4 MANIPULATION_C2 -> DISTRIBUTION_C3 bias=LONG htf=EXPANSION obj=EXISTS ts=2025-06-24 20:00:00
2026-09-30 22:03:42 [INFO] CRT.ParentFeed | parent_crt H4 DISTRIBUTION_C3 -> RANGE_C1 bias=NONE htf=EXPANSION obj=NONE ts=2025-06-25 00:00:00
2026-09-30 22:03:42 [INFO] CRT.ParentFeed | parent_crt H4 RANGE_C1 -> MANIPULATION_C2 bias=NONE htf=DISTRIBUTION obj=NONE ts=2025-06-25 04:00:00
2026-09-30 22:03:42 [INFO] CRT.ParentFeed | parent_crt H4 MANIPULATION_C2 -> DISTRIBUTION_C3 bias=SHORT htf=DISTRIBUTION obj=EXISTS ts=2025-06-25 08:00:00
2026-09-30 22:03:42 [INFO] CRT.ParentFeed | parent_crt H4 DISTRIBUTION_C3 -> RANGE_C1 bias=NONE htf=EXPANSION obj=NONE ts=2025-06-25 12:00:00
2026-09-30 22:03:42 [INFO] CRT.ParentFeed | parent_crt H4 RANGE_C1 -> MANIPULATION_C2 bias=NONE htf=REVERSAL obj=NONE ts=2025-06-25 16:00:00
2026-09-30 22:03:42 [INFO] CRT.ParentFeed | parent_crt H4 MANIPULATION_C2 -> RANGE_C1 bias=NONE htf=ACCUMULATION obj=NONE ts=2025-06-25 20:00:00
2026-09-30 22:03:42 [INFO] CRT.ParentFeed | parent_crt H4 RANGE_C1 -> MANIPULATION_C2 bias=NONE htf=ACCUMULATION obj=NONE ts=2025-06-26 00:00:00
2026-09-30 22:03:42 [INFO] CRT.ParentFeed | parent_crt H4 MANIPULATION_C2 -> DISTRIBUTION_C3 bias=SHORT htf=DISTRIBUTION obj=EXISTS ts=2025-06-26 04:00:00
2026-09-30 22:03:42 [INFO] CRT.ParentFeed | parent_crt H4 DISTRIBUTION_C3 -> RANGE_C1 bias=NONE htf=REVERSAL obj=NONE ts=2025-06-26 08:00:00
2026-09-30 22:03:43 [INFO] CRT.ParentFeed | parent_crt H4 RANGE_C1 -> MANIPULATION_C2 bias=NONE htf=ACCUMULATION obj=NONE ts=2025-06-26 16:00:00
2026-09-30 22:03:43 [INFO] CRT.ParentFeed | parent_crt H4 MANIPULATION_C2 -> RANGE_C1 bias=NONE htf=ACCUMULATION obj=NONE ts=2025-06-26 20:00:00
2026-09-30 22:03:43 [INFO] CRT.ParentFeed | parent_crt H4 RANGE_C1 -> MANIPULATION_C2 bias=NONE htf=DISTRIBUTION obj=NONE ts=2025-06-27 16:00:00
2026-09-30 22:03:43 [INFO] CRT.ParentFeed | parent_crt H4 MANIPULATION_C2 -> RANGE_C1 bias=NONE htf=ACCUMULATION obj=NONE ts=2025-06-27 20:00:00
2026-09-30 22:03:43 [INFO] CRT.GapDetector | GAP RESET | Session gap detected: 2955min > 120min (2025-06-30 01:00 → 2025-06-30 01:00)
2026-09-30 22:03:44 [INFO] CRT.ParentFeed | parent_crt H4 RANGE_C1 -> MANIPULATION_C2 bias=NONE htf=ACCUMULATION obj=NONE ts=2025-07-01 16:00:00
2026-09-30 22:03:44 [INFO] CRT.ParentFeed | parent_crt H4 MANIPULATION_C2 -> RANGE_C1 bias=NONE htf=ACCUMULATION obj=NONE ts=2025-07-01 20:00:00
2026-09-30 22:03:44 [INFO] CRT.ParentFeed | parent_crt H4 RANGE_C1 -> MANIPULATION_C2 bias=NONE htf=DISTRIBUTION obj=NONE ts=2025-07-02 00:00:00
2026-09-30 22:03:44 [INFO] CRT.ParentFeed | parent_crt H4 MANIPULATION_C2 -> RANGE_C1 bias=NONE htf=DISTRIBUTION obj=NONE ts=2025-07-02 04:00:00
2026-09-30 22:03:44 [INFO] CRT.ParentFeed | parent_crt H4 RANGE_C1 -> MANIPULATION_C2 bias=NONE htf=DISTRIBUTION obj=NONE ts=2025-07-02 08:00:00
2026-09-30 22:03:44 [INFO] CRT.ParentFeed | parent_crt H4 MANIPULATION_C2 -> RANGE_C1 bias=NONE htf=REVERSAL obj=NONE ts=2025-07-02 12:00:00
2026-09-30 22:03:45 [INFO] CRT.ParentFeed | parent_crt H4 RANGE_C1 -> MANIPULATION_C2 bias=NONE htf=REVERSAL obj=NONE ts=2025-07-03 00:00:00
2026-09-30 22:03:45 [INFO] CRT.ParentFeed | parent_crt H4 MANIPULATION_C2 -> RANGE_C1 bias=NONE htf=ACCUMULATION obj=NONE ts=2025-07-03 04:00:00
2026-09-30 22:03:45 [INFO] CRT.ParentFeed | parent_crt H4 RANGE_C1 -> MANIPULATION_C2 bias=NONE htf=ACCUMULATION obj=NONE ts=2025-07-04 00:00:00
2026-09-30 22:03:45 [INFO] CRT.ParentFeed | parent_crt H4 MANIPULATION_C2 -> DISTRIBUTION_C3 bias=LONG htf=EXPANSION obj=ACHIEVED ts=2025-07-04 04:00:00
2026-09-30 22:03:45 [INFO] CRT.ParentFeed | parent_crt H4 DISTRIBUTION_C3 -> RANGE_C1 bias=NONE htf=EXPANSION obj=NONE ts=2025-07-04 08:00:00
2026-09-30 22:03:45 [INFO] CRT.ParentFeed | parent_crt H4 RANGE_C1 -> MANIPULATION_C2 bias=NONE htf=ACCUMULATION obj=NONE ts=2025-07-04 16:00:00
2026-09-30 22:03:45 [INFO] CRT.GapDetector | GAP RESET | Session gap detected: 3195min > 120min (2025-07-07 01:00 → 2025-07-07 01:00)
2026-09-30 22:03:46 [INFO] CRT.ParentFeed | parent_crt H4 MANIPULATION_C2 -> RANGE_C1 bias=NONE htf=REVERSAL obj=NONE ts=2025-07-07 00:00:00
2026-09-30 22:03:46 [INFO] CRT.ParentFeed | parent_crt H4 RANGE_C1 -> MANIPULATION_C2 bias=NONE htf=ACCUMULATION obj=NONE ts=2025-07-07 08:00:00
2026-09-30 22:03:46 [INFO] CRT.ParentFeed | parent_crt H4 MANIPULATION_C2 -> RANGE_C1 bias=NONE htf=DISTRIBUTION obj=NONE ts=2025-07-07 12:00:00
2026-09-30 22:03:46 [INFO] CRT.ParentFeed | parent_crt H4 RANGE_C1 -> MANIPULATION_C2 bias=NONE htf=DISTRIBUTION obj=NONE ts=2025-07-08 00:00:00
2026-09-30 22:03:46 [INFO] CRT.ParentFeed | parent_crt H4 MANIPULATION_C2 -> DISTRIBUTION_C3 bias=SHORT htf=EXPANSION obj=EXISTS ts=2025-07-08 04:00:00
2026-09-30 22:03:46 [INFO] CRT.ParentFeed | parent_crt H4 DISTRIBUTION_C3 -> RANGE_C1 bias=NONE htf=EXPANSION obj=NONE ts=2025-07-08 08:00:00
2026-09-30 22:03:46 [INFO] CRT.ParentFeed | parent_crt H4 RANGE_C1 -> MANIPULATION_C2 bias=NONE htf=ACCUMULATION obj=NONE ts=2025-07-08 12:00:00
2026-09-30 22:03:46 [INFO] CRT.ParentFeed | parent_crt H4 MANIPULATION_C2 -> RANGE_C1 bias=NONE htf=REVERSAL obj=NONE ts=2025-07-08 16:00:00
2026-09-30 22:03:46 [INFO] CRT.ParentFeed | parent_crt H4 RANGE_C1 -> MANIPULATION_C2 bias=NONE htf=ACCUMULATION obj=NONE ts=2025-07-09 00:00:00
2026-09-30 22:03:46 [INFO] CRT.ParentFeed | parent_crt H4 MANIPULATION_C2 -> RANGE_C1 bias=NONE htf=REVERSAL obj=NONE ts=2025-07-09 04:00:00
2026-09-30 22:03:46 [INFO] CRT.ParentFeed | parent_crt H4 RANGE_C1 -> MANIPULATION_C2 bias=NONE htf=ACCUMULATION obj=NONE ts=2025-07-09 08:00:00
2026-09-30 22:03:46 [INFO] CRT.ParentFeed | parent_crt H4 MANIPULATION_C2 -> DISTRIBUTION_C3 bias=LONG htf=ACCUMULATION obj=EXISTS ts=2025-07-09 12:00:00
2026-09-30 22:03:46 [INFO] CRT.ParentFeed | parent_crt H4 DISTRIBUTION_C3 -> RANGE_C1 bias=NONE htf=EXPANSION obj=NONE ts=2025-07-09 16:00:00
2026-09-30 22:03:47 [INFO] CRT.ParentFeed | parent_crt H4 RANGE_C1 -> MANIPULATION_C2 bias=NONE htf=DISTRIBUTION obj=NONE ts=2025-07-10 12:00:00
2026-09-30 22:03:47 [INFO] CRT.ParentFeed | parent_crt H4 MANIPULATION_C2 -> DISTRIBUTION_C3 bias=SHORT htf=EXPANSION obj=ACHIEVED ts=2025-07-10 16:00:00
2026-09-30 22:03:47 [INFO] CRT.ParentFeed | parent_crt H4 DISTRIBUTION_C3 -> RANGE_C1 bias=NONE htf=ACCUMULATION obj=NONE ts=2025-07-10 20:00:00
2026-09-30 22:03:47 [INFO] CRT.ParentFeed | parent_crt H4 RANGE_C1 -> MANIPULATION_C2 bias=NONE htf=DISTRIBUTION obj=NONE ts=2025-07-11 08:00:00
2026-09-30 22:03:47 [INFO] CRT.ParentFeed | parent_crt H4 MANIPULATION_C2 -> RANGE_C1 bias=NONE htf=EXPANSION obj=NONE ts=2025-07-11 12:00:00
2026-09-30 22:03:47 [INFO] CRT.ParentFeed | parent_crt H4 RANGE_C1 -> MANIPULATION_C2 bias=NONE htf=ACCUMULATION obj=NONE ts=2025-07-11 16:00:00
2026-09-30 22:03:47 [INFO] CRT.ParentFeed | parent_crt H4 MANIPULATION_C2 -> RANGE_C1 bias=NONE htf=ACCUMULATION obj=NONE ts=2025-07-11 20:00:00
2026-09-30 22:03:47 [INFO] CRT.GapDetector | GAP RESET | Session gap detected: 2955min > 120min (2025-07-14 01:00 → 2025-07-14 01:00)
2026-09-30 22:03:48 [INFO] CRT.ParentFeed | parent_crt H4 RANGE_C1 -> MANIPULATION_C2 bias=NONE htf=DISTRIBUTION obj=NONE ts=2025-07-14 04:00:00
2026-09-30 22:03:48 [INFO] CRT.ParentFeed | parent_crt H4 MANIPULATION_C2 -> DISTRIBUTION_C3 bias=LONG htf=DISTRIBUTION obj=EXISTS ts=2025-07-14 08:00:00
2026-09-30 22:03:48 [INFO] CRT.ParentFeed | parent_crt H4 DISTRIBUTION_C3 -> RANGE_C1 bias=NONE htf=REVERSAL obj=NONE ts=2025-07-14 12:00:00
2026-09-30 22:03:48 [INFO] CRT.ParentFeed | parent_crt H4 RANGE_C1 -> MANIPULATION_C2 bias=NONE htf=ACCUMULATION obj=NONE ts=2025-07-15 08:00:00
2026-09-30 22:03:48 [INFO] CRT.ParentFeed | parent_crt H4 MANIPULATION_C2 -> DISTRIBUTION_C3 bias=SHORT htf=REVERSAL obj=EXISTS ts=2025-07-15 12:00:00
2026-09-30 22:03:48 [INFO] CRT.ParentFeed | parent_crt H4 DISTRIBUTION_C3 -> RANGE_C1 bias=NONE htf=EXPANSION obj=NONE ts=2025-07-15 16:00:00
2026-09-30 22:03:48 [INFO] CRT.ParentFeed | parent_crt H4 RANGE_C1 -> MANIPULATION_C2 bias=NONE htf=DISTRIBUTION obj=NONE ts=2025-07-16 00:00:00
2026-09-30 22:03:48 [INFO] CRT.ParentFeed | parent_crt H4 MANIPULATION_C2 -> RANGE_C1 bias=NONE htf=EXPANSION obj=NONE ts=2025-07-16 04:00:00
2026-09-30 22:03:48 [INFO] CRT.ParentFeed | parent_crt H4 RANGE_C1 -> MANIPULATION_C2 bias=NONE htf=REVERSAL obj=NONE ts=2025-07-16 12:00:00
2026-09-30 22:03:48 [INFO] CRT.ParentFeed | parent_crt H4 MANIPULATION_C2 -> RANGE_C1 bias=NONE htf=REVERSAL obj=NONE ts=2025-07-16 16:00:00
2026-09-30 22:03:49 [INFO] CRT.ParentFeed | parent_crt H4 RANGE_C1 -> MANIPULATION_C2 bias=NONE htf=ACCUMULATION obj=NONE ts=2025-07-17 04:00:00
2026-09-30 22:03:49 [INFO] CRT.ParentFeed | parent_crt H4 MANIPULATION_C2 -> RANGE_C1 bias=NONE htf=REVERSAL obj=NONE ts=2025-07-17 08:00:00
2026-09-30 22:03:49 [INFO] CRT.ParentFeed | parent_crt H4 RANGE_C1 -> MANIPULATION_C2 bias=NONE htf=ACCUMULATION obj=NONE ts=2025-07-17 20:00:00
2026-09-30 22:03:49 [INFO] CRT.ParentFeed | parent_crt H4 MANIPULATION_C2 -> DISTRIBUTION_C3 bias=SHORT htf=DISTRIBUTION obj=EXISTS ts=2025-07-18 00:00:00
2026-09-30 22:03:49 [INFO] CRT.ParentFeed | parent_crt H4 DISTRIBUTION_C3 -> RANGE_C1 bias=NONE htf=EXPANSION obj=NONE ts=2025-07-18 04:00:00
2026-09-30 22:03:49 [INFO] CRT.ParentFeed | parent_crt H4 RANGE_C1 -> MANIPULATION_C2 bias=NONE htf=REVERSAL obj=NONE ts=2025-07-18 08:00:00
2026-09-30 22:03:49 [INFO] CRT.ParentFeed | parent_crt H4 MANIPULATION_C2 -> DISTRIBUTION_C3 bias=LONG htf=EXPANSION obj=ACHIEVED ts=2025-07-18 12:00:00
2026-09-30 22:03:49 [INFO] CRT.ParentFeed | parent_crt H4 DISTRIBUTION_C3 -> RANGE_C1 bias=NONE htf=ACCUMULATION obj=NONE ts=2025-07-18 16:00:00
2026-09-30 22:03:49 [INFO] CRT.GapDetector | GAP RESET | Session gap detected: 2955min > 120min (2025-07-21 01:00 → 2025-07-21 01:00)
2026-09-30 22:03:49 [INFO] CRT.ParentFeed | parent_crt H4 RANGE_C1 -> MANIPULATION_C2 bias=NONE htf=DISTRIBUTION obj=NONE ts=2025-07-21 00:00:00
2026-09-30 22:03:49 [INFO] CRT.ParentFeed | parent_crt H4 MANIPULATION_C2 -> RANGE_C1 bias=NONE htf=EXPANSION obj=NONE ts=2025-07-21 04:00:00
2026-09-30 22:03:50 [INFO] CRT.ParentFeed | parent_crt H4 RANGE_C1 -> MANIPULATION_C2 bias=NONE htf=DISTRIBUTION obj=NONE ts=2025-07-22 00:00:00
2026-09-30 22:03:50 [INFO] CRT.ParentFeed | parent_crt H4 MANIPULATION_C2 -> DISTRIBUTION_C3 bias=SHORT htf=ACCUMULATION obj=ACHIEVED ts=2025-07-22 04:00:00
2026-09-30 22:03:50 [INFO] CRT.ParentFeed | parent_crt H4 DISTRIBUTION_C3 -> RANGE_C1 bias=NONE htf=ACCUMULATION obj=NONE ts=2025-07-22 08:00:00
2026-09-30 22:03:50 [INFO] CRT.ParentFeed | parent_crt H4 RANGE_C1 -> MANIPULATION_C2 bias=NONE htf=ACCUMULATION obj=NONE ts=2025-07-22 20:00:00
2026-09-30 22:03:50 [INFO] CRT.ParentFeed | parent_crt H4 MANIPULATION_C2 -> DISTRIBUTION_C3 bias=SHORT htf=DISTRIBUTION obj=EXISTS ts=2025-07-23 00:00:00
2026-09-30 22:03:50 [INFO] CRT.ParentFeed | parent_crt H4 DISTRIBUTION_C3 -> RANGE_C1 bias=NONE htf=EXPANSION obj=NONE ts=2025-07-23 04:00:00
2026-09-30 22:03:50 [INFO] CRT.ParentFeed | parent_crt H4 RANGE_C1 -> MANIPULATION_C2 bias=NONE htf=DISTRIBUTION obj=NONE ts=2025-07-23 08:00:00
2026-09-30 22:03:50 [INFO] CRT.ParentFeed | parent_crt H4 MANIPULATION_C2 -> RANGE_C1 bias=NONE htf=DISTRIBUTION obj=NONE ts=2025-07-23 12:00:00
2026-09-30 22:03:50 [INFO] CRT.ParentFeed | parent_crt H4 RANGE_C1 -> MANIPULATION_C2 bias=NONE htf=REVERSAL obj=NONE ts=2025-07-24 04:00:00
2026-09-30 22:03:50 [INFO] CRT.ParentFeed | parent_crt H4 MANIPULATION_C2 -> DISTRIBUTION_C3 bias=SHORT htf=EXPANSION obj=ACHIEVED ts=2025-07-24 08:00:00
2026-09-30 22:03:50 [INFO] CRT.ParentFeed | parent_crt H4 DISTRIBUTION_C3 -> RANGE_C1 bias=NONE htf=EXPANSION obj=NONE ts=2025-07-24 12:00:00
2026-09-30 22:03:51 [INFO] CRT.ParentFeed | parent_crt H4 RANGE_C1 -> MANIPULATION_C2 bias=NONE htf=DISTRIBUTION obj=NONE ts=2025-07-24 16:00:00
2026-09-30 22:03:51 [INFO] CRT.ParentFeed | parent_crt H4 MANIPULATION_C2 -> RANGE_C1 bias=NONE htf=ACCUMULATION obj=NONE ts=2025-07-24 20:00:00
2026-09-30 22:03:51 [INFO] CRT.ParentFeed | parent_crt H4 RANGE_C1 -> MANIPULATION_C2 bias=NONE htf=DISTRIBUTION obj=NONE ts=2025-07-25 00:00:00
2026-09-30 22:03:51 [INFO] CRT.ParentFeed | parent_crt H4 MANIPULATION_C2 -> DISTRIBUTION_C3 bias=SHORT htf=REVERSAL obj=ACHIEVED ts=2025-07-25 04:00:00
2026-09-30 22:03:51 [INFO] CRT.ParentFeed | parent_crt H4 DISTRIBUTION_C3 -> RANGE_C1 bias=NONE htf=EXPANSION obj=NONE ts=2025-07-25 08:00:00
2026-09-30 22:03:51 [INFO] CRT.GapDetector | GAP RESET | Session gap detected: 2955min > 120min (2025-07-28 01:00 → 2025-07-28 01:00)
2026-09-30 22:03:51 [INFO] CRT.ParentFeed | parent_crt H4 RANGE_C1 -> MANIPULATION_C2 bias=NONE htf=DISTRIBUTION obj=NONE ts=2025-07-28 00:00:00
2026-09-30 22:03:51 [INFO] CRT.ParentFeed | parent_crt H4 MANIPULATION_C2 -> DISTRIBUTION_C3 bias=LONG htf=EXPANSION obj=EXISTS ts=2025-07-28 04:00:00
2026-09-30 22:03:51 [INFO] CRT.ParentFeed | parent_crt H4 DISTRIBUTION_C3 -> RANGE_C1 bias=NONE htf=ACCUMULATION obj=NONE ts=2025-07-28 08:00:00
2026-09-30 22:03:51 [INFO] CRT.ParentFeed | parent_crt H4 RANGE_C1 -> MANIPULATION_C2 bias=NONE htf=ACCUMULATION obj=NONE ts=2025-07-29 00:00:00
2026-09-30 22:03:52 [INFO] CRT.ParentFeed | parent_crt H4 MANIPULATION_C2 -> DISTRIBUTION_C3 bias=LONG htf=REVERSAL obj=EXISTS ts=2025-07-29 04:00:00
2026-09-30 22:03:52 [INFO] CRT.ParentFeed | parent_crt H4 DISTRIBUTION_C3 -> RANGE_C1 bias=NONE htf=EXPANSION obj=NONE ts=2025-07-29 08:00:00
2026-09-30 22:03:52 [INFO] CRT.ParentFeed | parent_crt H4 RANGE_C1 -> MANIPULATION_C2 bias=NONE htf=DISTRIBUTION obj=NONE ts=2025-07-29 16:00:00
2026-09-30 22:03:52 [INFO] CRT.ParentFeed | parent_crt H4 MANIPULATION_C2 -> RANGE_C1 bias=NONE htf=ACCUMULATION obj=NONE ts=2025-07-29 20:00:00
2026-09-30 22:03:52 [INFO] CRT.ParentFeed | parent_crt H4 RANGE_C1 -> MANIPULATION_C2 bias=NONE htf=ACCUMULATION obj=NONE ts=2025-07-30 00:00:00
2026-09-30 22:03:52 [INFO] CRT.ParentFeed | parent_crt H4 MANIPULATION_C2 -> DISTRIBUTION_C3 bias=SHORT htf=DISTRIBUTION obj=EXISTS ts=2025-07-30 04:00:00
2026-09-30 22:03:52 [INFO] CRT.ParentFeed | parent_crt H4 DISTRIBUTION_C3 -> RANGE_C1 bias=NONE htf=ACCUMULATION obj=NONE ts=2025-07-30 08:00:00
2026-09-30 22:03:52 [INFO] CRT.ParentFeed | parent_crt H4 RANGE_C1 -> MANIPULATION_C2 bias=NONE htf=REVERSAL obj=NONE ts=2025-07-30 12:00:00
2026-09-30 22:03:52 [INFO] CRT.ParentFeed | parent_crt H4 MANIPULATION_C2 -> DISTRIBUTION_C3 bias=SHORT htf=EXPANSION obj=ACHIEVED ts=2025-07-30 16:00:00
2026-09-30 22:03:52 [INFO] CRT.ParentFeed | parent_crt H4 DISTRIBUTION_C3 -> RANGE_C1 bias=NONE htf=EXPANSION obj=NONE ts=2025-07-30 20:00:00
2026-09-30 22:03:52 [INFO] CRT.ParentFeed | parent_crt H4 RANGE_C1 -> MANIPULATION_C2 bias=NONE htf=ACCUMULATION obj=NONE ts=2025-07-31 12:00:00
2026-09-30 22:03:52 [INFO] CRT.ParentFeed | parent_crt H4 MANIPULATION_C2 -> RANGE_C1 bias=NONE htf=DISTRIBUTION obj=NONE ts=2025-07-31 16:00:00
2026-09-30 22:03:52 [INFO] CRT.ParentFeed | parent_crt H4 RANGE_C1 -> MANIPULATION_C2 bias=NONE htf=ACCUMULATION obj=NONE ts=2025-07-31 20:00:00
2026-09-30 22:03:52 [INFO] CRT.ParentFeed | parent_crt H4 MANIPULATION_C2 -> RANGE_C1 bias=NONE htf=ACCUMULATION obj=NONE ts=2025-08-01 00:00:00
2026-09-30 22:03:53 [INFO] CRT.ParentFeed | parent_crt H4 RANGE_C1 -> MANIPULATION_C2 bias=NONE htf=DISTRIBUTION obj=NONE ts=2025-08-01 04:00:00
2026-09-30 22:03:53 [INFO] CRT.ParentFeed | parent_crt H4 MANIPULATION_C2 -> RANGE_C1 bias=NONE htf=ACCUMULATION obj=NONE ts=2025-08-01 08:00:00
2026-09-30 22:03:53 [INFO] CRT.GapDetector | GAP RESET | Session gap detected: 2955min > 120min (2025-08-04 01:00 → 2025-08-04 01:00)
2026-09-30 22:03:53 [INFO] CRT.ParentFeed | parent_crt H4 RANGE_C1 -> MANIPULATION_C2 bias=NONE htf=DISTRIBUTION obj=NONE ts=2025-08-04 00:00:00
2026-09-30 22:03:53 [INFO] CRT.ParentFeed | parent_crt H4 MANIPULATION_C2 -> RANGE_C1 bias=NONE htf=ACCUMULATION obj=NONE ts=2025-08-04 04:00:00
2026-09-30 22:03:53 [INFO] CRT.ParentFeed | parent_crt H4 RANGE_C1 -> MANIPULATION_C2 bias=NONE htf=ACCUMULATION obj=NONE ts=2025-08-04 08:00:00
2026-09-30 22:03:53 [INFO] CRT.ParentFeed | parent_crt H4 MANIPULATION_C2 -> RANGE_C1 bias=NONE htf=REVERSAL obj=NONE ts=2025-08-04 12:00:00
2026-09-30 22:03:53 [INFO] CRT.ParentFeed | parent_crt H4 RANGE_C1 -> MANIPULATION_C2 bias=NONE htf=ACCUMULATION obj=NONE ts=2025-08-04 16:00:00
2026-09-30 22:03:53 [INFO] CRT.ParentFeed | parent_crt H4 MANIPULATION_C2 -> RANGE_C1 bias=NONE htf=ACCUMULATION obj=NONE ts=2025-08-04 20:00:00
2026-09-30 22:03:53 [INFO] CRT.ParentFeed | parent_crt H4 RANGE_C1 -> MANIPULATION_C2 bias=NONE htf=REVERSAL obj=NONE ts=2025-08-05 04:00:00
2026-09-30 22:03:54 [INFO] CRT.ParentFeed | parent_crt H4 MANIPULATION_C2 -> DISTRIBUTION_C3 bias=SHORT htf=EXPANSION obj=ACHIEVED ts=2025-08-05 08:00:00
2026-09-30 22:03:54 [INFO] CRT.ParentFeed | parent_crt H4 DISTRIBUTION_C3 -> RANGE_C1 bias=NONE htf=DISTRIBUTION obj=NONE ts=2025-08-05 12:00:00
2026-09-30 22:03:54 [INFO] CRT.ParentFeed | parent_crt H4 RANGE_C1 -> MANIPULATION_C2 bias=NONE htf=REVERSAL obj=NONE ts=2025-08-06 00:00:00
2026-09-30 22:03:54 [INFO] CRT.ParentFeed | parent_crt H4 MANIPULATION_C2 -> RANGE_C1 bias=NONE htf=REVERSAL obj=NONE ts=2025-08-06 04:00:00
2026-09-30 22:03:54 [INFO] CRT.ParentFeed | parent_crt H4 RANGE_C1 -> MANIPULATION_C2 bias=NONE htf=ACCUMULATION obj=NONE ts=2025-08-06 12:00:00
2026-09-30 22:03:54 [INFO] CRT.ParentFeed | parent_crt H4 MANIPULATION_C2 -> DISTRIBUTION_C3 bias=LONG htf=EXPANSION obj=EXISTS ts=2025-08-06 16:00:00
2026-09-30 22:03:54 [INFO] CRT.ParentFeed | parent_crt H4 DISTRIBUTION_C3 -> RANGE_C1 bias=NONE htf=ACCUMULATION obj=NONE ts=2025-08-06 20:00:00
2026-09-30 22:03:54 [INFO] CRT.ParentFeed | parent_crt H4 RANGE_C1 -> MANIPULATION_C2 bias=NONE htf=ACCUMULATION obj=NONE ts=2025-08-07 00:00:00
2026-09-30 22:03:54 [INFO] CRT.ParentFeed | parent_crt H4 MANIPULATION_C2 -> DISTRIBUTION_C3 bias=LONG htf=EXPANSION obj=ACHIEVED ts=2025-08-07 04:00:00
2026-09-30 22:03:55 [INFO] CRT.ParentFeed | parent_crt H4 DISTRIBUTION_C3 -> RANGE_C1 bias=NONE htf=DISTRIBUTION obj=NONE ts=2025-08-07 08:00:00
2026-09-30 22:03:55 [INFO] CRT.ParentFeed | parent_crt H4 RANGE_C1 -> MANIPULATION_C2 bias=NONE htf=DISTRIBUTION obj=NONE ts=2025-08-07 16:00:00
2026-09-30 22:03:55 [INFO] CRT.ParentFeed | parent_crt H4 MANIPULATION_C2 -> RANGE_C1 bias=NONE htf=EXPANSION obj=NONE ts=2025-08-07 20:00:00
2026-09-30 22:03:55 [INFO] CRT.ParentFeed | parent_crt H4 RANGE_C1 -> MANIPULATION_C2 bias=NONE htf=DISTRIBUTION obj=NONE ts=2025-08-08 00:00:00
2026-09-30 22:03:55 [INFO] CRT.ParentFeed | parent_crt H4 MANIPULATION_C2 -> RANGE_C1 bias=NONE htf=ACCUMULATION obj=NONE ts=2025-08-08 04:00:00
2026-09-30 22:03:55 [INFO] CRT.ParentFeed | parent_crt H4 RANGE_C1 -> MANIPULATION_C2 bias=NONE htf=ACCUMULATION obj=NONE ts=2025-08-08 08:00:00
2026-09-30 22:03:55 [INFO] CRT.ParentFeed | parent_crt H4 MANIPULATION_C2 -> DISTRIBUTION_C3 bias=SHORT htf=DISTRIBUTION obj=EXISTS ts=2025-08-08 12:00:00
2026-09-30 22:03:55 [INFO] CRT.ParentFeed | parent_crt H4 DISTRIBUTION_C3 -> RANGE_C1 bias=NONE htf=ACCUMULATION obj=NONE ts=2025-08-08 16:00:00
2026-09-30 22:03:55 [INFO] CRT.ParentFeed | parent_crt H4 RANGE_C1 -> MANIPULATION_C2 bias=NONE htf=DISTRIBUTION obj=NONE ts=2025-08-08 20:00:00
2026-09-30 22:03:55 [INFO] CRT.GapDetector | GAP RESET | Session gap detected: 2955min > 120min (2025-08-11 01:00 → 2025-08-11 01:00)
2026-09-30 22:03:55 [INFO] CRT.ParentFeed | parent_crt H4 MANIPULATION_C2 -> DISTRIBUTION_C3 bias=SHORT htf=ACCUMULATION obj=EXISTS ts=2025-08-11 00:00:00
2026-09-30 22:03:55 [INFO] CRT.ParentFeed | parent_crt H4 DISTRIBUTION_C3 -> RANGE_C1 bias=NONE htf=EXPANSION obj=NONE ts=2025-08-11 04:00:00
2026-09-30 22:03:56 [INFO] CRT.ParentFeed | parent_crt H4 RANGE_C1 -> MANIPULATION_C2 bias=NONE htf=ACCUMULATION obj=NONE ts=2025-08-11 20:00:00
2026-09-30 22:03:56 [INFO] CRT.ParentFeed | parent_crt H4 MANIPULATION_C2 -> DISTRIBUTION_C3 bias=LONG htf=ACCUMULATION obj=EXISTS ts=2025-08-12 00:00:00
2026-09-30 22:03:56 [INFO] CRT.ParentFeed | parent_crt H4 DISTRIBUTION_C3 -> RANGE_C1 bias=NONE htf=ACCUMULATION obj=NONE ts=2025-08-12 04:00:00
2026-09-30 22:03:56 [INFO] CRT.ParentFeed | parent_crt H4 RANGE_C1 -> MANIPULATION_C2 bias=NONE htf=DISTRIBUTION obj=NONE ts=2025-08-12 08:00:00
2026-09-30 22:03:56 [INFO] CRT.ParentFeed | parent_crt H4 MANIPULATION_C2 -> RANGE_C1 bias=NONE htf=DISTRIBUTION obj=NONE ts=2025-08-12 12:00:00
2026-09-30 22:03:56 [INFO] CRT.ParentFeed | parent_crt H4 RANGE_C1 -> MANIPULATION_C2 bias=NONE htf=DISTRIBUTION obj=NONE ts=2025-08-12 16:00:00
2026-09-30 22:03:56 [INFO] CRT.ParentFeed | parent_crt H4 MANIPULATION_C2 -> DISTRIBUTION_C3 bias=SHORT htf=ACCUMULATION obj=EXISTS ts=2025-08-12 20:00:00
2026-09-30 22:03:56 [INFO] CRT.ParentFeed | parent_crt H4 DISTRIBUTION_C3 -> RANGE_C1 bias=NONE htf=EXPANSION obj=NONE ts=2025-08-13 00:00:00
2026-09-30 22:03:56 [INFO] CRT.ParentFeed | parent_crt H4 RANGE_C1 -> MANIPULATION_C2 bias=NONE htf=DISTRIBUTION obj=NONE ts=2025-08-13 04:00:00
2026-09-30 22:03:56 [INFO] CRT.ParentFeed | parent_crt H4 MANIPULATION_C2 -> RANGE_C1 bias=NONE htf=EXPANSION obj=NONE ts=2025-08-13 08:00:00
2026-09-30 22:03:56 [INFO] CRT.ParentFeed | parent_crt H4 RANGE_C1 -> MANIPULATION_C2 bias=NONE htf=ACCUMULATION obj=NONE ts=2025-08-13 12:00:00
2026-09-30 22:03:56 [INFO] CRT.ParentFeed | parent_crt H4 MANIPULATION_C2 -> DISTRIBUTION_C3 bias=SHORT htf=DISTRIBUTION obj=EXISTS ts=2025-08-13 16:00:00
2026-09-30 22:03:56 [INFO] CRT.ParentFeed | parent_crt H4 DISTRIBUTION_C3 -> RANGE_C1 bias=NONE htf=ACCUMULATION obj=NONE ts=2025-08-13 20:00:00
2026-09-30 22:03:56 [INFO] CRT.ParentFeed | parent_crt H4 RANGE_C1 -> MANIPULATION_C2 bias=NONE htf=ACCUMULATION obj=NONE ts=2025-08-14 04:00:00
2026-09-30 22:03:56 [INFO] CRT.ParentFeed | parent_crt H4 MANIPULATION_C2 -> RANGE_C1 bias=NONE htf=EXPANSION obj=NONE ts=2025-08-14 08:00:00
2026-09-30 22:03:57 [INFO] CRT.ParentFeed | parent_crt H4 RANGE_C1 -> MANIPULATION_C2 bias=NONE htf=ACCUMULATION obj=NONE ts=2025-08-15 08:00:00
2026-09-30 22:03:57 [INFO] CRT.ParentFeed | parent_crt H4 MANIPULATION_C2 -> RANGE_C1 bias=NONE htf=DISTRIBUTION obj=NONE ts=2025-08-15 12:00:00
2026-09-30 22:03:57 [INFO] CRT.ParentFeed | parent_crt H4 RANGE_C1 -> MANIPULATION_C2 bias=NONE htf=DISTRIBUTION obj=NONE ts=2025-08-15 16:00:00
2026-09-30 22:03:57 [INFO] CRT.ParentFeed | parent_crt H4 MANIPULATION_C2 -> DISTRIBUTION_C3 bias=SHORT htf=ACCUMULATION obj=EXISTS ts=2025-08-15 20:00:00
2026-09-30 22:03:57 [INFO] CRT.GapDetector | GAP RESET | Session gap detected: 2955min > 120min (2025-08-18 01:00 → 2025-08-18 01:00)
2026-09-30 22:03:57 [INFO] CRT.ParentFeed | parent_crt H4 DISTRIBUTION_C3 -> RANGE_C1 bias=NONE htf=REVERSAL obj=NONE ts=2025-08-18 00:00:00
2026-09-30 22:03:57 [INFO] CRT.ParentFeed | parent_crt H4 RANGE_C1 -> MANIPULATION_C2 bias=NONE htf=ACCUMULATION obj=NONE ts=2025-08-18 08:00:00
2026-09-30 22:03:57 [INFO] CRT.ParentFeed | parent_crt H4 MANIPULATION_C2 -> DISTRIBUTION_C3 bias=SHORT htf=ACCUMULATION obj=EXISTS ts=2025-08-18 12:00:00
2026-09-30 22:03:57 [INFO] CRT.ParentFeed | parent_crt H4 DISTRIBUTION_C3 -> RANGE_C1 bias=NONE htf=EXPANSION obj=NONE ts=2025-08-18 16:00:00
2026-09-30 22:03:57 [INFO] CRT.ParentFeed | parent_crt H4 RANGE_C1 -> MANIPULATION_C2 bias=NONE htf=ACCUMULATION obj=NONE ts=2025-08-18 20:00:00
2026-09-30 22:03:57 [INFO] CRT.ParentFeed | parent_crt H4 MANIPULATION_C2 -> DISTRIBUTION_C3 bias=LONG htf=REVERSAL obj=EXISTS ts=2025-08-19 00:00:00
2026-09-30 22:03:57 [INFO] CRT.ParentFeed | parent_crt H4 DISTRIBUTION_C3 -> RANGE_C1 bias=NONE htf=ACCUMULATION obj=NONE ts=2025-08-19 04:00:00
2026-09-30 22:03:57 [INFO] CRT.ParentFeed | parent_crt H4 RANGE_C1 -> MANIPULATION_C2 bias=NONE htf=ACCUMULATION obj=NONE ts=2025-08-19 08:00:00
2026-09-30 22:03:57 [INFO] CRT.ParentFeed | parent_crt H4 MANIPULATION_C2 -> DISTRIBUTION_C3 bias=SHORT htf=DISTRIBUTION obj=EXISTS ts=2025-08-19 12:00:00
2026-09-30 22:03:57 [INFO] CRT.ParentFeed | parent_crt H4 DISTRIBUTION_C3 -> RANGE_C1 bias=NONE htf=EXPANSION obj=NONE ts=2025-08-19 16:00:00
2026-09-30 22:03:58 [INFO] CRT.ParentFeed | parent_crt H4 RANGE_C1 -> MANIPULATION_C2 bias=NONE htf=ACCUMULATION obj=NONE ts=2025-08-20 00:00:00
2026-09-30 22:03:58 [INFO] CRT.ParentFeed | parent_crt H4 MANIPULATION_C2 -> DISTRIBUTION_C3 bias=LONG htf=REVERSAL obj=EXISTS ts=2025-08-20 04:00:00
2026-09-30 22:03:58 [INFO] CRT.ParentFeed | parent_crt H4 DISTRIBUTION_C3 -> RANGE_C1 bias=NONE htf=EXPANSION obj=NONE ts=2025-08-20 08:00:00
2026-09-30 22:03:58 [INFO] CRT.ParentFeed | parent_crt H4 RANGE_C1 -> MANIPULATION_C2 bias=NONE htf=REVERSAL obj=NONE ts=2025-08-21 00:00:00
2026-09-30 22:03:58 [INFO] CRT.ParentFeed | parent_crt H4 MANIPULATION_C2 -> DISTRIBUTION_C3 bias=SHORT htf=EXPANSION obj=ACHIEVED ts=2025-08-21 04:00:00
2026-09-30 22:03:58 [INFO] CRT.ParentFeed | parent_crt H4 DISTRIBUTION_C3 -> RANGE_C1 bias=NONE htf=ACCUMULATION obj=NONE ts=2025-08-21 08:00:00
2026-09-30 22:03:58 [INFO] CRT.ParentFeed | parent_crt H4 RANGE_C1 -> MANIPULATION_C2 bias=NONE htf=EXPANSION obj=NONE ts=2025-08-21 12:00:00
2026-09-30 22:03:58 [INFO] CRT.ParentFeed | parent_crt H4 MANIPULATION_C2 -> RANGE_C1 bias=NONE htf=ACCUMULATION obj=NONE ts=2025-08-21 16:00:00
2026-09-30 22:03:58 [INFO] CRT.ParentFeed | parent_crt H4 RANGE_C1 -> MANIPULATION_C2 bias=NONE htf=DISTRIBUTION obj=NONE ts=2025-08-22 00:00:00
2026-09-30 22:03:58 [INFO] CRT.ParentFeed | parent_crt H4 MANIPULATION_C2 -> RANGE_C1 bias=NONE htf=REVERSAL obj=NONE ts=2025-08-22 04:00:00
2026-09-30 22:03:58 [INFO] CRT.ParentFeed | parent_crt H4 RANGE_C1 -> MANIPULATION_C2 bias=NONE htf=ACCUMULATION obj=NONE ts=2025-08-22 08:00:00
2026-09-30 22:03:58 [INFO] CRT.ParentFeed | parent_crt H4 MANIPULATION_C2 -> RANGE_C1 bias=NONE htf=REVERSAL obj=NONE ts=2025-08-22 12:00:00
2026-09-30 22:03:59 [INFO] CRT.GapDetector | GAP RESET | Session gap detected: 2955min > 120min (2025-08-25 01:00 → 2025-08-25 01:00)
2026-09-30 22:03:59 [INFO] CRT.ParentFeed | parent_crt H4 RANGE_C1 -> MANIPULATION_C2 bias=NONE htf=ACCUMULATION obj=NONE ts=2025-08-25 04:00:00
2026-09-30 22:03:59 [INFO] CRT.ParentFeed | parent_crt H4 MANIPULATION_C2 -> RANGE_C1 bias=NONE htf=ACCUMULATION obj=NONE ts=2025-08-25 08:00:00
2026-09-30 22:03:59 [INFO] CRT.ParentFeed | parent_crt H4 RANGE_C1 -> MANIPULATION_C2 bias=NONE htf=DISTRIBUTION obj=NONE ts=2025-08-25 12:00:00
2026-09-30 22:03:59 [INFO] CRT.ParentFeed | parent_crt H4 MANIPULATION_C2 -> RANGE_C1 bias=NONE htf=EXPANSION obj=NONE ts=2025-08-25 16:00:00
2026-09-30 22:03:59 [INFO] CRT.ParentFeed | parent_crt H4 RANGE_C1 -> MANIPULATION_C2 bias=NONE htf=REVERSAL obj=NONE ts=2025-08-26 00:00:00
2026-09-30 22:03:59 [INFO] CRT.ParentFeed | parent_crt H4 MANIPULATION_C2 -> RANGE_C1 bias=NONE htf=ACCUMULATION obj=NONE ts=2025-08-26 04:00:00
2026-09-30 22:03:59 [INFO] CRT.ParentFeed | parent_crt H4 RANGE_C1 -> MANIPULATION_C2 bias=NONE htf=ACCUMULATION obj=NONE ts=2025-08-26 08:00:00
2026-09-30 22:03:59 [INFO] CRT.ParentFeed | parent_crt H4 MANIPULATION_C2 -> RANGE_C1 bias=NONE htf=DISTRIBUTION obj=NONE ts=2025-08-26 12:00:00
2026-09-30 22:03:59 [INFO] CRT.ParentFeed | parent_crt H4 RANGE_C1 -> MANIPULATION_C2 bias=NONE htf=ACCUMULATION obj=NONE ts=2025-08-27 00:00:00
2026-09-30 22:03:59 [INFO] CRT.ParentFeed | parent_crt H4 MANIPULATION_C2 -> DISTRIBUTION_C3 bias=SHORT htf=EXPANSION obj=ACHIEVED ts=2025-08-27 04:00:00
22:04:00 [BT]   30,000/47,275 (63%) | trades=3 cap=98,501 dd=1.5%
2026-09-30 22:04:00 [INFO] CRT.Backtest |   30,000/47,275 (63%) | trades=3 cap=98,501 dd=1.5%
2026-09-30 22:04:00 [INFO] CRT.ParentFeed | parent_crt H4 DISTRIBUTION_C3 -> RANGE_C1 bias=NONE htf=ACCUMULATION obj=NONE ts=2025-08-27 08:00:00
2026-09-30 22:04:00 [INFO] CRT.ParentFeed | parent_crt H4 RANGE_C1 -> MANIPULATION_C2 bias=NONE htf=DISTRIBUTION obj=NONE ts=2025-08-27 12:00:00
2026-09-30 22:04:00 [INFO] CRT.ParentFeed | parent_crt H4 MANIPULATION_C2 -> RANGE_C1 bias=NONE htf=REVERSAL obj=NONE ts=2025-08-27 16:00:00
2026-09-30 22:04:00 [INFO] CRT.ParentFeed | parent_crt H4 RANGE_C1 -> MANIPULATION_C2 bias=NONE htf=REVERSAL obj=NONE ts=2025-08-28 00:00:00
2026-09-30 22:04:00 [INFO] CRT.ParentFeed | parent_crt H4 MANIPULATION_C2 -> DISTRIBUTION_C3 bias=SHORT htf=EXPANSION obj=ACHIEVED ts=2025-08-28 04:00:00
2026-09-30 22:04:00 [INFO] CRT.ParentFeed | parent_crt H4 DISTRIBUTION_C3 -> RANGE_C1 bias=NONE htf=REVERSAL obj=NONE ts=2025-08-28 08:00:00
2026-09-30 22:04:00 [INFO] CRT.ParentFeed | parent_crt H4 RANGE_C1 -> MANIPULATION_C2 bias=NONE htf=DISTRIBUTION obj=NONE ts=2025-08-28 12:00:00
2026-09-30 22:04:00 [INFO] CRT.ParentFeed | parent_crt H4 MANIPULATION_C2 -> RANGE_C1 bias=NONE htf=REVERSAL obj=NONE ts=2025-08-28 16:00:00
2026-09-30 22:04:00 [INFO] CRT.ParentFeed | parent_crt H4 RANGE_C1 -> MANIPULATION_C2 bias=NONE htf=ACCUMULATION obj=NONE ts=2025-08-28 20:00:00
2026-09-30 22:04:00 [INFO] CRT.ParentFeed | parent_crt H4 MANIPULATION_C2 -> DISTRIBUTION_C3 bias=SHORT htf=REVERSAL obj=EXISTS ts=2025-08-29 00:00:00
2026-09-30 22:04:00 [INFO] CRT.ParentFeed | parent_crt H4 DISTRIBUTION_C3 -> RANGE_C1 bias=NONE htf=EXPANSION obj=NONE ts=2025-08-29 04:00:00
2026-09-30 22:04:00 [INFO] CRT.ParentFeed | parent_crt H4 RANGE_C1 -> MANIPULATION_C2 bias=NONE htf=DISTRIBUTION obj=NONE ts=2025-08-29 08:00:00
2026-09-30 22:04:00 [INFO] CRT.ParentFeed | parent_crt H4 MANIPULATION_C2 -> RANGE_C1 bias=NONE htf=EXPANSION obj=NONE ts=2025-08-29 12:00:00
2026-09-30 22:04:01 [INFO] CRT.ParentFeed | parent_crt H4 RANGE_C1 -> MANIPULATION_C2 bias=NONE htf=ACCUMULATION obj=NONE ts=2025-08-29 20:00:00
2026-09-30 22:04:01 [INFO] CRT.GapDetector | GAP RESET | Session gap detected: 2955min > 120min (2025-09-01 01:00 → 2025-09-01 01:00)
2026-09-30 22:04:01 [INFO] CRT.ParentFeed | parent_crt H4 MANIPULATION_C2 -> DISTRIBUTION_C3 bias=SHORT htf=ACCUMULATION obj=EXISTS ts=2025-09-01 00:00:00
2026-09-30 22:04:01 [INFO] CRT.ParentFeed | parent_crt H4 DISTRIBUTION_C3 -> RANGE_C1 bias=NONE htf=REVERSAL obj=NONE ts=2025-09-01 04:00:00
2026-09-30 22:04:01 [INFO] CRT.ParentFeed | parent_crt H4 RANGE_C1 -> MANIPULATION_C2 bias=NONE htf=ACCUMULATION obj=NONE ts=2025-09-01 08:00:00
2026-09-30 22:04:01 [INFO] CRT.ParentFeed | parent_crt H4 MANIPULATION_C2 -> DISTRIBUTION_C3 bias=SHORT htf=ACCUMULATION obj=EXISTS ts=2025-09-01 12:00:00
2026-09-30 22:04:01 [INFO] CRT.ParentFeed | parent_crt H4 DISTRIBUTION_C3 -> RANGE_C1 bias=NONE htf=REVERSAL obj=NONE ts=2025-09-01 16:00:00
2026-09-30 22:04:01 [INFO] CRT.GapDetector | GAP RESET | Session gap detected: 225min > 120min (2025-09-02 01:00 → 2025-09-02 01:00)
2026-09-30 22:04:01 [INFO] CRT.ParentFeed | parent_crt H4 RANGE_C1 -> MANIPULATION_C2 bias=NONE htf=REVERSAL obj=NONE ts=2025-09-02 00:00:00
2026-09-30 22:04:01 [INFO] CRT.ParentFeed | parent_crt H4 MANIPULATION_C2 -> DISTRIBUTION_C3 bias=LONG htf=EXPANSION obj=ACHIEVED ts=2025-09-02 04:00:00
2026-09-30 22:04:01 [INFO] CRT.ParentFeed | parent_crt H4 DISTRIBUTION_C3 -> RANGE_C1 bias=NONE htf=ACCUMULATION obj=NONE ts=2025-09-02 08:00:00
2026-09-30 22:04:02 [INFO] CRT.ParentFeed | parent_crt H4 RANGE_C1 -> MANIPULATION_C2 bias=NONE htf=DISTRIBUTION obj=NONE ts=2025-09-03 00:00:00
2026-09-30 22:04:02 [INFO] CRT.ParentFeed | parent_crt H4 MANIPULATION_C2 -> RANGE_C1 bias=NONE htf=ACCUMULATION obj=NONE ts=2025-09-03 04:00:00
2026-09-30 22:04:02 [INFO] CRT.ParentFeed | parent_crt H4 RANGE_C1 -> MANIPULATION_C2 bias=NONE htf=ACCUMULATION obj=NONE ts=2025-09-03 08:00:00
2026-09-30 22:04:02 [INFO] CRT.ParentFeed | parent_crt H4 MANIPULATION_C2 -> DISTRIBUTION_C3 bias=LONG htf=EXPANSION obj=ACHIEVED ts=2025-09-03 12:00:00
2026-09-30 22:04:02 [INFO] CRT.ParentFeed | parent_crt H4 DISTRIBUTION_C3 -> RANGE_C1 bias=NONE htf=EXPANSION obj=NONE ts=2025-09-03 16:00:00
2026-09-30 22:04:02 [INFO] CRT.ParentFeed | parent_crt H4 RANGE_C1 -> MANIPULATION_C2 bias=NONE htf=ACCUMULATION obj=NONE ts=2025-09-03 20:00:00
2026-09-30 22:04:02 [INFO] CRT.ParentFeed | parent_crt H4 MANIPULATION_C2 -> DISTRIBUTION_C3 bias=SHORT htf=ACCUMULATION obj=EXISTS ts=2025-09-04 00:00:00
2026-09-30 22:04:02 [INFO] CRT.ParentFeed | parent_crt H4 DISTRIBUTION_C3 -> RANGE_C1 bias=NONE htf=EXPANSION obj=NONE ts=2025-09-04 04:00:00
2026-09-30 22:04:02 [INFO] CRT.ParentFeed | parent_crt H4 RANGE_C1 -> MANIPULATION_C2 bias=NONE htf=DISTRIBUTION obj=NONE ts=2025-09-04 16:00:00
2026-09-30 22:04:02 [INFO] CRT.ParentFeed | parent_crt H4 MANIPULATION_C2 -> DISTRIBUTION_C3 bias=SHORT htf=ACCUMULATION obj=EXISTS ts=2025-09-04 20:00:00
2026-09-30 22:04:02 [INFO] CRT.ParentFeed | parent_crt H4 DISTRIBUTION_C3 -> RANGE_C1 bias=NONE htf=DISTRIBUTION obj=NONE ts=2025-09-05 00:00:00
2026-09-30 22:04:02 [INFO] CRT.ParentFeed | parent_crt H4 RANGE_C1 -> MANIPULATION_C2 bias=NONE htf=DISTRIBUTION obj=NONE ts=2025-09-05 08:00:00
2026-09-30 22:04:03 [INFO] CRT.ParentFeed | parent_crt H4 MANIPULATION_C2 -> RANGE_C1 bias=NONE htf=REVERSAL obj=NONE ts=2025-09-05 12:00:00
2026-09-30 22:04:03 [INFO] CRT.GapDetector | GAP RESET | Session gap detected: 2955min > 120min (2025-09-08 01:00 → 2025-09-08 01:00)
2026-09-30 22:04:03 [INFO] CRT.ParentFeed | parent_crt H4 RANGE_C1 -> MANIPULATION_C2 bias=NONE htf=DISTRIBUTION obj=NONE ts=2025-09-08 00:00:00
2026-09-30 22:04:03 [INFO] CRT.ParentFeed | parent_crt H4 MANIPULATION_C2 -> RANGE_C1 bias=NONE htf=ACCUMULATION obj=NONE ts=2025-09-08 04:00:00
2026-09-30 22:04:03 [INFO] CRT.ParentFeed | parent_crt H4 RANGE_C1 -> MANIPULATION_C2 bias=NONE htf=DISTRIBUTION obj=NONE ts=2025-09-09 00:00:00
2026-09-30 22:04:03 [INFO] CRT.ParentFeed | parent_crt H4 MANIPULATION_C2 -> DISTRIBUTION_C3 bias=LONG htf=EXPANSION obj=ACHIEVED ts=2025-09-09 04:00:00
2026-09-30 22:04:03 [INFO] CRT.ParentFeed | parent_crt H4 DISTRIBUTION_C3 -> RANGE_C1 bias=NONE htf=DISTRIBUTION obj=NONE ts=2025-09-09 08:00:00
2026-09-30 22:04:03 [INFO] CRT.ParentFeed | parent_crt H4 RANGE_C1 -> MANIPULATION_C2 bias=NONE htf=DISTRIBUTION obj=NONE ts=2025-09-09 16:00:00
2026-09-30 22:04:03 [INFO] CRT.ParentFeed | parent_crt H4 MANIPULATION_C2 -> DISTRIBUTION_C3 bias=SHORT htf=EXPANSION obj=ACHIEVED ts=2025-09-09 20:00:00
2026-09-30 22:04:04 [INFO] CRT.ParentFeed | parent_crt H4 DISTRIBUTION_C3 -> RANGE_C1 bias=NONE htf=EXPANSION obj=NONE ts=2025-09-10 00:00:00
2026-09-30 22:04:04 [INFO] CRT.ParentFeed | parent_crt H4 RANGE_C1 -> MANIPULATION_C2 bias=NONE htf=DISTRIBUTION obj=NONE ts=2025-09-10 12:00:00
2026-09-30 22:04:04 [INFO] CRT.ParentFeed | parent_crt H4 MANIPULATION_C2 -> DISTRIBUTION_C3 bias=SHORT htf=ACCUMULATION obj=EXISTS ts=2025-09-10 16:00:00
2026-09-30 22:04:04 [INFO] CRT.ParentFeed | parent_crt H4 DISTRIBUTION_C3 -> RANGE_C1 bias=NONE htf=ACCUMULATION obj=NONE ts=2025-09-10 20:00:00
2026-09-30 22:04:04 [INFO] CRT.ParentFeed | parent_crt H4 RANGE_C1 -> MANIPULATION_C2 bias=NONE htf=REVERSAL obj=NONE ts=2025-09-11 04:00:00
2026-09-30 22:04:04 [INFO] CRT.ParentFeed | parent_crt H4 MANIPULATION_C2 -> DISTRIBUTION_C3 bias=SHORT htf=EXPANSION obj=ACHIEVED ts=2025-09-11 08:00:00
2026-09-30 22:04:04 [INFO] CRT.ParentFeed | parent_crt H4 DISTRIBUTION_C3 -> RANGE_C1 bias=NONE htf=DISTRIBUTION obj=NONE ts=2025-09-11 12:00:00
2026-09-30 22:04:04 [INFO] CRT.ParentFeed | parent_crt H4 RANGE_C1 -> MANIPULATION_C2 bias=NONE htf=DISTRIBUTION obj=NONE ts=2025-09-12 00:00:00
2026-09-30 22:04:04 [INFO] CRT.ParentFeed | parent_crt H4 MANIPULATION_C2 -> RANGE_C1 bias=NONE htf=EXPANSION obj=NONE ts=2025-09-12 04:00:00
2026-09-30 22:04:05 [INFO] CRT.ParentFeed | parent_crt H4 RANGE_C1 -> MANIPULATION_C2 bias=NONE htf=ACCUMULATION obj=NONE ts=2025-09-12 08:00:00
2026-09-30 22:04:05 [INFO] CRT.ParentFeed | parent_crt H4 MANIPULATION_C2 -> RANGE_C1 bias=NONE htf=ACCUMULATION obj=NONE ts=2025-09-12 12:00:00
2026-09-30 22:04:05 [INFO] CRT.ParentFeed | parent_crt H4 RANGE_C1 -> MANIPULATION_C2 bias=NONE htf=ACCUMULATION obj=NONE ts=2025-09-12 16:00:00
2026-09-30 22:04:05 [INFO] CRT.ParentFeed | parent_crt H4 MANIPULATION_C2 -> DISTRIBUTION_C3 bias=SHORT htf=ACCUMULATION obj=EXISTS ts=2025-09-12 20:00:00
2026-09-30 22:04:05 [INFO] CRT.GapDetector | GAP RESET | Session gap detected: 2955min > 120min (2025-09-15 01:00 → 2025-09-15 01:00)
2026-09-30 22:04:05 [INFO] CRT.ParentFeed | parent_crt H4 DISTRIBUTION_C3 -> RANGE_C1 bias=NONE htf=EXPANSION obj=NONE ts=2025-09-15 00:00:00
2026-09-30 22:04:05 [INFO] CRT.ParentFeed | parent_crt H4 RANGE_C1 -> MANIPULATION_C2 bias=NONE htf=DISTRIBUTION obj=NONE ts=2025-09-15 04:00:00
2026-09-30 22:04:05 [INFO] CRT.ParentFeed | parent_crt H4 MANIPULATION_C2 -> DISTRIBUTION_C3 bias=SHORT htf=ACCUMULATION obj=EXISTS ts=2025-09-15 08:00:00
2026-09-30 22:04:05 [INFO] CRT.ParentFeed | parent_crt H4 DISTRIBUTION_C3 -> RANGE_C1 bias=NONE htf=REVERSAL obj=NONE ts=2025-09-15 12:00:00
2026-09-30 22:04:05 [INFO] CRT.ParentFeed | parent_crt H4 RANGE_C1 -> MANIPULATION_C2 bias=NONE htf=DISTRIBUTION obj=NONE ts=2025-09-16 04:00:00
2026-09-30 22:04:05 [INFO] CRT.ParentFeed | parent_crt H4 MANIPULATION_C2 -> RANGE_C1 bias=NONE htf=REVERSAL obj=NONE ts=2025-09-16 08:00:00
2026-09-30 22:04:05 [INFO] CRT.ParentFeed | parent_crt H4 RANGE_C1 -> MANIPULATION_C2 bias=NONE htf=ACCUMULATION obj=NONE ts=2025-09-16 12:00:00
2026-09-30 22:04:06 [INFO] CRT.ParentFeed | parent_crt H4 MANIPULATION_C2 -> RANGE_C1 bias=NONE htf=DISTRIBUTION obj=NONE ts=2025-09-16 16:00:00
2026-09-30 22:04:06 [INFO] CRT.ParentFeed | parent_crt H4 RANGE_C1 -> MANIPULATION_C2 bias=NONE htf=ACCUMULATION obj=NONE ts=2025-09-17 00:00:00
2026-09-30 22:04:06 [INFO] CRT.ParentFeed | parent_crt H4 MANIPULATION_C2 -> DISTRIBUTION_C3 bias=SHORT htf=REVERSAL obj=ACHIEVED ts=2025-09-17 04:00:00
2026-09-30 22:04:06 [INFO] CRT.ParentFeed | parent_crt H4 DISTRIBUTION_C3 -> RANGE_C1 bias=NONE htf=EXPANSION obj=NONE ts=2025-09-17 08:00:00
2026-09-30 22:04:06 [INFO] CRT.ParentFeed | parent_crt H4 RANGE_C1 -> MANIPULATION_C2 bias=NONE htf=ACCUMULATION obj=NONE ts=2025-09-17 12:00:00
2026-09-30 22:04:06 [INFO] CRT.ParentFeed | parent_crt H4 MANIPULATION_C2 -> DISTRIBUTION_C3 bias=LONG htf=EXPANSION obj=EXISTS ts=2025-09-17 16:00:00
2026-09-30 22:04:06 [INFO] CRT.ParentFeed | parent_crt H4 DISTRIBUTION_C3 -> RANGE_C1 bias=NONE htf=REVERSAL obj=NONE ts=2025-09-17 20:00:00
2026-09-30 22:04:06 [INFO] CRT.ParentFeed | parent_crt H4 RANGE_C1 -> MANIPULATION_C2 bias=NONE htf=DISTRIBUTION obj=NONE ts=2025-09-18 08:00:00
2026-09-30 22:04:06 [INFO] CRT.ParentFeed | parent_crt H4 MANIPULATION_C2 -> RANGE_C1 bias=NONE htf=ACCUMULATION obj=NONE ts=2025-09-18 12:00:00
2026-09-30 22:04:07 [INFO] CRT.ParentFeed | parent_crt H4 RANGE_C1 -> MANIPULATION_C2 bias=NONE htf=REVERSAL obj=NONE ts=2025-09-19 04:00:00
2026-09-30 22:04:07 [INFO] CRT.ParentFeed | parent_crt H4 MANIPULATION_C2 -> RANGE_C1 bias=NONE htf=ACCUMULATION obj=NONE ts=2025-09-19 08:00:00
2026-09-30 22:04:07 [INFO] CRT.ParentFeed | parent_crt H4 RANGE_C1 -> MANIPULATION_C2 bias=NONE htf=REVERSAL obj=NONE ts=2025-09-19 16:00:00
2026-09-30 22:04:07 [INFO] CRT.ParentFeed | parent_crt H4 MANIPULATION_C2 -> DISTRIBUTION_C3 bias=LONG htf=EXPANSION obj=ACHIEVED ts=2025-09-19 20:00:00
2026-09-30 22:04:07 [INFO] CRT.GapDetector | GAP RESET | Session gap detected: 2955min > 120min (2025-09-22 01:00 → 2025-09-22 01:00)
2026-09-30 22:04:07 [INFO] CRT.ParentFeed | parent_crt H4 DISTRIBUTION_C3 -> RANGE_C1 bias=NONE htf=EXPANSION obj=NONE ts=2025-09-22 00:00:00
2026-09-30 22:04:07 [INFO] CRT.ParentFeed | parent_crt H4 RANGE_C1 -> MANIPULATION_C2 bias=NONE htf=ACCUMULATION obj=NONE ts=2025-09-22 12:00:00
2026-09-30 22:04:07 [INFO] CRT.ParentFeed | parent_crt H4 MANIPULATION_C2 -> RANGE_C1 bias=NONE htf=EXPANSION obj=NONE ts=2025-09-22 16:00:00
2026-09-30 22:04:07 [INFO] CRT.ParentFeed | parent_crt H4 RANGE_C1 -> MANIPULATION_C2 bias=NONE htf=DISTRIBUTION obj=NONE ts=2025-09-23 00:00:00
2026-09-30 22:04:08 [INFO] CRT.ParentFeed | parent_crt H4 MANIPULATION_C2 -> DISTRIBUTION_C3 bias=SHORT htf=DISTRIBUTION obj=EXISTS ts=2025-09-23 04:00:00
2026-09-30 22:04:08 [INFO] CRT.ParentFeed | parent_crt H4 DISTRIBUTION_C3 -> RANGE_C1 bias=NONE htf=REVERSAL obj=NONE ts=2025-09-23 08:00:00
2026-09-30 22:04:08 [INFO] CRT.ParentFeed | parent_crt H4 RANGE_C1 -> MANIPULATION_C2 bias=NONE htf=DISTRIBUTION obj=NONE ts=2025-09-23 16:00:00
2026-09-30 22:04:08 [INFO] CRT.ParentFeed | parent_crt H4 MANIPULATION_C2 -> RANGE_C1 bias=NONE htf=EXPANSION obj=NONE ts=2025-09-23 20:00:00
2026-09-30 22:04:08 [INFO] CRT.ParentFeed | parent_crt H4 RANGE_C1 -> MANIPULATION_C2 bias=NONE htf=DISTRIBUTION obj=NONE ts=2025-09-24 04:00:00
2026-09-30 22:04:08 [INFO] CRT.ParentFeed | parent_crt H4 MANIPULATION_C2 -> RANGE_C1 bias=NONE htf=ACCUMULATION obj=NONE ts=2025-09-24 08:00:00
2026-09-30 22:04:08 [INFO] CRT.ParentFeed | parent_crt H4 RANGE_C1 -> MANIPULATION_C2 bias=NONE htf=ACCUMULATION obj=NONE ts=2025-09-24 12:00:00
2026-09-30 22:04:08 [INFO] CRT.ParentFeed | parent_crt H4 MANIPULATION_C2 -> RANGE_C1 bias=NONE htf=EXPANSION obj=NONE ts=2025-09-24 16:00:00
2026-09-30 22:04:08 [INFO] CRT.ParentFeed | parent_crt H4 RANGE_C1 -> MANIPULATION_C2 bias=NONE htf=ACCUMULATION obj=NONE ts=2025-09-24 20:00:00
2026-09-30 22:04:08 [INFO] CRT.ParentFeed | parent_crt H4 MANIPULATION_C2 -> DISTRIBUTION_C3 bias=LONG htf=EXPANSION obj=EXISTS ts=2025-09-25 00:00:00
2026-09-30 22:04:08 [INFO] CRT.ParentFeed | parent_crt H4 DISTRIBUTION_C3 -> RANGE_C1 bias=NONE htf=DISTRIBUTION obj=NONE ts=2025-09-25 04:00:00
2026-09-30 22:04:08 [INFO] CRT.ParentFeed | parent_crt H4 RANGE_C1 -> MANIPULATION_C2 bias=NONE htf=DISTRIBUTION obj=NONE ts=2025-09-25 12:00:00
2026-09-30 22:04:08 [INFO] CRT.ParentFeed | parent_crt H4 MANIPULATION_C2 -> RANGE_C1 bias=NONE htf=ACCUMULATION obj=NONE ts=2025-09-25 16:00:00
2026-09-30 22:04:09 [INFO] CRT.ParentFeed | parent_crt H4 RANGE_C1 -> MANIPULATION_C2 bias=NONE htf=DISTRIBUTION obj=NONE ts=2025-09-26 04:00:00
2026-09-30 22:04:09 [INFO] CRT.ParentFeed | parent_crt H4 MANIPULATION_C2 -> RANGE_C1 bias=NONE htf=ACCUMULATION obj=NONE ts=2025-09-26 08:00:00
2026-09-30 22:04:09 [INFO] CRT.ParentFeed | parent_crt H4 RANGE_C1 -> MANIPULATION_C2 bias=NONE htf=ACCUMULATION obj=NONE ts=2025-09-26 12:00:00
2026-09-30 22:04:09 [INFO] CRT.ParentFeed | parent_crt H4 MANIPULATION_C2 -> RANGE_C1 bias=NONE htf=REVERSAL obj=NONE ts=2025-09-26 16:00:00
2026-09-30 22:04:09 [INFO] CRT.GapDetector | GAP RESET | Session gap detected: 2955min > 120min (2025-09-29 01:00 → 2025-09-29 01:00)
2026-09-30 22:04:09 [INFO] CRT.ParentFeed | parent_crt H4 RANGE_C1 -> MANIPULATION_C2 bias=NONE htf=REVERSAL obj=NONE ts=2025-09-29 00:00:00
2026-09-30 22:04:09 [INFO] CRT.ParentFeed | parent_crt H4 MANIPULATION_C2 -> DISTRIBUTION_C3 bias=LONG htf=EXPANSION obj=ACHIEVED ts=2025-09-29 04:00:00
2026-09-30 22:04:09 [INFO] CRT.ParentFeed | parent_crt H4 DISTRIBUTION_C3 -> RANGE_C1 bias=NONE htf=EXPANSION obj=NONE ts=2025-09-29 08:00:00
2026-09-30 22:04:09 [INFO] CRT.ParentFeed | parent_crt H4 RANGE_C1 -> MANIPULATION_C2 bias=NONE htf=DISTRIBUTION obj=NONE ts=2025-09-29 12:00:00
2026-09-30 22:04:09 [INFO] CRT.ParentFeed | parent_crt H4 MANIPULATION_C2 -> RANGE_C1 bias=NONE htf=ACCUMULATION obj=NONE ts=2025-09-29 16:00:00
2026-09-30 22:04:09 [INFO] CRT.ParentFeed | parent_crt H4 RANGE_C1 -> MANIPULATION_C2 bias=NONE htf=REVERSAL obj=NONE ts=2025-09-30 08:00:00
2026-09-30 22:04:09 [INFO] CRT.ParentFeed | parent_crt H4 MANIPULATION_C2 -> RANGE_C1 bias=NONE htf=ACCUMULATION obj=NONE ts=2025-09-30 12:00:00
2026-09-30 22:04:10 [INFO] CRT.ParentFeed | parent_crt H4 RANGE_C1 -> MANIPULATION_C2 bias=NONE htf=ACCUMULATION obj=NONE ts=2025-10-01 00:00:00
2026-09-30 22:04:10 [INFO] CRT.ParentFeed | parent_crt H4 MANIPULATION_C2 -> RANGE_C1 bias=NONE htf=DISTRIBUTION obj=NONE ts=2025-10-01 04:00:00
2026-09-30 22:04:10 [INFO] CRT.ParentFeed | parent_crt H4 RANGE_C1 -> MANIPULATION_C2 bias=NONE htf=EXPANSION obj=NONE ts=2025-10-01 08:00:00
2026-09-30 22:04:10 [INFO] CRT.ParentFeed | parent_crt H4 MANIPULATION_C2 -> RANGE_C1 bias=NONE htf=ACCUMULATION obj=NONE ts=2025-10-01 12:00:00
2026-09-30 22:04:10 [INFO] CRT.ParentFeed | parent_crt H4 RANGE_C1 -> MANIPULATION_C2 bias=NONE htf=ACCUMULATION obj=NONE ts=2025-10-01 16:00:00
2026-09-30 22:04:10 [INFO] CRT.ParentFeed | parent_crt H4 MANIPULATION_C2 -> RANGE_C1 bias=NONE htf=ACCUMULATION obj=NONE ts=2025-10-01 20:00:00
2026-09-30 22:04:10 [INFO] CRT.ParentFeed | parent_crt H4 RANGE_C1 -> MANIPULATION_C2 bias=NONE htf=DISTRIBUTION obj=NONE ts=2025-10-02 04:00:00
2026-09-30 22:04:10 [INFO] CRT.ParentFeed | parent_crt H4 MANIPULATION_C2 -> DISTRIBUTION_C3 bias=LONG htf=EXPANSION obj=ACHIEVED ts=2025-10-02 08:00:00
2026-09-30 22:04:10 [INFO] CRT.ParentFeed | parent_crt H4 DISTRIBUTION_C3 -> RANGE_C1 bias=NONE htf=EXPANSION obj=NONE ts=2025-10-02 12:00:00
2026-09-30 22:04:10 [INFO] CRT.ParentFeed | parent_crt H4 RANGE_C1 -> MANIPULATION_C2 bias=NONE htf=REVERSAL obj=NONE ts=2025-10-02 16:00:00
2026-09-30 22:04:10 [INFO] CRT.ParentFeed | parent_crt H4 MANIPULATION_C2 -> RANGE_C1 bias=NONE htf=ACCUMULATION obj=NONE ts=2025-10-02 20:00:00
2026-09-30 22:04:10 [INFO] CRT.ParentFeed | parent_crt H4 RANGE_C1 -> MANIPULATION_C2 bias=NONE htf=ACCUMULATION obj=NONE ts=2025-10-03 00:00:00
2026-09-30 22:04:10 [INFO] CRT.ParentFeed | parent_crt H4 MANIPULATION_C2 -> DISTRIBUTION_C3 bias=SHORT htf=REVERSAL obj=EXISTS ts=2025-10-03 04:00:00
2026-09-30 22:04:10 [INFO] CRT.ParentFeed | parent_crt H4 DISTRIBUTION_C3 -> RANGE_C1 bias=NONE htf=REVERSAL obj=NONE ts=2025-10-03 08:00:00
2026-09-30 22:04:11 [INFO] CRT.GapDetector | GAP RESET | Session gap detected: 2955min > 120min (2025-10-06 01:00 → 2025-10-06 01:00)
2026-09-30 22:04:11 [INFO] CRT.ParentFeed | parent_crt H4 RANGE_C1 -> MANIPULATION_C2 bias=NONE htf=DISTRIBUTION obj=NONE ts=2025-10-07 00:00:00
2026-09-30 22:04:11 [INFO] CRT.ParentFeed | parent_crt H4 MANIPULATION_C2 -> RANGE_C1 bias=NONE htf=DISTRIBUTION obj=NONE ts=2025-10-07 04:00:00
2026-09-30 22:04:12 [INFO] CRT.ParentFeed | parent_crt H4 RANGE_C1 -> MANIPULATION_C2 bias=NONE htf=DISTRIBUTION obj=NONE ts=2025-10-07 16:00:00
2026-09-30 22:04:12 [INFO] CRT.ParentFeed | parent_crt H4 MANIPULATION_C2 -> RANGE_C1 bias=NONE htf=ACCUMULATION obj=NONE ts=2025-10-07 20:00:00
2026-09-30 22:04:12 [INFO] CRT.ParentFeed | parent_crt H4 RANGE_C1 -> MANIPULATION_C2 bias=NONE htf=ACCUMULATION obj=NONE ts=2025-10-08 12:00:00
2026-09-30 22:04:12 [INFO] CRT.ParentFeed | parent_crt H4 MANIPULATION_C2 -> RANGE_C1 bias=NONE htf=EXPANSION obj=NONE ts=2025-10-08 16:00:00
2026-09-30 22:04:12 [INFO] CRT.ParentFeed | parent_crt H4 RANGE_C1 -> MANIPULATION_C2 bias=NONE htf=ACCUMULATION obj=NONE ts=2025-10-09 08:00:00
2026-09-30 22:04:12 [INFO] CRT.ParentFeed | parent_crt H4 MANIPULATION_C2 -> RANGE_C1 bias=NONE htf=REVERSAL obj=NONE ts=2025-10-09 12:00:00
2026-09-30 22:04:12 [INFO] CRT.ParentFeed | parent_crt H4 RANGE_C1 -> MANIPULATION_C2 bias=NONE htf=REVERSAL obj=NONE ts=2025-10-09 16:00:00
2026-09-30 22:04:12 [INFO] CRT.ParentFeed | parent_crt H4 MANIPULATION_C2 -> RANGE_C1 bias=NONE htf=ACCUMULATION obj=NONE ts=2025-10-09 20:00:00
2026-09-30 22:04:13 [INFO] CRT.ParentFeed | parent_crt H4 RANGE_C1 -> MANIPULATION_C2 bias=NONE htf=DISTRIBUTION obj=NONE ts=2025-10-10 04:00:00
2026-09-30 22:04:13 [INFO] CRT.ParentFeed | parent_crt H4 MANIPULATION_C2 -> DISTRIBUTION_C3 bias=LONG htf=ACCUMULATION obj=EXISTS ts=2025-10-10 08:00:00
2026-09-30 22:04:13 [INFO] CRT.ParentFeed | parent_crt H4 DISTRIBUTION_C3 -> RANGE_C1 bias=NONE htf=ACCUMULATION obj=NONE ts=2025-10-10 12:00:00
2026-09-30 22:04:13 [INFO] CRT.ParentFeed | parent_crt H4 RANGE_C1 -> MANIPULATION_C2 bias=NONE htf=DISTRIBUTION obj=NONE ts=2025-10-10 16:00:00
2026-09-30 22:04:13 [INFO] CRT.ParentFeed | parent_crt H4 MANIPULATION_C2 -> RANGE_C1 bias=NONE htf=ACCUMULATION obj=NONE ts=2025-10-10 20:00:00
2026-09-30 22:04:13 [INFO] CRT.GapDetector | GAP RESET | Session gap detected: 2955min > 120min (2025-10-13 01:00 → 2025-10-13 01:00)
2026-09-30 22:04:13 [INFO] CRT.ParentFeed | parent_crt H4 RANGE_C1 -> MANIPULATION_C2 bias=NONE htf=DISTRIBUTION obj=NONE ts=2025-10-14 08:00:00
2026-09-30 22:04:13 [INFO] CRT.ParentFeed | parent_crt H4 MANIPULATION_C2 -> DISTRIBUTION_C3 bias=SHORT htf=ACCUMULATION obj=ACHIEVED ts=2025-10-14 12:00:00
2026-09-30 22:04:14 [INFO] CRT.ParentFeed | parent_crt H4 DISTRIBUTION_C3 -> RANGE_C1 bias=NONE htf=DISTRIBUTION obj=NONE ts=2025-10-14 16:00:00
2026-09-30 22:04:14 [INFO] CRT.ParentFeed | parent_crt H4 RANGE_C1 -> MANIPULATION_C2 bias=NONE htf=DISTRIBUTION obj=NONE ts=2025-10-15 12:00:00
2026-09-30 22:04:14 [INFO] CRT.ParentFeed | parent_crt H4 MANIPULATION_C2 -> DISTRIBUTION_C3 bias=LONG htf=ACCUMULATION obj=EXISTS ts=2025-10-15 16:00:00
2026-09-30 22:04:14 [INFO] CRT.ParentFeed | parent_crt H4 DISTRIBUTION_C3 -> RANGE_C1 bias=NONE htf=ACCUMULATION obj=NONE ts=2025-10-15 20:00:00
2026-09-30 22:04:14 [INFO] CRT.ParentFeed | parent_crt H4 RANGE_C1 -> MANIPULATION_C2 bias=NONE htf=ACCUMULATION obj=NONE ts=2025-10-16 00:00:00
2026-09-30 22:04:14 [INFO] CRT.ParentFeed | parent_crt H4 MANIPULATION_C2 -> RANGE_C1 bias=NONE htf=EXPANSION obj=NONE ts=2025-10-16 04:00:00
2026-09-30 22:04:14 [INFO] CRT.ParentFeed | parent_crt H4 RANGE_C1 -> MANIPULATION_C2 bias=NONE htf=DISTRIBUTION obj=NONE ts=2025-10-16 08:00:00
2026-09-30 22:04:14 [INFO] CRT.ParentFeed | parent_crt H4 MANIPULATION_C2 -> DISTRIBUTION_C3 bias=LONG htf=REVERSAL obj=EXISTS ts=2025-10-16 12:00:00
2026-09-30 22:04:14 [INFO] CRT.ParentFeed | parent_crt H4 DISTRIBUTION_C3 -> RANGE_C1 bias=NONE htf=EXPANSION obj=NONE ts=2025-10-16 16:00:00
2026-09-30 22:04:15 [INFO] CRT.ParentFeed | parent_crt H4 RANGE_C1 -> MANIPULATION_C2 bias=NONE htf=DISTRIBUTION obj=NONE ts=2025-10-17 04:00:00
2026-09-30 22:04:15 [INFO] CRT.ParentFeed | parent_crt H4 MANIPULATION_C2 -> RANGE_C1 bias=NONE htf=ACCUMULATION obj=NONE ts=2025-10-17 08:00:00
2026-09-30 22:04:15 [INFO] CRT.ParentFeed | parent_crt H4 RANGE_C1 -> MANIPULATION_C2 bias=NONE htf=ACCUMULATION obj=NONE ts=2025-10-17 12:00:00
2026-09-30 22:04:15 [INFO] CRT.ParentFeed | parent_crt H4 MANIPULATION_C2 -> RANGE_C1 bias=NONE htf=EXPANSION obj=NONE ts=2025-10-17 16:00:00
2026-09-30 22:04:15 [INFO] CRT.ParentFeed | parent_crt H4 RANGE_C1 -> MANIPULATION_C2 bias=NONE htf=ACCUMULATION obj=NONE ts=2025-10-17 20:00:00
2026-09-30 22:04:15 [INFO] CRT.GapDetector | GAP RESET | Session gap detected: 2955min > 120min (2025-10-20 01:00 → 2025-10-20 01:00)
2026-09-30 22:04:15 [INFO] CRT.ParentFeed | parent_crt H4 MANIPULATION_C2 -> RANGE_C1 bias=NONE htf=ACCUMULATION obj=NONE ts=2025-10-20 00:00:00
2026-09-30 22:04:15 [INFO] CRT.ParentFeed | parent_crt H4 RANGE_C1 -> MANIPULATION_C2 bias=NONE htf=DISTRIBUTION obj=NONE ts=2025-10-20 08:00:00
2026-09-30 22:04:15 [INFO] CRT.ParentFeed | parent_crt H4 MANIPULATION_C2 -> DISTRIBUTION_C3 bias=LONG htf=REVERSAL obj=ACHIEVED ts=2025-10-20 12:00:00
2026-09-30 22:04:15 [INFO] CRT.ParentFeed | parent_crt H4 DISTRIBUTION_C3 -> RANGE_C1 bias=NONE htf=EXPANSION obj=NONE ts=2025-10-20 16:00:00
2026-09-30 22:04:16 [INFO] CRT.ParentFeed | parent_crt H4 RANGE_C1 -> MANIPULATION_C2 bias=NONE htf=REVERSAL obj=NONE ts=2025-10-22 00:00:00
2026-09-30 22:04:16 [INFO] CRT.ParentFeed | parent_crt H4 MANIPULATION_C2 -> RANGE_C1 bias=NONE htf=ACCUMULATION obj=NONE ts=2025-10-22 04:00:00
2026-09-30 22:04:16 [INFO] CRT.ParentFeed | parent_crt H4 RANGE_C1 -> MANIPULATION_C2 bias=NONE htf=DISTRIBUTION obj=NONE ts=2025-10-22 08:00:00
2026-09-30 22:04:16 [INFO] CRT.ParentFeed | parent_crt H4 MANIPULATION_C2 -> DISTRIBUTION_C3 bias=SHORT htf=EXPANSION obj=ACHIEVED ts=2025-10-22 12:00:00
2026-09-30 22:04:16 [INFO] CRT.ParentFeed | parent_crt H4 DISTRIBUTION_C3 -> RANGE_C1 bias=NONE htf=ACCUMULATION obj=NONE ts=2025-10-22 16:00:00
2026-09-30 22:04:16 [INFO] CRT.ParentFeed | parent_crt H4 RANGE_C1 -> MANIPULATION_C2 bias=NONE htf=ACCUMULATION obj=NONE ts=2025-10-23 00:00:00
2026-09-30 22:04:16 [INFO] CRT.ParentFeed | parent_crt H4 MANIPULATION_C2 -> RANGE_C1 bias=NONE htf=ACCUMULATION obj=NONE ts=2025-10-23 04:00:00
2026-09-30 22:04:17 [INFO] CRT.ParentFeed | parent_crt H4 RANGE_C1 -> MANIPULATION_C2 bias=NONE htf=DISTRIBUTION obj=NONE ts=2025-10-23 20:00:00
2026-09-30 22:04:17 [INFO] CRT.ParentFeed | parent_crt H4 MANIPULATION_C2 -> DISTRIBUTION_C3 bias=LONG htf=ACCUMULATION obj=EXISTS ts=2025-10-24 00:00:00
2026-09-30 22:04:17 [INFO] CRT.ParentFeed | parent_crt H4 DISTRIBUTION_C3 -> RANGE_C1 bias=NONE htf=DISTRIBUTION obj=NONE ts=2025-10-24 04:00:00
2026-09-30 22:04:17 [INFO] CRT.ParentFeed | parent_crt H4 RANGE_C1 -> MANIPULATION_C2 bias=NONE htf=ACCUMULATION obj=NONE ts=2025-10-24 12:00:00
2026-09-30 22:04:17 [INFO] CRT.ParentFeed | parent_crt H4 MANIPULATION_C2 -> DISTRIBUTION_C3 bias=LONG htf=EXPANSION obj=ACHIEVED ts=2025-10-24 16:00:00
2026-09-30 22:04:17 [INFO] CRT.ParentFeed | parent_crt H4 DISTRIBUTION_C3 -> RANGE_C1 bias=NONE htf=ACCUMULATION obj=NONE ts=2025-10-24 20:00:00
2026-09-30 22:04:17 [INFO] CRT.GapDetector | GAP RESET | Session gap detected: 2955min > 120min (2025-10-27 01:00 → 2025-10-27 01:00)
2026-09-30 22:04:17 [INFO] CRT.ParentFeed | parent_crt H4 RANGE_C1 -> MANIPULATION_C2 bias=NONE htf=ACCUMULATION obj=NONE ts=2025-10-27 04:00:00
2026-09-30 22:04:17 [INFO] CRT.ParentFeed | parent_crt H4 MANIPULATION_C2 -> RANGE_C1 bias=NONE htf=EXPANSION obj=NONE ts=2025-10-27 08:00:00
2026-09-30 22:04:17 [INFO] CRT.ParentFeed | parent_crt H4 RANGE_C1 -> MANIPULATION_C2 bias=NONE htf=ACCUMULATION obj=NONE ts=2025-10-27 12:00:00
2026-09-30 22:04:17 [INFO] CRT.ParentFeed | parent_crt H4 MANIPULATION_C2 -> RANGE_C1 bias=NONE htf=REVERSAL obj=NONE ts=2025-10-27 16:00:00
2026-09-30 22:04:17 [INFO] CRT.ParentFeed | parent_crt H4 RANGE_C1 -> MANIPULATION_C2 bias=NONE htf=DISTRIBUTION obj=NONE ts=2025-10-28 00:00:00
2026-09-30 22:04:17 [INFO] CRT.ParentFeed | parent_crt H4 MANIPULATION_C2 -> RANGE_C1 bias=NONE htf=REVERSAL obj=NONE ts=2025-10-28 04:00:00
2026-09-30 22:04:18 [INFO] CRT.ParentFeed | parent_crt H4 RANGE_C1 -> MANIPULATION_C2 bias=NONE htf=ACCUMULATION obj=NONE ts=2025-10-28 12:00:00
2026-09-30 22:04:18 [INFO] CRT.ParentFeed | parent_crt H4 MANIPULATION_C2 -> DISTRIBUTION_C3 bias=LONG htf=EXPANSION obj=EXISTS ts=2025-10-28 16:00:00
2026-09-30 22:04:18 [INFO] CRT.ParentFeed | parent_crt H4 DISTRIBUTION_C3 -> RANGE_C1 bias=NONE htf=ACCUMULATION obj=NONE ts=2025-10-28 20:00:00
2026-09-30 22:04:18 [INFO] CRT.ParentFeed | parent_crt H4 RANGE_C1 -> MANIPULATION_C2 bias=NONE htf=REVERSAL obj=NONE ts=2025-10-29 00:00:00
2026-09-30 22:04:18 [INFO] CRT.ParentFeed | parent_crt H4 MANIPULATION_C2 -> RANGE_C1 bias=NONE htf=ACCUMULATION obj=NONE ts=2025-10-29 04:00:00
2026-09-30 22:04:18 [INFO] CRT.ParentFeed | parent_crt H4 RANGE_C1 -> MANIPULATION_C2 bias=NONE htf=ACCUMULATION obj=NONE ts=2025-10-30 00:00:00
2026-09-30 22:04:18 [INFO] CRT.ParentFeed | parent_crt H4 MANIPULATION_C2 -> DISTRIBUTION_C3 bias=LONG htf=EXPANSION obj=EXISTS ts=2025-10-30 04:00:00
2026-09-30 22:04:18 [INFO] CRT.ParentFeed | parent_crt H4 DISTRIBUTION_C3 -> RANGE_C1 bias=NONE htf=ACCUMULATION obj=NONE ts=2025-10-30 08:00:00
2026-09-30 22:04:18 [INFO] CRT.ParentFeed | parent_crt H4 RANGE_C1 -> MANIPULATION_C2 bias=NONE htf=DISTRIBUTION obj=NONE ts=2025-10-30 12:00:00
2026-09-30 22:04:18 [INFO] CRT.ParentFeed | parent_crt H4 MANIPULATION_C2 -> RANGE_C1 bias=NONE htf=DISTRIBUTION obj=NONE ts=2025-10-30 16:00:00
2026-09-30 22:04:18 [INFO] CRT.ParentFeed | parent_crt H4 RANGE_C1 -> MANIPULATION_C2 bias=NONE htf=DISTRIBUTION obj=NONE ts=2025-10-31 00:00:00
2026-09-30 22:04:18 [INFO] CRT.ParentFeed | parent_crt H4 MANIPULATION_C2 -> DISTRIBUTION_C3 bias=SHORT htf=REVERSAL obj=EXISTS ts=2025-10-31 04:00:00
2026-09-30 22:04:18 [INFO] CRT.ParentFeed | parent_crt H4 DISTRIBUTION_C3 -> RANGE_C1 bias=NONE htf=ACCUMULATION obj=NONE ts=2025-10-31 08:00:00
2026-09-30 22:04:19 [INFO] CRT.ParentFeed | parent_crt H4 RANGE_C1 -> MANIPULATION_C2 bias=NONE htf=DISTRIBUTION obj=NONE ts=2025-10-31 12:00:00
2026-09-30 22:04:19 [INFO] CRT.ParentFeed | parent_crt H4 MANIPULATION_C2 -> DISTRIBUTION_C3 bias=SHORT htf=REVERSAL obj=ACHIEVED ts=2025-10-31 16:00:00
2026-09-30 22:04:19 [INFO] CRT.ParentFeed | parent_crt H4 DISTRIBUTION_C3 -> RANGE_C1 bias=NONE htf=ACCUMULATION obj=NONE ts=2025-10-31 20:00:00
2026-09-30 22:04:19 [INFO] CRT.GapDetector | GAP RESET | Session gap detected: 2955min > 120min (2025-11-03 01:00 → 2025-11-03 01:00)
2026-09-30 22:04:19 [INFO] CRT.ParentFeed | parent_crt H4 RANGE_C1 -> MANIPULATION_C2 bias=NONE htf=DISTRIBUTION obj=NONE ts=2025-11-03 00:00:00
2026-09-30 22:04:19 [INFO] CRT.ParentFeed | parent_crt H4 MANIPULATION_C2 -> DISTRIBUTION_C3 bias=LONG htf=EXPANSION obj=ACHIEVED ts=2025-11-03 04:00:00
2026-09-30 22:04:19 [INFO] CRT.ParentFeed | parent_crt H4 DISTRIBUTION_C3 -> RANGE_C1 bias=NONE htf=DISTRIBUTION obj=NONE ts=2025-11-03 08:00:00
2026-09-30 22:04:19 [INFO] CRT.ParentFeed | parent_crt H4 RANGE_C1 -> MANIPULATION_C2 bias=NONE htf=DISTRIBUTION obj=NONE ts=2025-11-03 16:00:00
2026-09-30 22:04:19 [INFO] CRT.ParentFeed | parent_crt H4 MANIPULATION_C2 -> DISTRIBUTION_C3 bias=SHORT htf=ACCUMULATION obj=EXISTS ts=2025-11-03 20:00:00
2026-09-30 22:04:19 [INFO] CRT.ParentFeed | parent_crt H4 DISTRIBUTION_C3 -> RANGE_C1 bias=NONE htf=EXPANSION obj=NONE ts=2025-11-04 00:00:00
2026-09-30 22:04:19 [INFO] CRT.ParentFeed | parent_crt H4 RANGE_C1 -> MANIPULATION_C2 bias=NONE htf=DISTRIBUTION obj=NONE ts=2025-11-04 08:00:00
2026-09-30 22:04:19 [INFO] CRT.ParentFeed | parent_crt H4 MANIPULATION_C2 -> DISTRIBUTION_C3 bias=SHORT htf=ACCUMULATION obj=EXISTS ts=2025-11-04 12:00:00
2026-09-30 22:04:19 [INFO] CRT.ParentFeed | parent_crt H4 DISTRIBUTION_C3 -> RANGE_C1 bias=NONE htf=EXPANSION obj=NONE ts=2025-11-04 16:00:00
2026-09-30 22:04:19 [INFO] CRT.ParentFeed | parent_crt H4 RANGE_C1 -> MANIPULATION_C2 bias=NONE htf=ACCUMULATION obj=NONE ts=2025-11-05 00:00:00
2026-09-30 22:04:20 [INFO] CRT.ParentFeed | parent_crt H4 MANIPULATION_C2 -> DISTRIBUTION_C3 bias=LONG htf=EXPANSION obj=ACHIEVED ts=2025-11-05 04:00:00
2026-09-30 22:04:20 [INFO] CRT.ParentFeed | parent_crt H4 DISTRIBUTION_C3 -> RANGE_C1 bias=NONE htf=ACCUMULATION obj=NONE ts=2025-11-05 08:00:00
2026-09-30 22:04:20 [INFO] CRT.ParentFeed | parent_crt H4 RANGE_C1 -> MANIPULATION_C2 bias=NONE htf=ACCUMULATION obj=NONE ts=2025-11-05 12:00:00
2026-09-30 22:04:20 [INFO] CRT.ParentFeed | parent_crt H4 MANIPULATION_C2 -> DISTRIBUTION_C3 bias=LONG htf=EXPANSION obj=EXISTS ts=2025-11-05 16:00:00
2026-09-30 22:04:20 [INFO] CRT.ParentFeed | parent_crt H4 DISTRIBUTION_C3 -> RANGE_C1 bias=NONE htf=ACCUMULATION obj=NONE ts=2025-11-05 20:00:00
2026-09-30 22:04:20 [INFO] CRT.ParentFeed | parent_crt H4 RANGE_C1 -> MANIPULATION_C2 bias=NONE htf=ACCUMULATION obj=NONE ts=2025-11-06 12:00:00
2026-09-30 22:04:20 [INFO] CRT.ParentFeed | parent_crt H4 MANIPULATION_C2 -> DISTRIBUTION_C3 bias=SHORT htf=REVERSAL obj=EXISTS ts=2025-11-06 16:00:00
2026-09-30 22:04:20 [INFO] CRT.ParentFeed | parent_crt H4 DISTRIBUTION_C3 -> RANGE_C1 bias=NONE htf=ACCUMULATION obj=NONE ts=2025-11-06 20:00:00
2026-09-30 22:04:21 [INFO] CRT.ParentFeed | parent_crt H4 RANGE_C1 -> MANIPULATION_C2 bias=NONE htf=REVERSAL obj=NONE ts=2025-11-07 00:00:00
2026-09-30 22:04:21 [INFO] CRT.ParentFeed | parent_crt H4 MANIPULATION_C2 -> RANGE_C1 bias=NONE htf=ACCUMULATION obj=NONE ts=2025-11-07 04:00:00
2026-09-30 22:04:21 [INFO] CRT.ParentFeed | parent_crt H4 RANGE_C1 -> MANIPULATION_C2 bias=NONE htf=ACCUMULATION obj=NONE ts=2025-11-07 12:00:00
2026-09-30 22:04:21 [INFO] CRT.ParentFeed | parent_crt H4 MANIPULATION_C2 -> DISTRIBUTION_C3 bias=LONG htf=DISTRIBUTION obj=EXISTS ts=2025-11-07 16:00:00
2026-09-30 22:04:21 [INFO] CRT.ParentFeed | parent_crt H4 DISTRIBUTION_C3 -> RANGE_C1 bias=NONE htf=ACCUMULATION obj=NONE ts=2025-11-07 20:00:00
2026-09-30 22:04:21 [INFO] CRT.GapDetector | GAP RESET | Session gap detected: 2955min > 120min (2025-11-10 01:00 → 2025-11-10 01:00)
2026-09-30 22:04:21 [INFO] CRT.ParentFeed | parent_crt H4 RANGE_C1 -> MANIPULATION_C2 bias=NONE htf=ACCUMULATION obj=NONE ts=2025-11-10 16:00:00
2026-09-30 22:04:21 [INFO] CRT.ParentFeed | parent_crt H4 MANIPULATION_C2 -> DISTRIBUTION_C3 bias=LONG htf=EXPANSION obj=ACHIEVED ts=2025-11-10 20:00:00
2026-09-30 22:04:21 [INFO] CRT.ParentFeed | parent_crt H4 DISTRIBUTION_C3 -> RANGE_C1 bias=NONE htf=EXPANSION obj=NONE ts=2025-11-11 00:00:00
2026-09-30 22:04:22 [INFO] CRT.ParentFeed | parent_crt H4 RANGE_C1 -> MANIPULATION_C2 bias=NONE htf=ACCUMULATION obj=NONE ts=2025-11-11 04:00:00
2026-09-30 22:04:22 [INFO] CRT.ParentFeed | parent_crt H4 MANIPULATION_C2 -> RANGE_C1 bias=NONE htf=ACCUMULATION obj=NONE ts=2025-11-11 08:00:00
2026-09-30 22:04:22 [INFO] CRT.ParentFeed | parent_crt H4 RANGE_C1 -> MANIPULATION_C2 bias=NONE htf=ACCUMULATION obj=NONE ts=2025-11-11 12:00:00
2026-09-30 22:04:22 [INFO] CRT.ParentFeed | parent_crt H4 MANIPULATION_C2 -> DISTRIBUTION_C3 bias=SHORT htf=REVERSAL obj=ACHIEVED ts=2025-11-11 16:00:00
22:04:22 [BT]   35,000/47,275 (74%) | trades=3 cap=98,501 dd=1.5%
2026-09-30 22:04:22 [INFO] CRT.Backtest |   35,000/47,275 (74%) | trades=3 cap=98,501 dd=1.5%
2026-09-30 22:04:22 [INFO] CRT.ParentFeed | parent_crt H4 DISTRIBUTION_C3 -> RANGE_C1 bias=NONE htf=ACCUMULATION obj=NONE ts=2025-11-11 20:00:00
2026-09-30 22:04:22 [INFO] CRT.ParentFeed | parent_crt H4 RANGE_C1 -> MANIPULATION_C2 bias=NONE htf=ACCUMULATION obj=NONE ts=2025-11-12 00:00:00
2026-09-30 22:04:22 [INFO] CRT.ParentFeed | parent_crt H4 MANIPULATION_C2 -> DISTRIBUTION_C3 bias=SHORT htf=REVERSAL obj=ACHIEVED ts=2025-11-12 04:00:00
2026-09-30 22:04:22 [INFO] CRT.ParentFeed | parent_crt H4 DISTRIBUTION_C3 -> RANGE_C1 bias=NONE htf=ACCUMULATION obj=NONE ts=2025-11-12 08:00:00
2026-09-30 22:04:22 [INFO] CRT.ParentFeed | parent_crt H4 RANGE_C1 -> MANIPULATION_C2 bias=NONE htf=ACCUMULATION obj=NONE ts=2025-11-12 12:00:00
2026-09-30 22:04:22 [INFO] CRT.ParentFeed | parent_crt H4 MANIPULATION_C2 -> RANGE_C1 bias=NONE htf=EXPANSION obj=NONE ts=2025-11-12 16:00:00
2026-09-30 22:04:22 [INFO] CRT.ParentFeed | parent_crt H4 RANGE_C1 -> MANIPULATION_C2 bias=NONE htf=ACCUMULATION obj=NONE ts=2025-11-12 20:00:00
2026-09-30 22:04:22 [INFO] CRT.ParentFeed | parent_crt H4 MANIPULATION_C2 -> DISTRIBUTION_C3 bias=SHORT htf=DISTRIBUTION obj=EXISTS ts=2025-11-13 00:00:00
2026-09-30 22:04:22 [INFO] CRT.ParentFeed | parent_crt H4 DISTRIBUTION_C3 -> RANGE_C1 bias=NONE htf=REVERSAL obj=NONE ts=2025-11-13 04:00:00
2026-09-30 22:04:22 [INFO] CRT.ParentFeed | parent_crt H4 RANGE_C1 -> MANIPULATION_C2 bias=NONE htf=ACCUMULATION obj=NONE ts=2025-11-13 12:00:00
2026-09-30 22:04:23 [INFO] CRT.ParentFeed | parent_crt H4 MANIPULATION_C2 -> DISTRIBUTION_C3 bias=SHORT htf=EXPANSION obj=ACHIEVED ts=2025-11-13 16:00:00
2026-09-30 22:04:23 [INFO] CRT.ParentFeed | parent_crt H4 DISTRIBUTION_C3 -> RANGE_C1 bias=NONE htf=EXPANSION obj=NONE ts=2025-11-13 20:00:00
2026-09-30 22:04:23 [INFO] CRT.ParentFeed | parent_crt H4 RANGE_C1 -> MANIPULATION_C2 bias=NONE htf=DISTRIBUTION obj=NONE ts=2025-11-14 04:00:00
2026-09-30 22:04:23 [INFO] CRT.ParentFeed | parent_crt H4 MANIPULATION_C2 -> DISTRIBUTION_C3 bias=SHORT htf=EXPANSION obj=ACHIEVED ts=2025-11-14 08:00:00
2026-09-30 22:04:23 [INFO] CRT.ParentFeed | parent_crt H4 DISTRIBUTION_C3 -> RANGE_C1 bias=NONE htf=EXPANSION obj=NONE ts=2025-11-14 12:00:00
2026-09-30 22:04:23 [INFO] CRT.ParentFeed | parent_crt H4 RANGE_C1 -> MANIPULATION_C2 bias=NONE htf=ACCUMULATION obj=NONE ts=2025-11-14 16:00:00
2026-09-30 22:04:23 [INFO] CRT.ParentFeed | parent_crt H4 MANIPULATION_C2 -> RANGE_C1 bias=NONE htf=ACCUMULATION obj=NONE ts=2025-11-14 20:00:00
2026-09-30 22:04:23 [INFO] CRT.GapDetector | GAP RESET | Session gap detected: 2955min > 120min (2025-11-17 01:00 → 2025-11-17 01:00)
2026-09-30 22:04:23 [INFO] CRT.ParentFeed | parent_crt H4 RANGE_C1 -> MANIPULATION_C2 bias=NONE htf=DISTRIBUTION obj=NONE ts=2025-11-17 00:00:00
2026-09-30 22:04:23 [INFO] CRT.ParentFeed | parent_crt H4 MANIPULATION_C2 -> DISTRIBUTION_C3 bias=SHORT htf=REVERSAL obj=ACHIEVED ts=2025-11-17 04:00:00
2026-09-30 22:04:23 [INFO] CRT.ParentFeed | parent_crt H4 DISTRIBUTION_C3 -> RANGE_C1 bias=NONE htf=ACCUMULATION obj=NONE ts=2025-11-17 08:00:00
2026-09-30 22:04:23 [INFO] CRT.ParentFeed | parent_crt H4 RANGE_C1 -> MANIPULATION_C2 bias=NONE htf=ACCUMULATION obj=NONE ts=2025-11-17 16:00:00
2026-09-30 22:04:23 [INFO] CRT.ParentFeed | parent_crt H4 MANIPULATION_C2 -> RANGE_C1 bias=NONE htf=REVERSAL obj=NONE ts=2025-11-17 20:00:00
2026-09-30 22:04:24 [INFO] CRT.ParentFeed | parent_crt H4 RANGE_C1 -> MANIPULATION_C2 bias=NONE htf=REVERSAL obj=NONE ts=2025-11-18 08:00:00
2026-09-30 22:04:24 [INFO] CRT.ParentFeed | parent_crt H4 MANIPULATION_C2 -> DISTRIBUTION_C3 bias=LONG htf=EXPANSION obj=ACHIEVED ts=2025-11-18 12:00:00
2026-09-30 22:04:24 [INFO] CRT.ParentFeed | parent_crt H4 DISTRIBUTION_C3 -> RANGE_C1 bias=NONE htf=EXPANSION obj=NONE ts=2025-11-18 16:00:00
2026-09-30 22:04:24 [INFO] CRT.ParentFeed | parent_crt H4 RANGE_C1 -> MANIPULATION_C2 bias=NONE htf=ACCUMULATION obj=NONE ts=2025-11-18 20:00:00
2026-09-30 22:04:24 [INFO] CRT.ParentFeed | parent_crt H4 MANIPULATION_C2 -> DISTRIBUTION_C3 bias=SHORT htf=EXPANSION obj=EXISTS ts=2025-11-19 00:00:00
2026-09-30 22:04:24 [INFO] CRT.ParentFeed | parent_crt H4 DISTRIBUTION_C3 -> RANGE_C1 bias=NONE htf=REVERSAL obj=NONE ts=2025-11-19 04:00:00
2026-09-30 22:04:24 [INFO] CRT.ParentFeed | parent_crt H4 RANGE_C1 -> MANIPULATION_C2 bias=NONE htf=ACCUMULATION obj=NONE ts=2025-11-19 12:00:00
2026-09-30 22:04:24 [INFO] CRT.ParentFeed | parent_crt H4 MANIPULATION_C2 -> DISTRIBUTION_C3 bias=SHORT htf=EXPANSION obj=EXISTS ts=2025-11-19 16:00:00
2026-09-30 22:04:24 [INFO] CRT.ParentFeed | parent_crt H4 DISTRIBUTION_C3 -> RANGE_C1 bias=NONE htf=ACCUMULATION obj=NONE ts=2025-11-19 20:00:00
2026-09-30 22:04:25 [INFO] CRT.ParentFeed | parent_crt H4 RANGE_C1 -> MANIPULATION_C2 bias=NONE htf=DISTRIBUTION obj=NONE ts=2025-11-20 00:00:00
2026-09-30 22:04:25 [INFO] CRT.ParentFeed | parent_crt H4 MANIPULATION_C2 -> DISTRIBUTION_C3 bias=SHORT htf=REVERSAL obj=EXISTS ts=2025-11-20 04:00:00
2026-09-30 22:04:25 [INFO] CRT.ParentFeed | parent_crt H4 DISTRIBUTION_C3 -> RANGE_C1 bias=NONE htf=ACCUMULATION obj=NONE ts=2025-11-20 08:00:00
2026-09-30 22:04:25 [INFO] CRT.ParentFeed | parent_crt H4 RANGE_C1 -> MANIPULATION_C2 bias=NONE htf=DISTRIBUTION obj=NONE ts=2025-11-20 16:00:00
2026-09-30 22:04:25 [INFO] CRT.ParentFeed | parent_crt H4 MANIPULATION_C2 -> RANGE_C1 bias=NONE htf=ACCUMULATION obj=NONE ts=2025-11-20 20:00:00
2026-09-30 22:04:25 [INFO] CRT.ParentFeed | parent_crt H4 RANGE_C1 -> MANIPULATION_C2 bias=NONE htf=ACCUMULATION obj=NONE ts=2025-11-21 00:00:00
2026-09-30 22:04:25 [INFO] CRT.ParentFeed | parent_crt H4 MANIPULATION_C2 -> DISTRIBUTION_C3 bias=SHORT htf=EXPANSION obj=EXISTS ts=2025-11-21 04:00:00
2026-09-30 22:04:25 [INFO] CRT.ParentFeed | parent_crt H4 DISTRIBUTION_C3 -> RANGE_C1 bias=NONE htf=DISTRIBUTION obj=NONE ts=2025-11-21 08:00:00
2026-09-30 22:04:25 [INFO] CRT.ParentFeed | parent_crt H4 RANGE_C1 -> MANIPULATION_C2 bias=NONE htf=ACCUMULATION obj=NONE ts=2025-11-21 20:00:00
2026-09-30 22:04:25 [INFO] CRT.GapDetector | GAP RESET | Session gap detected: 2955min > 120min (2025-11-24 01:00 → 2025-11-24 01:00)
2026-09-30 22:04:25 [INFO] CRT.ParentFeed | parent_crt H4 MANIPULATION_C2 -> RANGE_C1 bias=NONE htf=EXPANSION obj=NONE ts=2025-11-24 00:00:00
2026-09-30 22:04:25 [INFO] CRT.ParentFeed | parent_crt H4 RANGE_C1 -> MANIPULATION_C2 bias=NONE htf=ACCUMULATION obj=NONE ts=2025-11-24 04:00:00
2026-09-30 22:04:25 [INFO] CRT.ParentFeed | parent_crt H4 MANIPULATION_C2 -> DISTRIBUTION_C3 bias=LONG htf=EXPANSION obj=EXISTS ts=2025-11-24 08:00:00
2026-09-30 22:04:25 [INFO] CRT.ParentFeed | parent_crt H4 DISTRIBUTION_C3 -> RANGE_C1 bias=NONE htf=EXPANSION obj=NONE ts=2025-11-24 12:00:00
2026-09-30 22:04:26 [INFO] CRT.ParentFeed | parent_crt H4 RANGE_C1 -> MANIPULATION_C2 bias=NONE htf=ACCUMULATION obj=NONE ts=2025-11-25 00:00:00
2026-09-30 22:04:26 [INFO] CRT.ParentFeed | parent_crt H4 MANIPULATION_C2 -> RANGE_C1 bias=NONE htf=EXPANSION obj=NONE ts=2025-11-25 04:00:00
2026-09-30 22:04:26 [INFO] CRT.ParentFeed | parent_crt H4 RANGE_C1 -> MANIPULATION_C2 bias=NONE htf=DISTRIBUTION obj=NONE ts=2025-11-25 16:00:00
2026-09-30 22:04:26 [INFO] CRT.ParentFeed | parent_crt H4 MANIPULATION_C2 -> DISTRIBUTION_C3 bias=SHORT htf=ACCUMULATION obj=EXISTS ts=2025-11-25 20:00:00
2026-09-30 22:04:26 [INFO] CRT.ParentFeed | parent_crt H4 DISTRIBUTION_C3 -> RANGE_C1 bias=NONE htf=ACCUMULATION obj=NONE ts=2025-11-26 00:00:00
2026-09-30 22:04:26 [INFO] CRT.ParentFeed | parent_crt H4 RANGE_C1 -> MANIPULATION_C2 bias=NONE htf=ACCUMULATION obj=NONE ts=2025-11-26 08:00:00
2026-09-30 22:04:26 [INFO] CRT.ParentFeed | parent_crt H4 MANIPULATION_C2 -> RANGE_C1 bias=NONE htf=DISTRIBUTION obj=NONE ts=2025-11-26 12:00:00
2026-09-30 22:04:26 [INFO] CRT.ParentFeed | parent_crt H4 RANGE_C1 -> MANIPULATION_C2 bias=NONE htf=DISTRIBUTION obj=NONE ts=2025-11-26 16:00:00
2026-09-30 22:04:26 [INFO] CRT.ParentFeed | parent_crt H4 MANIPULATION_C2 -> RANGE_C1 bias=NONE htf=ACCUMULATION obj=NONE ts=2025-11-26 20:00:00
2026-09-30 22:04:27 [INFO] CRT.GapDetector | GAP RESET | Session gap detected: 225min > 120min (2025-11-28 01:00 → 2025-11-28 01:00)
2026-09-30 22:04:27 [INFO] CRT.GapDetector | GAP RESET | Session gap detected: 3090min > 120min (2025-12-01 01:00 → 2025-12-01 01:00)
2026-09-30 22:04:27 [INFO] CRT.ParentFeed | parent_crt H4 RANGE_C1 -> MANIPULATION_C2 bias=NONE htf=EXPANSION obj=NONE ts=2025-12-01 00:00:00
2026-09-30 22:04:27 [INFO] CRT.ParentFeed | parent_crt H4 MANIPULATION_C2 -> RANGE_C1 bias=NONE htf=ACCUMULATION obj=NONE ts=2025-12-01 04:00:00
2026-09-30 22:04:27 [INFO] CRT.ParentFeed | parent_crt H4 RANGE_C1 -> MANIPULATION_C2 bias=NONE htf=ACCUMULATION obj=NONE ts=2025-12-01 12:00:00
2026-09-30 22:04:27 [INFO] CRT.ParentFeed | parent_crt H4 MANIPULATION_C2 -> DISTRIBUTION_C3 bias=SHORT htf=EXPANSION obj=EXISTS ts=2025-12-01 16:00:00
2026-09-30 22:04:27 [INFO] CRT.ParentFeed | parent_crt H4 DISTRIBUTION_C3 -> RANGE_C1 bias=NONE htf=ACCUMULATION obj=NONE ts=2025-12-01 20:00:00
2026-09-30 22:04:28 [INFO] CRT.ParentFeed | parent_crt H4 RANGE_C1 -> MANIPULATION_C2 bias=NONE htf=DISTRIBUTION obj=NONE ts=2025-12-02 16:00:00
2026-09-30 22:04:28 [INFO] CRT.ParentFeed | parent_crt H4 MANIPULATION_C2 -> RANGE_C1 bias=NONE htf=ACCUMULATION obj=NONE ts=2025-12-02 20:00:00
2026-09-30 22:04:28 [INFO] CRT.ParentFeed | parent_crt H4 RANGE_C1 -> MANIPULATION_C2 bias=NONE htf=DISTRIBUTION obj=NONE ts=2025-12-03 04:00:00
2026-09-30 22:04:28 [INFO] CRT.ParentFeed | parent_crt H4 MANIPULATION_C2 -> DISTRIBUTION_C3 bias=SHORT htf=EXPANSION obj=ACHIEVED ts=2025-12-03 08:00:00
2026-09-30 22:04:28 [INFO] CRT.ParentFeed | parent_crt H4 DISTRIBUTION_C3 -> RANGE_C1 bias=NONE htf=REVERSAL obj=NONE ts=2025-12-03 12:00:00
2026-09-30 22:04:28 [INFO] CRT.ParentFeed | parent_crt H4 RANGE_C1 -> MANIPULATION_C2 bias=NONE htf=DISTRIBUTION obj=NONE ts=2025-12-03 16:00:00
2026-09-30 22:04:28 [INFO] CRT.ParentFeed | parent_crt H4 MANIPULATION_C2 -> DISTRIBUTION_C3 bias=SHORT htf=ACCUMULATION obj=EXISTS ts=2025-12-03 20:00:00
2026-09-30 22:04:28 [INFO] CRT.ParentFeed | parent_crt H4 DISTRIBUTION_C3 -> RANGE_C1 bias=NONE htf=ACCUMULATION obj=NONE ts=2025-12-04 00:00:00
2026-09-30 22:04:28 [INFO] CRT.ParentFeed | parent_crt H4 RANGE_C1 -> MANIPULATION_C2 bias=NONE htf=ACCUMULATION obj=NONE ts=2025-12-04 12:00:00
2026-09-30 22:04:28 [INFO] CRT.ParentFeed | parent_crt H4 MANIPULATION_C2 -> RANGE_C1 bias=NONE htf=REVERSAL obj=NONE ts=2025-12-04 16:00:00
2026-09-30 22:04:28 [INFO] CRT.ParentFeed | parent_crt H4 RANGE_C1 -> MANIPULATION_C2 bias=NONE htf=ACCUMULATION obj=NONE ts=2025-12-05 00:00:00
2026-09-30 22:04:28 [INFO] CRT.ParentFeed | parent_crt H4 MANIPULATION_C2 -> DISTRIBUTION_C3 bias=LONG htf=REVERSAL obj=ACHIEVED ts=2025-12-05 04:00:00
2026-09-30 22:04:28 [INFO] CRT.ParentFeed | parent_crt H4 DISTRIBUTION_C3 -> RANGE_C1 bias=NONE htf=EXPANSION obj=NONE ts=2025-12-05 08:00:00
2026-09-30 22:04:29 [INFO] CRT.ParentFeed | parent_crt H4 RANGE_C1 -> MANIPULATION_C2 bias=NONE htf=REVERSAL obj=NONE ts=2025-12-05 16:00:00
2026-09-30 22:04:29 [INFO] CRT.ParentFeed | parent_crt H4 MANIPULATION_C2 -> DISTRIBUTION_C3 bias=SHORT htf=ACCUMULATION obj=ACHIEVED ts=2025-12-05 20:00:00
2026-09-30 22:04:29 [INFO] CRT.GapDetector | GAP RESET | Session gap detected: 2955min > 120min (2025-12-08 01:00 → 2025-12-08 01:00)
2026-09-30 22:04:29 [INFO] CRT.ParentFeed | parent_crt H4 DISTRIBUTION_C3 -> RANGE_C1 bias=NONE htf=ACCUMULATION obj=NONE ts=2025-12-08 00:00:00
2026-09-30 22:04:29 [INFO] CRT.ParentFeed | parent_crt H4 RANGE_C1 -> MANIPULATION_C2 bias=NONE htf=ACCUMULATION obj=NONE ts=2025-12-08 08:00:00
2026-09-30 22:04:29 [INFO] CRT.ParentFeed | parent_crt H4 MANIPULATION_C2 -> DISTRIBUTION_C3 bias=SHORT htf=EXPANSION obj=EXISTS ts=2025-12-08 12:00:00
2026-09-30 22:04:29 [INFO] CRT.ParentFeed | parent_crt H4 DISTRIBUTION_C3 -> RANGE_C1 bias=NONE htf=EXPANSION obj=NONE ts=2025-12-08 16:00:00
2026-09-30 22:04:29 [INFO] CRT.ParentFeed | parent_crt H4 RANGE_C1 -> MANIPULATION_C2 bias=NONE htf=REVERSAL obj=NONE ts=2025-12-09 04:00:00
2026-09-30 22:04:29 [INFO] CRT.ParentFeed | parent_crt H4 MANIPULATION_C2 -> RANGE_C1 bias=NONE htf=REVERSAL obj=NONE ts=2025-12-09 08:00:00
2026-09-30 22:04:29 [INFO] CRT.ParentFeed | parent_crt H4 RANGE_C1 -> MANIPULATION_C2 bias=NONE htf=DISTRIBUTION obj=NONE ts=2025-12-09 16:00:00
2026-09-30 22:04:29 [INFO] CRT.ParentFeed | parent_crt H4 MANIPULATION_C2 -> RANGE_C1 bias=NONE htf=ACCUMULATION obj=NONE ts=2025-12-09 20:00:00
2026-09-30 22:04:29 [INFO] CRT.ParentFeed | parent_crt H4 RANGE_C1 -> MANIPULATION_C2 bias=NONE htf=ACCUMULATION obj=NONE ts=2025-12-10 00:00:00
2026-09-30 22:04:29 [INFO] CRT.ParentFeed | parent_crt H4 MANIPULATION_C2 -> DISTRIBUTION_C3 bias=SHORT htf=DISTRIBUTION obj=EXISTS ts=2025-12-10 04:00:00
2026-09-30 22:04:29 [INFO] CRT.ParentFeed | parent_crt H4 DISTRIBUTION_C3 -> RANGE_C1 bias=NONE htf=EXPANSION obj=NONE ts=2025-12-10 08:00:00
2026-09-30 22:04:30 [INFO] CRT.ParentFeed | parent_crt H4 RANGE_C1 -> MANIPULATION_C2 bias=NONE htf=ACCUMULATION obj=NONE ts=2025-12-10 12:00:00
2026-09-30 22:04:30 [INFO] CRT.ParentFeed | parent_crt H4 MANIPULATION_C2 -> RANGE_C1 bias=NONE htf=DISTRIBUTION obj=NONE ts=2025-12-10 16:00:00
2026-09-30 22:04:30 [INFO] CRT.ParentFeed | parent_crt H4 RANGE_C1 -> MANIPULATION_C2 bias=NONE htf=REVERSAL obj=NONE ts=2025-12-10 20:00:00
2026-09-30 22:04:30 [INFO] CRT.ParentFeed | parent_crt H4 MANIPULATION_C2 -> DISTRIBUTION_C3 bias=LONG htf=ACCUMULATION obj=ACHIEVED ts=2025-12-11 00:00:00
2026-09-30 22:04:30 [INFO] CRT.ParentFeed | parent_crt H4 DISTRIBUTION_C3 -> RANGE_C1 bias=NONE htf=REVERSAL obj=NONE ts=2025-12-11 04:00:00
2026-09-30 22:04:30 [INFO] CRT.ParentFeed | parent_crt H4 RANGE_C1 -> MANIPULATION_C2 bias=NONE htf=ACCUMULATION obj=NONE ts=2025-12-11 08:00:00
2026-09-30 22:04:30 [INFO] CRT.ParentFeed | parent_crt H4 MANIPULATION_C2 -> DISTRIBUTION_C3 bias=LONG htf=DISTRIBUTION obj=EXISTS ts=2025-12-11 12:00:00
2026-09-30 22:04:30 [INFO] CRT.ParentFeed | parent_crt H4 DISTRIBUTION_C3 -> RANGE_C1 bias=NONE htf=EXPANSION obj=NONE ts=2025-12-11 16:00:00
2026-09-30 22:04:30 [INFO] CRT.ParentFeed | parent_crt H4 RANGE_C1 -> MANIPULATION_C2 bias=NONE htf=ACCUMULATION obj=NONE ts=2025-12-11 20:00:00
2026-09-30 22:04:30 [INFO] CRT.ParentFeed | parent_crt H4 MANIPULATION_C2 -> DISTRIBUTION_C3 bias=SHORT htf=ACCUMULATION obj=EXISTS ts=2025-12-12 00:00:00
2026-09-30 22:04:30 [INFO] CRT.ParentFeed | parent_crt H4 DISTRIBUTION_C3 -> RANGE_C1 bias=NONE htf=ACCUMULATION obj=NONE ts=2025-12-12 04:00:00
2026-09-30 22:04:31 [INFO] CRT.ParentFeed | parent_crt H4 RANGE_C1 -> MANIPULATION_C2 bias=NONE htf=REVERSAL obj=NONE ts=2025-12-12 16:00:00
2026-09-30 22:04:31 [INFO] CRT.ParentFeed | parent_crt H4 MANIPULATION_C2 -> RANGE_C1 bias=NONE htf=ACCUMULATION obj=NONE ts=2025-12-12 20:00:00
2026-09-30 22:04:31 [INFO] CRT.GapDetector | GAP RESET | Session gap detected: 2955min > 120min (2025-12-15 01:00 → 2025-12-15 01:00)
2026-09-30 22:04:31 [INFO] CRT.ParentFeed | parent_crt H4 RANGE_C1 -> MANIPULATION_C2 bias=NONE htf=ACCUMULATION obj=NONE ts=2025-12-15 08:00:00
2026-09-30 22:04:31 [INFO] CRT.ParentFeed | parent_crt H4 MANIPULATION_C2 -> DISTRIBUTION_C3 bias=SHORT htf=EXPANSION obj=EXISTS ts=2025-12-15 12:00:00
2026-09-30 22:04:31 [INFO] CRT.ParentFeed | parent_crt H4 DISTRIBUTION_C3 -> RANGE_C1 bias=NONE htf=EXPANSION obj=NONE ts=2025-12-15 16:00:00
2026-09-30 22:04:31 [INFO] CRT.ParentFeed | parent_crt H4 RANGE_C1 -> MANIPULATION_C2 bias=NONE htf=DISTRIBUTION obj=NONE ts=2025-12-16 00:00:00
2026-09-30 22:04:31 [INFO] CRT.ParentFeed | parent_crt H4 MANIPULATION_C2 -> DISTRIBUTION_C3 bias=SHORT htf=REVERSAL obj=ACHIEVED ts=2025-12-16 04:00:00
2026-09-30 22:04:31 [INFO] CRT.ParentFeed | parent_crt H4 DISTRIBUTION_C3 -> RANGE_C1 bias=NONE htf=ACCUMULATION obj=NONE ts=2025-12-16 08:00:00
2026-09-30 22:04:31 [INFO] CRT.ParentFeed | parent_crt H4 RANGE_C1 -> MANIPULATION_C2 bias=NONE htf=REVERSAL obj=NONE ts=2025-12-16 12:00:00
2026-09-30 22:04:31 [INFO] CRT.ParentFeed | parent_crt H4 MANIPULATION_C2 -> RANGE_C1 bias=NONE htf=DISTRIBUTION obj=NONE ts=2025-12-16 16:00:00
2026-09-30 22:04:32 [INFO] CRT.ParentFeed | parent_crt H4 RANGE_C1 -> MANIPULATION_C2 bias=NONE htf=ACCUMULATION obj=NONE ts=2025-12-17 08:00:00
2026-09-30 22:04:32 [INFO] CRT.ParentFeed | parent_crt H4 MANIPULATION_C2 -> DISTRIBUTION_C3 bias=LONG htf=REVERSAL obj=EXISTS ts=2025-12-17 12:00:00
2026-09-30 22:04:32 [INFO] CRT.ParentFeed | parent_crt H4 DISTRIBUTION_C3 -> RANGE_C1 bias=NONE htf=ACCUMULATION obj=NONE ts=2025-12-17 16:00:00
2026-09-30 22:04:32 [INFO] CRT.ParentFeed | parent_crt H4 RANGE_C1 -> MANIPULATION_C2 bias=NONE htf=DISTRIBUTION obj=NONE ts=2025-12-18 00:00:00
2026-09-30 22:04:32 [INFO] CRT.ParentFeed | parent_crt H4 MANIPULATION_C2 -> DISTRIBUTION_C3 bias=LONG htf=ACCUMULATION obj=EXISTS ts=2025-12-18 04:00:00
2026-09-30 22:04:32 [INFO] CRT.ParentFeed | parent_crt H4 DISTRIBUTION_C3 -> RANGE_C1 bias=NONE htf=REVERSAL obj=NONE ts=2025-12-18 08:00:00
2026-09-30 22:04:32 [INFO] CRT.ParentFeed | parent_crt H4 RANGE_C1 -> MANIPULATION_C2 bias=NONE htf=DISTRIBUTION obj=NONE ts=2025-12-18 12:00:00
2026-09-30 22:04:32 [INFO] CRT.ParentFeed | parent_crt H4 MANIPULATION_C2 -> DISTRIBUTION_C3 bias=SHORT htf=DISTRIBUTION obj=EXISTS ts=2025-12-18 16:00:00
2026-09-30 22:04:33 [INFO] CRT.ParentFeed | parent_crt H4 DISTRIBUTION_C3 -> RANGE_C1 bias=NONE htf=ACCUMULATION obj=NONE ts=2025-12-18 20:00:00
2026-09-30 22:04:33 [INFO] CRT.ParentFeed | parent_crt H4 RANGE_C1 -> MANIPULATION_C2 bias=NONE htf=DISTRIBUTION obj=NONE ts=2025-12-19 00:00:00
2026-09-30 22:04:33 [INFO] CRT.ParentFeed | parent_crt H4 MANIPULATION_C2 -> DISTRIBUTION_C3 bias=LONG htf=ACCUMULATION obj=EXISTS ts=2025-12-19 04:00:00
2026-09-30 22:04:33 [INFO] CRT.ParentFeed | parent_crt H4 DISTRIBUTION_C3 -> RANGE_C1 bias=NONE htf=EXPANSION obj=NONE ts=2025-12-19 08:00:00
2026-09-30 22:04:33 [INFO] CRT.ParentFeed | parent_crt H4 RANGE_C1 -> MANIPULATION_C2 bias=NONE htf=DISTRIBUTION obj=NONE ts=2025-12-19 12:00:00
2026-09-30 22:04:33 [INFO] CRT.ParentFeed | parent_crt H4 MANIPULATION_C2 -> RANGE_C1 bias=NONE htf=REVERSAL obj=NONE ts=2025-12-19 16:00:00
2026-09-30 22:04:33 [INFO] CRT.ParentFeed | parent_crt H4 RANGE_C1 -> MANIPULATION_C2 bias=NONE htf=ACCUMULATION obj=NONE ts=2025-12-19 20:00:00
2026-09-30 22:04:33 [INFO] CRT.GapDetector | GAP RESET | Session gap detected: 2955min > 120min (2025-12-22 01:00 → 2025-12-22 01:00)
2026-09-30 22:04:33 [INFO] CRT.ParentFeed | parent_crt H4 MANIPULATION_C2 -> RANGE_C1 bias=NONE htf=REVERSAL obj=NONE ts=2025-12-22 00:00:00
2026-09-30 22:04:34 [INFO] CRT.ParentFeed | parent_crt H4 RANGE_C1 -> MANIPULATION_C2 bias=NONE htf=ACCUMULATION obj=NONE ts=2025-12-23 04:00:00
2026-09-30 22:04:34 [INFO] CRT.ParentFeed | parent_crt H4 MANIPULATION_C2 -> RANGE_C1 bias=NONE htf=DISTRIBUTION obj=NONE ts=2025-12-23 08:00:00
2026-09-30 22:04:34 [INFO] CRT.ParentFeed | parent_crt H4 RANGE_C1 -> MANIPULATION_C2 bias=NONE htf=DISTRIBUTION obj=NONE ts=2025-12-23 12:00:00
2026-09-30 22:04:34 [INFO] CRT.ParentFeed | parent_crt H4 MANIPULATION_C2 -> DISTRIBUTION_C3 bias=SHORT htf=EXPANSION obj=EXISTS ts=2025-12-23 16:00:00
2026-09-30 22:04:34 [INFO] CRT.ParentFeed | parent_crt H4 DISTRIBUTION_C3 -> RANGE_C1 bias=NONE htf=REVERSAL obj=NONE ts=2025-12-23 20:00:00
2026-09-30 22:04:34 [INFO] CRT.ParentFeed | parent_crt H4 RANGE_C1 -> MANIPULATION_C2 bias=NONE htf=DISTRIBUTION obj=NONE ts=2025-12-24 04:00:00
2026-09-30 22:04:34 [INFO] CRT.ParentFeed | parent_crt H4 MANIPULATION_C2 -> DISTRIBUTION_C3 bias=LONG htf=ACCUMULATION obj=EXISTS ts=2025-12-24 08:00:00
2026-09-30 22:04:34 [INFO] CRT.ParentFeed | parent_crt H4 DISTRIBUTION_C3 -> RANGE_C1 bias=NONE htf=DISTRIBUTION obj=NONE ts=2025-12-24 12:00:00
2026-09-30 22:04:34 [INFO] CRT.ParentFeed | parent_crt H4 RANGE_C1 -> MANIPULATION_C2 bias=NONE htf=DISTRIBUTION obj=NONE ts=2025-12-24 16:00:00
2026-09-30 22:04:34 [INFO] CRT.ParentFeed | parent_crt H4 MANIPULATION_C2 -> RANGE_C1 bias=NONE htf=ACCUMULATION obj=NONE ts=2025-12-24 20:00:00
2026-09-30 22:04:34 [INFO] CRT.GapDetector | GAP RESET | Session gap detected: 1710min > 120min (2025-12-26 01:00 → 2025-12-26 01:00)
2026-09-30 22:04:34 [INFO] CRT.ParentFeed | parent_crt H4 RANGE_C1 -> MANIPULATION_C2 bias=NONE htf=ACCUMULATION obj=NONE ts=2025-12-26 08:00:00
2026-09-30 22:04:35 [INFO] CRT.ParentFeed | parent_crt H4 MANIPULATION_C2 -> RANGE_C1 bias=NONE htf=EXPANSION obj=NONE ts=2025-12-26 12:00:00
2026-09-30 22:04:35 [INFO] CRT.ParentFeed | parent_crt H4 RANGE_C1 -> MANIPULATION_C2 bias=NONE htf=DISTRIBUTION obj=NONE ts=2025-12-26 16:00:00
2026-09-30 22:04:35 [INFO] CRT.ParentFeed | parent_crt H4 MANIPULATION_C2 -> RANGE_C1 bias=NONE htf=ACCUMULATION obj=NONE ts=2025-12-26 20:00:00
2026-09-30 22:04:35 [INFO] CRT.GapDetector | GAP RESET | Session gap detected: 2955min > 120min (2025-12-29 01:00 → 2025-12-29 01:00)
2026-09-30 22:04:35 [INFO] CRT.ParentFeed | parent_crt H4 RANGE_C1 -> MANIPULATION_C2 bias=NONE htf=REVERSAL obj=NONE ts=2025-12-29 00:00:00
2026-09-30 22:04:35 [INFO] CRT.ParentFeed | parent_crt H4 MANIPULATION_C2 -> RANGE_C1 bias=NONE htf=ACCUMULATION obj=NONE ts=2025-12-29 04:00:00
2026-09-30 22:04:35 [INFO] CRT.ParentFeed | parent_crt H4 RANGE_C1 -> MANIPULATION_C2 bias=NONE htf=DISTRIBUTION obj=NONE ts=2025-12-30 08:00:00
2026-09-30 22:04:35 [INFO] CRT.ParentFeed | parent_crt H4 MANIPULATION_C2 -> RANGE_C1 bias=NONE htf=REVERSAL obj=NONE ts=2025-12-30 12:00:00
2026-09-30 22:04:36 [INFO] CRT.ParentFeed | parent_crt H4 RANGE_C1 -> MANIPULATION_C2 bias=NONE htf=DISTRIBUTION obj=NONE ts=2025-12-30 16:00:00
2026-09-30 22:04:36 [INFO] CRT.ParentFeed | parent_crt H4 MANIPULATION_C2 -> RANGE_C1 bias=NONE htf=EXPANSION obj=NONE ts=2025-12-30 20:00:00
2026-09-30 22:04:36 [INFO] CRT.ParentFeed | parent_crt H4 RANGE_C1 -> MANIPULATION_C2 bias=NONE htf=DISTRIBUTION obj=NONE ts=2025-12-31 00:00:00
2026-09-30 22:04:36 [INFO] CRT.ParentFeed | parent_crt H4 MANIPULATION_C2 -> RANGE_C1 bias=NONE htf=REVERSAL obj=NONE ts=2025-12-31 04:00:00
2026-09-30 22:04:36 [INFO] CRT.ParentFeed | parent_crt H4 RANGE_C1 -> MANIPULATION_C2 bias=NONE htf=ACCUMULATION obj=NONE ts=2025-12-31 08:00:00
2026-09-30 22:04:36 [INFO] CRT.ParentFeed | parent_crt H4 MANIPULATION_C2 -> DISTRIBUTION_C3 bias=LONG htf=EXPANSION obj=EXISTS ts=2025-12-31 12:00:00
2026-09-30 22:04:36 [INFO] CRT.ParentFeed | parent_crt H4 DISTRIBUTION_C3 -> RANGE_C1 bias=NONE htf=ACCUMULATION obj=NONE ts=2025-12-31 16:00:00
2026-09-30 22:04:36 [INFO] CRT.ParentFeed | parent_crt H4 RANGE_C1 -> MANIPULATION_C2 bias=NONE htf=ACCUMULATION obj=NONE ts=2025-12-31 20:00:00
2026-09-30 22:04:36 [INFO] CRT.GapDetector | GAP RESET | Session gap detected: 1515min > 120min (2026-01-02 01:00 → 2026-01-02 01:00)
2026-09-30 22:04:36 [INFO] CRT.ParentFeed | parent_crt H4 MANIPULATION_C2 -> DISTRIBUTION_C3 bias=LONG htf=REVERSAL obj=EXISTS ts=2026-01-02 00:00:00
2026-09-30 22:04:36 [INFO] CRT.ParentFeed | parent_crt H4 DISTRIBUTION_C3 -> RANGE_C1 bias=NONE htf=EXPANSION obj=NONE ts=2026-01-02 04:00:00
2026-09-30 22:04:36 [INFO] CRT.ParentFeed | parent_crt H4 RANGE_C1 -> MANIPULATION_C2 bias=NONE htf=REVERSAL obj=NONE ts=2026-01-02 12:00:00
2026-09-30 22:04:36 [INFO] CRT.ParentFeed | parent_crt H4 MANIPULATION_C2 -> DISTRIBUTION_C3 bias=SHORT htf=EXPANSION obj=ACHIEVED ts=2026-01-02 16:00:00
2026-09-30 22:04:36 [INFO] CRT.ParentFeed | parent_crt H4 DISTRIBUTION_C3 -> RANGE_C1 bias=NONE htf=ACCUMULATION obj=NONE ts=2026-01-02 20:00:00
2026-09-30 22:04:36 [INFO] CRT.GapDetector | GAP RESET | Session gap detected: 2955min > 120min (2026-01-05 01:00 → 2026-01-05 01:00)
2026-09-30 22:04:37 [INFO] CRT.ParentFeed | parent_crt H4 RANGE_C1 -> MANIPULATION_C2 bias=NONE htf=DISTRIBUTION obj=NONE ts=2026-01-05 12:00:00
2026-09-30 22:04:37 [INFO] CRT.ParentFeed | parent_crt H4 MANIPULATION_C2 -> RANGE_C1 bias=NONE htf=REVERSAL obj=NONE ts=2026-01-05 16:00:00
2026-09-30 22:04:37 [INFO] CRT.ParentFeed | parent_crt H4 RANGE_C1 -> MANIPULATION_C2 bias=NONE htf=EXPANSION obj=NONE ts=2026-01-06 00:00:00
2026-09-30 22:04:37 [INFO] CRT.ParentFeed | parent_crt H4 MANIPULATION_C2 -> DISTRIBUTION_C3 bias=LONG htf=ACCUMULATION obj=ACHIEVED ts=2026-01-06 04:00:00
2026-09-30 22:04:37 [INFO] CRT.ParentFeed | parent_crt H4 DISTRIBUTION_C3 -> RANGE_C1 bias=NONE htf=REVERSAL obj=NONE ts=2026-01-06 08:00:00
2026-09-30 22:04:37 [INFO] CRT.ParentFeed | parent_crt H4 RANGE_C1 -> MANIPULATION_C2 bias=NONE htf=ACCUMULATION obj=NONE ts=2026-01-06 12:00:00
2026-09-30 22:04:37 [INFO] CRT.ParentFeed | parent_crt H4 MANIPULATION_C2 -> DISTRIBUTION_C3 bias=LONG htf=EXPANSION obj=ACHIEVED ts=2026-01-06 16:00:00
2026-09-30 22:04:37 [INFO] CRT.ParentFeed | parent_crt H4 DISTRIBUTION_C3 -> RANGE_C1 bias=NONE htf=EXPANSION obj=NONE ts=2026-01-06 20:00:00
2026-09-30 22:04:37 [INFO] CRT.ParentFeed | parent_crt H4 RANGE_C1 -> MANIPULATION_C2 bias=NONE htf=REVERSAL obj=NONE ts=2026-01-07 00:00:00
2026-09-30 22:04:37 [INFO] CRT.ParentFeed | parent_crt H4 MANIPULATION_C2 -> DISTRIBUTION_C3 bias=SHORT htf=EXPANSION obj=ACHIEVED ts=2026-01-07 04:00:00
2026-09-30 22:04:37 [INFO] CRT.ParentFeed | parent_crt H4 DISTRIBUTION_C3 -> RANGE_C1 bias=NONE htf=ACCUMULATION obj=NONE ts=2026-01-07 08:00:00
2026-09-30 22:04:38 [INFO] CRT.ParentFeed | parent_crt H4 RANGE_C1 -> MANIPULATION_C2 bias=NONE htf=DISTRIBUTION obj=NONE ts=2026-01-07 12:00:00
2026-09-30 22:04:38 [INFO] CRT.ParentFeed | parent_crt H4 MANIPULATION_C2 -> RANGE_C1 bias=NONE htf=DISTRIBUTION obj=NONE ts=2026-01-07 16:00:00
2026-09-30 22:04:38 [INFO] CRT.ParentFeed | parent_crt H4 RANGE_C1 -> MANIPULATION_C2 bias=NONE htf=DISTRIBUTION obj=NONE ts=2026-01-08 00:00:00
2026-09-30 22:04:38 [INFO] CRT.ParentFeed | parent_crt H4 MANIPULATION_C2 -> DISTRIBUTION_C3 bias=SHORT htf=EXPANSION obj=ACHIEVED ts=2026-01-08 04:00:00
2026-09-30 22:04:38 [INFO] CRT.ParentFeed | parent_crt H4 DISTRIBUTION_C3 -> RANGE_C1 bias=NONE htf=ACCUMULATION obj=NONE ts=2026-01-08 08:00:00
2026-09-30 22:04:38 [INFO] CRT.ParentFeed | parent_crt H4 RANGE_C1 -> MANIPULATION_C2 bias=NONE htf=DISTRIBUTION obj=NONE ts=2026-01-08 12:00:00
2026-09-30 22:04:38 [INFO] CRT.ParentFeed | parent_crt H4 MANIPULATION_C2 -> DISTRIBUTION_C3 bias=LONG htf=REVERSAL obj=ACHIEVED ts=2026-01-08 16:00:00
2026-09-30 22:04:38 [INFO] CRT.ParentFeed | parent_crt H4 DISTRIBUTION_C3 -> RANGE_C1 bias=NONE htf=EXPANSION obj=NONE ts=2026-01-08 20:00:00
2026-09-30 22:04:38 [INFO] CRT.ParentFeed | parent_crt H4 RANGE_C1 -> MANIPULATION_C2 bias=NONE htf=ACCUMULATION obj=NONE ts=2026-01-09 00:00:00
2026-09-30 22:04:38 [INFO] CRT.ParentFeed | parent_crt H4 MANIPULATION_C2 -> DISTRIBUTION_C3 bias=SHORT htf=ACCUMULATION obj=EXISTS ts=2026-01-09 04:00:00
2026-09-30 22:04:38 [INFO] CRT.ParentFeed | parent_crt H4 DISTRIBUTION_C3 -> RANGE_C1 bias=NONE htf=ACCUMULATION obj=NONE ts=2026-01-09 08:00:00
2026-09-30 22:04:38 [INFO] CRT.ParentFeed | parent_crt H4 RANGE_C1 -> MANIPULATION_C2 bias=NONE htf=EXPANSION obj=NONE ts=2026-01-09 12:00:00
2026-09-30 22:04:38 [INFO] CRT.ParentFeed | parent_crt H4 MANIPULATION_C2 -> DISTRIBUTION_C3 bias=LONG htf=DISTRIBUTION obj=ACHIEVED ts=2026-01-09 16:00:00
2026-09-30 22:04:38 [INFO] CRT.ParentFeed | parent_crt H4 DISTRIBUTION_C3 -> RANGE_C1 bias=NONE htf=ACCUMULATION obj=NONE ts=2026-01-09 20:00:00
2026-09-30 22:04:38 [INFO] CRT.GapDetector | GAP RESET | Session gap detected: 2955min > 120min (2026-01-12 01:00 → 2026-01-12 01:00)
2026-09-30 22:04:39 [INFO] CRT.ParentFeed | parent_crt H4 RANGE_C1 -> MANIPULATION_C2 bias=NONE htf=DISTRIBUTION obj=NONE ts=2026-01-12 16:00:00
2026-09-30 22:04:39 [INFO] CRT.ParentFeed | parent_crt H4 MANIPULATION_C2 -> DISTRIBUTION_C3 bias=SHORT htf=ACCUMULATION obj=EXISTS ts=2026-01-12 20:00:00
2026-09-30 22:04:39 [INFO] CRT.ParentFeed | parent_crt H4 DISTRIBUTION_C3 -> RANGE_C1 bias=NONE htf=EXPANSION obj=NONE ts=2026-01-13 00:00:00
2026-09-30 22:04:39 [INFO] CRT.ParentFeed | parent_crt H4 RANGE_C1 -> MANIPULATION_C2 bias=NONE htf=ACCUMULATION obj=NONE ts=2026-01-13 08:00:00
2026-09-30 22:04:39 [INFO] CRT.ParentFeed | parent_crt H4 MANIPULATION_C2 -> DISTRIBUTION_C3 bias=LONG htf=REVERSAL obj=ACHIEVED ts=2026-01-13 12:00:00
2026-09-30 22:04:39 [INFO] CRT.ParentFeed | parent_crt H4 DISTRIBUTION_C3 -> RANGE_C1 bias=NONE htf=DISTRIBUTION obj=NONE ts=2026-01-13 16:00:00
2026-09-30 22:04:39 [INFO] CRT.ParentFeed | parent_crt H4 RANGE_C1 -> MANIPULATION_C2 bias=NONE htf=ACCUMULATION obj=NONE ts=2026-01-14 04:00:00
2026-09-30 22:04:39 [INFO] CRT.ParentFeed | parent_crt H4 MANIPULATION_C2 -> RANGE_C1 bias=NONE htf=ACCUMULATION obj=NONE ts=2026-01-14 08:00:00
2026-09-30 22:04:40 [INFO] CRT.ParentFeed | parent_crt H4 RANGE_C1 -> MANIPULATION_C2 bias=NONE htf=ACCUMULATION obj=NONE ts=2026-01-14 12:00:00
2026-09-30 22:04:40 [INFO] CRT.ParentFeed | parent_crt H4 MANIPULATION_C2 -> DISTRIBUTION_C3 bias=SHORT htf=REVERSAL obj=ACHIEVED ts=2026-01-14 16:00:00
2026-09-30 22:04:40 [INFO] CRT.ParentFeed | parent_crt H4 DISTRIBUTION_C3 -> RANGE_C1 bias=NONE htf=ACCUMULATION obj=NONE ts=2026-01-14 20:00:00
2026-09-30 22:04:40 [INFO] CRT.ParentFeed | parent_crt H4 RANGE_C1 -> MANIPULATION_C2 bias=NONE htf=ACCUMULATION obj=NONE ts=2026-01-15 04:00:00
2026-09-30 22:04:40 [INFO] CRT.ParentFeed | parent_crt H4 MANIPULATION_C2 -> DISTRIBUTION_C3 bias=LONG htf=ACCUMULATION obj=EXISTS ts=2026-01-15 08:00:00
2026-09-30 22:04:40 [INFO] CRT.ParentFeed | parent_crt H4 DISTRIBUTION_C3 -> RANGE_C1 bias=NONE htf=REVERSAL obj=NONE ts=2026-01-15 12:00:00
2026-09-30 22:04:40 [INFO] CRT.ParentFeed | parent_crt H4 RANGE_C1 -> MANIPULATION_C2 bias=NONE htf=DISTRIBUTION obj=NONE ts=2026-01-15 16:00:00
2026-09-30 22:04:40 [INFO] CRT.ParentFeed | parent_crt H4 MANIPULATION_C2 -> DISTRIBUTION_C3 bias=SHORT htf=ACCUMULATION obj=EXISTS ts=2026-01-15 20:00:00
2026-09-30 22:04:40 [INFO] CRT.ParentFeed | parent_crt H4 DISTRIBUTION_C3 -> RANGE_C1 bias=NONE htf=EXPANSION obj=NONE ts=2026-01-16 00:00:00
2026-09-30 22:04:40 [INFO] CRT.ParentFeed | parent_crt H4 RANGE_C1 -> MANIPULATION_C2 bias=NONE htf=ACCUMULATION obj=NONE ts=2026-01-16 04:00:00
2026-09-30 22:04:40 [INFO] CRT.ParentFeed | parent_crt H4 MANIPULATION_C2 -> RANGE_C1 bias=NONE htf=ACCUMULATION obj=NONE ts=2026-01-16 08:00:00
2026-09-30 22:04:41 [INFO] CRT.ParentFeed | parent_crt H4 RANGE_C1 -> MANIPULATION_C2 bias=NONE htf=DISTRIBUTION obj=NONE ts=2026-01-16 12:00:00
2026-09-30 22:04:41 [INFO] CRT.ParentFeed | parent_crt H4 MANIPULATION_C2 -> DISTRIBUTION_C3 bias=SHORT htf=REVERSAL obj=ACHIEVED ts=2026-01-16 16:00:00
2026-09-30 22:04:41 [INFO] CRT.ParentFeed | parent_crt H4 DISTRIBUTION_C3 -> RANGE_C1 bias=NONE htf=ACCUMULATION obj=NONE ts=2026-01-16 20:00:00
2026-09-30 22:04:41 [INFO] CRT.GapDetector | GAP RESET | Session gap detected: 2955min > 120min (2026-01-19 01:00 → 2026-01-19 01:00)
2026-09-30 22:04:41 [INFO] CRT.ParentFeed | parent_crt H4 RANGE_C1 -> MANIPULATION_C2 bias=NONE htf=ACCUMULATION obj=NONE ts=2026-01-19 08:00:00
2026-09-30 22:04:41 [INFO] CRT.ParentFeed | parent_crt H4 MANIPULATION_C2 -> DISTRIBUTION_C3 bias=SHORT htf=ACCUMULATION obj=EXISTS ts=2026-01-19 12:00:00
2026-09-30 22:04:41 [INFO] CRT.ParentFeed | parent_crt H4 DISTRIBUTION_C3 -> RANGE_C1 bias=NONE htf=REVERSAL obj=NONE ts=2026-01-19 16:00:00
2026-09-30 22:04:41 [INFO] CRT.ParentFeed | parent_crt H4 RANGE_C1 -> MANIPULATION_C2 bias=NONE htf=ACCUMULATION obj=NONE ts=2026-01-19 20:00:00
2026-09-30 22:04:41 [INFO] CRT.GapDetector | GAP RESET | Session gap detected: 225min > 120min (2026-01-20 01:00 → 2026-01-20 01:00)
2026-09-30 22:04:41 [INFO] CRT.ParentFeed | parent_crt H4 MANIPULATION_C2 -> DISTRIBUTION_C3 bias=SHORT htf=DISTRIBUTION obj=EXISTS ts=2026-01-20 00:00:00
2026-09-30 22:04:41 [INFO] CRT.ParentFeed | parent_crt H4 DISTRIBUTION_C3 -> RANGE_C1 bias=NONE htf=REVERSAL obj=NONE ts=2026-01-20 04:00:00
2026-09-30 22:04:41 [INFO] CRT.ParentFeed | parent_crt H4 RANGE_C1 -> MANIPULATION_C2 bias=NONE htf=ACCUMULATION obj=NONE ts=2026-01-20 12:00:00
2026-09-30 22:04:42 [INFO] CRT.ParentFeed | parent_crt H4 MANIPULATION_C2 -> RANGE_C1 bias=NONE htf=EXPANSION obj=NONE ts=2026-01-20 16:00:00
2026-09-30 22:04:42 [INFO] CRT.ParentFeed | parent_crt H4 RANGE_C1 -> MANIPULATION_C2 bias=NONE htf=ACCUMULATION obj=NONE ts=2026-01-21 08:00:00
2026-09-30 22:04:42 [INFO] CRT.ParentFeed | parent_crt H4 MANIPULATION_C2 -> RANGE_C1 bias=NONE htf=ACCUMULATION obj=NONE ts=2026-01-21 12:00:00
2026-09-30 22:04:42 [INFO] CRT.ParentFeed | parent_crt H4 RANGE_C1 -> MANIPULATION_C2 bias=NONE htf=REVERSAL obj=NONE ts=2026-01-21 16:00:00
2026-09-30 22:04:42 [INFO] CRT.ParentFeed | parent_crt H4 MANIPULATION_C2 -> RANGE_C1 bias=NONE htf=DISTRIBUTION obj=NONE ts=2026-01-21 20:00:00
2026-09-30 22:04:42 [INFO] CRT.ParentFeed | parent_crt H4 RANGE_C1 -> MANIPULATION_C2 bias=NONE htf=DISTRIBUTION obj=NONE ts=2026-01-22 12:00:00
2026-09-30 22:04:43 [INFO] CRT.ParentFeed | parent_crt H4 MANIPULATION_C2 -> DISTRIBUTION_C3 bias=LONG htf=REVERSAL obj=ACHIEVED ts=2026-01-22 16:00:00
2026-09-30 22:04:43 [INFO] CRT.ParentFeed | parent_crt H4 DISTRIBUTION_C3 -> RANGE_C1 bias=NONE htf=EXPANSION obj=NONE ts=2026-01-22 20:00:00
2026-09-30 22:04:43 [INFO] CRT.ParentFeed | parent_crt H4 RANGE_C1 -> MANIPULATION_C2 bias=NONE htf=ACCUMULATION obj=NONE ts=2026-01-23 20:00:00
2026-09-30 22:04:43 [INFO] CRT.GapDetector | GAP RESET | Session gap detected: 2955min > 120min (2026-01-26 01:00 → 2026-01-26 01:00)
2026-09-30 22:04:43 [INFO] CRT.ParentFeed | parent_crt H4 MANIPULATION_C2 -> RANGE_C1 bias=NONE htf=EXPANSION obj=NONE ts=2026-01-26 00:00:00
2026-09-30 22:04:43 [INFO] CRT.ParentFeed | parent_crt H4 RANGE_C1 -> MANIPULATION_C2 bias=NONE htf=ACCUMULATION obj=NONE ts=2026-01-26 04:00:00
2026-09-30 22:04:43 [INFO] CRT.ParentFeed | parent_crt H4 MANIPULATION_C2 -> RANGE_C1 bias=NONE htf=DISTRIBUTION obj=NONE ts=2026-01-26 08:00:00
2026-09-30 22:04:43 [INFO] CRT.ParentFeed | parent_crt H4 RANGE_C1 -> MANIPULATION_C2 bias=NONE htf=ACCUMULATION obj=NONE ts=2026-01-26 12:00:00
2026-09-30 22:04:43 [INFO] CRT.ParentFeed | parent_crt H4 MANIPULATION_C2 -> DISTRIBUTION_C3 bias=LONG htf=REVERSAL obj=EXISTS ts=2026-01-26 16:00:00
2026-09-30 22:04:43 [INFO] CRT.ParentFeed | parent_crt H4 DISTRIBUTION_C3 -> RANGE_C1 bias=NONE htf=REVERSAL obj=NONE ts=2026-01-26 20:00:00
2026-09-30 22:04:44 [INFO] CRT.ParentFeed | parent_crt H4 RANGE_C1 -> MANIPULATION_C2 bias=NONE htf=DISTRIBUTION obj=NONE ts=2026-01-27 12:00:00
2026-09-30 22:04:44 [INFO] CRT.ParentFeed | parent_crt H4 MANIPULATION_C2 -> DISTRIBUTION_C3 bias=LONG htf=DISTRIBUTION obj=EXISTS ts=2026-01-27 16:00:00
2026-09-30 22:04:44 [INFO] CRT.ParentFeed | parent_crt H4 DISTRIBUTION_C3 -> RANGE_C1 bias=NONE htf=EXPANSION obj=NONE ts=2026-01-27 20:00:00
2026-09-30 22:04:44 [INFO] CRT.ParentFeed | parent_crt H4 RANGE_C1 -> MANIPULATION_C2 bias=NONE htf=ACCUMULATION obj=NONE ts=2026-01-28 12:00:00
2026-09-30 22:04:44 [INFO] CRT.ParentFeed | parent_crt H4 MANIPULATION_C2 -> DISTRIBUTION_C3 bias=LONG htf=REVERSAL obj=EXISTS ts=2026-01-28 16:00:00
2026-09-30 22:04:44 [INFO] CRT.ParentFeed | parent_crt H4 DISTRIBUTION_C3 -> RANGE_C1 bias=NONE htf=EXPANSION obj=NONE ts=2026-01-28 20:00:00
2026-09-30 22:04:44 [INFO] CRT.ParentFeed | parent_crt H4 RANGE_C1 -> MANIPULATION_C2 bias=NONE htf=DISTRIBUTION obj=NONE ts=2026-01-29 08:00:00
2026-09-30 22:04:44 [INFO] CRT.ParentFeed | parent_crt H4 MANIPULATION_C2 -> DISTRIBUTION_C3 bias=SHORT htf=ACCUMULATION obj=EXISTS ts=2026-01-29 12:00:00
22:04:44 [BT]   40,000/47,275 (85%) | trades=3 cap=98,501 dd=1.5%
2026-09-30 22:04:44 [INFO] CRT.Backtest |   40,000/47,275 (85%) | trades=3 cap=98,501 dd=1.5%
2026-09-30 22:04:44 [INFO] CRT.ParentFeed | parent_crt H4 DISTRIBUTION_C3 -> RANGE_C1 bias=NONE htf=EXPANSION obj=NONE ts=2026-01-29 16:00:00
2026-09-30 22:04:45 [INFO] CRT.ParentFeed | parent_crt H4 RANGE_C1 -> MANIPULATION_C2 bias=NONE htf=DISTRIBUTION obj=NONE ts=2026-01-30 00:00:00
2026-09-30 22:04:45 [INFO] CRT.ParentFeed | parent_crt H4 MANIPULATION_C2 -> DISTRIBUTION_C3 bias=SHORT htf=EXPANSION obj=ACHIEVED ts=2026-01-30 04:00:00
2026-09-30 22:04:45 [INFO] CRT.ParentFeed | parent_crt H4 DISTRIBUTION_C3 -> RANGE_C1 bias=NONE htf=EXPANSION obj=NONE ts=2026-01-30 08:00:00
2026-09-30 22:04:45 [INFO] CRT.ParentFeed | parent_crt H4 RANGE_C1 -> MANIPULATION_C2 bias=NONE htf=ACCUMULATION obj=NONE ts=2026-01-30 20:00:00
2026-09-30 22:04:45 [INFO] CRT.GapDetector | GAP RESET | Session gap detected: 2955min > 120min (2026-02-02 01:00 → 2026-02-02 01:00)
2026-09-30 22:04:45 [INFO] CRT.ParentFeed | parent_crt H4 MANIPULATION_C2 -> RANGE_C1 bias=NONE htf=DISTRIBUTION obj=NONE ts=2026-02-02 00:00:00
2026-09-30 22:04:45 [INFO] CRT.ParentFeed | parent_crt H4 RANGE_C1 -> MANIPULATION_C2 bias=NONE htf=DISTRIBUTION obj=NONE ts=2026-02-02 08:00:00
2026-09-30 22:04:45 [INFO] CRT.ParentFeed | parent_crt H4 MANIPULATION_C2 -> RANGE_C1 bias=NONE htf=ACCUMULATION obj=NONE ts=2026-02-02 12:00:00
2026-09-30 22:04:45 [INFO] CRT.ParentFeed | parent_crt H4 RANGE_C1 -> MANIPULATION_C2 bias=NONE htf=DISTRIBUTION obj=NONE ts=2026-02-02 16:00:00
2026-09-30 22:04:45 [INFO] CRT.ParentFeed | parent_crt H4 MANIPULATION_C2 -> RANGE_C1 bias=NONE htf=ACCUMULATION obj=NONE ts=2026-02-02 20:00:00
2026-09-30 22:04:45 [INFO] CRT.ParentFeed | parent_crt H4 RANGE_C1 -> MANIPULATION_C2 bias=NONE htf=ACCUMULATION obj=NONE ts=2026-02-03 12:00:00
2026-09-30 22:04:46 [INFO] CRT.ParentFeed | parent_crt H4 MANIPULATION_C2 -> DISTRIBUTION_C3 bias=SHORT htf=DISTRIBUTION obj=EXISTS ts=2026-02-03 16:00:00
2026-09-30 22:04:46 [INFO] CRT.ParentFeed | parent_crt H4 DISTRIBUTION_C3 -> RANGE_C1 bias=NONE htf=ACCUMULATION obj=NONE ts=2026-02-03 20:00:00
2026-09-30 22:04:46 [INFO] CRT.ParentFeed | parent_crt H4 RANGE_C1 -> MANIPULATION_C2 bias=NONE htf=ACCUMULATION obj=NONE ts=2026-02-04 08:00:00
2026-09-30 22:04:46 [INFO] CRT.ParentFeed | parent_crt H4 MANIPULATION_C2 -> DISTRIBUTION_C3 bias=SHORT htf=DISTRIBUTION obj=EXISTS ts=2026-02-04 12:00:00
2026-09-30 22:04:46 [INFO] CRT.ParentFeed | parent_crt H4 DISTRIBUTION_C3 -> RANGE_C1 bias=NONE htf=EXPANSION obj=NONE ts=2026-02-04 16:00:00
2026-09-30 22:04:46 [INFO] CRT.ParentFeed | parent_crt H4 RANGE_C1 -> MANIPULATION_C2 bias=NONE htf=ACCUMULATION obj=NONE ts=2026-02-05 00:00:00
2026-09-30 22:04:46 [INFO] CRT.ParentFeed | parent_crt H4 MANIPULATION_C2 -> DISTRIBUTION_C3 bias=SHORT htf=EXPANSION obj=EXISTS ts=2026-02-05 04:00:00
2026-09-30 22:04:46 [INFO] CRT.ParentFeed | parent_crt H4 DISTRIBUTION_C3 -> RANGE_C1 bias=NONE htf=ACCUMULATION obj=NONE ts=2026-02-05 08:00:00
2026-09-30 22:04:46 [INFO] CRT.ParentFeed | parent_crt H4 RANGE_C1 -> MANIPULATION_C2 bias=NONE htf=DISTRIBUTION obj=NONE ts=2026-02-05 16:00:00
2026-09-30 22:04:46 [INFO] CRT.ParentFeed | parent_crt H4 MANIPULATION_C2 -> DISTRIBUTION_C3 bias=SHORT htf=REVERSAL obj=ACHIEVED ts=2026-02-05 20:00:00
2026-09-30 22:04:46 [INFO] CRT.ParentFeed | parent_crt H4 DISTRIBUTION_C3 -> RANGE_C1 bias=NONE htf=DISTRIBUTION obj=NONE ts=2026-02-06 00:00:00
2026-09-30 22:04:46 [INFO] CRT.ParentFeed | parent_crt H4 RANGE_C1 -> MANIPULATION_C2 bias=NONE htf=ACCUMULATION obj=NONE ts=2026-02-06 08:00:00
2026-09-30 22:04:46 [INFO] CRT.ParentFeed | parent_crt H4 MANIPULATION_C2 -> RANGE_C1 bias=NONE htf=REVERSAL obj=NONE ts=2026-02-06 12:00:00
2026-09-30 22:04:47 [INFO] CRT.ParentFeed | parent_crt H4 RANGE_C1 -> MANIPULATION_C2 bias=NONE htf=ACCUMULATION obj=NONE ts=2026-02-06 20:00:00
2026-09-30 22:04:47 [INFO] CRT.GapDetector | GAP RESET | Session gap detected: 2955min > 120min (2026-02-09 01:00 → 2026-02-09 01:00)
2026-09-30 22:04:47 [INFO] CRT.ParentFeed | parent_crt H4 MANIPULATION_C2 -> RANGE_C1 bias=NONE htf=EXPANSION obj=NONE ts=2026-02-09 00:00:00
2026-09-30 22:04:47 [INFO] CRT.ParentFeed | parent_crt H4 RANGE_C1 -> MANIPULATION_C2 bias=NONE htf=ACCUMULATION obj=NONE ts=2026-02-09 08:00:00
2026-09-30 22:04:47 [INFO] CRT.ParentFeed | parent_crt H4 MANIPULATION_C2 -> DISTRIBUTION_C3 bias=SHORT htf=ACCUMULATION obj=EXISTS ts=2026-02-09 12:00:00
2026-09-30 22:04:47 [INFO] CRT.ParentFeed | parent_crt H4 DISTRIBUTION_C3 -> RANGE_C1 bias=NONE htf=REVERSAL obj=NONE ts=2026-02-09 16:00:00
2026-09-30 22:04:47 [INFO] CRT.ParentFeed | parent_crt H4 RANGE_C1 -> MANIPULATION_C2 bias=NONE htf=ACCUMULATION obj=NONE ts=2026-02-09 20:00:00
2026-09-30 22:04:47 [INFO] CRT.ParentFeed | parent_crt H4 MANIPULATION_C2 -> DISTRIBUTION_C3 bias=SHORT htf=REVERSAL obj=EXISTS ts=2026-02-10 00:00:00
2026-09-30 22:04:47 [INFO] CRT.ParentFeed | parent_crt H4 DISTRIBUTION_C3 -> RANGE_C1 bias=NONE htf=ACCUMULATION obj=NONE ts=2026-02-10 04:00:00
2026-09-30 22:04:47 [INFO] CRT.ParentFeed | parent_crt H4 RANGE_C1 -> MANIPULATION_C2 bias=NONE htf=ACCUMULATION obj=NONE ts=2026-02-10 08:00:00
2026-09-30 22:04:47 [INFO] CRT.ParentFeed | parent_crt H4 MANIPULATION_C2 -> RANGE_C1 bias=NONE htf=ACCUMULATION obj=NONE ts=2026-02-10 12:00:00
2026-09-30 22:04:47 [INFO] CRT.ParentFeed | parent_crt H4 RANGE_C1 -> MANIPULATION_C2 bias=NONE htf=DISTRIBUTION obj=NONE ts=2026-02-10 16:00:00
2026-09-30 22:04:47 [INFO] CRT.ParentFeed | parent_crt H4 MANIPULATION_C2 -> DISTRIBUTION_C3 bias=SHORT htf=ACCUMULATION obj=EXISTS ts=2026-02-10 20:00:00
2026-09-30 22:04:47 [INFO] CRT.ParentFeed | parent_crt H4 DISTRIBUTION_C3 -> RANGE_C1 bias=NONE htf=REVERSAL obj=NONE ts=2026-02-11 00:00:00
2026-09-30 22:04:47 [INFO] CRT.ParentFeed | parent_crt H4 RANGE_C1 -> MANIPULATION_C2 bias=NONE htf=DISTRIBUTION obj=NONE ts=2026-02-11 04:00:00
2026-09-30 22:04:47 [INFO] CRT.ParentFeed | parent_crt H4 MANIPULATION_C2 -> RANGE_C1 bias=NONE htf=ACCUMULATION obj=NONE ts=2026-02-11 08:00:00
2026-09-30 22:04:47 [INFO] CRT.ParentFeed | parent_crt H4 RANGE_C1 -> MANIPULATION_C2 bias=NONE htf=DISTRIBUTION obj=NONE ts=2026-02-11 12:00:00
2026-09-30 22:04:48 [INFO] CRT.ParentFeed | parent_crt H4 MANIPULATION_C2 -> RANGE_C1 bias=NONE htf=ACCUMULATION obj=NONE ts=2026-02-11 16:00:00
2026-09-30 22:04:48 [INFO] CRT.ParentFeed | parent_crt H4 RANGE_C1 -> MANIPULATION_C2 bias=NONE htf=EXPANSION obj=NONE ts=2026-02-12 00:00:00
2026-09-30 22:04:48 [INFO] CRT.ParentFeed | parent_crt H4 MANIPULATION_C2 -> RANGE_C1 bias=NONE htf=ACCUMULATION obj=NONE ts=2026-02-12 04:00:00
2026-09-30 22:04:48 [INFO] CRT.ParentFeed | parent_crt H4 RANGE_C1 -> MANIPULATION_C2 bias=NONE htf=DISTRIBUTION obj=NONE ts=2026-02-12 08:00:00
2026-09-30 22:04:48 [INFO] CRT.ParentFeed | parent_crt H4 MANIPULATION_C2 -> RANGE_C1 bias=NONE htf=DISTRIBUTION obj=NONE ts=2026-02-12 12:00:00
2026-09-30 22:04:48 [INFO] CRT.ParentFeed | parent_crt H4 RANGE_C1 -> MANIPULATION_C2 bias=NONE htf=REVERSAL obj=NONE ts=2026-02-13 00:00:00
2026-09-30 22:04:48 [INFO] CRT.ParentFeed | parent_crt H4 MANIPULATION_C2 -> RANGE_C1 bias=NONE htf=ACCUMULATION obj=NONE ts=2026-02-13 04:00:00
2026-09-30 22:04:48 [INFO] CRT.ParentFeed | parent_crt H4 RANGE_C1 -> MANIPULATION_C2 bias=NONE htf=DISTRIBUTION obj=NONE ts=2026-02-13 12:00:00
2026-09-30 22:04:48 [INFO] CRT.ParentFeed | parent_crt H4 MANIPULATION_C2 -> RANGE_C1 bias=NONE htf=EXPANSION obj=NONE ts=2026-02-13 16:00:00
2026-09-30 22:04:48 [INFO] CRT.GapDetector | GAP RESET | Session gap detected: 2955min > 120min (2026-02-16 01:00 → 2026-02-16 01:00)
2026-09-30 22:04:48 [INFO] CRT.ParentFeed | parent_crt H4 RANGE_C1 -> MANIPULATION_C2 bias=NONE htf=DISTRIBUTION obj=NONE ts=2026-02-16 00:00:00
2026-09-30 22:04:48 [INFO] CRT.ParentFeed | parent_crt H4 MANIPULATION_C2 -> DISTRIBUTION_C3 bias=SHORT htf=EXPANSION obj=ACHIEVED ts=2026-02-16 04:00:00
2026-09-30 22:04:48 [INFO] CRT.ParentFeed | parent_crt H4 DISTRIBUTION_C3 -> RANGE_C1 bias=NONE htf=ACCUMULATION obj=NONE ts=2026-02-16 08:00:00
2026-09-30 22:04:49 [INFO] CRT.ParentFeed | parent_crt H4 RANGE_C1 -> MANIPULATION_C2 bias=NONE htf=ACCUMULATION obj=NONE ts=2026-02-16 12:00:00
2026-09-30 22:04:49 [INFO] CRT.ParentFeed | parent_crt H4 MANIPULATION_C2 -> DISTRIBUTION_C3 bias=SHORT htf=DISTRIBUTION obj=EXISTS ts=2026-02-16 16:00:00
2026-09-30 22:04:49 [INFO] CRT.ParentFeed | parent_crt H4 DISTRIBUTION_C3 -> RANGE_C1 bias=NONE htf=ACCUMULATION obj=NONE ts=2026-02-16 20:00:00
2026-09-30 22:04:49 [INFO] CRT.GapDetector | GAP RESET | Session gap detected: 225min > 120min (2026-02-17 01:00 → 2026-02-17 01:00)
2026-09-30 22:04:49 [INFO] CRT.ParentFeed | parent_crt H4 RANGE_C1 -> MANIPULATION_C2 bias=NONE htf=REVERSAL obj=NONE ts=2026-02-17 00:00:00
2026-09-30 22:04:49 [INFO] CRT.ParentFeed | parent_crt H4 MANIPULATION_C2 -> DISTRIBUTION_C3 bias=SHORT htf=EXPANSION obj=ACHIEVED ts=2026-02-17 04:00:00
2026-09-30 22:04:49 [INFO] CRT.ParentFeed | parent_crt H4 DISTRIBUTION_C3 -> RANGE_C1 bias=NONE htf=ACCUMULATION obj=NONE ts=2026-02-17 08:00:00
2026-09-30 22:04:49 [INFO] CRT.ParentFeed | parent_crt H4 RANGE_C1 -> MANIPULATION_C2 bias=NONE htf=REVERSAL obj=NONE ts=2026-02-17 12:00:00
2026-09-30 22:04:49 [INFO] CRT.ParentFeed | parent_crt H4 MANIPULATION_C2 -> DISTRIBUTION_C3 bias=SHORT htf=EXPANSION obj=ACHIEVED ts=2026-02-17 16:00:00
2026-09-30 22:04:49 [INFO] CRT.ParentFeed | parent_crt H4 DISTRIBUTION_C3 -> RANGE_C1 bias=NONE htf=ACCUMULATION obj=NONE ts=2026-02-17 20:00:00
2026-09-30 22:04:49 [INFO] CRT.ParentFeed | parent_crt H4 RANGE_C1 -> MANIPULATION_C2 bias=NONE htf=ACCUMULATION obj=NONE ts=2026-02-18 00:00:00
2026-09-30 22:04:49 [INFO] CRT.ParentFeed | parent_crt H4 MANIPULATION_C2 -> DISTRIBUTION_C3 bias=LONG htf=EXPANSION obj=ACHIEVED ts=2026-02-18 04:00:00
2026-09-30 22:04:49 [INFO] CRT.ParentFeed | parent_crt H4 DISTRIBUTION_C3 -> RANGE_C1 bias=NONE htf=ACCUMULATION obj=NONE ts=2026-02-18 08:00:00
2026-09-30 22:04:49 [INFO] CRT.ParentFeed | parent_crt H4 RANGE_C1 -> MANIPULATION_C2 bias=NONE htf=REVERSAL obj=NONE ts=2026-02-18 12:00:00
2026-09-30 22:04:49 [INFO] CRT.ParentFeed | parent_crt H4 MANIPULATION_C2 -> DISTRIBUTION_C3 bias=LONG htf=EXPANSION obj=ACHIEVED ts=2026-02-18 16:00:00
2026-09-30 22:04:49 [INFO] CRT.ParentFeed | parent_crt H4 DISTRIBUTION_C3 -> RANGE_C1 bias=NONE htf=ACCUMULATION obj=NONE ts=2026-02-18 20:00:00
2026-09-30 22:04:49 [INFO] CRT.ParentFeed | parent_crt H4 RANGE_C1 -> MANIPULATION_C2 bias=NONE htf=ACCUMULATION obj=NONE ts=2026-02-19 00:00:00
2026-09-30 22:04:49 [INFO] CRT.ParentFeed | parent_crt H4 MANIPULATION_C2 -> DISTRIBUTION_C3 bias=LONG htf=REVERSAL obj=EXISTS ts=2026-02-19 04:00:00
2026-09-30 22:04:49 [INFO] CRT.ParentFeed | parent_crt H4 DISTRIBUTION_C3 -> RANGE_C1 bias=NONE htf=ACCUMULATION obj=NONE ts=2026-02-19 08:00:00
2026-09-30 22:04:50 [INFO] CRT.ParentFeed | parent_crt H4 RANGE_C1 -> MANIPULATION_C2 bias=NONE htf=ACCUMULATION obj=NONE ts=2026-02-19 12:00:00
2026-09-30 22:04:50 [INFO] CRT.ParentFeed | parent_crt H4 MANIPULATION_C2 -> RANGE_C1 bias=NONE htf=DISTRIBUTION obj=NONE ts=2026-02-19 16:00:00
2026-09-30 22:04:50 [INFO] CRT.ParentFeed | parent_crt H4 RANGE_C1 -> MANIPULATION_C2 bias=NONE htf=DISTRIBUTION obj=NONE ts=2026-02-20 00:00:00
2026-09-30 22:04:50 [INFO] CRT.ParentFeed | parent_crt H4 MANIPULATION_C2 -> RANGE_C1 bias=NONE htf=DISTRIBUTION obj=NONE ts=2026-02-20 04:00:00
2026-09-30 22:04:50 [INFO] CRT.ParentFeed | parent_crt H4 RANGE_C1 -> MANIPULATION_C2 bias=NONE htf=EXPANSION obj=NONE ts=2026-02-20 16:00:00
2026-09-30 22:04:50 [INFO] CRT.ParentFeed | parent_crt H4 MANIPULATION_C2 -> DISTRIBUTION_C3 bias=LONG htf=EXPANSION obj=ACHIEVED ts=2026-02-20 20:00:00
2026-09-30 22:04:50 [INFO] CRT.GapDetector | GAP RESET | Session gap detected: 2955min > 120min (2026-02-23 01:00 → 2026-02-23 01:00)
2026-09-30 22:04:50 [INFO] CRT.ParentFeed | parent_crt H4 DISTRIBUTION_C3 -> RANGE_C1 bias=NONE htf=EXPANSION obj=NONE ts=2026-02-23 00:00:00
2026-09-30 22:04:50 [INFO] CRT.ParentFeed | parent_crt H4 RANGE_C1 -> MANIPULATION_C2 bias=NONE htf=ACCUMULATION obj=NONE ts=2026-02-23 04:00:00
2026-09-30 22:04:50 [INFO] CRT.ParentFeed | parent_crt H4 MANIPULATION_C2 -> DISTRIBUTION_C3 bias=SHORT htf=REVERSAL obj=EXISTS ts=2026-02-23 08:00:00
2026-09-30 22:04:50 [INFO] CRT.ParentFeed | parent_crt H4 DISTRIBUTION_C3 -> RANGE_C1 bias=NONE htf=ACCUMULATION obj=NONE ts=2026-02-23 12:00:00
2026-09-30 22:04:51 [INFO] CRT.ParentFeed | parent_crt H4 RANGE_C1 -> MANIPULATION_C2 bias=NONE htf=REVERSAL obj=NONE ts=2026-02-23 16:00:00
2026-09-30 22:04:51 [INFO] CRT.ParentFeed | parent_crt H4 MANIPULATION_C2 -> DISTRIBUTION_C3 bias=LONG htf=EXPANSION obj=ACHIEVED ts=2026-02-23 20:00:00
2026-09-30 22:04:51 [INFO] CRT.ParentFeed | parent_crt H4 DISTRIBUTION_C3 -> RANGE_C1 bias=NONE htf=REVERSAL obj=NONE ts=2026-02-24 00:00:00
2026-09-30 22:04:51 [INFO] CRT.ParentFeed | parent_crt H4 RANGE_C1 -> MANIPULATION_C2 bias=NONE htf=ACCUMULATION obj=NONE ts=2026-02-24 08:00:00
2026-09-30 22:04:51 [INFO] CRT.ParentFeed | parent_crt H4 MANIPULATION_C2 -> RANGE_C1 bias=NONE htf=EXPANSION obj=NONE ts=2026-02-24 12:00:00
2026-09-30 22:04:51 [INFO] CRT.ParentFeed | parent_crt H4 RANGE_C1 -> MANIPULATION_C2 bias=NONE htf=ACCUMULATION obj=NONE ts=2026-02-24 16:00:00
2026-09-30 22:04:51 [INFO] CRT.ParentFeed | parent_crt H4 MANIPULATION_C2 -> RANGE_C1 bias=NONE htf=ACCUMULATION obj=NONE ts=2026-02-24 20:00:00
2026-09-30 22:04:51 [INFO] CRT.ParentFeed | parent_crt H4 RANGE_C1 -> MANIPULATION_C2 bias=NONE htf=REVERSAL obj=NONE ts=2026-02-25 00:00:00
2026-09-30 22:04:51 [INFO] CRT.ParentFeed | parent_crt H4 MANIPULATION_C2 -> DISTRIBUTION_C3 bias=LONG htf=EXPANSION obj=ACHIEVED ts=2026-02-25 04:00:00
2026-09-30 22:04:51 [INFO] CRT.ParentFeed | parent_crt H4 DISTRIBUTION_C3 -> RANGE_C1 bias=NONE htf=ACCUMULATION obj=NONE ts=2026-02-25 08:00:00
2026-09-30 22:04:51 [INFO] CRT.ParentFeed | parent_crt H4 RANGE_C1 -> MANIPULATION_C2 bias=NONE htf=DISTRIBUTION obj=NONE ts=2026-02-25 12:00:00
2026-09-30 22:04:51 [INFO] CRT.ParentFeed | parent_crt H4 MANIPULATION_C2 -> DISTRIBUTION_C3 bias=LONG htf=REVERSAL obj=ACHIEVED ts=2026-02-25 16:00:00
2026-09-30 22:04:51 [INFO] CRT.ParentFeed | parent_crt H4 DISTRIBUTION_C3 -> RANGE_C1 bias=NONE htf=DISTRIBUTION obj=NONE ts=2026-02-25 20:00:00
2026-09-30 22:04:51 [INFO] CRT.ParentFeed | parent_crt H4 RANGE_C1 -> MANIPULATION_C2 bias=NONE htf=ACCUMULATION obj=NONE ts=2026-02-26 04:00:00
2026-09-30 22:04:51 [INFO] CRT.ParentFeed | parent_crt H4 MANIPULATION_C2 -> DISTRIBUTION_C3 bias=SHORT htf=DISTRIBUTION obj=EXISTS ts=2026-02-26 08:00:00
2026-09-30 22:04:51 [INFO] CRT.ParentFeed | parent_crt H4 DISTRIBUTION_C3 -> RANGE_C1 bias=NONE htf=EXPANSION obj=NONE ts=2026-02-26 12:00:00
2026-09-30 22:04:52 [INFO] CRT.ParentFeed | parent_crt H4 RANGE_C1 -> MANIPULATION_C2 bias=NONE htf=DISTRIBUTION obj=NONE ts=2026-02-26 16:00:00
2026-09-30 22:04:52 [INFO] CRT.ParentFeed | parent_crt H4 MANIPULATION_C2 -> RANGE_C1 bias=NONE htf=ACCUMULATION obj=NONE ts=2026-02-26 20:00:00
2026-09-30 22:04:52 [INFO] CRT.ParentFeed | parent_crt H4 RANGE_C1 -> MANIPULATION_C2 bias=NONE htf=DISTRIBUTION obj=NONE ts=2026-02-27 08:00:00
2026-09-30 22:04:52 [INFO] CRT.ParentFeed | parent_crt H4 MANIPULATION_C2 -> DISTRIBUTION_C3 bias=LONG htf=REVERSAL obj=ACHIEVED ts=2026-02-27 12:00:00
2026-09-30 22:04:52 [INFO] CRT.ParentFeed | parent_crt H4 DISTRIBUTION_C3 -> RANGE_C1 bias=NONE htf=ACCUMULATION obj=NONE ts=2026-02-27 16:00:00
2026-09-30 22:04:52 [INFO] CRT.GapDetector | GAP RESET | Session gap detected: 2955min > 120min (2026-03-02 01:00 → 2026-03-02 01:00)
2026-09-30 22:04:53 [INFO] CRT.ParentFeed | parent_crt H4 RANGE_C1 -> MANIPULATION_C2 bias=NONE htf=ACCUMULATION obj=NONE ts=2026-03-03 00:00:00
2026-09-30 22:04:53 [INFO] CRT.ParentFeed | parent_crt H4 MANIPULATION_C2 -> DISTRIBUTION_C3 bias=SHORT htf=REVERSAL obj=EXISTS ts=2026-03-03 04:00:00
2026-09-30 22:04:53 [INFO] CRT.ParentFeed | parent_crt H4 DISTRIBUTION_C3 -> RANGE_C1 bias=NONE htf=EXPANSION obj=NONE ts=2026-03-03 08:00:00
2026-09-30 22:04:53 [INFO] CRT.ParentFeed | parent_crt H4 RANGE_C1 -> MANIPULATION_C2 bias=NONE htf=ACCUMULATION obj=NONE ts=2026-03-03 16:00:00
2026-09-30 22:04:53 [INFO] CRT.ParentFeed | parent_crt H4 MANIPULATION_C2 -> DISTRIBUTION_C3 bias=LONG htf=ACCUMULATION obj=EXISTS ts=2026-03-03 20:00:00
2026-09-30 22:04:53 [INFO] CRT.ParentFeed | parent_crt H4 DISTRIBUTION_C3 -> RANGE_C1 bias=NONE htf=EXPANSION obj=NONE ts=2026-03-04 00:00:00
2026-09-30 22:04:53 [INFO] CRT.ParentFeed | parent_crt H4 RANGE_C1 -> MANIPULATION_C2 bias=NONE htf=ACCUMULATION obj=NONE ts=2026-03-04 04:00:00
2026-09-30 22:04:53 [INFO] CRT.ParentFeed | parent_crt H4 MANIPULATION_C2 -> RANGE_C1 bias=NONE htf=DISTRIBUTION obj=NONE ts=2026-03-04 08:00:00
2026-09-30 22:04:53 [INFO] CRT.ParentFeed | parent_crt H4 RANGE_C1 -> MANIPULATION_C2 bias=NONE htf=ACCUMULATION obj=NONE ts=2026-03-04 12:00:00
2026-09-30 22:04:53 [INFO] CRT.ParentFeed | parent_crt H4 MANIPULATION_C2 -> DISTRIBUTION_C3 bias=SHORT htf=EXPANSION obj=EXISTS ts=2026-03-04 16:00:00
2026-09-30 22:04:53 [INFO] CRT.ParentFeed | parent_crt H4 DISTRIBUTION_C3 -> RANGE_C1 bias=NONE htf=ACCUMULATION obj=NONE ts=2026-03-04 20:00:00
2026-09-30 22:04:53 [INFO] CRT.ParentFeed | parent_crt H4 RANGE_C1 -> MANIPULATION_C2 bias=NONE htf=DISTRIBUTION obj=NONE ts=2026-03-05 04:00:00
2026-09-30 22:04:53 [INFO] CRT.ParentFeed | parent_crt H4 MANIPULATION_C2 -> RANGE_C1 bias=NONE htf=DISTRIBUTION obj=NONE ts=2026-03-05 08:00:00
2026-09-30 22:04:54 [INFO] CRT.ParentFeed | parent_crt H4 RANGE_C1 -> MANIPULATION_C2 bias=NONE htf=ACCUMULATION obj=NONE ts=2026-03-05 20:00:00
2026-09-30 22:04:54 [INFO] CRT.ParentFeed | parent_crt H4 MANIPULATION_C2 -> DISTRIBUTION_C3 bias=LONG htf=EXPANSION obj=ACHIEVED ts=2026-03-06 00:00:00
2026-09-30 22:04:54 [INFO] CRT.ParentFeed | parent_crt H4 DISTRIBUTION_C3 -> RANGE_C1 bias=NONE htf=ACCUMULATION obj=NONE ts=2026-03-06 04:00:00
2026-09-30 22:04:54 [INFO] CRT.ParentFeed | parent_crt H4 RANGE_C1 -> MANIPULATION_C2 bias=NONE htf=DISTRIBUTION obj=NONE ts=2026-03-06 12:00:00
2026-09-30 22:04:54 [INFO] CRT.ParentFeed | parent_crt H4 MANIPULATION_C2 -> RANGE_C1 bias=NONE htf=REVERSAL obj=NONE ts=2026-03-06 16:00:00
2026-09-30 22:04:54 [INFO] CRT.GapDetector | GAP RESET | Session gap detected: 2955min > 120min (2026-03-09 01:00 → 2026-03-09 01:00)
2026-09-30 22:04:54 [INFO] CRT.ParentFeed | parent_crt H4 RANGE_C1 -> MANIPULATION_C2 bias=NONE htf=REVERSAL obj=NONE ts=2026-03-09 00:00:00
2026-09-30 22:04:54 [INFO] CRT.ParentFeed | parent_crt H4 MANIPULATION_C2 -> RANGE_C1 bias=NONE htf=ACCUMULATION obj=NONE ts=2026-03-09 04:00:00
2026-09-30 22:04:54 [INFO] CRT.ParentFeed | parent_crt H4 RANGE_C1 -> MANIPULATION_C2 bias=NONE htf=ACCUMULATION obj=NONE ts=2026-03-09 08:00:00
2026-09-30 22:04:54 [INFO] CRT.ParentFeed | parent_crt H4 MANIPULATION_C2 -> DISTRIBUTION_C3 bias=SHORT htf=ACCUMULATION obj=EXISTS ts=2026-03-09 12:00:00
2026-09-30 22:04:54 [INFO] CRT.ParentFeed | parent_crt H4 DISTRIBUTION_C3 -> RANGE_C1 bias=NONE htf=DISTRIBUTION obj=NONE ts=2026-03-09 16:00:00
2026-09-30 22:04:54 [INFO] CRT.ParentFeed | parent_crt H4 RANGE_C1 -> MANIPULATION_C2 bias=NONE htf=ACCUMULATION obj=NONE ts=2026-03-10 00:00:00
2026-09-30 22:04:54 [INFO] CRT.ParentFeed | parent_crt H4 MANIPULATION_C2 -> RANGE_C1 bias=NONE htf=REVERSAL obj=NONE ts=2026-03-10 04:00:00
2026-09-30 22:04:54 [INFO] CRT.ParentFeed | parent_crt H4 RANGE_C1 -> MANIPULATION_C2 bias=NONE htf=ACCUMULATION obj=NONE ts=2026-03-10 08:00:00
2026-09-30 22:04:54 [INFO] CRT.ParentFeed | parent_crt H4 MANIPULATION_C2 -> RANGE_C1 bias=NONE htf=ACCUMULATION obj=NONE ts=2026-03-10 12:00:00
2026-09-30 22:04:55 [INFO] CRT.ParentFeed | parent_crt H4 RANGE_C1 -> MANIPULATION_C2 bias=NONE htf=DISTRIBUTION obj=NONE ts=2026-03-10 20:00:00
2026-09-30 22:04:55 [INFO] CRT.ParentFeed | parent_crt H4 MANIPULATION_C2 -> DISTRIBUTION_C3 bias=LONG htf=ACCUMULATION obj=EXISTS ts=2026-03-11 00:00:00
2026-09-30 22:04:55 [INFO] CRT.ParentFeed | parent_crt H4 DISTRIBUTION_C3 -> RANGE_C1 bias=NONE htf=ACCUMULATION obj=NONE ts=2026-03-11 04:00:00
2026-09-30 22:04:55 [INFO] CRT.ParentFeed | parent_crt H4 RANGE_C1 -> MANIPULATION_C2 bias=NONE htf=DISTRIBUTION obj=NONE ts=2026-03-11 16:00:00
2026-09-30 22:04:55 [INFO] CRT.ParentFeed | parent_crt H4 MANIPULATION_C2 -> DISTRIBUTION_C3 bias=LONG htf=ACCUMULATION obj=EXISTS ts=2026-03-11 20:00:00
2026-09-30 22:04:55 [INFO] CRT.ParentFeed | parent_crt H4 DISTRIBUTION_C3 -> RANGE_C1 bias=NONE htf=REVERSAL obj=NONE ts=2026-03-12 00:00:00
2026-09-30 22:04:55 [INFO] CRT.ParentFeed | parent_crt H4 RANGE_C1 -> MANIPULATION_C2 bias=NONE htf=REVERSAL obj=NONE ts=2026-03-12 08:00:00
2026-09-30 22:04:55 [INFO] CRT.ParentFeed | parent_crt H4 MANIPULATION_C2 -> DISTRIBUTION_C3 bias=LONG htf=ACCUMULATION obj=ACHIEVED ts=2026-03-12 12:00:00
2026-09-30 22:04:55 [INFO] CRT.ParentFeed | parent_crt H4 DISTRIBUTION_C3 -> RANGE_C1 bias=NONE htf=REVERSAL obj=NONE ts=2026-03-12 16:00:00
2026-09-30 22:04:55 [INFO] CRT.ParentFeed | parent_crt H4 RANGE_C1 -> MANIPULATION_C2 bias=NONE htf=ACCUMULATION obj=NONE ts=2026-03-13 04:00:00
2026-09-30 22:04:55 [INFO] CRT.ParentFeed | parent_crt H4 MANIPULATION_C2 -> DISTRIBUTION_C3 bias=SHORT htf=EXPANSION obj=EXISTS ts=2026-03-13 08:00:00
2026-09-30 22:04:55 [INFO] CRT.ParentFeed | parent_crt H4 DISTRIBUTION_C3 -> RANGE_C1 bias=NONE htf=REVERSAL obj=NONE ts=2026-03-13 12:00:00
2026-09-30 22:04:56 [INFO] CRT.GapDetector | GAP RESET | Session gap detected: 2955min > 120min (2026-03-16 01:00 → 2026-03-16 01:00)
2026-09-30 22:04:56 [INFO] CRT.ParentFeed | parent_crt H4 RANGE_C1 -> MANIPULATION_C2 bias=NONE htf=DISTRIBUTION obj=NONE ts=2026-03-16 00:00:00
2026-09-30 22:04:56 [INFO] CRT.ParentFeed | parent_crt H4 MANIPULATION_C2 -> RANGE_C1 bias=NONE htf=ACCUMULATION obj=NONE ts=2026-03-16 04:00:00
2026-09-30 22:04:56 [INFO] CRT.ParentFeed | parent_crt H4 RANGE_C1 -> MANIPULATION_C2 bias=NONE htf=DISTRIBUTION obj=NONE ts=2026-03-16 08:00:00
2026-09-30 22:04:56 [INFO] CRT.ParentFeed | parent_crt H4 MANIPULATION_C2 -> RANGE_C1 bias=NONE htf=DISTRIBUTION obj=NONE ts=2026-03-16 12:00:00
2026-09-30 22:04:56 [INFO] CRT.ParentFeed | parent_crt H4 RANGE_C1 -> MANIPULATION_C2 bias=NONE htf=DISTRIBUTION obj=NONE ts=2026-03-16 16:00:00
2026-09-30 22:04:56 [INFO] CRT.ParentFeed | parent_crt H4 MANIPULATION_C2 -> RANGE_C1 bias=NONE htf=ACCUMULATION obj=NONE ts=2026-03-16 20:00:00
2026-09-30 22:04:56 [INFO] CRT.ParentFeed | parent_crt H4 RANGE_C1 -> MANIPULATION_C2 bias=NONE htf=REVERSAL obj=NONE ts=2026-03-17 04:00:00
2026-09-30 22:04:56 [INFO] CRT.ParentFeed | parent_crt H4 MANIPULATION_C2 -> RANGE_C1 bias=NONE htf=ACCUMULATION obj=NONE ts=2026-03-17 08:00:00
2026-09-30 22:04:56 [INFO] CRT.ParentFeed | parent_crt H4 RANGE_C1 -> MANIPULATION_C2 bias=NONE htf=ACCUMULATION obj=NONE ts=2026-03-17 12:00:00
2026-09-30 22:04:56 [INFO] CRT.ParentFeed | parent_crt H4 MANIPULATION_C2 -> RANGE_C1 bias=NONE htf=DISTRIBUTION obj=NONE ts=2026-03-17 16:00:00
2026-09-30 22:04:57 [INFO] CRT.ParentFeed | parent_crt H4 RANGE_C1 -> MANIPULATION_C2 bias=NONE htf=DISTRIBUTION obj=NONE ts=2026-03-18 00:00:00
2026-09-30 22:04:57 [INFO] CRT.ParentFeed | parent_crt H4 MANIPULATION_C2 -> DISTRIBUTION_C3 bias=SHORT htf=EXPANSION obj=ACHIEVED ts=2026-03-18 04:00:00
2026-09-30 22:04:57 [INFO] CRT.ParentFeed | parent_crt H4 DISTRIBUTION_C3 -> RANGE_C1 bias=NONE htf=DISTRIBUTION obj=NONE ts=2026-03-18 08:00:00
2026-09-30 22:04:57 [INFO] CRT.ParentFeed | parent_crt H4 RANGE_C1 -> MANIPULATION_C2 bias=NONE htf=ACCUMULATION obj=NONE ts=2026-03-18 16:00:00
2026-09-30 22:04:57 [INFO] CRT.ParentFeed | parent_crt H4 MANIPULATION_C2 -> RANGE_C1 bias=NONE htf=REVERSAL obj=NONE ts=2026-03-18 20:00:00
2026-09-30 22:04:57 [INFO] CRT.ParentFeed | parent_crt H4 RANGE_C1 -> MANIPULATION_C2 bias=NONE htf=ACCUMULATION obj=NONE ts=2026-03-19 00:00:00
2026-09-30 22:04:57 [INFO] CRT.ParentFeed | parent_crt H4 MANIPULATION_C2 -> DISTRIBUTION_C3 bias=LONG htf=EXPANSION obj=EXISTS ts=2026-03-19 04:00:00
2026-09-30 22:04:57 [INFO] CRT.ParentFeed | parent_crt H4 DISTRIBUTION_C3 -> RANGE_C1 bias=NONE htf=REVERSAL obj=NONE ts=2026-03-19 08:00:00
2026-09-30 22:04:57 [INFO] CRT.ParentFeed | parent_crt H4 RANGE_C1 -> MANIPULATION_C2 bias=NONE htf=ACCUMULATION obj=NONE ts=2026-03-19 16:00:00
2026-09-30 22:04:57 [INFO] CRT.ParentFeed | parent_crt H4 MANIPULATION_C2 -> DISTRIBUTION_C3 bias=LONG htf=EXPANSION obj=EXISTS ts=2026-03-19 20:00:00
2026-09-30 22:04:57 [INFO] CRT.ParentFeed | parent_crt H4 DISTRIBUTION_C3 -> RANGE_C1 bias=NONE htf=ACCUMULATION obj=NONE ts=2026-03-20 00:00:00
2026-09-30 22:04:58 [INFO] CRT.ParentFeed | parent_crt H4 RANGE_C1 -> MANIPULATION_C2 bias=NONE htf=ACCUMULATION obj=NONE ts=2026-03-20 12:00:00
2026-09-30 22:04:58 [INFO] CRT.ParentFeed | parent_crt H4 MANIPULATION_C2 -> RANGE_C1 bias=NONE htf=EXPANSION obj=NONE ts=2026-03-20 16:00:00
2026-09-30 22:04:58 [INFO] CRT.GapDetector | GAP RESET | Session gap detected: 2955min > 120min (2026-03-23 01:00 → 2026-03-23 01:00)
2026-09-30 22:04:58 [INFO] CRT.ParentFeed | parent_crt H4 RANGE_C1 -> MANIPULATION_C2 bias=NONE htf=ACCUMULATION obj=NONE ts=2026-03-23 16:00:00
2026-09-30 22:04:58 [INFO] CRT.ParentFeed | parent_crt H4 MANIPULATION_C2 -> RANGE_C1 bias=NONE htf=ACCUMULATION obj=NONE ts=2026-03-23 20:00:00
2026-09-30 22:04:58 [INFO] CRT.ParentFeed | parent_crt H4 RANGE_C1 -> MANIPULATION_C2 bias=NONE htf=ACCUMULATION obj=NONE ts=2026-03-24 04:00:00
2026-09-30 22:04:58 [INFO] CRT.ParentFeed | parent_crt H4 MANIPULATION_C2 -> DISTRIBUTION_C3 bias=LONG htf=REVERSAL obj=EXISTS ts=2026-03-24 08:00:00
2026-09-30 22:04:58 [INFO] CRT.ParentFeed | parent_crt H4 DISTRIBUTION_C3 -> RANGE_C1 bias=NONE htf=ACCUMULATION obj=NONE ts=2026-03-24 12:00:00
2026-09-30 22:04:59 [INFO] CRT.ParentFeed | parent_crt H4 RANGE_C1 -> MANIPULATION_C2 bias=NONE htf=DISTRIBUTION obj=NONE ts=2026-03-24 16:00:00
2026-09-30 22:04:59 [INFO] CRT.ParentFeed | parent_crt H4 MANIPULATION_C2 -> DISTRIBUTION_C3 bias=LONG htf=EXPANSION obj=ACHIEVED ts=2026-03-24 20:00:00
2026-09-30 22:04:59 [INFO] CRT.ParentFeed | parent_crt H4 DISTRIBUTION_C3 -> RANGE_C1 bias=NONE htf=EXPANSION obj=NONE ts=2026-03-25 00:00:00
2026-09-30 22:04:59 [INFO] CRT.ParentFeed | parent_crt H4 RANGE_C1 -> MANIPULATION_C2 bias=NONE htf=ACCUMULATION obj=NONE ts=2026-03-25 08:00:00
2026-09-30 22:04:59 [INFO] CRT.ParentFeed | parent_crt H4 MANIPULATION_C2 -> RANGE_C1 bias=NONE htf=DISTRIBUTION obj=NONE ts=2026-03-25 12:00:00
2026-09-30 22:04:59 [INFO] CRT.ParentFeed | parent_crt H4 RANGE_C1 -> MANIPULATION_C2 bias=NONE htf=ACCUMULATION obj=NONE ts=2026-03-26 04:00:00
2026-09-30 22:04:59 [INFO] CRT.ParentFeed | parent_crt H4 MANIPULATION_C2 -> DISTRIBUTION_C3 bias=SHORT htf=EXPANSION obj=ACHIEVED ts=2026-03-26 08:00:00
2026-09-30 22:04:59 [INFO] CRT.ParentFeed | parent_crt H4 DISTRIBUTION_C3 -> RANGE_C1 bias=NONE htf=ACCUMULATION obj=NONE ts=2026-03-26 12:00:00
2026-09-30 22:05:00 [INFO] CRT.ParentFeed | parent_crt H4 RANGE_C1 -> MANIPULATION_C2 bias=NONE htf=REVERSAL obj=NONE ts=2026-03-26 16:00:00
2026-09-30 22:05:00 [INFO] CRT.ParentFeed | parent_crt H4 MANIPULATION_C2 -> DISTRIBUTION_C3 bias=SHORT htf=ACCUMULATION obj=ACHIEVED ts=2026-03-26 20:00:00
2026-09-30 22:05:00 [INFO] CRT.ParentFeed | parent_crt H4 DISTRIBUTION_C3 -> RANGE_C1 bias=NONE htf=ACCUMULATION obj=NONE ts=2026-03-27 00:00:00
2026-09-30 22:05:00 [INFO] CRT.ParentFeed | parent_crt H4 RANGE_C1 -> MANIPULATION_C2 bias=NONE htf=ACCUMULATION obj=NONE ts=2026-03-27 08:00:00
2026-09-30 22:05:00 [INFO] CRT.ParentFeed | parent_crt H4 MANIPULATION_C2 -> RANGE_C1 bias=NONE htf=ACCUMULATION obj=NONE ts=2026-03-27 12:00:00
2026-09-30 22:05:00 [INFO] CRT.GapDetector | GAP RESET | Session gap detected: 2955min > 120min (2026-03-30 01:00 → 2026-03-30 01:00)
2026-09-30 22:05:00 [INFO] CRT.ParentFeed | parent_crt H4 RANGE_C1 -> MANIPULATION_C2 bias=NONE htf=ACCUMULATION obj=NONE ts=2026-03-30 04:00:00
2026-09-30 22:05:00 [INFO] CRT.ParentFeed | parent_crt H4 MANIPULATION_C2 -> RANGE_C1 bias=NONE htf=EXPANSION obj=NONE ts=2026-03-30 08:00:00
2026-09-30 22:05:00 [INFO] CRT.ParentFeed | parent_crt H4 RANGE_C1 -> MANIPULATION_C2 bias=NONE htf=DISTRIBUTION obj=NONE ts=2026-03-30 16:00:00
2026-09-30 22:05:00 [INFO] CRT.ParentFeed | parent_crt H4 MANIPULATION_C2 -> RANGE_C1 bias=NONE htf=EXPANSION obj=NONE ts=2026-03-30 20:00:00
2026-09-30 22:05:00 [INFO] CRT.ParentFeed | parent_crt H4 RANGE_C1 -> MANIPULATION_C2 bias=NONE htf=REVERSAL obj=NONE ts=2026-03-31 00:00:00
2026-09-30 22:05:01 [INFO] CRT.ParentFeed | parent_crt H4 MANIPULATION_C2 -> DISTRIBUTION_C3 bias=LONG htf=EXPANSION obj=ACHIEVED ts=2026-03-31 04:00:00
2026-09-30 22:05:01 [INFO] CRT.ParentFeed | parent_crt H4 DISTRIBUTION_C3 -> RANGE_C1 bias=NONE htf=ACCUMULATION obj=NONE ts=2026-03-31 08:00:00
2026-09-30 22:05:01 [INFO] CRT.ParentFeed | parent_crt H4 RANGE_C1 -> MANIPULATION_C2 bias=NONE htf=DISTRIBUTION obj=NONE ts=2026-03-31 12:00:00
2026-09-30 22:05:01 [INFO] CRT.ParentFeed | parent_crt H4 MANIPULATION_C2 -> RANGE_C1 bias=NONE htf=EXPANSION obj=NONE ts=2026-03-31 16:00:00
2026-09-30 22:05:01 [INFO] CRT.ParentFeed | parent_crt H4 RANGE_C1 -> MANIPULATION_C2 bias=NONE htf=ACCUMULATION obj=NONE ts=2026-04-01 04:00:00
2026-09-30 22:05:01 [INFO] CRT.ParentFeed | parent_crt H4 MANIPULATION_C2 -> RANGE_C1 bias=NONE htf=REVERSAL obj=NONE ts=2026-04-01 08:00:00
2026-09-30 22:05:01 [INFO] CRT.ParentFeed | parent_crt H4 RANGE_C1 -> MANIPULATION_C2 bias=NONE htf=ACCUMULATION obj=NONE ts=2026-04-01 12:00:00
2026-09-30 22:05:01 [INFO] CRT.ParentFeed | parent_crt H4 MANIPULATION_C2 -> RANGE_C1 bias=NONE htf=REVERSAL obj=NONE ts=2026-04-01 16:00:00
2026-09-30 22:05:01 [INFO] CRT.ParentFeed | parent_crt H4 RANGE_C1 -> MANIPULATION_C2 bias=NONE htf=ACCUMULATION obj=NONE ts=2026-04-01 20:00:00
2026-09-30 22:05:01 [INFO] CRT.ParentFeed | parent_crt H4 MANIPULATION_C2 -> RANGE_C1 bias=NONE htf=ACCUMULATION obj=NONE ts=2026-04-02 00:00:00
2026-09-30 22:05:01 [INFO] CRT.ParentFeed | parent_crt H4 RANGE_C1 -> MANIPULATION_C2 bias=NONE htf=REVERSAL obj=NONE ts=2026-04-02 16:00:00
2026-09-30 22:05:01 [INFO] CRT.ParentFeed | parent_crt H4 MANIPULATION_C2 -> DISTRIBUTION_C3 bias=LONG htf=ACCUMULATION obj=ACHIEVED ts=2026-04-02 20:00:00
2026-09-30 22:05:01 [INFO] CRT.GapDetector | GAP RESET | Session gap detected: 4395min > 120min (2026-04-06 01:00 → 2026-04-06 01:00)
2026-09-30 22:05:02 [INFO] CRT.ParentFeed | parent_crt H4 DISTRIBUTION_C3 -> RANGE_C1 bias=NONE htf=REVERSAL obj=NONE ts=2026-04-06 00:00:00
2026-09-30 22:05:02 [INFO] CRT.ParentFeed | parent_crt H4 RANGE_C1 -> MANIPULATION_C2 bias=NONE htf=ACCUMULATION obj=NONE ts=2026-04-06 04:00:00
2026-09-30 22:05:02 [INFO] CRT.ParentFeed | parent_crt H4 MANIPULATION_C2 -> RANGE_C1 bias=NONE htf=EXPANSION obj=NONE ts=2026-04-06 08:00:00
2026-09-30 22:05:02 [INFO] CRT.ParentFeed | parent_crt H4 RANGE_C1 -> MANIPULATION_C2 bias=NONE htf=ACCUMULATION obj=NONE ts=2026-04-06 12:00:00
2026-09-30 22:05:02 [INFO] CRT.ParentFeed | parent_crt H4 MANIPULATION_C2 -> DISTRIBUTION_C3 bias=SHORT htf=ACCUMULATION obj=EXISTS ts=2026-04-06 16:00:00
2026-09-30 22:05:02 [INFO] CRT.ParentFeed | parent_crt H4 DISTRIBUTION_C3 -> RANGE_C1 bias=NONE htf=EXPANSION obj=NONE ts=2026-04-06 20:00:00
2026-09-30 22:05:02 [INFO] CRT.ParentFeed | parent_crt H4 RANGE_C1 -> MANIPULATION_C2 bias=NONE htf=ACCUMULATION obj=NONE ts=2026-04-07 00:00:00
2026-09-30 22:05:02 [INFO] CRT.ParentFeed | parent_crt H4 MANIPULATION_C2 -> RANGE_C1 bias=NONE htf=DISTRIBUTION obj=NONE ts=2026-04-07 04:00:00
2026-09-30 22:05:02 [INFO] CRT.ParentFeed | parent_crt H4 RANGE_C1 -> MANIPULATION_C2 bias=NONE htf=ACCUMULATION obj=NONE ts=2026-04-07 12:00:00
2026-09-30 22:05:02 [INFO] CRT.ParentFeed | parent_crt H4 MANIPULATION_C2 -> RANGE_C1 bias=NONE htf=ACCUMULATION obj=NONE ts=2026-04-07 16:00:00
2026-09-30 22:05:02 [INFO] CRT.ParentFeed | parent_crt H4 RANGE_C1 -> MANIPULATION_C2 bias=NONE htf=DISTRIBUTION obj=NONE ts=2026-04-08 08:00:00
2026-09-30 22:05:02 [INFO] CRT.ParentFeed | parent_crt H4 MANIPULATION_C2 -> RANGE_C1 bias=NONE htf=ACCUMULATION obj=NONE ts=2026-04-08 12:00:00
2026-09-30 22:05:03 [INFO] CRT.ParentFeed | parent_crt H4 RANGE_C1 -> MANIPULATION_C2 bias=NONE htf=ACCUMULATION obj=NONE ts=2026-04-09 00:00:00
2026-09-30 22:05:03 [INFO] CRT.ParentFeed | parent_crt H4 MANIPULATION_C2 -> DISTRIBUTION_C3 bias=LONG htf=ACCUMULATION obj=EXISTS ts=2026-04-09 04:00:00
2026-09-30 22:05:03 [INFO] CRT.ParentFeed | parent_crt H4 DISTRIBUTION_C3 -> RANGE_C1 bias=NONE htf=ACCUMULATION obj=NONE ts=2026-04-09 08:00:00
2026-09-30 22:05:03 [INFO] CRT.ParentFeed | parent_crt H4 RANGE_C1 -> MANIPULATION_C2 bias=NONE htf=ACCUMULATION obj=NONE ts=2026-04-09 20:00:00
2026-09-30 22:05:03 [INFO] CRT.ParentFeed | parent_crt H4 MANIPULATION_C2 -> RANGE_C1 bias=NONE htf=ACCUMULATION obj=NONE ts=2026-04-10 00:00:00
2026-09-30 22:05:03 [INFO] CRT.ParentFeed | parent_crt H4 RANGE_C1 -> MANIPULATION_C2 bias=NONE htf=DISTRIBUTION obj=NONE ts=2026-04-10 04:00:00
2026-09-30 22:05:03 [INFO] CRT.ParentFeed | parent_crt H4 MANIPULATION_C2 -> RANGE_C1 bias=NONE htf=ACCUMULATION obj=NONE ts=2026-04-10 08:00:00
2026-09-30 22:05:04 [INFO] CRT.ParentFeed | parent_crt H4 RANGE_C1 -> MANIPULATION_C2 bias=NONE htf=DISTRIBUTION obj=NONE ts=2026-04-10 16:00:00
2026-09-30 22:05:04 [INFO] CRT.ParentFeed | parent_crt H4 MANIPULATION_C2 -> DISTRIBUTION_C3 bias=SHORT htf=ACCUMULATION obj=EXISTS ts=2026-04-10 20:00:00
2026-09-30 22:05:04 [INFO] CRT.GapDetector | GAP RESET | Session gap detected: 2955min > 120min (2026-04-13 01:00 → 2026-04-13 01:00)
2026-09-30 22:05:04 [INFO] CRT.ParentFeed | parent_crt H4 DISTRIBUTION_C3 -> RANGE_C1 bias=NONE htf=EXPANSION obj=NONE ts=2026-04-13 00:00:00
2026-09-30 22:05:04 [INFO] CRT.ParentFeed | parent_crt H4 RANGE_C1 -> MANIPULATION_C2 bias=NONE htf=ACCUMULATION obj=NONE ts=2026-04-13 08:00:00
2026-09-30 22:05:04 [INFO] CRT.ParentFeed | parent_crt H4 MANIPULATION_C2 -> RANGE_C1 bias=NONE htf=DISTRIBUTION obj=NONE ts=2026-04-13 12:00:00
2026-09-30 22:05:04 [INFO] CRT.ParentFeed | parent_crt H4 RANGE_C1 -> MANIPULATION_C2 bias=NONE htf=EXPANSION obj=NONE ts=2026-04-13 16:00:00
2026-09-30 22:05:04 [INFO] CRT.ParentFeed | parent_crt H4 MANIPULATION_C2 -> DISTRIBUTION_C3 bias=LONG htf=ACCUMULATION obj=ACHIEVED ts=2026-04-13 20:00:00
2026-09-30 22:05:04 [INFO] CRT.ParentFeed | parent_crt H4 DISTRIBUTION_C3 -> RANGE_C1 bias=NONE htf=EXPANSION obj=NONE ts=2026-04-14 00:00:00
2026-09-30 22:05:04 [INFO] CRT.ParentFeed | parent_crt H4 RANGE_C1 -> MANIPULATION_C2 bias=NONE htf=ACCUMULATION obj=NONE ts=2026-04-14 04:00:00
2026-09-30 22:05:04 [INFO] CRT.ParentFeed | parent_crt H4 MANIPULATION_C2 -> RANGE_C1 bias=NONE htf=EXPANSION obj=NONE ts=2026-04-14 08:00:00
2026-09-30 22:05:04 [INFO] CRT.ParentFeed | parent_crt H4 RANGE_C1 -> MANIPULATION_C2 bias=NONE htf=ACCUMULATION obj=NONE ts=2026-04-14 12:00:00
2026-09-30 22:05:05 [INFO] CRT.ParentFeed | parent_crt H4 MANIPULATION_C2 -> DISTRIBUTION_C3 bias=LONG htf=REVERSAL obj=ACHIEVED ts=2026-04-14 16:00:00
2026-09-30 22:05:05 [INFO] CRT.ParentFeed | parent_crt H4 DISTRIBUTION_C3 -> RANGE_C1 bias=NONE htf=EXPANSION obj=NONE ts=2026-04-14 20:00:00
2026-09-30 22:05:05 [INFO] CRT.ParentFeed | parent_crt H4 RANGE_C1 -> MANIPULATION_C2 bias=NONE htf=ACCUMULATION obj=NONE ts=2026-04-15 00:00:00
2026-09-30 22:05:05 [INFO] CRT.ParentFeed | parent_crt H4 MANIPULATION_C2 -> DISTRIBUTION_C3 bias=SHORT htf=EXPANSION obj=EXISTS ts=2026-04-15 04:00:00
2026-09-30 22:05:05 [INFO] CRT.ParentFeed | parent_crt H4 DISTRIBUTION_C3 -> RANGE_C1 bias=NONE htf=ACCUMULATION obj=NONE ts=2026-04-15 08:00:00
2026-09-30 22:05:05 [INFO] CRT.ParentFeed | parent_crt H4 RANGE_C1 -> MANIPULATION_C2 bias=NONE htf=DISTRIBUTION obj=NONE ts=2026-04-15 12:00:00
2026-09-30 22:05:05 [INFO] CRT.ParentFeed | parent_crt H4 MANIPULATION_C2 -> RANGE_C1 bias=NONE htf=DISTRIBUTION obj=NONE ts=2026-04-15 16:00:00
2026-09-30 22:05:05 [INFO] CRT.ParentFeed | parent_crt H4 RANGE_C1 -> MANIPULATION_C2 bias=NONE htf=DISTRIBUTION obj=NONE ts=2026-04-16 08:00:00
2026-09-30 22:05:05 [INFO] CRT.ParentFeed | parent_crt H4 MANIPULATION_C2 -> RANGE_C1 bias=NONE htf=ACCUMULATION obj=NONE ts=2026-04-16 12:00:00
2026-09-30 22:05:05 [INFO] CRT.ParentFeed | parent_crt H4 RANGE_C1 -> MANIPULATION_C2 bias=NONE htf=REVERSAL obj=NONE ts=2026-04-16 16:00:00
2026-09-30 22:05:05 [INFO] CRT.ParentFeed | parent_crt H4 MANIPULATION_C2 -> DISTRIBUTION_C3 bias=SHORT htf=ACCUMULATION obj=ACHIEVED ts=2026-04-16 20:00:00
2026-09-30 22:05:05 [INFO] CRT.ParentFeed | parent_crt H4 DISTRIBUTION_C3 -> RANGE_C1 bias=NONE htf=ACCUMULATION obj=NONE ts=2026-04-17 00:00:00
22:05:05 [BT]   45,000/47,275 (95%) | trades=3 cap=98,501 dd=1.5%
2026-09-30 22:05:05 [INFO] CRT.Backtest |   45,000/47,275 (95%) | trades=3 cap=98,501 dd=1.5%
2026-09-30 22:05:05 [INFO] CRT.ParentFeed | parent_crt H4 RANGE_C1 -> MANIPULATION_C2 bias=NONE htf=EXPANSION obj=NONE ts=2026-04-17 04:00:00
2026-09-30 22:05:06 [INFO] CRT.ParentFeed | parent_crt H4 MANIPULATION_C2 -> RANGE_C1 bias=NONE htf=ACCUMULATION obj=NONE ts=2026-04-17 08:00:00
2026-09-30 22:05:06 [INFO] CRT.GapDetector | GAP RESET | Session gap detected: 2955min > 120min (2026-04-20 01:00 → 2026-04-20 01:00)
2026-09-30 22:05:06 [INFO] CRT.ParentFeed | parent_crt H4 RANGE_C1 -> MANIPULATION_C2 bias=NONE htf=ACCUMULATION obj=NONE ts=2026-04-20 04:00:00
2026-09-30 22:05:06 [INFO] CRT.ParentFeed | parent_crt H4 MANIPULATION_C2 -> RANGE_C1 bias=NONE htf=ACCUMULATION obj=NONE ts=2026-04-20 08:00:00
2026-09-30 22:05:06 [INFO] CRT.ParentFeed | parent_crt H4 RANGE_C1 -> MANIPULATION_C2 bias=NONE htf=DISTRIBUTION obj=NONE ts=2026-04-20 12:00:00
2026-09-30 22:05:06 [INFO] CRT.ParentFeed | parent_crt H4 MANIPULATION_C2 -> RANGE_C1 bias=NONE htf=ACCUMULATION obj=NONE ts=2026-04-20 16:00:00
2026-09-30 22:05:06 [INFO] CRT.ParentFeed | parent_crt H4 RANGE_C1 -> MANIPULATION_C2 bias=NONE htf=DISTRIBUTION obj=NONE ts=2026-04-21 12:00:00
2026-09-30 22:05:06 [INFO] CRT.ParentFeed | parent_crt H4 MANIPULATION_C2 -> DISTRIBUTION_C3 bias=SHORT htf=EXPANSION obj=ACHIEVED ts=2026-04-21 16:00:00
2026-09-30 22:05:06 [INFO] CRT.ParentFeed | parent_crt H4 DISTRIBUTION_C3 -> RANGE_C1 bias=NONE htf=ACCUMULATION obj=NONE ts=2026-04-21 20:00:00
2026-09-30 22:05:07 [INFO] CRT.ParentFeed | parent_crt H4 RANGE_C1 -> MANIPULATION_C2 bias=NONE htf=ACCUMULATION obj=NONE ts=2026-04-22 08:00:00
2026-09-30 22:05:07 [INFO] CRT.ParentFeed | parent_crt H4 MANIPULATION_C2 -> DISTRIBUTION_C3 bias=SHORT htf=REVERSAL obj=EXISTS ts=2026-04-22 12:00:00
2026-09-30 22:05:07 [INFO] CRT.ParentFeed | parent_crt H4 DISTRIBUTION_C3 -> RANGE_C1 bias=NONE htf=EXPANSION obj=NONE ts=2026-04-22 16:00:00
2026-09-30 22:05:07 [INFO] CRT.ParentFeed | parent_crt H4 RANGE_C1 -> MANIPULATION_C2 bias=NONE htf=DISTRIBUTION obj=NONE ts=2026-04-23 00:00:00
2026-09-30 22:05:07 [INFO] CRT.ParentFeed | parent_crt H4 MANIPULATION_C2 -> DISTRIBUTION_C3 bias=SHORT htf=ACCUMULATION obj=ACHIEVED ts=2026-04-23 04:00:00
2026-09-30 22:05:07 [INFO] CRT.ParentFeed | parent_crt H4 DISTRIBUTION_C3 -> RANGE_C1 bias=NONE htf=ACCUMULATION obj=NONE ts=2026-04-23 08:00:00
2026-09-30 22:05:07 [INFO] CRT.ParentFeed | parent_crt H4 RANGE_C1 -> MANIPULATION_C2 bias=NONE htf=REVERSAL obj=NONE ts=2026-04-23 12:00:00
2026-09-30 22:05:07 [INFO] CRT.ParentFeed | parent_crt H4 MANIPULATION_C2 -> RANGE_C1 bias=NONE htf=ACCUMULATION obj=NONE ts=2026-04-23 16:00:00
2026-09-30 22:05:07 [INFO] CRT.ParentFeed | parent_crt H4 RANGE_C1 -> MANIPULATION_C2 bias=NONE htf=REVERSAL obj=NONE ts=2026-04-24 04:00:00
2026-09-30 22:05:07 [INFO] CRT.ParentFeed | parent_crt H4 MANIPULATION_C2 -> RANGE_C1 bias=NONE htf=ACCUMULATION obj=NONE ts=2026-04-24 08:00:00
2026-09-30 22:05:07 [INFO] CRT.GapDetector | GAP RESET | Session gap detected: 2955min > 120min (2026-04-27 01:00 → 2026-04-27 01:00)
2026-09-30 22:05:08 [INFO] CRT.ParentFeed | parent_crt H4 RANGE_C1 -> MANIPULATION_C2 bias=NONE htf=DISTRIBUTION obj=NONE ts=2026-04-29 00:00:00
2026-09-30 22:05:08 [INFO] CRT.ParentFeed | parent_crt H4 MANIPULATION_C2 -> RANGE_C1 bias=NONE htf=DISTRIBUTION obj=NONE ts=2026-04-29 04:00:00
2026-09-30 22:05:08 [INFO] CRT.ParentFeed | parent_crt H4 RANGE_C1 -> MANIPULATION_C2 bias=NONE htf=REVERSAL obj=NONE ts=2026-04-29 08:00:00
2026-09-30 22:05:08 [INFO] CRT.ParentFeed | parent_crt H4 MANIPULATION_C2 -> DISTRIBUTION_C3 bias=SHORT htf=EXPANSION obj=ACHIEVED ts=2026-04-29 12:00:00
2026-09-30 22:05:08 [INFO] CRT.ParentFeed | parent_crt H4 DISTRIBUTION_C3 -> RANGE_C1 bias=NONE htf=DISTRIBUTION obj=NONE ts=2026-04-29 16:00:00
2026-09-30 22:05:08 [INFO] CRT.ParentFeed | parent_crt H4 RANGE_C1 -> MANIPULATION_C2 bias=NONE htf=DISTRIBUTION obj=NONE ts=2026-04-30 04:00:00
2026-09-30 22:05:08 [INFO] CRT.ParentFeed | parent_crt H4 MANIPULATION_C2 -> RANGE_C1 bias=NONE htf=REVERSAL obj=NONE ts=2026-04-30 08:00:00
2026-09-30 22:05:09 [INFO] CRT.ParentFeed | parent_crt H4 RANGE_C1 -> MANIPULATION_C2 bias=NONE htf=ACCUMULATION obj=NONE ts=2026-05-01 00:00:00
2026-09-30 22:05:09 [INFO] CRT.ParentFeed | parent_crt H4 MANIPULATION_C2 -> DISTRIBUTION_C3 bias=SHORT htf=EXPANSION obj=EXISTS ts=2026-05-01 04:00:00
2026-09-30 22:05:09 [INFO] CRT.ParentFeed | parent_crt H4 DISTRIBUTION_C3 -> RANGE_C1 bias=NONE htf=EXPANSION obj=NONE ts=2026-05-01 08:00:00
2026-09-30 22:05:09 [INFO] CRT.ParentFeed | parent_crt H4 RANGE_C1 -> MANIPULATION_C2 bias=NONE htf=ACCUMULATION obj=NONE ts=2026-05-01 12:00:00
2026-09-30 22:05:09 [INFO] CRT.ParentFeed | parent_crt H4 MANIPULATION_C2 -> DISTRIBUTION_C3 bias=LONG htf=EXPANSION obj=ACHIEVED ts=2026-05-01 16:00:00
2026-09-30 22:05:09 [INFO] CRT.ParentFeed | parent_crt H4 DISTRIBUTION_C3 -> RANGE_C1 bias=NONE htf=ACCUMULATION obj=NONE ts=2026-05-01 20:00:00
2026-09-30 22:05:09 [INFO] CRT.GapDetector | GAP RESET | Session gap detected: 2955min > 120min (2026-05-04 01:00 → 2026-05-04 01:00)
2026-09-30 22:05:09 [INFO] CRT.ParentFeed | parent_crt H4 RANGE_C1 -> MANIPULATION_C2 bias=NONE htf=DISTRIBUTION obj=NONE ts=2026-05-04 00:00:00
2026-09-30 22:05:09 [INFO] CRT.ParentFeed | parent_crt H4 MANIPULATION_C2 -> RANGE_C1 bias=NONE htf=ACCUMULATION obj=NONE ts=2026-05-04 04:00:00
2026-09-30 22:05:10 [INFO] CRT.ParentFeed | parent_crt H4 RANGE_C1 -> MANIPULATION_C2 bias=NONE htf=ACCUMULATION obj=NONE ts=2026-05-05 16:00:00
2026-09-30 22:05:10 [INFO] CRT.ParentFeed | parent_crt H4 MANIPULATION_C2 -> DISTRIBUTION_C3 bias=SHORT htf=ACCUMULATION obj=EXISTS ts=2026-05-05 20:00:00
2026-09-30 22:05:10 [INFO] CRT.ParentFeed | parent_crt H4 DISTRIBUTION_C3 -> RANGE_C1 bias=NONE htf=REVERSAL obj=NONE ts=2026-05-06 00:00:00
2026-09-30 22:05:10 [INFO] CRT.ParentFeed | parent_crt H4 RANGE_C1 -> MANIPULATION_C2 bias=NONE htf=DISTRIBUTION obj=NONE ts=2026-05-06 12:00:00
2026-09-30 22:05:10 [INFO] CRT.ParentFeed | parent_crt H4 MANIPULATION_C2 -> DISTRIBUTION_C3 bias=SHORT htf=ACCUMULATION obj=EXISTS ts=2026-05-06 16:00:00
2026-09-30 22:05:10 [INFO] CRT.ParentFeed | parent_crt H4 DISTRIBUTION_C3 -> RANGE_C1 bias=NONE htf=ACCUMULATION obj=NONE ts=2026-05-06 20:00:00
2026-09-30 22:05:10 [INFO] CRT.ParentFeed | parent_crt H4 RANGE_C1 -> MANIPULATION_C2 bias=NONE htf=ACCUMULATION obj=NONE ts=2026-05-07 00:00:00
2026-09-30 22:05:11 [INFO] CRT.ParentFeed | parent_crt H4 MANIPULATION_C2 -> RANGE_C1 bias=NONE htf=DISTRIBUTION obj=NONE ts=2026-05-07 04:00:00
2026-09-30 22:05:11 [INFO] CRT.ParentFeed | parent_crt H4 RANGE_C1 -> MANIPULATION_C2 bias=NONE htf=REVERSAL obj=NONE ts=2026-05-07 16:00:00
2026-09-30 22:05:11 [INFO] CRT.ParentFeed | parent_crt H4 MANIPULATION_C2 -> DISTRIBUTION_C3 bias=SHORT htf=EXPANSION obj=ACHIEVED ts=2026-05-07 20:00:00
2026-09-30 22:05:11 [INFO] CRT.ParentFeed | parent_crt H4 DISTRIBUTION_C3 -> RANGE_C1 bias=NONE htf=ACCUMULATION obj=NONE ts=2026-05-08 00:00:00
2026-09-30 22:05:11 [INFO] CRT.ParentFeed | parent_crt H4 RANGE_C1 -> MANIPULATION_C2 bias=NONE htf=DISTRIBUTION obj=NONE ts=2026-05-08 08:00:00
2026-09-30 22:05:11 [INFO] CRT.ParentFeed | parent_crt H4 MANIPULATION_C2 -> RANGE_C1 bias=NONE htf=ACCUMULATION obj=NONE ts=2026-05-08 12:00:00
2026-09-30 22:05:11 [INFO] CRT.ParentFeed | parent_crt H4 RANGE_C1 -> MANIPULATION_C2 bias=NONE htf=DISTRIBUTION obj=NONE ts=2026-05-08 16:00:00
2026-09-30 22:05:11 [INFO] CRT.ParentFeed | parent_crt H4 MANIPULATION_C2 -> RANGE_C1 bias=NONE htf=ACCUMULATION obj=NONE ts=2026-05-08 20:00:00
2026-09-30 22:05:11 [INFO] CRT.GapDetector | GAP RESET | Session gap detected: 2955min > 120min (2026-05-11 01:00 → 2026-05-11 01:00)
2026-09-30 22:05:11 [INFO] CRT.ParentFeed | parent_crt H4 RANGE_C1 -> MANIPULATION_C2 bias=NONE htf=DISTRIBUTION obj=NONE ts=2026-05-11 04:00:00
2026-09-30 22:05:11 [INFO] CRT.ParentFeed | parent_crt H4 MANIPULATION_C2 -> DISTRIBUTION_C3 bias=SHORT htf=EXPANSION obj=ACHIEVED ts=2026-05-11 08:00:00
2026-09-30 22:05:12 [INFO] CRT.ParentFeed | parent_crt H4 DISTRIBUTION_C3 -> RANGE_C1 bias=NONE htf=REVERSAL obj=NONE ts=2026-05-11 12:00:00
2026-09-30 22:05:12 [INFO] CRT.ParentFeed | parent_crt H4 RANGE_C1 -> MANIPULATION_C2 bias=NONE htf=ACCUMULATION obj=NONE ts=2026-05-12 12:00:00
2026-09-30 22:05:12 [INFO] CRT.ParentFeed | parent_crt H4 MANIPULATION_C2 -> RANGE_C1 bias=NONE htf=REVERSAL obj=NONE ts=2026-05-12 16:00:00
2026-09-30 22:05:12 [INFO] CRT.ParentFeed | parent_crt H4 RANGE_C1 -> MANIPULATION_C2 bias=NONE htf=ACCUMULATION obj=NONE ts=2026-05-13 00:00:00
2026-09-30 22:05:12 [INFO] CRT.ParentFeed | parent_crt H4 MANIPULATION_C2 -> DISTRIBUTION_C3 bias=SHORT htf=EXPANSION obj=EXISTS ts=2026-05-13 04:00:00
2026-09-30 22:05:12 [INFO] CRT.ParentFeed | parent_crt H4 DISTRIBUTION_C3 -> RANGE_C1 bias=NONE htf=ACCUMULATION obj=NONE ts=2026-05-13 08:00:00
2026-09-30 22:05:13 [INFO] CRT.ParentFeed | parent_crt H4 RANGE_C1 -> MANIPULATION_C2 bias=NONE htf=DISTRIBUTION obj=NONE ts=2026-05-13 16:00:00
2026-09-30 22:05:13 [INFO] CRT.ParentFeed | parent_crt H4 MANIPULATION_C2 -> RANGE_C1 bias=NONE htf=ACCUMULATION obj=NONE ts=2026-05-13 20:00:00
2026-09-30 22:05:13 [INFO] CRT.ParentFeed | parent_crt H4 RANGE_C1 -> MANIPULATION_C2 bias=NONE htf=DISTRIBUTION obj=NONE ts=2026-05-14 04:00:00
2026-09-30 22:05:13 [INFO] CRT.ParentFeed | parent_crt H4 MANIPULATION_C2 -> DISTRIBUTION_C3 bias=SHORT htf=ACCUMULATION obj=EXISTS ts=2026-05-14 08:00:00
2026-09-30 22:05:13 [INFO] CRT.ParentFeed | parent_crt H4 DISTRIBUTION_C3 -> RANGE_C1 bias=NONE htf=ACCUMULATION obj=NONE ts=2026-05-14 12:00:00
2026-09-30 22:05:14 [INFO] CRT.ParentFeed | parent_crt H4 RANGE_C1 -> MANIPULATION_C2 bias=NONE htf=DISTRIBUTION obj=NONE ts=2026-05-15 16:00:00
2026-09-30 22:05:14 [INFO] CRT.ParentFeed | parent_crt H4 MANIPULATION_C2 -> RANGE_C1 bias=NONE htf=ACCUMULATION obj=NONE ts=2026-05-15 20:00:00
2026-09-30 22:05:14 [INFO] CRT.GapDetector | GAP RESET | Session gap detected: 2955min > 120min (2026-05-18 01:00 → 2026-05-18 01:00)
2026-09-30 22:05:14 [INFO] CRT.ParentFeed | parent_crt H4 RANGE_C1 -> MANIPULATION_C2 bias=NONE htf=DISTRIBUTION obj=NONE ts=2026-05-18 16:00:00
2026-09-30 22:05:14 [INFO] CRT.ParentFeed | parent_crt H4 MANIPULATION_C2 -> RANGE_C1 bias=NONE htf=ACCUMULATION obj=NONE ts=2026-05-18 20:00:00
2026-09-30 22:05:14 [INFO] CRT.ParentFeed | parent_crt H4 RANGE_C1 -> MANIPULATION_C2 bias=NONE htf=ACCUMULATION obj=NONE ts=2026-05-19 00:00:00
2026-09-30 22:05:14 [INFO] CRT.ParentFeed | parent_crt H4 MANIPULATION_C2 -> DISTRIBUTION_C3 bias=SHORT htf=EXPANSION obj=EXISTS ts=2026-05-19 04:00:00
2026-09-30 22:05:14 [INFO] CRT.ParentFeed | parent_crt H4 DISTRIBUTION_C3 -> RANGE_C1 bias=NONE htf=ACCUMULATION obj=NONE ts=2026-05-19 08:00:00
2026-09-30 22:05:14 [INFO] CRT.ParentFeed | parent_crt H4 RANGE_C1 -> MANIPULATION_C2 bias=NONE htf=ACCUMULATION obj=NONE ts=2026-05-19 12:00:00
2026-09-30 22:05:15 [INFO] CRT.ParentFeed | parent_crt H4 MANIPULATION_C2 -> RANGE_C1 bias=NONE htf=EXPANSION obj=NONE ts=2026-05-19 16:00:00
2026-09-30 22:05:15 [INFO] CRT.ParentFeed | parent_crt H4 RANGE_C1 -> MANIPULATION_C2 bias=NONE htf=DISTRIBUTION obj=NONE ts=2026-05-20 00:00:00
2026-09-30 22:05:15 [INFO] CRT.ParentFeed | parent_crt H4 MANIPULATION_C2 -> RANGE_C1 bias=NONE htf=REVERSAL obj=NONE ts=2026-05-20 04:00:00
2026-09-30 22:05:15 [INFO] CRT.ParentFeed | parent_crt H4 RANGE_C1 -> MANIPULATION_C2 bias=NONE htf=EXPANSION obj=NONE ts=2026-05-20 16:00:00
2026-09-30 22:05:15 [INFO] CRT.ParentFeed | parent_crt H4 MANIPULATION_C2 -> DISTRIBUTION_C3 bias=LONG htf=ACCUMULATION obj=ACHIEVED ts=2026-05-20 20:00:00
2026-09-30 22:05:15 [INFO] CRT.ParentFeed | parent_crt H4 DISTRIBUTION_C3 -> RANGE_C1 bias=NONE htf=ACCUMULATION obj=NONE ts=2026-05-21 00:00:00
2026-09-30 22:05:15 [INFO] CRT.ParentFeed | parent_crt H4 RANGE_C1 -> MANIPULATION_C2 bias=NONE htf=DISTRIBUTION obj=NONE ts=2026-05-21 04:00:00
2026-09-30 22:05:15 [INFO] CRT.ParentFeed | parent_crt H4 MANIPULATION_C2 -> DISTRIBUTION_C3 bias=SHORT htf=ACCUMULATION obj=ACHIEVED ts=2026-05-21 08:00:00
2026-09-30 22:05:15 [INFO] CRT.ParentFeed | parent_crt H4 DISTRIBUTION_C3 -> RANGE_C1 bias=NONE htf=EXPANSION obj=NONE ts=2026-05-21 12:00:00
2026-09-30 22:05:15 [INFO] CRT.ParentFeed | parent_crt H4 RANGE_C1 -> MANIPULATION_C2 bias=NONE htf=ACCUMULATION obj=NONE ts=2026-05-21 16:00:00
22:05:15 [BT] BarStructureSnapshot | rows=47275 | logs\bar_structure\run_20260930_163142\XAUUSD_bar_structure.jsonl
2026-09-30 22:05:15 [INFO] CRT.Backtest | BarStructureSnapshot | rows=47275 | logs\bar_structure\run_20260930_163142\XAUUSD_bar_structure.jsonl
22:05:15 [BT] LayerTrace | rows=94406 | run_id=lt_20260930_163142_XAUUSD | results\layer_trace\XAUUSD_layer_trace.jsonl
2026-09-30 22:05:15 [INFO] CRT.Backtest | LayerTrace | rows=94406 | run_id=lt_20260930_163142_XAUUSD | results\layer_trace\XAUUSD_layer_trace.jsonl
22:05:15 [BT] Telemetry: results\xau_full_trace\run_20260930_163142_XAUUSD__20240522..20260521_v2_htfcrt_2026_08_7de09f62\XAUUSD_crt_telemetry.jsonl (4883 records)
2026-09-30 22:05:15 [INFO] CRT.Backtest | Telemetry: results\xau_full_trace\run_20260930_163142_XAUUSD__20240522..20260521_v2_htfcrt_2026_08_7de09f62\XAUUSD_crt_telemetry.jsonl (4883 records)
22:05:15 [BT] ───────────────────────────────────────────────────────
2026-09-30 22:05:15 [INFO] CRT.Backtest | ───────────────────────────────────────────────────────
22:05:15 [BT]   XAUUSD | 3 trades | WR=33.3% | AvgRR=-0.56R | PnL(net)=-1.69R | MaxDD=2.1%
2026-09-30 22:05:15 [INFO] CRT.Backtest |   XAUUSD | 3 trades | WR=33.3% | AvgRR=-0.56R | PnL(net)=-1.69R | MaxDD=2.1%
22:05:15 [BT] ───────────────────────────────────────────────────────
2026-09-30 22:05:15 [INFO] CRT.Backtest | ───────────────────────────────────────────────────────
22:05:15 [BT]   COUNTERFACTUAL COMPARISON (shadow displacement path)
2026-09-30 22:05:15 [INFO] CRT.Backtest |   COUNTERFACTUAL COMPARISON (shadow displacement path)
22:05:15 [BT]     Shadow resume attempts : 6
2026-09-30 22:05:15 [INFO] CRT.Backtest |     Shadow resume attempts : 6
22:05:15 [BT]     Shadow expansions      : 6
2026-09-30 22:05:15 [INFO] CRT.Backtest |     Shadow expansions      : 6
22:05:15 [BT]     SHADOW_LEAK            : 0 [OK]
2026-09-30 22:05:15 [INFO] CRT.Backtest |     SHADOW_LEAK            : 0 [OK]
22:05:15 [BT] ───────────────────────────────────────────────────────
2026-09-30 22:05:15 [INFO] CRT.Backtest | ───────────────────────────────────────────────────────
22:05:15 [BT] Output:
2026-09-30 22:05:15 [INFO] CRT.Backtest | Output:
22:05:15 [BT]   identity        → results\xau_full_trace\run_20260930_163142_XAUUSD__20240522..20260521_v2_htfcrt_2026_08_7de09f62\run_identity.json
2026-09-30 22:05:15 [INFO] CRT.Backtest |   identity        → results\xau_full_trace\run_20260930_163142_XAUUSD__20240522..20260521_v2_htfcrt_2026_08_7de09f62\run_identity.json
22:05:15 [BT]   summary         → results\xau_full_trace\run_20260930_163142_XAUUSD__20240522..20260521_v2_htfcrt_2026_08_7de09f62\XAUUSD_summary.json
2026-09-30 22:05:15 [INFO] CRT.Backtest |   summary         → results\xau_full_trace\run_20260930_163142_XAUUSD__20240522..20260521_v2_htfcrt_2026_08_7de09f62\XAUUSD_summary.json
22:05:15 [BT]   trades_csv      → results\xau_full_trace\run_20260930_163142_XAUUSD__20240522..20260521_v2_htfcrt_2026_08_7de09f62\XAUUSD_trades.csv
2026-09-30 22:05:15 [INFO] CRT.Backtest |   trades_csv      → results\xau_full_trace\run_20260930_163142_XAUUSD__20240522..20260521_v2_htfcrt_2026_08_7de09f62\XAUUSD_trades.csv
22:05:15 [BT]   events          → results\xau_full_trace\run_20260930_163142_XAUUSD__20240522..20260521_v2_htfcrt_2026_08_7de09f62\XAUUSD_events.jsonl
2026-09-30 22:05:15 [INFO] CRT.Backtest |   events          → results\xau_full_trace\run_20260930_163142_XAUUSD__20240522..20260521_v2_htfcrt_2026_08_7de09f62\XAUUSD_events.jsonl
22:05:15 [BT]   report          → results\xau_full_trace\run_20260930_163142_XAUUSD__20240522..20260521_v2_htfcrt_2026_08_7de09f62\XAUUSD_report.txt
2026-09-30 22:05:15 [INFO] CRT.Backtest |   report          → results\xau_full_trace\run_20260930_163142_XAUUSD__20240522..20260521_v2_htfcrt_2026_08_7de09f62\XAUUSD_report.txt
22:05:15 [BT]   manifest        → results\xau_full_trace\run_20260930_163142_XAUUSD__20240522..20260521_v2_htfcrt_2026_08_7de09f62\run_manifest.json
2026-09-30 22:05:15 [INFO] CRT.Backtest |   manifest        → results\xau_full_trace\run_20260930_163142_XAUUSD__20240522..20260521_v2_htfcrt_2026_08_7de09f62\run_manifest.json
2026-09-30 22:05:32 [INFO] TrainingTrigger | TrainingTrigger gates: cooldown=True samples_ok=True (count=1588096, delta=328609) drift_ok=False (events=0) → trigger=False
[CRT DEBUG] disp_open=2327.29000 disp_close=2323.96000 retest=2329.94000 r=0.796
[CRT DEBUG] disp_open=2328.28000 disp_close=2333.12000 retest=2328.12000 r=0.033
[CRT DEBUG] disp_open=2407.38000 disp_close=2410.08000 retest=2407.20000 r=0.067
[CRT DEBUG] disp_open=2624.46000 disp_close=2621.47000 retest=2629.17000 r=1.000
[CRT DEBUG] disp_open=2645.35000 disp_close=2649.10000 retest=2640.86000 r=1.000
[CRT DEBUG] disp_open=2733.42000 disp_close=2727.67000 retest=2737.56000 r=0.720
[CRT DEBUG] disp_open=2749.17000 disp_close=2755.58000 retest=2747.26000 r=0.298
[CRT DEBUG] disp_open=2611.37000 disp_close=2618.15000 retest=2614.46000 r=0.456
[CRT DEBUG] disp_open=2565.07000 disp_close=2568.26000 retest=2565.48000 r=0.129
[CRT DEBUG] disp_open=2644.91000 disp_close=2641.14000 retest=2650.58000 r=1.000
[CRT DEBUG] disp_open=2626.52000 disp_close=2623.52000 retest=2625.72000 r=0.267
[CRT DEBUG] disp_open=2797.94000 disp_close=2793.76000 retest=2798.96000 r=0.244
[CRT DEBUG] disp_open=2946.55000 disp_close=2950.54000 retest=2938.59000 r=1.000
[CRT DEBUG] disp_open=2935.02000 disp_close=2940.82000 retest=2934.39000 r=0.109
[CRT DEBUG] disp_open=2885.10000 disp_close=2890.50000 retest=2884.48000 r=0.115
[CRT DEBUG] disp_open=3318.56000 disp_close=3322.20000 retest=3316.66000 r=0.522
[CRT DEBUG] disp_open=3346.24000 disp_close=3354.91000 retest=3344.81000 r=0.165
[CRT DEBUG] disp_open=3630.81000 disp_close=3634.87000 retest=3632.92000 r=0.520
[CRT DEBUG] disp_open=4196.29000 disp_close=4190.84000 retest=4193.96000 r=0.428
[CRT DEBUG] disp_open=4998.00000 disp_close=4988.13000 retest=5000.60000 r=0.263
[CRT DEBUG] disp_open=4997.52000 disp_close=5009.21000 retest=4989.12000 r=0.719
[CRT DEBUG] disp_open=4803.62000 disp_close=4796.48000 retest=4796.94000 r=0.936
[CRT DEBUG] disp_open=4772.36000 disp_close=4793.80000 retest=4774.17000 r=0.084
[CRT DEBUG] disp_open=4519.76000 disp_close=4534.31000 retest=4519.48000 r=0.019
