Datetime,Open,High,Low,Close,Adj Close,Volume,Dividends,Stock Splits
2026-09-13 18:10:00-04:00,4371.89990234375,4374.7001953125,4370.7001953125,4372.0,4372.0,491,0.0,0.0
2026-09-13 18:15:00-04:00,4371.5,4374.2998046875,4369.89990234375,4374.10009765625,4374.10009765625,311,0.0,0.0
2026-09-13 18:20:00-04:00,4374.2998046875,4375.2998046875,4368.60009765625,4369.39990234375,4369.39990234375,346,0.0,0.0
2026-09-13 18:25:00-04:00,4369.5,4377.0,4369.5,4376.89990234375,4376.89990234375,291,0.0,0.0
2026-09-13 18:30:00-04:00,4376.89990234375,4378.7001953125,4375.2001953125,4377.2001953125,4377.2001953125,175,0.0,0.0
2026-09-13 18:35:00-04:00,4376.89990234375,4377.7001953125,4375.5,4376.39990234375,4376.39990234375,190,0.0,0.0
2026-09-13 18:40:00-04:00,4376.60009765625,4378.0,4374.5,4377.7001953125,4377.7001953125,145,0.0,0.0
2026-09-13 18:45:00-04:00,4378.0,4378.39990234375,4376.5,4377.2001953125,4377.2001953125,189,0.0,0.0
2026-09-13 18:50:00-04:00,4377.10009765625,4380.89990234375,4375.7998046875,4380.10009765625,4380.10009765625,628,0.0,0.0
2026-09-13 18:55:00-04:00,4380.0,4380.0,4378.2998046875,4378.39990234375,4378.39990234375,163,0.0,0.0
2026-09-13 19:00:00-04:00,4378.60009765625,4383.0,4378.60009765625,4381.89990234375,4381.89990234375,266,0.0,0.0
2026-09-13 19:05:00-04:00,4381.7001953125,4382.5,4381.2001953125,4382.10009765625,4382.10009765625,58,0.0,0.0
2026-09-13 19:10:00-04:00,4382.0,4382.89990234375,4380.10009765625,4380.10009765625,4380.10009765625,221,0.0,0.0
2026-09-13 19:15:00-04:00,4380.2998046875,4381.2998046875,4378.2001953125,4378.7001953125,4378.7001953125,116,0.0,0.0
2026-09-13 19:20:00-04:00,4378.39990234375,4379.0,4376.2998046875,4378.89990234375,4378.89990234375,112,0.0,0.0
2026-09-13 19:25:00-04:00,4378.60009765625,4380.7998046875,4377.7998046875,4379.89990234375,4379.89990234375,127,0.0,0.0
2026-09-13 19:30:00-04:00,4379.7998046875,4382.89990234375,4379.7998046875,4381.89990234375,4381.89990234375,83,0.0,0.0
2026-09-13 19:35:00-04:00,4382.39990234375,4382.39990234375,4379.39990234375,4381.2998046875,4381.2998046875,151,0.0,0.0
2026-09-13 19:40:00-04:00,4381.2001953125,4382.2998046875,4378.39990234375,4379.39990234375,4379.39990234375,60,0.0,0.0
2026-09-13 19:45:00-04:00,4378.39990234375,4379.0,4372.89990234375,4373.2998046875,4373.2998046875,242,0.0,0.0
2026-09-13 19:50:00-04:00,4372.60009765625,4375.7001953125,4372.60009765625,4375.0,4375.0,78,0.0,0.0
2026-09-13 19:55:00-04:00,4374.39990234375,4376.10009765625,4372.7001953125,4373.2998046875,4373.2998046875,89,0.0,0.0
2026-09-13 20:00:00-04:00,4373.2998046875,4376.60009765625,4370.89990234375,4374.7998046875,4374.7998046875,350,0.0,0.0
2026-09-13 20:05:00-04:00,4375.5,4387.60009765625,4375.5,4386.7998046875,4386.7998046875,562,0.0,0.0
2026-09-13 20:10:00-04:00,4386.89990234375,4388.7998046875,4382.7998046875,4384.0,4384.0,403,0.0,0.0
2026-09-13 20:15:00-04:00,4385.39990234375,4386.2998046875,4381.10009765625,4382.7001953125,4382.7001953125,253,0.0,0.0
2026-09-13 20:20:00-04:00,4382.2998046875,4382.2998046875,4378.2001953125,4379.5,4379.5,147,0.0,0.0
2026-09-13 20:25:00-04:00,4380.39990234375,4381.60009765625,4374.2998046875,4378.89990234375,4378.89990234375,263,0.0,0.0
2026-09-13 20:30:00-04:00,4379.2998046875,4381.7998046875,4377.60009765625,4380.39990234375,4380.39990234375,197,0.0,0.0
2026-09-13 20:35:00-04:00,4380.39990234375,4381.7998046875,4374.10009765625,4374.10009765625,4374.10009765625,207,0.0,0.0
2026-09-13 20:40:00-04:00,4374.0,4379.7001953125,4373.39990234375,4379.10009765625,4379.10009765625,300,0.0,0.0
2026-09-13 20:45:00-04:00,4379.2998046875,4383.7001953125,4378.5,4380.7998046875,4380.7998046875,277,0.0,0.0
2026-09-13 20:50:00-04:00,4381.0,4383.7998046875,4380.7998046875,4383.7998046875,4383.7998046875,272,0.0,0.0
2026-09-13 20:55:00-04:00,4384.0,4384.39990234375,4379.2998046875,4379.60009765625,4379.60009765625,219,0.0,0.0
2026-09-13 21:00:00-04:00,4379.7001953125,4385.89990234375,4371.89990234375,4372.39990234375,4372.39990234375,1286,0.0,0.0
2026-09-13 21:05:00-04:00,4371.89990234375,4378.2001953125,4370.7001953125,4377.5,4377.5,628,0.0,0.0
2026-09-13 21:10:00-04:00,4378.0,4378.0,4370.60009765625,4373.0,4373.0,300,0.0,0.0
2026-09-13 21:15:00-04:00,4372.39990234375,4374.89990234375,4367.5,4368.10009765625,4368.10009765625,400,0.0,0.0
2026-09-13 21:20:00-04:00,4368.39990234375,4378.7998046875,4367.10009765625,4375.7998046875,4375.7998046875,566,0.0,0.0
2026-09-13 21:25:00-04:00,4376.2001953125,4379.10009765625,4371.89990234375,4376.7001953125,4376.7001953125,343,0.0,0.0
2026-09-13 21:30:00-04:00,4376.2998046875,4377.0,4369.2998046875,4372.7998046875,4372.7998046875,262,0.0,0.0
2026-09-13 21:35:00-04:00,4372.7001953125,4386.2998046875,4372.7001953125,4385.39990234375,4385.39990234375,767,0.0,0.0
2026-09-13 21:40:00-04:00,4385.2998046875,4387.60009765625,4378.2998046875,4383.2001953125,4383.2001953125,443,0.0,0.0
2026-09-13 21:45:00-04:00,4384.7001953125,4390.10009765625,4383.7998046875,4387.0,4387.0,473,0.0,0.0
2026-09-13 21:50:00-04:00,4387.2998046875,4391.5,4383.89990234375,4389.2998046875,4389.2998046875,343,0.0,0.0
2026-09-13 21:55:00-04:00,4389.60009765625,4396.5,4387.7001953125,4394.5,4394.5,550,0.0,0.0
2026-09-13 22:00:00-04:00,4394.39990234375,4395.7001953125,4389.7998046875,4390.10009765625,4390.10009765625,518,0.0,0.0
2026-09-13 22:05:00-04:00,4390.7001953125,4396.2001953125,4390.2998046875,4393.7998046875,4393.7998046875,405,0.0,0.0
2026-09-13 22:10:00-04:00,4394.2001953125,4395.10009765625,4389.7001953125,4390.5,4390.5,240,0.0,0.0
2026-09-13 22:15:00-04:00,4390.5,4391.10009765625,4389.2998046875,4391.0,4391.0,96,0.0,0.0
2026-09-13 22:20:00-04:00,4390.2001953125,4394.7998046875,4390.10009765625,4394.60009765625,4394.60009765625,122,0.0,0.0
2026-09-13 22:25:00-04:00,4394.60009765625,4395.2998046875,4393.10009765625,4393.2001953125,4393.2001953125,131,0.0,0.0
2026-09-13 22:30:00-04:00,4393.7001953125,4396.7998046875,4391.7998046875,4396.5,4396.5,357,0.0,0.0
2026-09-13 22:35:00-04:00,4395.7998046875,4395.89990234375,4388.89990234375,4389.10009765625,4389.10009765625,293,0.0,0.0
2026-09-13 22:40:00-04:00,4389.0,4389.39990234375,4384.5,4386.60009765625,4386.60009765625,475,0.0,0.0
2026-09-13 22:45:00-04:00,4386.89990234375,4389.39990234375,4385.89990234375,4385.89990234375,4385.89990234375,237,0.0,0.0
2026-09-13 22:50:00-04:00,4386.10009765625,4386.2998046875,4378.7998046875,4379.39990234375,4379.39990234375,443,0.0,0.0
2026-09-13 22:55:00-04:00,4379.39990234375,4379.5,4371.10009765625,4371.7998046875,4371.7998046875,626,0.0,0.0
2026-09-13 23:00:00-04:00,4371.5,4374.0,4368.2998046875,4373.2001953125,4373.2001953125,676,0.0,0.0
2026-09-13 23:05:00-04:00,4373.2001953125,4376.89990234375,4372.7001953125,4376.60009765625,4376.60009765625,339,0.0,0.0
2026-09-13 23:10:00-04:00,4376.60009765625,4376.7001953125,4373.2998046875,4374.2001953125,4374.2001953125,283,0.0,0.0
2026-09-13 23:15:00-04:00,4374.2001953125,4376.7001953125,4372.5,4376.10009765625,4376.10009765625,201,0.0,0.0
2026-09-13 23:20:00-04:00,4376.7001953125,4377.10009765625,4374.7001953125,4375.39990234375,4375.39990234375,94,0.0,0.0
2026-09-13 23:25:00-04:00,4375.60009765625,4376.2001953125,4374.0,4375.10009765625,4375.10009765625,98,0.0,0.0
2026-09-13 23:30:00-04:00,4375.5,4375.7001953125,4370.5,4370.7998046875,4370.7998046875,183,0.0,0.0
2026-09-13 23:35:00-04:00,4370.2001953125,4373.39990234375,4368.89990234375,4372.39990234375,4372.39990234375,315,0.0,0.0
2026-09-13 23:40:00-04:00,4372.10009765625,4372.10009765625,4367.2001953125,4369.39990234375,4369.39990234375,357,0.0,0.0
2026-09-13 23:45:00-04:00,4369.39990234375,4373.60009765625,4368.7998046875,4373.10009765625,4373.10009765625,230,0.0,0.0
2026-09-13 23:50:00-04:00,4372.89990234375,4373.7998046875,4370.5,4372.2998046875,4372.2998046875,283,0.0,0.0
2026-09-13 23:55:00-04:00,4372.60009765625,4373.39990234375,4369.89990234375,4370.60009765625,4370.60009765625,121,0.0,0.0
2026-09-14 00:00:00-04:00,4370.60009765625,4371.89990234375,4370.0,4371.2001953125,4371.2001953125,132,0.0,0.0
2026-09-14 00:05:00-04:00,4371.39990234375,4371.60009765625,4369.39990234375,4370.7998046875,4370.7998046875,84,0.0,0.0
2026-09-14 00:10:00-04:00,4370.60009765625,4371.10009765625,4369.2998046875,4369.39990234375,4369.39990234375,72,0.0,0.0
2026-09-14 00:15:00-04:00,4369.39990234375,4370.2998046875,4369.0,4369.5,4369.5,73,0.0,0.0
2026-09-14 00:20:00-04:00,4369.5,4370.60009765625,4369.2998046875,4370.10009765625,4370.10009765625,53,0.0,0.0
2026-09-14 00:25:00-04:00,4370.5,4371.89990234375,4369.60009765625,4371.7998046875,4371.7998046875,143,0.0,0.0
2026-09-14 00:30:00-04:00,4371.7998046875,4371.7998046875,4367.89990234375,4368.0,4368.0,224,0.0,0.0
2026-09-14 00:35:00-04:00,4367.7998046875,4370.0,4364.7998046875,4366.7998046875,4366.7998046875,675,0.0,0.0
2026-09-14 00:40:00-04:00,4366.5,4366.5,4363.39990234375,4363.5,4363.5,213,0.0,0.0
2026-09-14 00:45:00-04:00,4363.7998046875,4366.0,4362.10009765625,4365.2998046875,4365.2998046875,285,0.0,0.0
2026-09-14 00:50:00-04:00,4365.2998046875,4368.39990234375,4363.2998046875,4368.10009765625,4368.10009765625,392,0.0,0.0
2026-09-14 00:55:00-04:00,4368.39990234375,4371.7998046875,4368.39990234375,4369.60009765625,4369.60009765625,341,0.0,0.0
2026-09-14 01:00:00-04:00,4369.7998046875,4372.7001953125,4367.0,4372.2998046875,4372.2998046875,334,0.0,0.0
2026-09-14 01:05:00-04:00,4372.0,4372.5,4369.10009765625,4369.10009765625,4369.10009765625,258,0.0,0.0
2026-09-14 01:10:00-04:00,4369.0,4371.0,4366.7001953125,4371.0,4371.0,208,0.0,0.0
2026-09-14 01:15:00-04:00,4370.7001953125,4372.39990234375,4369.7998046875,4370.2001953125,4370.2001953125,114,0.0,0.0
2026-09-14 01:20:00-04:00,4370.0,4370.39990234375,4366.5,4367.60009765625,4367.60009765625,131,0.0,0.0
2026-09-14 01:25:00-04:00,4367.39990234375,4369.2001953125,4366.5,4366.5,4366.5,147,0.0,0.0
2026-09-14 01:30:00-04:00,4366.89990234375,4377.2001953125,4365.39990234375,4373.0,4373.0,829,0.0,0.0
2026-09-14 01:35:00-04:00,4373.0,4377.39990234375,4372.60009765625,4375.60009765625,4375.60009765625,322,0.0,0.0
2026-09-14 01:40:00-04:00,4375.7998046875,4375.7998046875,4366.5,4371.39990234375,4371.39990234375,580,0.0,0.0
2026-09-14 01:45:00-04:00,4371.2998046875,4374.2001953125,4365.5,4366.39990234375,4366.39990234375,486,0.0,0.0
2026-09-14 01:50:00-04:00,4366.60009765625,4375.10009765625,4363.5,4374.7998046875,4374.7998046875,510,0.0,0.0
2026-09-14 01:55:00-04:00,4374.7998046875,4378.10009765625,4373.2001953125,4378.10009765625,4378.10009765625,484,0.0,0.0
2026-09-14 02:00:00-04:00,4377.89990234375,4379.2998046875,4374.89990234375,4375.0,4375.0,542,0.0,0.0
2026-09-14 02:05:00-04:00,4374.7998046875,4376.7001953125,4371.5,4371.5,4371.5,331,0.0,0.0
2026-09-14 02:10:00-04:00,4371.2998046875,4374.10009765625,4367.39990234375,4370.5,4370.5,251,0.0,0.0
2026-09-14 02:15:00-04:00,4370.2001953125,4371.2001953125,4368.2998046875,4370.7001953125,4370.7001953125,189,0.0,0.0
2026-09-14 02:20:00-04:00,4370.60009765625,4372.0,4367.39990234375,4369.89990234375,4369.89990234375,235,0.0,0.0
2026-09-14 02:25:00-04:00,4369.7998046875,4373.0,4369.5,4370.89990234375,4370.89990234375,152,0.0,0.0
2026-09-14 02:30:00-04:00,4370.39990234375,4372.5,4369.60009765625,4370.10009765625,4370.10009765625,137,0.0,0.0
2026-09-14 02:35:00-04:00,4370.7998046875,4372.89990234375,4368.2001953125,4368.2001953125,4368.2001953125,281,0.0,0.0
2026-09-14 02:40:00-04:00,4368.2001953125,4368.60009765625,4365.7001953125,4367.7998046875,4367.7998046875,368,0.0,0.0
2026-09-14 02:45:00-04:00,4368.0,4370.5,4364.39990234375,4364.5,4364.5,433,0.0,0.0
2026-09-14 02:50:00-04:00,4364.5,4365.7001953125,4362.60009765625,4363.60009765625,4363.60009765625,288,0.0,0.0
2026-09-14 02:55:00-04:00,4363.5,4363.7001953125,4360.89990234375,4362.5,4362.5,299,0.0,0.0
2026-09-14 03:00:00-04:00,4362.39990234375,4362.7001953125,4357.89990234375,4361.7998046875,4361.7998046875,491,0.0,0.0
2026-09-14 03:05:00-04:00,4361.7001953125,4363.7001953125,4359.0,4359.0,4359.0,418,0.0,0.0
2026-09-14 03:10:00-04:00,4358.89990234375,4364.5,4358.89990234375,4364.5,4364.5,266,0.0,0.0
2026-09-14 03:15:00-04:00,4364.39990234375,4364.39990234375,4361.60009765625,4364.2998046875,4364.2998046875,193,0.0,0.0
2026-09-14 03:20:00-04:00,4363.39990234375,4363.7998046875,4359.5,4359.7001953125,4359.7001953125,299,0.0,0.0
2026-09-14 03:25:00-04:00,4360.60009765625,4362.0,4356.7001953125,4357.2998046875,4357.2998046875,494,0.0,0.0
2026-09-14 03:30:00-04:00,4357.2001953125,4359.60009765625,4356.2998046875,4356.7998046875,4356.7998046875,447,0.0,0.0
2026-09-14 03:35:00-04:00,4357.5,4358.10009765625,4355.7001953125,4357.10009765625,4357.10009765625,320,0.0,0.0
2026-09-14 03:40:00-04:00,4357.2001953125,4359.7998046875,4356.7998046875,4359.2998046875,4359.2998046875,298,0.0,0.0
2026-09-14 03:45:00-04:00,4359.2998046875,4362.2001953125,4355.7001953125,4358.10009765625,4358.10009765625,505,0.0,0.0
2026-09-14 03:50:00-04:00,4358.10009765625,4359.39990234375,4350.5,4351.5,4351.5,828,0.0,0.0
2026-09-14 03:55:00-04:00,4351.39990234375,4352.5,4348.0,4350.7001953125,4350.7001953125,596,0.0,0.0
2026-09-14 04:00:00-04:00,4350.89990234375,4357.0,4350.7998046875,4354.89990234375,4354.89990234375,531,0.0,0.0
2026-09-14 04:05:00-04:00,4354.7998046875,4358.39990234375,4353.5,4356.0,4356.0,385,0.0,0.0
2026-09-14 04:10:00-04:00,4356.39990234375,4356.39990234375,4352.5,4353.2998046875,4353.2998046875,173,0.0,0.0
2026-09-14 04:15:00-04:00,4353.0,4353.2001953125,4350.2001953125,4351.0,4351.0,209,0.0,0.0
2026-09-14 04:20:00-04:00,4351.10009765625,4354.60009765625,4351.0,4353.5,4353.5,384,0.0,0.0
2026-09-14 04:25:00-04:00,4353.2998046875,4353.7998046875,4350.5,4350.7001953125,4350.7001953125,229,0.0,0.0
2026-09-14 04:30:00-04:00,4350.0,4354.2001953125,4349.5,4352.5,4352.5,310,0.0,0.0
2026-09-14 04:35:00-04:00,4352.7001953125,4356.10009765625,4351.89990234375,4353.39990234375,4353.39990234375,328,0.0,0.0
2026-09-14 04:40:00-04:00,4353.2998046875,4354.0,4349.5,4351.89990234375,4351.89990234375,340,0.0,0.0
2026-09-14 04:45:00-04:00,4352.0,4353.5,4346.7998046875,4349.2998046875,4349.2998046875,262,0.0,0.0
2026-09-14 04:50:00-04:00,4349.2001953125,4349.2001953125,4345.60009765625,4346.2998046875,4346.2998046875,323,0.0,0.0
2026-09-14 04:55:00-04:00,4346.5,4347.2001953125,4343.2001953125,4346.60009765625,4346.60009765625,758,0.0,0.0
2026-09-14 05:00:00-04:00,4346.2998046875,4351.7001953125,4344.7998046875,4349.2998046875,4349.2998046875,827,0.0,0.0
2026-09-14 05:05:00-04:00,4349.0,4351.7998046875,4348.2001953125,4350.2001953125,4350.2001953125,321,0.0,0.0
2026-09-14 05:10:00-04:00,4349.60009765625,4350.5,4344.89990234375,4345.60009765625,4345.60009765625,260,0.0,0.0
2026-09-14 05:15:00-04:00,4345.5,4345.89990234375,4326.39990234375,4332.60009765625,4332.60009765625,2967,0.0,0.0
2026-09-14 05:20:00-04:00,4332.39990234375,4333.2001953125,4325.5,4327.5,4327.5,1682,0.0,0.0
2026-09-14 05:25:00-04:00,4327.39990234375,4328.2998046875,4320.10009765625,4327.89990234375,4327.89990234375,1850,0.0,0.0
2026-09-14 05:30:00-04:00,4327.39990234375,4329.2001953125,4323.2001953125,4327.2998046875,4327.2998046875,1330,0.0,0.0
2026-09-14 05:35:00-04:00,4327.5,4328.39990234375,4318.60009765625,4322.0,4322.0,1117,0.0,0.0
2026-09-14 05:40:00-04:00,4322.0,4328.0,4320.2998046875,4321.0,4321.0,1311,0.0,0.0
2026-09-14 05:45:00-04:00,4321.2998046875,4324.0,4318.60009765625,4321.2998046875,4321.2998046875,767,0.0,0.0
2026-09-14 05:50:00-04:00,4321.60009765625,4327.60009765625,4317.2998046875,4327.39990234375,4327.39990234375,890,0.0,0.0
2026-09-14 05:55:00-04:00,4327.39990234375,4328.0,4324.0,4325.2001953125,4325.2001953125,683,0.0,0.0
2026-09-14 06:00:00-04:00,4325.10009765625,4325.7001953125,4317.7998046875,4321.10009765625,4321.10009765625,846,0.0,0.0
2026-09-14 06:05:00-04:00,4321.39990234375,4325.7998046875,4321.39990234375,4325.60009765625,4325.60009765625,460,0.0,0.0
2026-09-14 06:10:00-04:00,4325.60009765625,4329.39990234375,4325.2001953125,4328.2001953125,4328.2001953125,523,0.0,0.0
2026-09-14 06:15:00-04:00,4327.7998046875,4330.89990234375,4325.7001953125,4329.7001953125,4329.7001953125,621,0.0,0.0
2026-09-14 06:20:00-04:00,4329.7001953125,4329.89990234375,4325.7998046875,4328.7998046875,4328.7998046875,317,0.0,0.0
2026-09-14 06:25:00-04:00,4328.7998046875,4332.39990234375,4328.7998046875,4330.89990234375,4330.89990234375,433,0.0,0.0
2026-09-14 06:30:00-04:00,4331.0,4332.7001953125,4328.89990234375,4331.0,4331.0,406,0.0,0.0
2026-09-14 06:35:00-04:00,4331.0,4333.7001953125,4330.7001953125,4333.2998046875,4333.2998046875,354,0.0,0.0
2026-09-14 06:40:00-04:00,4333.2001953125,4334.7998046875,4332.89990234375,4333.5,4333.5,242,0.0,0.0
2026-09-14 06:45:00-04:00,4333.89990234375,4334.7001953125,4331.7001953125,4332.7001953125,4332.7001953125,343,0.0,0.0
2026-09-14 06:50:00-04:00,4332.7001953125,4333.2001953125,4330.89990234375,4331.7998046875,4331.7998046875,328,0.0,0.0
2026-09-14 06:55:00-04:00,4331.39990234375,4336.5,4329.7001953125,4334.39990234375,4334.39990234375,670,0.0,0.0
2026-09-14 07:00:00-04:00,4334.39990234375,4336.7998046875,4333.2001953125,4336.7998046875,4336.7998046875,362,0.0,0.0
2026-09-14 07:05:00-04:00,4336.60009765625,4336.7998046875,4333.0,4335.0,4335.0,453,0.0,0.0
2026-09-14 07:10:00-04:00,4334.7001953125,4334.89990234375,4331.2001953125,4332.2998046875,4332.2998046875,510,0.0,0.0
2026-09-14 07:15:00-04:00,4332.10009765625,4335.60009765625,4331.10009765625,4335.39990234375,4335.39990234375,342,0.0,0.0
2026-09-14 07:20:00-04:00,4335.7998046875,4337.10009765625,4334.2001953125,4336.89990234375,4336.89990234375,182,0.0,0.0
2026-09-14 07:25:00-04:00,4336.7001953125,4336.7998046875,4335.60009765625,4336.2998046875,4336.2998046875,180,0.0,0.0
2026-09-14 07:30:00-04:00,4336.10009765625,4337.10009765625,4334.2001953125,4334.89990234375,4334.89990234375,321,0.0,0.0
2026-09-14 07:35:00-04:00,4334.89990234375,4335.10009765625,4332.2001953125,4333.0,4333.0,357,0.0,0.0
2026-09-14 07:40:00-04:00,4333.2998046875,4334.89990234375,4332.0,4332.5,4332.5,189,0.0,0.0
2026-09-14 07:45:00-04:00,4332.7001953125,4333.60009765625,4331.39990234375,4333.39990234375,4333.39990234375,221,0.0,0.0
2026-09-14 07:50:00-04:00,4333.2001953125,4333.2998046875,4326.39990234375,4327.5,4327.5,777,0.0,0.0
2026-09-14 07:55:00-04:00,4327.60009765625,4328.2998046875,4324.10009765625,4326.89990234375,4326.89990234375,621,0.0,0.0
2026-09-14 08:00:00-04:00,4327.10009765625,4330.5,4325.10009765625,4327.10009765625,4327.10009765625,562,0.0,0.0
2026-09-14 08:05:00-04:00,4327.0,4334.2001953125,4326.0,4333.7001953125,4333.7001953125,483,0.0,0.0
2026-09-14 08:10:00-04:00,4333.39990234375,4336.7998046875,4332.0,4334.60009765625,4334.60009765625,539,0.0,0.0
2026-09-14 08:15:00-04:00,4334.89990234375,4337.7001953125,4329.5,4330.10009765625,4330.10009765625,1939,0.0,0.0
2026-09-14 08:20:00-04:00,4330.10009765625,4330.60009765625,4324.5,4325.89990234375,4325.89990234375,967,0.0,0.0
2026-09-14 08:25:00-04:00,4325.89990234375,4328.10009765625,4322.89990234375,4326.2998046875,4326.2998046875,640,0.0,0.0
2026-09-14 08:30:00-04:00,4326.2998046875,4329.2998046875,4323.5,4328.2001953125,4328.2001953125,639,0.0,0.0
2026-09-14 08:35:00-04:00,4328.39990234375,4329.89990234375,4313.0,4318.10009765625,4318.10009765625,2721,0.0,0.0
2026-09-14 08:40:00-04:00,4317.7998046875,4326.7998046875,4315.89990234375,4323.7998046875,4323.7998046875,1517,0.0,0.0
2026-09-14 08:45:00-04:00,4323.60009765625,4323.60009765625,4316.2998046875,4318.39990234375,4318.39990234375,630,0.0,0.0
2026-09-14 08:50:00-04:00,4318.39990234375,4319.10009765625,4307.7998046875,4309.7998046875,4309.7998046875,1359,0.0,0.0
2026-09-14 08:55:00-04:00,4309.89990234375,4312.10009765625,4305.7001953125,4310.7998046875,4310.7998046875,1247,0.0,0.0
2026-09-14 09:00:00-04:00,4311.2001953125,4312.89990234375,4305.5,4307.5,4307.5,1953,0.0,0.0
2026-09-14 09:05:00-04:00,4307.39990234375,4310.39990234375,4293.0,4300.0,4300.0,3515,0.0,0.0
2026-09-14 09:10:00-04:00,4300.2001953125,4308.5,4299.5,4306.10009765625,4306.10009765625,1796,0.0,0.0
2026-09-14 09:15:00-04:00,4306.0,4313.0,4303.7998046875,4312.39990234375,4312.39990234375,1252,0.0,0.0
2026-09-14 09:20:00-04:00,4312.89990234375,4317.5,4311.89990234375,4316.0,4316.0,981,0.0,0.0
2026-09-14 09:25:00-04:00,4315.89990234375,4317.5,4311.0,4313.7001953125,4313.7001953125,984,0.0,0.0
2026-09-14 09:30:00-04:00,4313.7001953125,4318.39990234375,4311.7001953125,4312.0,4312.0,1737,0.0,0.0
2026-09-14 09:35:00-04:00,4312.2001953125,4315.0,4308.39990234375,4308.5,4308.5,843,0.0,0.0
2026-09-14 09:40:00-04:00,4308.5,4315.0,4306.5,4314.7998046875,4314.7998046875,807,0.0,0.0
2026-09-14 09:45:00-04:00,4314.7001953125,4321.2001953125,4311.60009765625,4316.5,4316.5,1326,0.0,0.0
2026-09-14 09:50:00-04:00,4316.39990234375,4321.89990234375,4310.5,4312.89990234375,4312.89990234375,1409,0.0,0.0
2026-09-14 09:55:00-04:00,4313.0,4315.7001953125,4309.5,4312.2001953125,4312.2001953125,837,0.0,0.0
2026-09-14 10:00:00-04:00,4312.10009765625,4315.60009765625,4306.0,4307.7001953125,4307.7001953125,1631,0.0,0.0
2026-09-14 10:05:00-04:00,4307.5,4311.5,4304.7001953125,4311.2998046875,4311.2998046875,932,0.0,0.0
2026-09-14 10:10:00-04:00,4311.2998046875,4322.5,4311.2998046875,4322.10009765625,4322.10009765625,1607,0.0,0.0
2026-09-14 10:15:00-04:00,4322.2001953125,4323.39990234375,4313.2001953125,4316.39990234375,4316.39990234375,1041,0.0,0.0
2026-09-14 10:20:00-04:00,4316.0,4316.2998046875,4303.7001953125,4305.10009765625,4305.10009765625,1314,0.0,0.0
2026-09-14 10:25:00-04:00,4305.0,4310.39990234375,4304.2998046875,4310.39990234375,4310.39990234375,1024,0.0,0.0
2026-09-14 10:30:00-04:00,4310.39990234375,4311.60009765625,4306.0,4311.2998046875,4311.2998046875,922,0.0,0.0
2026-09-14 10:35:00-04:00,4311.60009765625,4312.5,4308.2001953125,4311.89990234375,4311.89990234375,526,0.0,0.0
2026-09-14 10:40:00-04:00,4311.5,4317.39990234375,4309.10009765625,4317.0,4317.0,686,0.0,0.0
2026-09-14 10:45:00-04:00,4317.5,4319.60009765625,4316.5,4318.60009765625,4318.60009765625,832,0.0,0.0
2026-09-14 10:50:00-04:00,4318.7998046875,4319.60009765625,4314.39990234375,4317.0,4317.0,1003,0.0,0.0
2026-09-14 10:55:00-04:00,4316.7998046875,4320.10009765625,4315.10009765625,4320.10009765625,4320.10009765625,585,0.0,0.0
2026-09-14 11:00:00-04:00,4320.2001953125,4320.60009765625,4313.10009765625,4313.2001953125,4313.2001953125,875,0.0,0.0
2026-09-14 11:05:00-04:00,4313.5,4327.7998046875,4313.39990234375,4320.89990234375,4320.89990234375,3662,0.0,0.0
2026-09-14 11:10:00-04:00,4321.2998046875,4323.7001953125,4317.60009765625,4317.60009765625,4317.60009765625,581,0.0,0.0
2026-09-14 11:15:00-04:00,4317.5,4319.5,4313.2001953125,4316.89990234375,4316.89990234375,1077,0.0,0.0
2026-09-14 11:20:00-04:00,4316.5,4320.5,4315.0,4320.10009765625,4320.10009765625,624,0.0,0.0
2026-09-14 11:25:00-04:00,4319.89990234375,4325.60009765625,4318.89990234375,4324.2998046875,4324.2998046875,776,0.0,0.0
2026-09-14 11:30:00-04:00,4324.2998046875,4335.2001953125,4323.60009765625,4334.60009765625,4334.60009765625,2680,0.0,0.0
2026-09-14 11:35:00-04:00,4334.5,4338.60009765625,4330.5,4338.39990234375,4338.39990234375,1793,0.0,0.0
2026-09-14 11:40:00-04:00,4338.5,4339.39990234375,4333.5,4334.89990234375,4334.89990234375,1663,0.0,0.0
2026-09-14 11:45:00-04:00,4335.39990234375,4336.2001953125,4328.7998046875,4328.89990234375,4328.89990234375,1192,0.0,0.0
2026-09-14 11:50:00-04:00,4329.39990234375,4331.39990234375,4327.2001953125,4330.10009765625,4330.10009765625,923,0.0,0.0
2026-09-14 11:55:00-04:00,4330.5,4332.2998046875,4328.89990234375,4329.10009765625,4329.10009765625,643,0.0,0.0
2026-09-14 12:00:00-04:00,4329.2998046875,4331.2001953125,4327.2998046875,4327.5,4327.5,444,0.0,0.0
2026-09-14 12:05:00-04:00,4327.39990234375,4335.60009765625,4327.39990234375,4335.60009765625,4335.60009765625,874,0.0,0.0
2026-09-14 12:10:00-04:00,4335.7998046875,4338.89990234375,4334.89990234375,4334.89990234375,4334.89990234375,682,0.0,0.0
2026-09-14 12:15:00-04:00,4335.10009765625,4340.0,4334.89990234375,4339.5,4339.5,809,0.0,0.0
2026-09-14 12:20:00-04:00,4339.60009765625,4346.2998046875,4338.0,4345.2998046875,4345.2998046875,1143,0.0,0.0
2026-09-14 12:25:00-04:00,4345.39990234375,4346.39990234375,4340.7001953125,4340.89990234375,4340.89990234375,881,0.0,0.0
2026-09-14 12:30:00-04:00,4340.7998046875,4346.7001953125,4340.2001953125,4341.7001953125,4341.7001953125,759,0.0,0.0
2026-09-14 12:35:00-04:00,4341.7001953125,4344.0,4340.7001953125,4343.60009765625,4343.60009765625,262,0.0,0.0
2026-09-14 12:40:00-04:00,4343.60009765625,4348.89990234375,4343.2001953125,4346.89990234375,4346.89990234375,668,0.0,0.0
2026-09-14 12:45:00-04:00,4347.0,4356.7998046875,4345.60009765625,4354.5,4354.5,2717,0.0,0.0
2026-09-14 12:50:00-04:00,4354.7998046875,4358.5,4353.10009765625,4357.7001953125,4357.7001953125,1401,0.0,0.0
2026-09-14 12:55:00-04:00,4357.89990234375,4358.89990234375,4355.39990234375,4356.5,4356.5,847,0.0,0.0
2026-09-14 13:00:00-04:00,4356.5,4357.39990234375,4353.0,4355.60009765625,4355.60009765625,699,0.0,0.0
2026-09-14 13:05:00-04:00,4355.2998046875,4355.2998046875,4352.60009765625,4354.7001953125,4354.7001953125,605,0.0,0.0
2026-09-14 13:10:00-04:00,4354.10009765625,4356.2998046875,4351.60009765625,4351.89990234375,4351.89990234375,682,0.0,0.0
2026-09-14 13:15:00-04:00,4351.5,4353.60009765625,4349.7001953125,4350.39990234375,4350.39990234375,603,0.0,0.0
2026-09-14 13:20:00-04:00,4350.5,4352.60009765625,4350.2998046875,4351.60009765625,4351.60009765625,403,0.0,0.0
2026-09-14 13:25:00-04:00,4351.7998046875,4354.7001953125,4350.2998046875,4352.2998046875,4352.2998046875,2295,0.0,0.0
2026-09-14 13:30:00-04:00,4352.2998046875,4354.10009765625,4349.5,4349.7001953125,4349.7001953125,730,0.0,0.0
2026-09-14 13:35:00-04:00,4349.5,4352.2001953125,4348.2001953125,4351.60009765625,4351.60009765625,378,0.0,0.0
2026-09-14 13:40:00-04:00,4351.7998046875,4352.7001953125,4349.7998046875,4350.39990234375,4350.39990234375,303,0.0,0.0
2026-09-14 13:45:00-04:00,4350.2001953125,4351.89990234375,4349.10009765625,4349.5,4349.5,382,0.0,0.0
2026-09-14 13:50:00-04:00,4349.5,4354.0,4348.89990234375,4352.60009765625,4352.60009765625,394,0.0,0.0
2026-09-14 13:55:00-04:00,4352.60009765625,4354.2998046875,4351.10009765625,4351.60009765625,4351.60009765625,521,0.0,0.0
2026-09-14 14:00:00-04:00,4351.7001953125,4356.7001953125,4350.2001953125,4350.5,4350.5,1114,0.0,0.0
2026-09-14 14:05:00-04:00,4350.60009765625,4351.7998046875,4348.7001953125,4350.7998046875,4350.7998046875,686,0.0,0.0
2026-09-14 14:10:00-04:00,4350.7998046875,4353.2001953125,4350.60009765625,4353.2001953125,4353.2001953125,180,0.0,0.0
2026-09-14 14:15:00-04:00,4352.7001953125,4353.0,4351.5,4352.0,4352.0,213,0.0,0.0
2026-09-14 14:20:00-04:00,4351.7998046875,4352.39990234375,4348.2998046875,4348.5,4348.5,243,0.0,0.0
2026-09-14 14:25:00-04:00,4348.39990234375,4350.2001953125,4346.60009765625,4350.2001953125,4350.2001953125,565,0.0,0.0
2026-09-14 14:30:00-04:00,4349.89990234375,4353.60009765625,4348.7001953125,4351.7001953125,4351.7001953125,439,0.0,0.0
2026-09-14 14:35:00-04:00,4352.2998046875,4353.39990234375,4351.2001953125,4351.2001953125,4351.2001953125,187,0.0,0.0
2026-09-14 14:40:00-04:00,4351.2001953125,4351.5,4349.5,4349.89990234375,4349.89990234375,217,0.0,0.0
2026-09-14 14:45:00-04:00,4349.5,4350.10009765625,4347.2998046875,4347.7001953125,4347.7001953125,355,0.0,0.0
2026-09-14 14:50:00-04:00,4347.60009765625,4347.7998046875,4345.0,4347.0,4347.0,572,0.0,0.0
2026-09-14 14:55:00-04:00,4346.7001953125,4348.2001953125,4345.7001953125,4347.7998046875,4347.7998046875,206,0.0,0.0
2026-09-14 15:00:00-04:00,4347.89990234375,4348.2998046875,4344.5,4346.7001953125,4346.7001953125,594,0.0,0.0
2026-09-14 15:05:00-04:00,4346.7998046875,4346.7998046875,4343.10009765625,4344.10009765625,4344.10009765625,291,0.0,0.0
2026-09-14 15:10:00-04:00,4344.2998046875,4347.2001953125,4343.89990234375,4346.39990234375,4346.39990234375,238,0.0,0.0
2026-09-14 15:15:00-04:00,4346.2998046875,4346.2998046875,4340.7001953125,4342.2998046875,4342.2998046875,450,0.0,0.0
2026-09-14 15:20:00-04:00,4342.2998046875,4342.7998046875,4336.5,4338.0,4338.0,447,0.0,0.0
2026-09-14 15:25:00-04:00,4337.89990234375,4339.39990234375,4337.0,4337.10009765625,4337.10009765625,667,0.0,0.0
2026-09-14 15:30:00-04:00,4337.10009765625,4338.0,4333.39990234375,4333.7998046875,4333.7998046875,564,0.0,0.0
2026-09-14 15:35:00-04:00,4333.89990234375,4335.7001953125,4332.60009765625,4332.7001953125,4332.7001953125,508,0.0,0.0
2026-09-14 15:40:00-04:00,4332.7001953125,4333.0,4331.2001953125,4332.39990234375,4332.39990234375,371,0.0,0.0
2026-09-14 15:45:00-04:00,4332.39990234375,4332.39990234375,4328.5,4328.5,4328.5,447,0.0,0.0
2026-09-14 15:50:00-04:00,4328.2998046875,4328.7998046875,4324.89990234375,4327.0,4327.0,754,0.0,0.0
2026-09-14 15:55:00-04:00,4326.7001953125,4326.89990234375,4323.2001953125,4324.10009765625,4324.10009765625,970,0.0,0.0
2026-09-14 16:00:00-04:00,4324.10009765625,4325.39990234375,4322.7998046875,4325.2998046875,4325.2998046875,416,0.0,0.0
2026-09-14 16:05:00-04:00,4325.2998046875,4327.39990234375,4325.2998046875,4326.5,4326.5,414,0.0,0.0
2026-09-14 16:10:00-04:00,4326.2998046875,4329.2001953125,4326.2998046875,4328.39990234375,4328.39990234375,301,0.0,0.0
2026-09-14 16:15:00-04:00,4328.5,4334.2998046875,4328.39990234375,4334.0,4334.0,422,0.0,0.0
2026-09-14 16:20:00-04:00,4334.10009765625,4336.89990234375,4334.10009765625,4336.5,4336.5,398,0.0,0.0
2026-09-14 16:25:00-04:00,4336.7001953125,4339.2001953125,4336.7001953125,4337.5,4337.5,337,0.0,0.0
2026-09-14 16:30:00-04:00,4337.60009765625,4340.39990234375,4337.60009765625,4340.0,4340.0,178,0.0,0.0
2026-09-14 16:35:00-04:00,4339.89990234375,4339.89990234375,4335.5,4336.89990234375,4336.89990234375,176,0.0,0.0
2026-09-14 16:40:00-04:00,4336.89990234375,4337.5,4335.2998046875,4335.7001953125,4335.7001953125,56,0.0,0.0
2026-09-14 16:45:00-04:00,4335.60009765625,4338.0,4335.60009765625,4337.60009765625,4337.60009765625,132,0.0,0.0
2026-09-14 16:50:00-04:00,4337.39990234375,4338.5,4337.2998046875,4338.5,4338.5,77,0.0,0.0
2026-09-14 16:55:00-04:00,4338.2998046875,4340.39990234375,4338.2998046875,4340.0,4340.0,177,0.0,0.0
2026-09-14 18:00:00-04:00,4340.2998046875,4343.60009765625,4339.0,4340.0,4340.0,0,0.0,0.0
2026-09-14 18:05:00-04:00,4340.2001953125,4340.2001953125,4337.2001953125,4337.7998046875,4337.7998046875,159,0.0,0.0
2026-09-14 18:10:00-04:00,4337.39990234375,4338.2001953125,4336.89990234375,4337.2001953125,4337.2001953125,97,0.0,0.0
2026-09-14 18:15:00-04:00,4337.60009765625,4338.0,4336.39990234375,4336.60009765625,4336.60009765625,190,0.0,0.0
2026-09-14 18:20:00-04:00,4336.89990234375,4338.39990234375,4336.0,4336.5,4336.5,440,0.0,0.0
2026-09-14 18:25:00-04:00,4336.7001953125,4336.7998046875,4332.60009765625,4336.2001953125,4336.2001953125,350,0.0,0.0
2026-09-14 18:30:00-04:00,4336.10009765625,4338.2998046875,4335.7998046875,4337.39990234375,4337.39990234375,119,0.0,0.0
2026-09-14 18:35:00-04:00,4337.5,4339.2001953125,4334.10009765625,4336.39990234375,4336.39990234375,439,0.0,0.0
2026-09-14 18:40:00-04:00,4336.39990234375,4338.7001953125,4334.0,4336.2001953125,4336.2001953125,904,0.0,0.0
2026-09-14 18:45:00-04:00,4336.2998046875,4336.7998046875,4335.10009765625,4335.7998046875,4335.7998046875,98,0.0,0.0
2026-09-14 18:50:00-04:00,4335.89990234375,4338.89990234375,4334.5,4336.7998046875,4336.7998046875,480,0.0,0.0
2026-09-14 18:55:00-04:00,4336.7998046875,4337.89990234375,4333.7998046875,4335.89990234375,4335.89990234375,739,0.0,0.0
2026-09-14 19:00:00-04:00,4335.7998046875,4338.10009765625,4333.60009765625,4334.7998046875,4334.7998046875,446,0.0,0.0
2026-09-14 19:05:00-04:00,4334.2001953125,4335.7001953125,4332.7998046875,4333.7998046875,4333.7998046875,427,0.0,0.0
2026-09-14 19:10:00-04:00,4333.89990234375,4334.7998046875,4330.7998046875,4332.5,4332.5,638,0.0,0.0
2026-09-14 19:15:00-04:00,4332.89990234375,4332.89990234375,4329.2998046875,4330.0,4330.0,353,0.0,0.0
2026-09-14 19:20:00-04:00,4330.10009765625,4331.2001953125,4327.5,4330.7001953125,4330.7001953125,372,0.0,0.0
2026-09-14 19:25:00-04:00,4330.89990234375,4331.2001953125,4327.5,4330.5,4330.5,517,0.0,0.0
2026-09-14 19:30:00-04:00,4330.2998046875,4332.2998046875,4328.2001953125,4331.2998046875,4331.2998046875,340,0.0,0.0
2026-09-14 19:35:00-04:00,4331.10009765625,4331.7998046875,4328.60009765625,4330.0,4330.0,235,0.0,0.0
2026-09-14 19:40:00-04:00,4329.7998046875,4332.39990234375,4329.0,4329.89990234375,4329.89990234375,320,0.0,0.0
2026-09-14 19:45:00-04:00,4330.0,4330.0,4327.7998046875,4328.7998046875,4328.7998046875,167,0.0,0.0
2026-09-14 19:50:00-04:00,4329.5,4329.7001953125,4327.7001953125,4328.39990234375,4328.39990234375,147,0.0,0.0
2026-09-14 19:55:00-04:00,4328.39990234375,4329.60009765625,4328.10009765625,4329.0,4329.0,47,0.0,0.0
2026-09-14 20:00:00-04:00,4328.89990234375,4329.7001953125,4327.0,4327.0,4327.0,234,0.0,0.0
2026-09-14 20:05:00-04:00,4326.7998046875,4329.0,4324.2001953125,4327.2001953125,4327.2001953125,218,0.0,0.0
2026-09-14 20:10:00-04:00,4327.10009765625,4327.5,4324.5,4327.5,4327.5,133,0.0,0.0
2026-09-14 20:15:00-04:00,4327.2998046875,4330.7998046875,4325.10009765625,4325.2998046875,4325.2998046875,359,0.0,0.0
2026-09-14 20:20:00-04:00,4325.5,4328.2001953125,4324.2001953125,4328.0,4328.0,288,0.0,0.0
2026-09-14 20:25:00-04:00,4328.0,4330.2998046875,4326.39990234375,4328.89990234375,4328.89990234375,378,0.0,0.0
2026-09-14 20:30:00-04:00,4328.60009765625,4329.7998046875,4323.7998046875,4325.2001953125,4325.2001953125,266,0.0,0.0
2026-09-14 20:35:00-04:00,4324.89990234375,4331.39990234375,4324.60009765625,4330.89990234375,4330.89990234375,373,0.0,0.0
2026-09-14 20:40:00-04:00,4330.7998046875,4333.7998046875,4330.2001953125,4333.2998046875,4333.2998046875,335,0.0,0.0
2026-09-14 20:45:00-04:00,4333.60009765625,4335.2998046875,4332.5,4334.7001953125,4334.7001953125,178,0.0,0.0
2026-09-14 20:50:00-04:00,4334.7998046875,4337.2998046875,4334.2998046875,4334.89990234375,4334.89990234375,270,0.0,0.0
2026-09-14 20:55:00-04:00,4334.7998046875,4334.89990234375,4333.2998046875,4333.60009765625,4333.60009765625,237,0.0,0.0
2026-09-14 21:00:00-04:00,4333.7998046875,4338.7998046875,4328.39990234375,4336.39990234375,4336.39990234375,1032,0.0,0.0
2026-09-14 21:05:00-04:00,4336.2998046875,4338.89990234375,4333.2001953125,4334.0,4334.0,412,0.0,0.0
2026-09-14 21:10:00-04:00,4334.2001953125,4340.10009765625,4333.89990234375,4339.7998046875,4339.7998046875,323,0.0,0.0
2026-09-14 21:15:00-04:00,4339.7001953125,4346.0,4339.2998046875,4344.2001953125,4344.2001953125,762,0.0,0.0
2026-09-14 21:20:00-04:00,4344.2001953125,4344.7001953125,4341.7001953125,4342.2001953125,4342.2001953125,348,0.0,0.0
2026-09-14 21:25:00-04:00,4342.10009765625,4343.10009765625,4340.10009765625,4341.7998046875,4341.7998046875,281,0.0,0.0
2026-09-14 21:30:00-04:00,4342.10009765625,4347.0,4341.60009765625,4342.39990234375,4342.39990234375,515,0.0,0.0
2026-09-14 21:35:00-04:00,4342.2998046875,4342.60009765625,4335.5,4337.5,4337.5,549,0.0,0.0
2026-09-14 21:40:00-04:00,4337.7001953125,4339.7001953125,4335.2001953125,4339.10009765625,4339.10009765625,376,0.0,0.0
2026-09-14 21:45:00-04:00,4338.60009765625,4341.7998046875,4336.39990234375,4340.2001953125,4340.2001953125,503,0.0,0.0
2026-09-14 21:50:00-04:00,4339.39990234375,4339.7998046875,4333.89990234375,4339.2001953125,4339.2001953125,389,0.0,0.0
2026-09-14 21:55:00-04:00,4339.39990234375,4344.89990234375,4339.0,4344.10009765625,4344.10009765625,278,0.0,0.0
2026-09-14 22:00:00-04:00,4344.5,4352.10009765625,4344.39990234375,4347.2001953125,4347.2001953125,1003,0.0,0.0
2026-09-14 22:05:00-04:00,4346.7998046875,4349.10009765625,4346.2998046875,4347.2001953125,4347.2001953125,904,0.0,0.0
2026-09-14 22:10:00-04:00,4347.89990234375,4348.2998046875,4345.2001953125,4347.5,4347.5,279,0.0,0.0
2026-09-14 22:15:00-04:00,4347.5,4347.89990234375,4345.60009765625,4347.0,4347.0,255,0.0,0.0
2026-09-14 22:20:00-04:00,4347.2001953125,4349.0,4346.2001953125,4348.5,4348.5,179,0.0,0.0
2026-09-14 22:25:00-04:00,4348.39990234375,4350.5,4348.0,4350.39990234375,4350.39990234375,254,0.0,0.0
2026-09-14 22:30:00-04:00,4350.89990234375,4352.89990234375,4347.60009765625,4352.2001953125,4352.2001953125,499,0.0,0.0
2026-09-14 22:35:00-04:00,4352.2001953125,4355.7998046875,4349.60009765625,4355.5,4355.5,477,0.0,0.0
2026-09-14 22:40:00-04:00,4355.60009765625,4358.2001953125,4351.60009765625,4352.10009765625,4352.10009765625,583,0.0,0.0
2026-09-14 22:45:00-04:00,4351.89990234375,4357.89990234375,4351.7998046875,4357.39990234375,4357.39990234375,455,0.0,0.0
2026-09-14 22:50:00-04:00,4357.2998046875,4357.7001953125,4352.0,4352.7998046875,4352.7998046875,357,0.0,0.0
2026-09-14 22:55:00-04:00,4352.7001953125,4355.10009765625,4352.39990234375,4354.89990234375,4354.89990234375,207,0.0,0.0
2026-09-14 23:00:00-04:00,4354.7998046875,4355.2001953125,4350.5,4352.7998046875,4352.7998046875,518,0.0,0.0
2026-09-14 23:05:00-04:00,4352.7998046875,4354.7001953125,4352.0,4354.2001953125,4354.2001953125,190,0.0,0.0
2026-09-14 23:10:00-04:00,4354.2998046875,4354.60009765625,4351.0,4351.10009765625,4351.10009765625,126,0.0,0.0
2026-09-14 23:15:00-04:00,4351.2998046875,4353.89990234375,4350.39990234375,4352.39990234375,4352.39990234375,277,0.0,0.0
2026-09-14 23:20:00-04:00,4352.39990234375,4354.89990234375,4351.0,4351.2998046875,4351.2998046875,696,0.0,0.0
2026-09-14 23:25:00-04:00,4351.2998046875,4352.60009765625,4350.5,4351.5,4351.5,269,0.0,0.0
2026-09-14 23:30:00-04:00,4351.5,4353.60009765625,4351.39990234375,4353.39990234375,4353.39990234375,315,0.0,0.0
2026-09-14 23:35:00-04:00,4353.60009765625,4354.10009765625,4349.7998046875,4350.0,4350.0,448,0.0,0.0
2026-09-14 23:40:00-04:00,4349.7001953125,4351.0,4348.7001953125,4349.2998046875,4349.2998046875,576,0.0,0.0
2026-09-14 23:45:00-04:00,4348.89990234375,4350.7001953125,4346.2001953125,4346.2998046875,4346.2998046875,301,0.0,0.0
2026-09-14 23:50:00-04:00,4346.2001953125,4346.7001953125,4344.2998046875,4344.89990234375,4344.89990234375,344,0.0,0.0
2026-09-14 23:55:00-04:00,4345.0,4345.7001953125,4343.89990234375,4345.10009765625,4345.10009765625,329,0.0,0.0
2026-09-15 00:00:00-04:00,4344.0,4344.89990234375,4343.10009765625,4343.60009765625,4343.60009765625,167,0.0,0.0
2026-09-15 00:05:00-04:00,4343.7998046875,4347.0,4343.2998046875,4346.2998046875,4346.2998046875,455,0.0,0.0
2026-09-15 00:10:00-04:00,4346.2998046875,4350.39990234375,4345.0,4348.0,4348.0,760,0.0,0.0
2026-09-15 00:15:00-04:00,4348.2001953125,4349.39990234375,4344.0,4344.7998046875,4344.7998046875,285,0.0,0.0
2026-09-15 00:20:00-04:00,4344.7998046875,4345.60009765625,4343.39990234375,4343.7001953125,4343.7001953125,141,0.0,0.0
2026-09-15 00:25:00-04:00,4343.5,4344.7001953125,4343.2001953125,4344.0,4344.0,135,0.0,0.0
2026-09-15 00:30:00-04:00,4344.2001953125,4345.0,4343.10009765625,4343.39990234375,4343.39990234375,192,0.0,0.0
2026-09-15 00:35:00-04:00,4343.2998046875,4345.39990234375,4341.2998046875,4345.10009765625,4345.10009765625,912,0.0,0.0
2026-09-15 00:40:00-04:00,4345.10009765625,4346.5,4343.7998046875,4345.39990234375,4345.39990234375,223,0.0,0.0
2026-09-15 00:45:00-04:00,4345.2001953125,4347.2998046875,4344.2998046875,4345.7998046875,4345.7998046875,205,0.0,0.0
2026-09-15 00:50:00-04:00,4345.5,4346.39990234375,4344.60009765625,4345.89990234375,4345.89990234375,234,0.0,0.0
2026-09-15 00:55:00-04:00,4346.0,4348.10009765625,4344.7001953125,4344.7998046875,4344.7998046875,200,0.0,0.0
2026-09-15 01:00:00-04:00,4344.89990234375,4347.89990234375,4342.7001953125,4342.89990234375,4342.89990234375,221,0.0,0.0
2026-09-15 01:05:00-04:00,4343.0,4343.89990234375,4341.5,4342.2001953125,4342.2001953125,181,0.0,0.0
2026-09-15 01:10:00-04:00,4342.0,4342.5,4340.39990234375,4341.60009765625,4341.60009765625,187,0.0,0.0
2026-09-15 01:15:00-04:00,4341.7001953125,4341.89990234375,4338.7001953125,4340.2998046875,4340.2998046875,293,0.0,0.0
2026-09-15 01:20:00-04:00,4340.2998046875,4341.39990234375,4337.0,4337.7001953125,4337.7001953125,274,0.0,0.0
2026-09-15 01:25:00-04:00,4337.7998046875,4338.39990234375,4336.5,4337.2001953125,4337.2001953125,218,0.0,0.0
2026-09-15 01:30:00-04:00,4337.0,4340.0,4329.10009765625,4333.39990234375,4333.39990234375,1099,0.0,0.0
2026-09-15 01:35:00-04:00,4333.5,4334.89990234375,4331.7998046875,4334.39990234375,4334.39990234375,418,0.0,0.0
2026-09-15 01:40:00-04:00,4334.0,4337.39990234375,4333.89990234375,4336.39990234375,4336.39990234375,323,0.0,0.0
2026-09-15 01:45:00-04:00,4336.39990234375,4340.10009765625,4334.60009765625,4334.89990234375,4334.89990234375,297,0.0,0.0
2026-09-15 01:50:00-04:00,4335.10009765625,4338.89990234375,4334.2998046875,4335.39990234375,4335.39990234375,278,0.0,0.0
2026-09-15 01:55:00-04:00,4335.0,4335.0,4331.0,4331.2001953125,4331.2001953125,310,0.0,0.0
2026-09-15 02:00:00-04:00,4331.10009765625,4334.7001953125,4330.7998046875,4331.89990234375,4331.89990234375,483,0.0,0.0
2026-09-15 02:05:00-04:00,4331.7001953125,4331.7001953125,4326.0,4328.7998046875,4328.7998046875,878,0.0,0.0
2026-09-15 02:10:00-04:00,4329.10009765625,4330.7998046875,4326.2001953125,4330.10009765625,4330.10009765625,449,0.0,0.0
2026-09-15 02:15:00-04:00,4330.2001953125,4332.60009765625,4329.2998046875,4330.0,4330.0,278,0.0,0.0
2026-09-15 02:20:00-04:00,4330.39990234375,4331.7998046875,4328.5,4329.89990234375,4329.89990234375,265,0.0,0.0
2026-09-15 02:25:00-04:00,4329.7001953125,4330.2998046875,4327.2998046875,4329.5,4329.5,266,0.0,0.0
2026-09-15 02:30:00-04:00,4329.5,4329.7001953125,4325.89990234375,4327.0,4327.0,271,0.0,0.0
2026-09-15 02:35:00-04:00,4327.2001953125,4331.39990234375,4327.2001953125,4330.89990234375,4330.89990234375,222,0.0,0.0
2026-09-15 02:40:00-04:00,4331.0,4331.0,4328.5,4330.7001953125,4330.7001953125,398,0.0,0.0
2026-09-15 02:45:00-04:00,4330.7998046875,4335.2998046875,4330.7001953125,4332.60009765625,4332.60009765625,987,0.0,0.0
2026-09-15 02:50:00-04:00,4332.60009765625,4334.2001953125,4332.2001953125,4333.0,4333.0,347,0.0,0.0
2026-09-15 02:55:00-04:00,4332.60009765625,4335.10009765625,4332.10009765625,4333.60009765625,4333.60009765625,422,0.0,0.0
2026-09-15 03:00:00-04:00,4333.5,4335.7001953125,4329.5,4331.7001953125,4331.7001953125,997,0.0,0.0
2026-09-15 03:05:00-04:00,4331.5,4332.39990234375,4328.89990234375,4331.0,4331.0,301,0.0,0.0
2026-09-15 03:10:00-04:00,4331.5,4332.0,4326.89990234375,4328.2998046875,4328.2998046875,332,0.0,0.0
2026-09-15 03:15:00-04:00,4328.5,4332.2998046875,4328.2998046875,4331.7001953125,4331.7001953125,211,0.0,0.0
2026-09-15 03:20:00-04:00,4331.7998046875,4331.7998046875,4327.89990234375,4329.0,4329.0,316,0.0,0.0
2026-09-15 03:25:00-04:00,4329.39990234375,4332.60009765625,4328.0,4332.10009765625,4332.10009765625,448,0.0,0.0
2026-09-15 03:30:00-04:00,4332.39990234375,4333.2998046875,4330.39990234375,4330.7001953125,4330.7001953125,180,0.0,0.0
2026-09-15 03:35:00-04:00,4330.39990234375,4330.5,4325.10009765625,4326.0,4326.0,334,0.0,0.0
2026-09-15 03:40:00-04:00,4326.2001953125,4327.10009765625,4320.60009765625,4324.10009765625,4324.10009765625,1008,0.0,0.0
2026-09-15 03:45:00-04:00,4324.2001953125,4330.7998046875,4323.7998046875,4325.5,4325.5,1034,0.0,0.0
2026-09-15 03:50:00-04:00,4325.2998046875,4325.39990234375,4316.7998046875,4318.2998046875,4318.2998046875,659,0.0,0.0
2026-09-15 03:55:00-04:00,4318.10009765625,4320.89990234375,4316.60009765625,4320.7001953125,4320.7001953125,495,0.0,0.0
2026-09-15 04:00:00-04:00,4320.7998046875,4320.89990234375,4305.7001953125,4307.10009765625,4307.10009765625,1551,0.0,0.0
2026-09-15 04:05:00-04:00,4307.39990234375,4309.10009765625,4304.5,4305.5,4305.5,1048,0.0,0.0
2026-09-15 04:10:00-04:00,4305.5,4308.7001953125,4304.0,4308.2998046875,4308.2998046875,934,0.0,0.0
2026-09-15 04:15:00-04:00,4308.0,4314.7001953125,4307.2998046875,4314.7001953125,4314.7001953125,679,0.0,0.0
2026-09-15 04:20:00-04:00,4314.2001953125,4315.5,4312.10009765625,4312.10009765625,4312.10009765625,434,0.0,0.0
2026-09-15 04:25:00-04:00,4312.2998046875,4316.0,4311.5,4313.7998046875,4313.7998046875,518,0.0,0.0
2026-09-15 04:30:00-04:00,4313.7998046875,4315.2001953125,4312.10009765625,4313.60009765625,4313.60009765625,378,0.0,0.0
2026-09-15 04:35:00-04:00,4314.2998046875,4315.2998046875,4310.39990234375,4311.10009765625,4311.10009765625,360,0.0,0.0
2026-09-15 04:40:00-04:00,4311.2998046875,4311.2998046875,4307.7998046875,4307.89990234375,4307.89990234375,312,0.0,0.0
2026-09-15 04:45:00-04:00,4308.39990234375,4310.5,4306.5,4307.0,4307.0,245,0.0,0.0
2026-09-15 04:50:00-04:00,4307.2001953125,4309.0,4306.7998046875,4307.89990234375,4307.89990234375,375,0.0,0.0
2026-09-15 04:55:00-04:00,4308.0,4309.10009765625,4301.7001953125,4302.7998046875,4302.7998046875,838,0.0,0.0
2026-09-15 05:00:00-04:00,4303.10009765625,4307.10009765625,4302.2998046875,4306.7001953125,4306.7001953125,510,0.0,0.0
2026-09-15 05:05:00-04:00,4306.39990234375,4307.7998046875,4305.0,4306.10009765625,4306.10009765625,494,0.0,0.0
2026-09-15 05:10:00-04:00,4306.10009765625,4307.60009765625,4304.0,4306.0,4306.0,635,0.0,0.0
2026-09-15 05:15:00-04:00,4305.89990234375,4308.10009765625,4301.60009765625,4302.5,4302.5,644,0.0,0.0
2026-09-15 05:20:00-04:00,4302.7001953125,4307.0,4302.10009765625,4304.89990234375,4304.89990234375,794,0.0,0.0
2026-09-15 05:25:00-04:00,4304.7001953125,4309.5,4302.7998046875,4307.10009765625,4307.10009765625,731,0.0,0.0
2026-09-15 05:30:00-04:00,4306.7998046875,4307.89990234375,4304.89990234375,4306.89990234375,4306.89990234375,623,0.0,0.0
2026-09-15 05:35:00-04:00,4306.39990234375,4309.39990234375,4305.2001953125,4309.0,4309.0,658,0.0,0.0
2026-09-15 05:40:00-04:00,4308.7998046875,4312.39990234375,4308.2001953125,4309.5,4309.5,716,0.0,0.0
2026-09-15 05:45:00-04:00,4309.7001953125,4312.10009765625,4308.39990234375,4310.5,4310.5,517,0.0,0.0
2026-09-15 05:50:00-04:00,4310.7001953125,4311.5,4308.7998046875,4311.0,4311.0,312,0.0,0.0
2026-09-15 05:55:00-04:00,4310.7998046875,4310.89990234375,4307.89990234375,4308.7001953125,4308.7001953125,207,0.0,0.0
2026-09-15 06:00:00-04:00,4308.7998046875,4313.7001953125,4308.7998046875,4312.2998046875,4312.2998046875,401,0.0,0.0
2026-09-15 06:05:00-04:00,4311.89990234375,4316.2998046875,4311.89990234375,4314.7001953125,4314.7001953125,498,0.0,0.0
2026-09-15 06:10:00-04:00,4314.39990234375,4318.39990234375,4312.2001953125,4313.39990234375,4313.39990234375,805,0.0,0.0
2026-09-15 06:15:00-04:00,4313.60009765625,4313.60009765625,4310.2998046875,4312.0,4312.0,311,0.0,0.0
2026-09-15 06:20:00-04:00,4311.7001953125,4315.10009765625,4310.5,4314.7001953125,4314.7001953125,358,0.0,0.0
2026-09-15 06:25:00-04:00,4314.60009765625,4314.60009765625,4313.10009765625,4314.39990234375,4314.39990234375,170,0.0,0.0
2026-09-15 06:30:00-04:00,4314.60009765625,4315.60009765625,4313.7998046875,4315.10009765625,4315.10009765625,241,0.0,0.0
2026-09-15 06:35:00-04:00,4314.89990234375,4316.2998046875,4313.60009765625,4314.10009765625,4314.10009765625,304,0.0,0.0
2026-09-15 06:40:00-04:00,4314.2001953125,4317.2998046875,4313.5,4314.7998046875,4314.7998046875,354,0.0,0.0
2026-09-15 06:45:00-04:00,4315.0,4317.39990234375,4314.39990234375,4317.10009765625,4317.10009765625,364,0.0,0.0
2026-09-15 06:50:00-04:00,4317.10009765625,4322.7001953125,4317.10009765625,4322.2001953125,4322.2001953125,862,0.0,0.0
2026-09-15 06:55:00-04:00,4322.0,4324.0,4321.10009765625,4321.7998046875,4321.7998046875,549,0.0,0.0
2026-09-15 07:00:00-04:00,4321.2001953125,4322.2001953125,4319.89990234375,4320.2001953125,4320.2001953125,258,0.0,0.0
2026-09-15 07:05:00-04:00,4320.5,4322.39990234375,4318.7998046875,4322.2998046875,4322.2998046875,395,0.0,0.0
2026-09-15 07:10:00-04:00,4322.39990234375,4324.0,4321.7001953125,4323.7998046875,4323.7998046875,414,0.0,0.0
2026-09-15 07:15:00-04:00,4323.89990234375,4325.7001953125,4323.2001953125,4323.60009765625,4323.60009765625,589,0.0,0.0
2026-09-15 07:20:00-04:00,4323.39990234375,4325.39990234375,4322.7998046875,4323.7998046875,4323.7998046875,427,0.0,0.0
2026-09-15 07:25:00-04:00,4324.0,4324.5,4322.39990234375,4323.2998046875,4323.2998046875,169,0.0,0.0
2026-09-15 07:30:00-04:00,4323.2001953125,4324.2998046875,4321.39990234375,4324.2998046875,4324.2998046875,206,0.0,0.0
2026-09-15 07:35:00-04:00,4324.7001953125,4325.2998046875,4320.5,4320.89990234375,4320.89990234375,336,0.0,0.0
2026-09-15 07:40:00-04:00,4321.0,4323.7998046875,4320.10009765625,4322.5,4322.5,298,0.0,0.0
2026-09-15 07:45:00-04:00,4322.5,4325.2998046875,4322.5,4323.5,4323.5,401,0.0,0.0
2026-09-15 07:50:00-04:00,4323.39990234375,4325.10009765625,4322.2998046875,4322.7998046875,4322.7998046875,300,0.0,0.0
2026-09-15 07:55:00-04:00,4322.7001953125,4326.7001953125,4322.10009765625,4324.39990234375,4324.39990234375,524,0.0,0.0
2026-09-15 08:00:00-04:00,4324.39990234375,4324.7998046875,4321.2001953125,4324.2998046875,4324.2998046875,468,0.0,0.0
2026-09-15 08:05:00-04:00,4324.2001953125,4324.5,4317.0,4317.60009765625,4317.60009765625,580,0.0,0.0
2026-09-15 08:10:00-04:00,4317.39990234375,4318.89990234375,4315.60009765625,4318.5,4318.5,448,0.0,0.0
2026-09-15 08:15:00-04:00,4318.2998046875,4319.0,4313.2998046875,4314.0,4314.0,534,0.0,0.0
2026-09-15 08:20:00-04:00,4313.7998046875,4314.5,4311.0,4313.10009765625,4313.10009765625,878,0.0,0.0
2026-09-15 08:25:00-04:00,4312.7998046875,4318.2998046875,4312.2998046875,4317.60009765625,4317.60009765625,623,0.0,0.0
2026-09-15 08:30:00-04:00,4317.39990234375,4322.7001953125,4314.2998046875,4322.5,4322.5,625,0.0,0.0
2026-09-15 08:35:00-04:00,4322.7998046875,4325.7001953125,4318.60009765625,4318.89990234375,4318.89990234375,1415,0.0,0.0
2026-09-15 08:40:00-04:00,4318.89990234375,4321.2001953125,4317.7998046875,4321.2001953125,4321.2001953125,462,0.0,0.0
2026-09-15 08:45:00-04:00,4321.0,4331.10009765625,4320.7998046875,4330.39990234375,4330.39990234375,1572,0.0,0.0
2026-09-15 08:50:00-04:00,4330.2998046875,4334.2998046875,4327.10009765625,4333.2998046875,4333.2998046875,1012,0.0,0.0
2026-09-15 08:55:00-04:00,4333.7001953125,4336.2998046875,4325.5,4330.60009765625,4330.60009765625,1930,0.0,0.0
2026-09-15 09:00:00-04:00,4330.2001953125,4334.60009765625,4329.2998046875,4332.7998046875,4332.7998046875,1187,0.0,0.0
2026-09-15 09:05:00-04:00,4333.0,4333.0,4323.60009765625,4325.2998046875,4325.2998046875,921,0.0,0.0
2026-09-15 09:10:00-04:00,4325.2998046875,4329.5,4325.10009765625,4326.7998046875,4326.7998046875,598,0.0,0.0
2026-09-15 09:15:00-04:00,4326.89990234375,4329.89990234375,4325.5,4327.2998046875,4327.2998046875,528,0.0,0.0
2026-09-15 09:20:00-04:00,4327.39990234375,4332.39990234375,4323.2998046875,4332.2001953125,4332.2001953125,1086,0.0,0.0
2026-09-15 09:25:00-04:00,4332.39990234375,4333.39990234375,4326.89990234375,4327.39990234375,4327.39990234375,870,0.0,0.0
2026-09-15 09:30:00-04:00,4327.60009765625,4331.60009765625,4324.0,4326.5,4326.5,1234,0.0,0.0
2026-09-15 09:35:00-04:00,4326.7998046875,4334.0,4326.10009765625,4326.39990234375,4326.39990234375,1340,0.0,0.0
2026-09-15 09:40:00-04:00,4326.2001953125,4330.2998046875,4325.0,4329.60009765625,4329.60009765625,523,0.0,0.0
2026-09-15 09:45:00-04:00,4329.0,4335.60009765625,4328.0,4334.7998046875,4334.7998046875,1012,0.0,0.0
2026-09-15 09:50:00-04:00,4334.7998046875,4337.89990234375,4331.89990234375,4335.2998046875,4335.2998046875,1386,0.0,0.0
2026-09-15 09:55:00-04:00,4335.2998046875,4338.5,4334.10009765625,4334.60009765625,4334.60009765625,763,0.0,0.0
2026-09-15 10:00:00-04:00,4334.60009765625,4339.0,4333.89990234375,4334.7001953125,4334.7001953125,1259,0.0,0.0
2026-09-15 10:05:00-04:00,4334.7998046875,4340.7001953125,4333.60009765625,4337.7998046875,4337.7998046875,1189,0.0,0.0
2026-09-15 10:10:00-04:00,4337.7001953125,4338.2998046875,4333.39990234375,4334.5,4334.5,763,0.0,0.0
2026-09-15 10:15:00-04:00,4334.7001953125,4335.7998046875,4329.7998046875,4334.0,4334.0,805,0.0,0.0
2026-09-15 10:20:00-04:00,4334.10009765625,4335.10009765625,4325.60009765625,4328.7998046875,4328.7998046875,1082,0.0,0.0
2026-09-15 10:25:00-04:00,4328.7998046875,4329.7001953125,4322.2998046875,4324.39990234375,4324.39990234375,923,0.0,0.0
2026-09-15 10:30:00-04:00,4324.2998046875,4325.2001953125,4319.39990234375,4323.89990234375,4323.89990234375,1128,0.0,0.0
2026-09-15 10:35:00-04:00,4323.7998046875,4326.2001953125,4315.7001953125,4317.60009765625,4317.60009765625,1378,0.0,0.0
2026-09-15 10:40:00-04:00,4317.7998046875,4319.10009765625,4316.10009765625,4318.10009765625,4318.10009765625,1029,0.0,0.0
2026-09-15 10:45:00-04:00,4317.89990234375,4322.7998046875,4316.7001953125,4318.10009765625,4318.10009765625,799,0.0,0.0
2026-09-15 10:50:00-04:00,4318.10009765625,4320.89990234375,4313.0,4320.10009765625,4320.10009765625,1725,0.0,0.0
2026-09-15 10:55:00-04:00,4320.10009765625,4320.10009765625,4314.5,4316.7998046875,4316.7998046875,825,0.0,0.0
2026-09-15 11:00:00-04:00,4316.89990234375,4322.89990234375,4316.60009765625,4322.7998046875,4322.7998046875,772,0.0,0.0
2026-09-15 11:05:00-04:00,4323.0,4324.39990234375,4320.7998046875,4322.5,4322.5,777,0.0,0.0
2026-09-15 11:10:00-04:00,4322.2001953125,4326.2998046875,4321.5,4325.39990234375,4325.39990234375,557,0.0,0.0
2026-09-15 11:15:00-04:00,4325.2001953125,4327.89990234375,4323.5,4326.60009765625,4326.60009765625,738,0.0,0.0
2026-09-15 11:20:00-04:00,4326.5,4327.39990234375,4322.5,4325.5,4325.5,562,0.0,0.0
2026-09-15 11:25:00-04:00,4325.39990234375,4326.5,4323.60009765625,4324.10009765625,4324.10009765625,357,0.0,0.0
2026-09-15 11:30:00-04:00,4324.2001953125,4325.89990234375,4321.7001953125,4325.2001953125,4325.2001953125,690,0.0,0.0
2026-09-15 11:35:00-04:00,4325.39990234375,4328.39990234375,4324.39990234375,4327.89990234375,4327.89990234375,637,0.0,0.0
2026-09-15 11:40:00-04:00,4327.7998046875,4330.7998046875,4327.2001953125,4328.10009765625,4328.10009765625,457,0.0,0.0
2026-09-15 11:45:00-04:00,4328.10009765625,4329.10009765625,4325.2998046875,4326.60009765625,4326.60009765625,552,0.0,0.0
2026-09-15 11:50:00-04:00,4326.7001953125,4332.10009765625,4326.7001953125,4330.2998046875,4330.2998046875,1359,0.0,0.0
2026-09-15 11:55:00-04:00,4330.2001953125,4335.2001953125,4328.2998046875,4329.89990234375,4329.89990234375,1340,0.0,0.0
2026-09-15 12:00:00-04:00,4329.60009765625,4331.5,4328.2998046875,4331.39990234375,4331.39990234375,554,0.0,0.0
2026-09-15 12:05:00-04:00,4331.2998046875,4331.7998046875,4329.10009765625,4330.7001953125,4330.7001953125,294,0.0,0.0
2026-09-15 12:10:00-04:00,4330.89990234375,4331.10009765625,4326.2001953125,4326.2001953125,4326.2001953125,570,0.0,0.0
2026-09-15 12:15:00-04:00,4326.2998046875,4328.7001953125,4325.39990234375,4328.7001953125,4328.7001953125,316,0.0,0.0
2026-09-15 12:20:00-04:00,4328.5,4337.0,4327.89990234375,4336.2001953125,4336.2001953125,1069,0.0,0.0
2026-09-15 12:25:00-04:00,4336.60009765625,4337.2998046875,4334.60009765625,4335.89990234375,4335.89990234375,828,0.0,0.0
2026-09-15 12:30:00-04:00,4335.7001953125,4338.2001953125,4333.0,4333.2001953125,4333.2001953125,753,0.0,0.0
2026-09-15 12:35:00-04:00,4333.2001953125,4336.2001953125,4331.60009765625,4335.60009765625,4335.60009765625,1147,0.0,0.0
2026-09-15 12:40:00-04:00,4335.0,4337.10009765625,4333.2001953125,4336.7998046875,4336.7998046875,351,0.0,0.0
2026-09-15 12:45:00-04:00,4336.89990234375,4337.7998046875,4335.2998046875,4335.60009765625,4335.60009765625,374,0.0,0.0
2026-09-15 12:50:00-04:00,4335.5,4338.39990234375,4335.2998046875,4337.7001953125,4337.7001953125,528,0.0,0.0
2026-09-15 12:55:00-04:00,4337.89990234375,4337.89990234375,4335.2001953125,4335.60009765625,4335.60009765625,609,0.0,0.0
2026-09-15 13:00:00-04:00,4335.7998046875,4336.89990234375,4331.2998046875,4331.7001953125,4331.7001953125,1174,0.0,0.0
2026-09-15 13:05:00-04:00,4331.60009765625,4334.2001953125,4330.5,4332.89990234375,4332.89990234375,519,0.0,0.0
2026-09-15 13:10:00-04:00,4333.2001953125,4339.7001953125,4332.89990234375,4335.39990234375,4335.39990234375,1049,0.0,0.0
2026-09-15 13:15:00-04:00,4335.60009765625,4337.10009765625,4334.10009765625,4336.39990234375,4336.39990234375,717,0.0,0.0
2026-09-15 13:20:00-04:00,4336.39990234375,4336.89990234375,4332.60009765625,4333.39990234375,4333.39990234375,698,0.0,0.0
2026-09-15 13:25:00-04:00,4333.5,4335.7998046875,4331.89990234375,4333.7001953125,4333.7001953125,1812,0.0,0.0
2026-09-15 13:30:00-04:00,4333.60009765625,4338.60009765625,4333.39990234375,4337.7998046875,4337.7998046875,726,0.0,0.0
2026-09-15 13:35:00-04:00,4337.89990234375,4339.7998046875,4336.0,4336.2998046875,4336.2998046875,1099,0.0,0.0
2026-09-15 13:40:00-04:00,4336.2998046875,4336.5,4332.7001953125,4333.7998046875,4333.7998046875,364,0.0,0.0
2026-09-15 13:45:00-04:00,4334.0,4336.5,4333.7001953125,4335.60009765625,4335.60009765625,274,0.0,0.0
2026-09-15 13:50:00-04:00,4335.5,4336.89990234375,4334.5,4335.7001953125,4335.7001953125,380,0.0,0.0
2026-09-15 13:55:00-04:00,4335.7998046875,4336.2998046875,4334.7001953125,4335.2998046875,4335.2998046875,313,0.0,0.0
2026-09-15 14:00:00-04:00,4335.5,4336.2998046875,4332.89990234375,4335.2998046875,4335.2998046875,572,0.0,0.0
2026-09-15 14:05:00-04:00,4335.10009765625,4339.0,4334.89990234375,4336.7998046875,4336.7998046875,521,0.0,0.0
2026-09-15 14:10:00-04:00,4336.89990234375,4344.7001953125,4336.39990234375,4342.39990234375,4342.39990234375,1393,0.0,0.0
2026-09-15 14:15:00-04:00,4342.7998046875,4347.2001953125,4342.39990234375,4345.39990234375,4345.39990234375,1201,0.0,0.0
2026-09-15 14:20:00-04:00,4345.7001953125,4345.7001953125,4343.60009765625,4345.0,4345.0,484,0.0,0.0
2026-09-15 14:25:00-04:00,4344.7998046875,4346.60009765625,4343.7998046875,4345.0,4345.0,340,0.0,0.0
2026-09-15 14:30:00-04:00,4344.89990234375,4345.10009765625,4342.0,4343.2001953125,4343.2001953125,383,0.0,0.0
2026-09-15 14:35:00-04:00,4343.39990234375,4343.89990234375,4341.7998046875,4343.7998046875,4343.7998046875,167,0.0,0.0
2026-09-15 14:40:00-04:00,4343.5,4348.7998046875,4343.2998046875,4344.89990234375,4344.89990234375,857,0.0,0.0
2026-09-15 14:45:00-04:00,4345.10009765625,4348.39990234375,4344.2998046875,4347.0,4347.0,215,0.0,0.0
2026-09-15 14:50:00-04:00,4347.2998046875,4350.60009765625,4347.2001953125,4348.7998046875,4348.7998046875,485,0.0,0.0
2026-09-15 14:55:00-04:00,4348.7001953125,4348.7998046875,4346.5,4348.7001953125,4348.7001953125,254,0.0,0.0
2026-09-15 15:00:00-04:00,4348.7001953125,4350.7998046875,4344.7001953125,4344.7001953125,4344.7001953125,670,0.0,0.0
2026-09-15 15:05:00-04:00,4344.7998046875,4345.2001953125,4342.0,4343.7998046875,4343.7998046875,338,0.0,0.0
2026-09-15 15:10:00-04:00,4344.0,4344.39990234375,4339.89990234375,4339.89990234375,4339.89990234375,357,0.0,0.0
2026-09-15 15:15:00-04:00,4339.89990234375,4342.0,4339.10009765625,4339.7001953125,4339.7001953125,318,0.0,0.0
2026-09-15 15:20:00-04:00,4339.89990234375,4341.39990234375,4337.7998046875,4341.0,4341.0,321,0.0,0.0
2026-09-15 15:25:00-04:00,4340.7001953125,4341.60009765625,4339.7998046875,4340.89990234375,4340.89990234375,139,0.0,0.0
2026-09-15 15:30:00-04:00,4340.60009765625,4342.10009765625,4338.2998046875,4339.39990234375,4339.39990234375,198,0.0,0.0
2026-09-15 15:35:00-04:00,4339.2001953125,4339.5,4337.89990234375,4338.5,4338.5,165,0.0,0.0
2026-09-15 15:40:00-04:00,4338.10009765625,4338.5,4336.2998046875,4336.39990234375,4336.39990234375,355,0.0,0.0
2026-09-15 15:45:00-04:00,4336.10009765625,4339.60009765625,4335.89990234375,4338.5,4338.5,347,0.0,0.0
2026-09-15 15:50:00-04:00,4338.39990234375,4339.2998046875,4335.2998046875,4336.2001953125,4336.2001953125,343,0.0,0.0
2026-09-15 15:55:00-04:00,4336.10009765625,4337.7001953125,4333.7001953125,4337.2998046875,4337.2998046875,947,0.0,0.0
2026-09-15 16:00:00-04:00,4337.2998046875,4338.7998046875,4335.89990234375,4336.0,4336.0,228,0.0,0.0
2026-09-15 16:05:00-04:00,4336.10009765625,4337.89990234375,4335.5,4337.39990234375,4337.39990234375,442,0.0,0.0
2026-09-15 16:10:00-04:00,4337.7001953125,4338.39990234375,4335.2001953125,4336.10009765625,4336.10009765625,195,0.0,0.0
2026-09-15 16:15:00-04:00,4336.10009765625,4336.39990234375,4335.10009765625,4335.89990234375,4335.89990234375,109,0.0,0.0
2026-09-15 16:20:00-04:00,4335.60009765625,4336.7001953125,4334.2998046875,4334.89990234375,4334.89990234375,212,0.0,0.0
2026-09-15 16:25:00-04:00,4334.7001953125,4335.0,4333.7001953125,4334.10009765625,4334.10009765625,249,0.0,0.0
2026-09-15 16:30:00-04:00,4334.2998046875,4335.89990234375,4332.0,4332.10009765625,4332.10009765625,262,0.0,0.0
2026-09-15 16:35:00-04:00,4332.7001953125,4332.89990234375,4331.60009765625,4332.60009765625,4332.60009765625,116,0.0,0.0
2026-09-15 16:40:00-04:00,4332.39990234375,4333.2998046875,4331.89990234375,4332.7998046875,4332.7998046875,84,0.0,0.0
2026-09-15 16:45:00-04:00,4332.89990234375,4333.10009765625,4332.2001953125,4332.5,4332.5,54,0.0,0.0
2026-09-15 16:50:00-04:00,4332.39990234375,4334.2001953125,4331.7998046875,4332.7001953125,4332.7001953125,204,0.0,0.0
2026-09-15 16:55:00-04:00,4332.5,4334.2998046875,4332.5,4333.39990234375,4333.39990234375,105,0.0,0.0
2026-09-15 18:00:00-04:00,4333.5,4335.89990234375,4333.2998046875,4335.0,4335.0,0,0.0,0.0
2026-09-15 18:05:00-04:00,4334.7998046875,4335.2998046875,4334.2001953125,4335.2001953125,4335.2001953125,160,0.0,0.0
2026-09-15 18:10:00-04:00,4334.7998046875,4335.39990234375,4331.89990234375,4332.60009765625,4332.60009765625,273,0.0,0.0
2026-09-15 18:15:00-04:00,4332.7001953125,4333.7001953125,4331.39990234375,4331.39990234375,4331.39990234375,275,0.0,0.0
2026-09-15 18:20:00-04:00,4331.2998046875,4334.60009765625,4330.89990234375,4334.0,4334.0,661,0.0,0.0
2026-09-15 18:25:00-04:00,4334.0,4339.10009765625,4333.7998046875,4339.0,4339.0,1098,0.0,0.0
2026-09-15 18:30:00-04:00,4339.10009765625,4339.5,4335.60009765625,4337.7001953125,4337.7001953125,454,0.0,0.0
2026-09-15 18:35:00-04:00,4337.7001953125,4338.60009765625,4337.5,4338.0,4338.0,129,0.0,0.0
2026-09-15 18:40:00-04:00,4338.0,4338.0,4334.89990234375,4335.39990234375,4335.39990234375,130,0.0,0.0
2026-09-15 18:45:00-04:00,4335.2998046875,4335.89990234375,4334.2998046875,4334.39990234375,4334.39990234375,163,0.0,0.0
2026-09-15 18:50:00-04:00,4334.60009765625,4335.10009765625,4333.39990234375,4333.39990234375,4333.39990234375,161,0.0,0.0
2026-09-15 18:55:00-04:00,4333.5,4333.7001953125,4329.2001953125,4329.2001953125,4329.2001953125,1008,0.0,0.0
2026-09-15 19:00:00-04:00,4329.10009765625,4329.7001953125,4324.7998046875,4325.10009765625,4325.10009765625,587,0.0,0.0
2026-09-15 19:05:00-04:00,4325.39990234375,4327.5,4325.39990234375,4325.89990234375,4325.89990234375,186,0.0,0.0
2026-09-15 19:10:00-04:00,4326.10009765625,4328.7998046875,4325.39990234375,4326.39990234375,4326.39990234375,394,0.0,0.0
2026-09-15 19:15:00-04:00,4326.10009765625,4327.2998046875,4325.5,4326.89990234375,4326.89990234375,174,0.0,0.0
2026-09-15 19:20:00-04:00,4327.10009765625,4327.2998046875,4324.2998046875,4324.89990234375,4324.89990234375,187,0.0,0.0
2026-09-15 19:25:00-04:00,4325.10009765625,4326.0,4322.0,4324.39990234375,4324.39990234375,557,0.0,0.0
2026-09-15 19:30:00-04:00,4324.0,4328.10009765625,4322.89990234375,4327.0,4327.0,797,0.0,0.0
2026-09-15 19:35:00-04:00,4327.10009765625,4328.0,4323.2001953125,4325.60009765625,4325.60009765625,805,0.0,0.0
2026-09-15 19:40:00-04:00,4325.5,4326.5,4324.2998046875,4325.60009765625,4325.60009765625,249,0.0,0.0
2026-09-15 19:45:00-04:00,4325.10009765625,4327.0,4324.0,4324.0,4324.0,162,0.0,0.0
2026-09-15 19:50:00-04:00,4324.10009765625,4325.2998046875,4323.7998046875,4324.2998046875,4324.2998046875,442,0.0,0.0
2026-09-15 19:55:00-04:00,4324.0,4324.0,4321.2001953125,4323.2998046875,4323.2998046875,792,0.0,0.0
2026-09-15 20:00:00-04:00,4323.89990234375,4324.10009765625,4320.7001953125,4320.7001953125,4320.7001953125,223,0.0,0.0
2026-09-15 20:05:00-04:00,4321.10009765625,4325.10009765625,4321.10009765625,4322.0,4322.0,298,0.0,0.0
2026-09-15 20:10:00-04:00,4321.7998046875,4323.2998046875,4320.89990234375,4322.7998046875,4322.7998046875,142,0.0,0.0
2026-09-15 20:15:00-04:00,4323.10009765625,4326.0,4322.10009765625,4325.7001953125,4325.7001953125,187,0.0,0.0
2026-09-15 20:20:00-04:00,4325.7998046875,4326.5,4323.60009765625,4325.7001953125,4325.7001953125,177,0.0,0.0
2026-09-15 20:25:00-04:00,4325.39990234375,4325.60009765625,4323.60009765625,4324.39990234375,4324.39990234375,77,0.0,0.0
2026-09-15 20:30:00-04:00,4324.7998046875,4324.89990234375,4319.7001953125,4321.5,4321.5,215,0.0,0.0
2026-09-15 20:35:00-04:00,4321.7998046875,4321.89990234375,4319.7001953125,4321.39990234375,4321.39990234375,100,0.0,0.0
2026-09-15 20:40:00-04:00,4321.60009765625,4325.89990234375,4320.7998046875,4323.7001953125,4323.7001953125,577,0.0,0.0
2026-09-15 20:45:00-04:00,4323.60009765625,4325.2001953125,4322.39990234375,4323.0,4323.0,348,0.0,0.0
2026-09-15 20:50:00-04:00,4322.89990234375,4322.89990234375,4317.60009765625,4317.89990234375,4317.89990234375,617,0.0,0.0
2026-09-15 20:55:00-04:00,4318.10009765625,4318.5,4315.2001953125,4317.10009765625,4317.10009765625,748,0.0,0.0
2026-09-15 21:00:00-04:00,4317.10009765625,4324.7001953125,4316.2998046875,4319.89990234375,4319.89990234375,1197,0.0,0.0
2026-09-15 21:05:00-04:00,4319.5,4322.2998046875,4318.0,4321.39990234375,4321.39990234375,603,0.0,0.0
2026-09-15 21:10:00-04:00,4320.7001953125,4327.60009765625,4318.89990234375,4327.0,4327.0,423,0.0,0.0
2026-09-15 21:15:00-04:00,4327.10009765625,4329.7998046875,4324.10009765625,4327.0,4327.0,941,0.0,0.0
2026-09-15 21:20:00-04:00,4327.10009765625,4330.7001953125,4327.0,4330.39990234375,4330.39990234375,542,0.0,0.0
2026-09-15 21:25:00-04:00,4330.5,4333.2998046875,4328.60009765625,4330.10009765625,4330.10009765625,490,0.0,0.0
2026-09-15 21:30:00-04:00,4330.10009765625,4331.2001953125,4327.5,4328.7998046875,4328.7998046875,198,0.0,0.0
2026-09-15 21:35:00-04:00,4329.10009765625,4329.60009765625,4325.7001953125,4325.7001953125,4325.7001953125,295,0.0,0.0
2026-09-15 21:40:00-04:00,4325.60009765625,4330.2998046875,4325.2001953125,4328.10009765625,4328.10009765625,355,0.0,0.0
2026-09-15 21:45:00-04:00,4327.89990234375,4328.60009765625,4324.60009765625,4327.39990234375,4327.39990234375,353,0.0,0.0
2026-09-15 21:50:00-04:00,4327.2998046875,4328.5,4323.2998046875,4324.7998046875,4324.7998046875,484,0.0,0.0
2026-09-15 21:55:00-04:00,4324.60009765625,4326.39990234375,4319.39990234375,4321.7998046875,4321.7998046875,439,0.0,0.0
2026-09-15 22:00:00-04:00,4322.0,4327.0,4321.39990234375,4327.0,4327.0,208,0.0,0.0
2026-09-15 22:05:00-04:00,4327.2001953125,4328.89990234375,4323.89990234375,4328.60009765625,4328.60009765625,319,0.0,0.0
2026-09-15 22:10:00-04:00,4328.7998046875,4334.60009765625,4328.7998046875,4332.0,4332.0,989,0.0,0.0
2026-09-15 22:15:00-04:00,4331.7998046875,4334.7001953125,4329.7001953125,4331.2001953125,4331.2001953125,1095,0.0,0.0
2026-09-15 22:20:00-04:00,4331.2001953125,4335.2998046875,4330.39990234375,4335.2998046875,4335.2998046875,365,0.0,0.0
2026-09-15 22:25:00-04:00,4335.5,4340.5,4334.89990234375,4338.7998046875,4338.7998046875,586,0.0,0.0
2026-09-15 22:30:00-04:00,4338.89990234375,4351.89990234375,4338.2998046875,4350.5,4350.5,2033,0.0,0.0
2026-09-15 22:35:00-04:00,4350.60009765625,4356.7001953125,4349.7001953125,4351.7998046875,4351.7998046875,1538,0.0,0.0
2026-09-15 22:40:00-04:00,4351.89990234375,4354.39990234375,4351.10009765625,4351.2998046875,4351.2998046875,821,0.0,0.0
2026-09-15 22:45:00-04:00,4351.60009765625,4356.2001953125,4351.2001953125,4355.60009765625,4355.60009765625,558,0.0,0.0
2026-09-15 22:50:00-04:00,4355.89990234375,4357.39990234375,4354.0,4356.89990234375,4356.89990234375,1023,0.0,0.0
2026-09-15 22:55:00-04:00,4357.10009765625,4363.89990234375,4356.2001953125,4362.10009765625,4362.10009765625,1623,0.0,0.0
2026-09-15 23:00:00-04:00,4362.2998046875,4369.7998046875,4361.89990234375,4369.0,4369.0,1432,0.0,0.0
2026-09-15 23:05:00-04:00,4368.89990234375,4371.39990234375,4366.10009765625,4367.39990234375,4367.39990234375,1273,0.0,0.0
2026-09-15 23:10:00-04:00,4367.89990234375,4379.7001953125,4367.0,4378.0,4378.0,1774,0.0,0.0
2026-09-15 23:15:00-04:00,4378.10009765625,4380.7001953125,4376.5,4376.5,4376.5,855,0.0,0.0
2026-09-15 23:20:00-04:00,4376.7998046875,4381.89990234375,4375.7998046875,4377.2001953125,4377.2001953125,814,0.0,0.0
2026-09-15 23:25:00-04:00,4377.5,4379.0,4372.60009765625,4372.60009765625,4372.60009765625,859,0.0,0.0
2026-09-15 23:30:00-04:00,4372.5,4373.39990234375,4369.39990234375,4370.10009765625,4370.10009765625,647,0.0,0.0
2026-09-15 23:35:00-04:00,4370.2998046875,4370.2998046875,4366.89990234375,4368.0,4368.0,411,0.0,0.0
2026-09-15 23:40:00-04:00,4368.2998046875,4370.2001953125,4366.7001953125,4367.89990234375,4367.89990234375,301,0.0,0.0
2026-09-15 23:45:00-04:00,4368.0,4368.89990234375,4363.89990234375,4364.2001953125,4364.2001953125,558,0.0,0.0
2026-09-15 23:50:00-04:00,4364.2001953125,4367.5,4363.2998046875,4367.5,4367.5,268,0.0,0.0
2026-09-15 23:55:00-04:00,4366.7998046875,4368.2001953125,4366.0,4367.2001953125,4367.2001953125,136,0.0,0.0
2026-09-16 00:00:00-04:00,4368.0,4369.2001953125,4367.2001953125,4368.39990234375,4368.39990234375,200,0.0,0.0
2026-09-16 00:05:00-04:00,4368.2001953125,4368.2001953125,4366.39990234375,4367.10009765625,4367.10009765625,176,0.0,0.0
2026-09-16 00:10:00-04:00,4367.2001953125,4368.7001953125,4366.2998046875,4367.60009765625,4367.60009765625,177,0.0,0.0
2026-09-16 00:15:00-04:00,4367.89990234375,4368.2001953125,4364.0,4364.60009765625,4364.60009765625,186,0.0,0.0
2026-09-16 00:20:00-04:00,4364.7001953125,4369.2001953125,4364.5,4367.39990234375,4367.39990234375,211,0.0,0.0
2026-09-16 00:25:00-04:00,4367.2998046875,4367.89990234375,4365.7998046875,4366.60009765625,4366.60009765625,114,0.0,0.0
2026-09-16 00:30:00-04:00,4366.39990234375,4369.10009765625,4365.60009765625,4365.89990234375,4365.89990234375,157,0.0,0.0
2026-09-16 00:35:00-04:00,4366.10009765625,4366.60009765625,4365.5,4366.60009765625,4366.60009765625,71,0.0,0.0
2026-09-16 00:40:00-04:00,4366.7998046875,4367.0,4363.5,4363.7998046875,4363.7998046875,117,0.0,0.0
2026-09-16 00:45:00-04:00,4363.7001953125,4364.39990234375,4361.7001953125,4361.89990234375,4361.89990234375,245,0.0,0.0
2026-09-16 00:50:00-04:00,4361.89990234375,4362.89990234375,4361.5,4362.2001953125,4362.2001953125,100,0.0,0.0
2026-09-16 00:55:00-04:00,4362.10009765625,4363.2001953125,4361.7001953125,4362.60009765625,4362.60009765625,121,0.0,0.0
2026-09-16 01:00:00-04:00,4362.7998046875,4363.60009765625,4361.7001953125,4363.5,4363.5,145,0.0,0.0
2026-09-16 01:05:00-04:00,4363.7998046875,4365.2998046875,4363.10009765625,4364.10009765625,4364.10009765625,349,0.0,0.0
2026-09-16 01:10:00-04:00,4364.5,4365.39990234375,4361.89990234375,4362.5,4362.5,341,0.0,0.0
2026-09-16 01:15:00-04:00,4362.5,4366.7998046875,4362.39990234375,4366.5,4366.5,202,0.0,0.0
2026-09-16 01:20:00-04:00,4366.39990234375,4367.10009765625,4364.10009765625,4364.2998046875,4364.2998046875,201,0.0,0.0
2026-09-16 01:25:00-04:00,4364.39990234375,4367.7001953125,4364.0,4365.7001953125,4365.7001953125,232,0.0,0.0
2026-09-16 01:30:00-04:00,4365.89990234375,4369.89990234375,4365.0,4369.0,4369.0,548,0.0,0.0
2026-09-16 01:35:00-04:00,4369.2001953125,4371.39990234375,4367.5,4369.2001953125,4369.2001953125,354,0.0,0.0
2026-09-16 01:40:00-04:00,4369.60009765625,4373.39990234375,4368.60009765625,4373.39990234375,4373.39990234375,327,0.0,0.0
2026-09-16 01:45:00-04:00,4373.39990234375,4374.2998046875,4368.2998046875,4369.5,4369.5,381,0.0,0.0
2026-09-16 01:50:00-04:00,4369.5,4372.39990234375,4369.39990234375,4370.2001953125,4370.2001953125,245,0.0,0.0
2026-09-16 01:55:00-04:00,4369.7998046875,4371.2998046875,4366.89990234375,4366.89990234375,4366.89990234375,219,0.0,0.0
2026-09-16 02:00:00-04:00,4366.89990234375,4372.39990234375,4362.2998046875,4362.7001953125,4362.7001953125,898,0.0,0.0
2026-09-16 02:05:00-04:00,4362.7001953125,4365.39990234375,4361.7001953125,4364.39990234375,4364.39990234375,253,0.0,0.0
2026-09-16 02:10:00-04:00,4364.39990234375,4367.60009765625,4364.2998046875,4366.10009765625,4366.10009765625,273,0.0,0.0
2026-09-16 02:15:00-04:00,4366.10009765625,4367.10009765625,4365.0,4367.0,4367.0,229,0.0,0.0
2026-09-16 02:20:00-04:00,4367.2001953125,4370.39990234375,4366.7001953125,4367.89990234375,4367.89990234375,454,0.0,0.0
2026-09-16 02:25:00-04:00,4368.0,4368.10009765625,4365.7001953125,4367.0,4367.0,193,0.0,0.0
2026-09-16 02:30:00-04:00,4366.7998046875,4367.5,4364.7998046875,4365.2998046875,4365.2998046875,283,0.0,0.0
2026-09-16 02:35:00-04:00,4364.89990234375,4366.89990234375,4364.0,4365.7001953125,4365.7001953125,282,0.0,0.0
2026-09-16 02:40:00-04:00,4365.2001953125,4368.39990234375,4364.5,4368.2001953125,4368.2001953125,193,0.0,0.0
2026-09-16 02:45:00-04:00,4368.0,4368.5,4365.2001953125,4367.89990234375,4367.89990234375,282,0.0,0.0
2026-09-16 02:50:00-04:00,4368.0,4370.7001953125,4366.7998046875,4368.5,4368.5,377,0.0,0.0
2026-09-16 02:55:00-04:00,4368.39990234375,4373.39990234375,4368.39990234375,4373.2001953125,4373.2001953125,372,0.0,0.0
2026-09-16 03:00:00-04:00,4372.7001953125,4376.2001953125,4372.0,4374.7998046875,4374.7998046875,564,0.0,0.0
2026-09-16 03:05:00-04:00,4374.7998046875,4374.7998046875,4370.0,4373.5,4373.5,451,0.0,0.0
2026-09-16 03:10:00-04:00,4373.5,4375.7001953125,4371.60009765625,4375.5,4375.5,393,0.0,0.0
2026-09-16 03:15:00-04:00,4376.0,4378.0,4373.10009765625,4373.2001953125,4373.2001953125,441,0.0,0.0
2026-09-16 03:20:00-04:00,4373.2998046875,4376.2998046875,4372.2998046875,4374.7998046875,4374.7998046875,194,0.0,0.0
2026-09-16 03:25:00-04:00,4374.2998046875,4376.2001953125,4372.60009765625,4375.7998046875,4375.7998046875,174,0.0,0.0
2026-09-16 03:30:00-04:00,4375.89990234375,4377.39990234375,4374.0,4375.89990234375,4375.89990234375,261,0.0,0.0
2026-09-16 03:35:00-04:00,4376.0,4378.7998046875,4375.89990234375,4377.89990234375,4377.89990234375,322,0.0,0.0
2026-09-16 03:40:00-04:00,4378.2998046875,4379.10009765625,4374.5,4375.7998046875,4375.7998046875,468,0.0,0.0
2026-09-16 03:45:00-04:00,4376.10009765625,4377.7001953125,4373.5,4373.60009765625,4373.60009765625,462,0.0,0.0
2026-09-16 03:50:00-04:00,4373.7001953125,4373.89990234375,4368.7998046875,4369.10009765625,4369.10009765625,565,0.0,0.0
2026-09-16 03:55:00-04:00,4368.7998046875,4370.2998046875,4368.2001953125,4369.0,4369.0,482,0.0,0.0
2026-09-16 04:00:00-04:00,4369.0,4369.2998046875,4364.39990234375,4365.60009765625,4365.60009765625,937,0.0,0.0
2026-09-16 04:05:00-04:00,4365.7998046875,4366.10009765625,4363.60009765625,4365.0,4365.0,337,0.0,0.0
2026-09-16 04:10:00-04:00,4364.60009765625,4367.7001953125,4362.60009765625,4367.39990234375,4367.39990234375,613,0.0,0.0
2026-09-16 04:15:00-04:00,4367.10009765625,4375.5,4366.39990234375,4372.2001953125,4372.2001953125,1649,0.0,0.0
2026-09-16 04:20:00-04:00,4372.10009765625,4377.7001953125,4371.0,4374.7998046875,4374.7998046875,1098,0.0,0.0
2026-09-16 04:25:00-04:00,4374.7001953125,4375.10009765625,4373.10009765625,4374.2998046875,4374.2998046875,361,0.0,0.0
2026-09-16 04:30:00-04:00,4374.39990234375,4374.60009765625,4366.2998046875,4368.7998046875,4368.7998046875,675,0.0,0.0
2026-09-16 04:35:00-04:00,4368.89990234375,4369.7998046875,4364.7001953125,4365.10009765625,4365.10009765625,476,0.0,0.0
2026-09-16 04:40:00-04:00,4365.2998046875,4369.2001953125,4363.89990234375,4368.7998046875,4368.7998046875,254,0.0,0.0
2026-09-16 04:45:00-04:00,4368.89990234375,4369.60009765625,4367.60009765625,4367.7001953125,4367.7001953125,316,0.0,0.0
2026-09-16 04:50:00-04:00,4367.2998046875,4370.7998046875,4365.2001953125,4369.7998046875,4369.7998046875,480,0.0,0.0
2026-09-16 04:55:00-04:00,4369.7998046875,4372.2001953125,4369.5,4371.10009765625,4371.10009765625,376,0.0,0.0
2026-09-16 05:00:00-04:00,4371.2001953125,4373.10009765625,4370.5,4371.5,4371.5,369,0.0,0.0
2026-09-16 05:05:00-04:00,4372.10009765625,4373.2998046875,4370.60009765625,4372.10009765625,4372.10009765625,178,0.0,0.0
2026-09-16 05:10:00-04:00,4372.2998046875,4373.5,4371.5,4372.7998046875,4372.7998046875,485,0.0,0.0
2026-09-16 05:15:00-04:00,4373.0,4375.0,4369.89990234375,4370.89990234375,4370.89990234375,623,0.0,0.0
2026-09-16 05:20:00-04:00,4370.7001953125,4371.7001953125,4368.2998046875,4368.39990234375,4368.39990234375,377,0.0,0.0
2026-09-16 05:25:00-04:00,4368.2998046875,4374.5,4368.2998046875,4370.60009765625,4370.60009765625,1101,0.0,0.0
2026-09-16 05:30:00-04:00,4370.2998046875,4376.2998046875,4370.2998046875,4374.7998046875,4374.7998046875,826,0.0,0.0
2026-09-16 05:35:00-04:00,4374.89990234375,4377.0,4373.7998046875,4376.0,4376.0,475,0.0,0.0
2026-09-16 05:40:00-04:00,4375.60009765625,4378.39990234375,4374.89990234375,4376.10009765625,4376.10009765625,586,0.0,0.0
2026-09-16 05:45:00-04:00,4376.10009765625,4376.5,4372.2001953125,4375.39990234375,4375.39990234375,368,0.0,0.0
2026-09-16 05:50:00-04:00,4376.10009765625,4376.89990234375,4375.10009765625,4376.39990234375,4376.39990234375,354,0.0,0.0
2026-09-16 05:55:00-04:00,4376.39990234375,4380.2998046875,4375.7998046875,4379.10009765625,4379.10009765625,581,0.0,0.0
2026-09-16 06:00:00-04:00,4379.10009765625,4383.0,4379.0,4380.0,4380.0,979,0.0,0.0
2026-09-16 06:05:00-04:00,4380.2001953125,4386.89990234375,4378.60009765625,4386.39990234375,4386.39990234375,1223,0.0,0.0
2026-09-16 06:10:00-04:00,4386.5,4390.2001953125,4382.89990234375,4383.7998046875,4383.7998046875,2365,0.0,0.0
2026-09-16 06:15:00-04:00,4384.0,4385.5,4382.7001953125,4384.2001953125,4384.2001953125,547,0.0,0.0
2026-09-16 06:20:00-04:00,4383.89990234375,4387.2998046875,4382.7998046875,4383.39990234375,4383.39990234375,454,0.0,0.0
2026-09-16 06:25:00-04:00,4383.2001953125,4390.0,4382.0,4389.2998046875,4389.2998046875,1135,0.0,0.0
2026-09-16 06:30:00-04:00,4389.39990234375,4389.7998046875,4386.89990234375,4389.2001953125,4389.2001953125,441,0.0,0.0
2026-09-16 06:35:00-04:00,4388.89990234375,4390.60009765625,4387.7998046875,4388.89990234375,4388.89990234375,350,0.0,0.0
2026-09-16 06:40:00-04:00,4389.0,4390.5,4388.60009765625,4390.2001953125,4390.2001953125,445,0.0,0.0
2026-09-16 06:45:00-04:00,4390.10009765625,4390.60009765625,4389.0,4389.89990234375,4389.89990234375,315,0.0,0.0
2026-09-16 06:50:00-04:00,4389.7998046875,4389.7998046875,4386.60009765625,4387.10009765625,4387.10009765625,446,0.0,0.0
2026-09-16 06:55:00-04:00,4387.2998046875,4393.0,4387.0,4391.89990234375,4391.89990234375,598,0.0,0.0
2026-09-16 07:00:00-04:00,4392.0,4394.5,4389.60009765625,4391.2001953125,4391.2001953125,1555,0.0,0.0
2026-09-16 07:05:00-04:00,4391.2001953125,4392.39990234375,4389.60009765625,4390.89990234375,4390.89990234375,664,0.0,0.0
2026-09-16 07:10:00-04:00,4390.5,4392.10009765625,4387.89990234375,4388.10009765625,4388.10009765625,658,0.0,0.0
2026-09-16 07:15:00-04:00,4388.0,4389.2998046875,4387.39990234375,4388.7998046875,4388.7998046875,291,0.0,0.0
2026-09-16 07:20:00-04:00,4388.60009765625,4390.10009765625,4387.39990234375,4389.60009765625,4389.60009765625,491,0.0,0.0
2026-09-16 07:25:00-04:00,4389.60009765625,4394.7998046875,4388.89990234375,4391.7998046875,4391.7998046875,965,0.0,0.0
2026-09-16 07:30:00-04:00,4391.7001953125,4392.60009765625,4389.7998046875,4392.0,4392.0,364,0.0,0.0
2026-09-16 07:35:00-04:00,4391.7998046875,4394.2001953125,4389.7001953125,4391.7001953125,4391.7001953125,510,0.0,0.0
2026-09-16 07:40:00-04:00,4391.7998046875,4392.10009765625,4388.2001953125,4390.89990234375,4390.89990234375,720,0.0,0.0
2026-09-16 07:45:00-04:00,4391.2998046875,4391.7998046875,4388.0,4388.2001953125,4388.2001953125,359,0.0,0.0
2026-09-16 07:50:00-04:00,4388.2001953125,4389.10009765625,4386.5,4388.39990234375,4388.39990234375,451,0.0,0.0
2026-09-16 07:55:00-04:00,4388.5,4389.2998046875,4382.7001953125,4382.7998046875,4382.7998046875,630,0.0,0.0
2026-09-16 08:00:00-04:00,4382.7998046875,4384.89990234375,4381.60009765625,4384.10009765625,4384.10009765625,669,0.0,0.0
2026-09-16 08:05:00-04:00,4384.0,4389.2998046875,4383.2998046875,4389.0,4389.0,1071,0.0,0.0
2026-09-16 08:10:00-04:00,4388.7998046875,4388.89990234375,4384.10009765625,4384.5,4384.5,734,0.0,0.0
2026-09-16 08:15:00-04:00,4384.2998046875,4386.60009765625,4381.5,4383.2998046875,4383.2998046875,900,0.0,0.0
2026-09-16 08:20:00-04:00,4383.2001953125,4383.2001953125,4378.60009765625,4379.5,4379.5,1077,0.0,0.0
2026-09-16 08:25:00-04:00,4379.7001953125,4382.2001953125,4379.2998046875,4381.0,4381.0,521,0.0,0.0
2026-09-16 08:30:00-04:00,4380.7001953125,4383.2998046875,4375.0,4382.10009765625,4382.10009765625,1157,0.0,0.0
2026-09-16 08:35:00-04:00,4382.5,4385.39990234375,4379.60009765625,4384.7001953125,4384.7001953125,658,0.0,0.0
2026-09-16 08:40:00-04:00,4384.5,4386.2001953125,4382.60009765625,4384.60009765625,4384.60009765625,619,0.0,0.0
2026-09-16 08:45:00-04:00,4384.60009765625,4388.10009765625,4383.7001953125,4387.2001953125,4387.2001953125,657,0.0,0.0
2026-09-16 08:50:00-04:00,4387.2001953125,4389.0,4383.60009765625,4386.2001953125,4386.2001953125,860,0.0,0.0
2026-09-16 08:55:00-04:00,4386.10009765625,4390.10009765625,4385.39990234375,4388.39990234375,4388.39990234375,902,0.0,0.0
2026-09-16 09:00:00-04:00,4388.5,4391.2998046875,4386.89990234375,4387.7998046875,4387.7998046875,1110,0.0,0.0
2026-09-16 09:05:00-04:00,4387.7001953125,4391.5,4385.0,4389.5,4389.5,1402,0.0,0.0
2026-09-16 09:10:00-04:00,4389.7001953125,4398.60009765625,4389.10009765625,4397.7001953125,4397.7001953125,1560,0.0,0.0
2026-09-16 09:15:00-04:00,4398.0,4402.89990234375,4394.39990234375,4394.60009765625,4394.60009765625,1701,0.0,0.0
2026-09-16 09:20:00-04:00,4394.60009765625,4397.2001953125,4390.60009765625,4395.0,4395.0,1147,0.0,0.0
2026-09-16 09:25:00-04:00,4395.2001953125,4396.60009765625,4392.7998046875,4393.2001953125,4393.2001953125,464,0.0,0.0
2026-09-16 09:30:00-04:00,4393.10009765625,4395.5,4389.2998046875,4389.7998046875,4389.7998046875,1278,0.0,0.0
2026-09-16 09:35:00-04:00,4389.89990234375,4391.5,4386.39990234375,4387.0,4387.0,1110,0.0,0.0
2026-09-16 09:40:00-04:00,4386.89990234375,4388.39990234375,4381.60009765625,4381.60009765625,4381.60009765625,1092,0.0,0.0
2026-09-16 09:45:00-04:00,4381.7001953125,4387.10009765625,4381.60009765625,4384.10009765625,4384.10009765625,976,0.0,0.0
2026-09-16 09:50:00-04:00,4384.10009765625,4386.39990234375,4378.89990234375,4379.7001953125,4379.7001953125,737,0.0,0.0
2026-09-16 09:55:00-04:00,4379.7001953125,4380.60009765625,4376.2998046875,4379.89990234375,4379.89990234375,1184,0.0,0.0
2026-09-16 10:00:00-04:00,4379.89990234375,4380.7001953125,4370.0,4370.2001953125,4370.2001953125,2310,0.0,0.0
2026-09-16 10:05:00-04:00,4370.2001953125,4372.2001953125,4364.5,4371.2001953125,4371.2001953125,2825,0.0,0.0
2026-09-16 10:10:00-04:00,4371.2001953125,4381.89990234375,4371.0,4381.7001953125,4381.7001953125,2643,0.0,0.0
2026-09-16 10:15:00-04:00,4381.7001953125,4382.89990234375,4373.7001953125,4374.2001953125,4374.2001953125,1480,0.0,0.0
2026-09-16 10:20:00-04:00,4374.10009765625,4377.5,4372.39990234375,4374.39990234375,4374.39990234375,835,0.0,0.0
2026-09-16 10:25:00-04:00,4374.60009765625,4379.89990234375,4373.60009765625,4379.7001953125,4379.7001953125,754,0.0,0.0
2026-09-16 10:30:00-04:00,4379.60009765625,4380.2001953125,4376.0,4378.5,4378.5,695,0.0,0.0
2026-09-16 10:35:00-04:00,4378.39990234375,4384.2998046875,4378.39990234375,4382.7001953125,4382.7001953125,718,0.0,0.0
2026-09-16 10:40:00-04:00,4382.7001953125,4387.89990234375,4381.7998046875,4387.39990234375,4387.39990234375,846,0.0,0.0
2026-09-16 10:45:00-04:00,4387.5,4392.7001953125,4386.89990234375,4392.2998046875,4392.2998046875,1431,0.0,0.0
2026-09-16 10:50:00-04:00,4392.39990234375,4396.5,4390.0,4390.2001953125,4390.2001953125,1514,0.0,0.0
2026-09-16 10:55:00-04:00,4390.39990234375,4398.10009765625,4389.39990234375,4397.2998046875,4397.2998046875,1076,0.0,0.0
2026-09-16 11:00:00-04:00,4397.2001953125,4399.89990234375,4392.60009765625,4392.7998046875,4392.7998046875,1249,0.0,0.0
2026-09-16 11:05:00-04:00,4392.89990234375,4400.2001953125,4391.89990234375,4399.2001953125,4399.2001953125,1570,0.0,0.0
2026-09-16 11:10:00-04:00,4399.2998046875,4400.10009765625,4395.0,4395.2001953125,4395.2001953125,1008,0.0,0.0
2026-09-16 11:15:00-04:00,4395.39990234375,4397.2998046875,4393.2998046875,4395.7998046875,4395.7998046875,841,0.0,0.0
2026-09-16 11:20:00-04:00,4395.2998046875,4395.89990234375,4391.60009765625,4391.89990234375,4391.89990234375,641,0.0,0.0
2026-09-16 11:25:00-04:00,4392.10009765625,4392.10009765625,4385.89990234375,4386.10009765625,4386.10009765625,1086,0.0,0.0
2026-09-16 11:30:00-04:00,4386.2001953125,4390.60009765625,4384.5,4389.7998046875,4389.7998046875,1043,0.0,0.0
2026-09-16 11:35:00-04:00,4390.0,4394.60009765625,4389.10009765625,4392.10009765625,4392.10009765625,635,0.0,0.0
2026-09-16 11:40:00-04:00,4392.2998046875,4393.10009765625,4391.39990234375,4392.5,4392.5,424,0.0,0.0
2026-09-16 11:45:00-04:00,4392.60009765625,4405.2001953125,4392.0,4395.0,4395.0,3159,0.0,0.0
2026-09-16 11:50:00-04:00,4395.5,4397.39990234375,4392.2001953125,4393.7001953125,4393.7001953125,759,0.0,0.0
2026-09-16 11:55:00-04:00,4393.7001953125,4395.7001953125,4392.0,4394.7001953125,4394.7001953125,447,0.0,0.0
2026-09-16 12:00:00-04:00,4394.89990234375,4395.0,4389.89990234375,4389.89990234375,4389.89990234375,598,0.0,0.0
2026-09-16 12:05:00-04:00,4390.10009765625,4391.60009765625,4388.5,4391.5,4391.5,337,0.0,0.0
2026-09-16 12:10:00-04:00,4391.7998046875,4393.2001953125,4390.2001953125,4392.0,4392.0,445,0.0,0.0
2026-09-16 12:15:00-04:00,4392.0,4394.10009765625,4390.89990234375,4391.5,4391.5,364,0.0,0.0
2026-09-16 12:20:00-04:00,4391.39990234375,4392.0,4388.60009765625,4389.5,4389.5,343,0.0,0.0
2026-09-16 12:25:00-04:00,4389.5,4390.2001953125,4386.10009765625,4387.7998046875,4387.7998046875,741,0.0,0.0
2026-09-16 12:30:00-04:00,4387.7001953125,4390.2998046875,4386.7998046875,4389.89990234375,4389.89990234375,592,0.0,0.0
2026-09-16 12:35:00-04:00,4389.60009765625,4390.2998046875,4387.2001953125,4388.89990234375,4388.89990234375,535,0.0,0.0
2026-09-16 12:40:00-04:00,4388.89990234375,4390.2001953125,4388.7001953125,4389.39990234375,4389.39990234375,266,0.0,0.0
2026-09-16 12:45:00-04:00,4389.2998046875,4390.60009765625,4388.10009765625,4388.10009765625,4388.10009765625,229,0.0,0.0
2026-09-16 12:50:00-04:00,4387.7001953125,4387.7998046875,4385.2998046875,4387.60009765625,4387.60009765625,964,0.0,0.0
2026-09-16 12:55:00-04:00,4387.5,4389.2998046875,4387.2998046875,4388.5,4388.5,306,0.0,0.0
2026-09-16 13:00:00-04:00,4388.2998046875,4388.5,4384.7998046875,4386.7001953125,4386.7001953125,916,0.0,0.0
2026-09-16 13:05:00-04:00,4386.60009765625,4387.5,4384.7001953125,4385.10009765625,4385.10009765625,379,0.0,0.0
2026-09-16 13:10:00-04:00,4385.10009765625,4385.5,4383.39990234375,4385.10009765625,4385.10009765625,377,0.0,0.0
2026-09-16 13:15:00-04:00,4385.10009765625,4386.7001953125,4384.60009765625,4386.2001953125,4386.2001953125,775,0.0,0.0
2026-09-16 13:20:00-04:00,4386.2998046875,4386.60009765625,4383.89990234375,4385.89990234375,4385.89990234375,468,0.0,0.0
2026-09-16 13:25:00-04:00,4386.0,4389.0,4385.7001953125,4388.2001953125,4388.2001953125,1056,0.0,0.0
2026-09-16 13:30:00-04:00,4388.39990234375,4391.60009765625,4387.60009765625,4390.5,4390.5,680,0.0,0.0
2026-09-16 13:35:00-04:00,4390.5,4390.89990234375,4385.0,4385.39990234375,4385.39990234375,767,0.0,0.0
2026-09-16 13:40:00-04:00,4385.2998046875,4386.7998046875,4385.0,4385.2998046875,4385.2998046875,388,0.0,0.0
2026-09-16 13:45:00-04:00,4385.7998046875,4386.89990234375,4384.10009765625,4386.10009765625,4386.10009765625,554,0.0,0.0
2026-09-16 13:50:00-04:00,4386.10009765625,4391.89990234375,4385.7998046875,4389.89990234375,4389.89990234375,1472,0.0,0.0
2026-09-16 13:55:00-04:00,4389.7998046875,4413.10009765625,4389.39990234375,4399.0,4399.0,1403,0.0,0.0
2026-09-16 14:00:00-04:00,4404.2001953125,4412.0,4355.2001953125,4366.5,4366.5,10866,0.0,0.0
2026-09-16 14:05:00-04:00,4366.39990234375,4387.5,4366.39990234375,4372.89990234375,4372.89990234375,3819,0.0,0.0
2026-09-16 14:10:00-04:00,4373.39990234375,4376.10009765625,4349.10009765625,4352.0,4352.0,4622,0.0,0.0
2026-09-16 14:15:00-04:00,4351.7998046875,4363.7001953125,4347.89990234375,4360.2998046875,4360.2998046875,3591,0.0,0.0
2026-09-16 14:20:00-04:00,4359.7998046875,4365.7998046875,4355.10009765625,4356.39990234375,4356.39990234375,1883,0.0,0.0
2026-09-16 14:25:00-04:00,4356.60009765625,4364.5,4353.5,4363.89990234375,4363.89990234375,1376,0.0,0.0
2026-09-16 14:30:00-04:00,4363.5,4365.0,4321.10009765625,4325.39990234375,4325.39990234375,7157,0.0,0.0
2026-09-16 14:35:00-04:00,4325.10009765625,4332.7001953125,4298.89990234375,4331.89990234375,4331.89990234375,8268,0.0,0.0
2026-09-16 14:40:00-04:00,4331.39990234375,4351.7998046875,4325.7998046875,4341.60009765625,4341.60009765625,4725,0.0,0.0
2026-09-16 14:45:00-04:00,4341.60009765625,4347.7998046875,4331.5,4334.2001953125,4334.2001953125,3013,0.0,0.0
2026-09-16 14:50:00-04:00,4334.2001953125,4337.39990234375,4304.0,4306.39990234375,4306.39990234375,4417,0.0,0.0
2026-09-16 14:55:00-04:00,4306.39990234375,4313.2998046875,4296.2001953125,4301.2998046875,4301.2998046875,4191,0.0,0.0
2026-09-16 15:00:00-04:00,4301.0,4326.89990234375,4300.0,4313.2998046875,4313.2998046875,4344,0.0,0.0
2026-09-16 15:05:00-04:00,4313.0,4313.2998046875,4288.0,4289.7998046875,4289.7998046875,6211,0.0,0.0
2026-09-16 15:10:00-04:00,4289.7001953125,4291.89990234375,4273.2998046875,4291.7001953125,4291.7001953125,6239,0.0,0.0
2026-09-16 15:15:00-04:00,4291.7998046875,4296.10009765625,4279.2998046875,4286.89990234375,4286.89990234375,2504,0.0,0.0
2026-09-16 15:20:00-04:00,4287.10009765625,4291.7998046875,4283.2001953125,4291.60009765625,4291.60009765625,1394,0.0,0.0
2026-09-16 15:25:00-04:00,4291.60009765625,4296.7998046875,4278.7001953125,4292.60009765625,4292.60009765625,1687,0.0,0.0
2026-09-16 15:30:00-04:00,4292.89990234375,4302.7998046875,4292.5,4302.60009765625,4302.60009765625,1876,0.0,0.0
2026-09-16 15:35:00-04:00,4302.7001953125,4305.10009765625,4295.7001953125,4302.7998046875,4302.7998046875,1194,0.0,0.0
2026-09-16 15:40:00-04:00,4302.5,4310.2001953125,4300.39990234375,4304.10009765625,4304.10009765625,1271,0.0,0.0
2026-09-16 15:45:00-04:00,4303.5,4310.89990234375,4303.5,4308.5,4308.5,1104,0.0,0.0
2026-09-16 15:50:00-04:00,4308.89990234375,4315.5,4306.7001953125,4312.2998046875,4312.2998046875,1631,0.0,0.0
2026-09-16 15:55:00-04:00,4312.39990234375,4313.2001953125,4307.7001953125,4311.39990234375,4311.39990234375,969,0.0,0.0
2026-09-16 16:00:00-04:00,4311.2001953125,4312.89990234375,4306.7001953125,4309.7998046875,4309.7998046875,781,0.0,0.0
2026-09-16 16:05:00-04:00,4309.5,4311.2998046875,4305.10009765625,4306.7001953125,4306.7001953125,421,0.0,0.0
2026-09-16 16:10:00-04:00,4306.89990234375,4307.10009765625,4302.89990234375,4304.2998046875,4304.2998046875,469,0.0,0.0
2026-09-16 16:15:00-04:00,4304.5,4307.60009765625,4303.0,4305.7998046875,4305.7998046875,170,0.0,0.0
2026-09-16 16:20:00-04:00,4305.7998046875,4305.7998046875,4300.10009765625,4300.2998046875,4300.2998046875,261,0.0,0.0
2026-09-16 16:25:00-04:00,4300.2998046875,4300.7998046875,4296.89990234375,4299.7998046875,4299.7998046875,463,0.0,0.0
2026-09-16 16:30:00-04:00,4299.7001953125,4301.60009765625,4297.60009765625,4301.0,4301.0,181,0.0,0.0
2026-09-16 16:35:00-04:00,4300.7998046875,4304.10009765625,4298.7998046875,4304.10009765625,4304.10009765625,317,0.0,0.0
2026-09-16 16:40:00-04:00,4303.7998046875,4304.7001953125,4300.89990234375,4301.60009765625,4301.60009765625,170,0.0,0.0
2026-09-16 16:45:00-04:00,4301.7998046875,4305.5,4301.7001953125,4304.7001953125,4304.7001953125,201,0.0,0.0
2026-09-16 16:50:00-04:00,4304.7001953125,4304.89990234375,4299.89990234375,4301.60009765625,4301.60009765625,161,0.0,0.0
2026-09-16 16:55:00-04:00,4301.5,4303.39990234375,4301.2998046875,4302.5,4302.5,126,0.0,0.0
2026-09-16 18:00:00-04:00,4301.39990234375,4302.7001953125,4296.60009765625,4297.5,4297.5,0,0.0,0.0
2026-09-16 18:05:00-04:00,4297.7001953125,4299.7998046875,4296.2998046875,4298.2998046875,4298.2998046875,271,0.0,0.0
2026-09-16 18:10:00-04:00,4298.10009765625,4299.0,4296.0,4296.10009765625,4296.10009765625,255,0.0,0.0
2026-09-16 18:15:00-04:00,4296.2998046875,4296.7998046875,4294.5,4296.7001953125,4296.7001953125,272,0.0,0.0
2026-09-16 18:20:00-04:00,4296.39990234375,4299.2001953125,4296.39990234375,4298.2998046875,4298.2998046875,171,0.0,0.0
2026-09-16 18:25:00-04:00,4298.10009765625,4300.60009765625,4298.10009765625,4299.10009765625,4299.10009765625,260,0.0,0.0
2026-09-16 18:30:00-04:00,4299.2998046875,4307.39990234375,4299.0,4306.89990234375,4306.89990234375,615,0.0,0.0
2026-09-16 18:35:00-04:00,4306.89990234375,4314.0,4306.2001953125,4312.60009765625,4312.60009765625,1152,0.0,0.0
2026-09-16 18:40:00-04:00,4312.7001953125,4312.7998046875,4310.39990234375,4310.7001953125,4310.7001953125,101,0.0,0.0
2026-09-16 18:45:00-04:00,4311.2001953125,4311.7001953125,4307.7998046875,4308.0,4308.0,149,0.0,0.0
2026-09-16 18:50:00-04:00,4307.7998046875,4307.7998046875,4303.2001953125,4305.2998046875,4305.2998046875,454,0.0,0.0
2026-09-16 18:55:00-04:00,4305.39990234375,4309.7001953125,4304.0,4304.7001953125,4304.7001953125,498,0.0,0.0
2026-09-16 19:00:00-04:00,4304.0,4306.10009765625,4300.2001953125,4303.2998046875,4303.2998046875,832,0.0,0.0
2026-09-16 19:05:00-04:00,4303.5,4303.7001953125,4296.7998046875,4302.5,4302.5,766,0.0,0.0
2026-09-16 19:10:00-04:00,4302.5,4305.0,4299.0,4300.39990234375,4300.39990234375,507,0.0,0.0
2026-09-16 19:15:00-04:00,4300.7998046875,4308.60009765625,4300.0,4306.2998046875,4306.2998046875,402,0.0,0.0
2026-09-16 19:20:00-04:00,4307.10009765625,4311.10009765625,4307.10009765625,4308.5,4308.5,316,0.0,0.0
2026-09-16 19:25:00-04:00,4309.2998046875,4310.10009765625,4307.5,4309.7998046875,4309.7998046875,206,0.0,0.0
2026-09-16 19:30:00-04:00,4309.89990234375,4311.2998046875,4309.10009765625,4309.2998046875,4309.2998046875,183,0.0,0.0
2026-09-16 19:35:00-04:00,4308.7001953125,4309.5,4306.39990234375,4309.10009765625,4309.10009765625,168,0.0,0.0
2026-09-16 19:40:00-04:00,4308.7001953125,4313.0,4307.0,4311.5,4311.5,704,0.0,0.0
2026-09-16 19:45:00-04:00,4311.7001953125,4313.60009765625,4309.39990234375,4311.60009765625,4311.60009765625,419,0.0,0.0
2026-09-16 19:50:00-04:00,4311.7001953125,4313.7001953125,4309.2998046875,4310.10009765625,4310.10009765625,343,0.0,0.0
2026-09-16 19:55:00-04:00,4310.10009765625,4311.60009765625,4309.5,4309.7001953125,4309.7001953125,176,0.0,0.0
2026-09-16 20:00:00-04:00,4309.7998046875,4310.39990234375,4304.39990234375,4307.39990234375,4307.39990234375,499,0.0,0.0
2026-09-16 20:05:00-04:00,4307.89990234375,4315.7998046875,4307.60009765625,4315.7998046875,4315.7998046875,557,0.0,0.0
2026-09-16 20:10:00-04:00,4316.0,4324.7998046875,4316.0,4322.7998046875,4322.7998046875,1040,0.0,0.0
2026-09-16 20:15:00-04:00,4322.60009765625,4324.5,4319.5,4322.7998046875,4322.7998046875,488,0.0,0.0
2026-09-16 20:20:00-04:00,4322.5,4327.7001953125,4322.39990234375,4324.2998046875,4324.2998046875,799,0.0,0.0
2026-09-16 20:25:00-04:00,4324.5,4325.0,4321.5,4322.7998046875,4322.7998046875,480,0.0,0.0
2026-09-16 20:30:00-04:00,4322.5,4327.10009765625,4320.39990234375,4322.89990234375,4322.89990234375,341,0.0,0.0
2026-09-16 20:35:00-04:00,4323.2998046875,4327.2001953125,4321.89990234375,4325.89990234375,4325.89990234375,294,0.0,0.0
2026-09-16 20:40:00-04:00,4326.10009765625,4330.39990234375,4325.60009765625,4327.0,4327.0,572,0.0,0.0
2026-09-16 20:45:00-04:00,4327.0,4327.39990234375,4322.5,4322.7998046875,4322.7998046875,207,0.0,0.0
2026-09-16 20:50:00-04:00,4323.0,4323.89990234375,4317.0,4318.0,4318.0,466,0.0,0.0
2026-09-16 20:55:00-04:00,4318.5,4320.5,4315.2001953125,4318.5,4318.5,932,0.0,0.0
2026-09-16 21:00:00-04:00,4318.39990234375,4336.7998046875,4318.39990234375,4335.39990234375,4335.39990234375,2666,0.0,0.0
2026-09-16 21:05:00-04:00,4335.2001953125,4348.7001953125,4334.89990234375,4341.60009765625,4341.60009765625,1600,0.0,0.0
2026-09-16 21:10:00-04:00,4341.2998046875,4341.39990234375,4332.89990234375,4337.10009765625,4337.10009765625,996,0.0,0.0
2026-09-16 21:15:00-04:00,4336.7001953125,4345.0,4336.2998046875,4340.7998046875,4340.7998046875,598,0.0,0.0
2026-09-16 21:20:00-04:00,4340.5,4348.7001953125,4339.60009765625,4348.0,4348.0,524,0.0,0.0
2026-09-16 21:25:00-04:00,4348.2998046875,4350.89990234375,4346.10009765625,4348.10009765625,4348.10009765625,826,0.0,0.0
2026-09-16 21:30:00-04:00,4347.39990234375,4353.5,4346.60009765625,4352.0,4352.0,613,0.0,0.0
2026-09-16 21:35:00-04:00,4352.0,4356.2001953125,4348.7998046875,4349.89990234375,4349.89990234375,995,0.0,0.0
2026-09-16 21:40:00-04:00,4350.0,4350.89990234375,4346.89990234375,4347.10009765625,4347.10009765625,742,0.0,0.0
2026-09-16 21:45:00-04:00,4347.0,4349.7998046875,4344.5,4349.0,4349.0,709,0.0,0.0
2026-09-16 21:50:00-04:00,4348.5,4349.2001953125,4342.89990234375,4343.2998046875,4343.2998046875,322,0.0,0.0
2026-09-16 21:55:00-04:00,4343.2001953125,4343.7998046875,4335.7998046875,4337.89990234375,4337.89990234375,635,0.0,0.0
2026-09-16 22:00:00-04:00,4338.2001953125,4338.89990234375,4335.5,4336.60009765625,4336.60009765625,483,0.0,0.0
2026-09-16 22:05:00-04:00,4336.2001953125,4337.10009765625,4323.0,4325.0,4325.0,1397,0.0,0.0
2026-09-16 22:10:00-04:00,4325.0,4327.39990234375,4319.0,4325.5,4325.5,840,0.0,0.0
2026-09-16 22:15:00-04:00,4325.7001953125,4330.7001953125,4325.2998046875,4330.39990234375,4330.39990234375,547,0.0,0.0
2026-09-16 22:20:00-04:00,4330.5,4331.2998046875,4328.2001953125,4328.7001953125,4328.7001953125,326,0.0,0.0
2026-09-16 22:25:00-04:00,4328.7998046875,4330.60009765625,4327.7998046875,4330.10009765625,4330.10009765625,237,0.0,0.0
2026-09-16 22:30:00-04:00,4330.10009765625,4331.10009765625,4323.2001953125,4323.7998046875,4323.7998046875,584,0.0,0.0
2026-09-16 22:35:00-04:00,4324.2998046875,4325.0,4321.39990234375,4321.89990234375,4321.89990234375,476,0.0,0.0
2026-09-16 22:40:00-04:00,4321.5,4329.0,4319.7001953125,4326.60009765625,4326.60009765625,520,0.0,0.0
2026-09-16 22:45:00-04:00,4326.7001953125,4327.7001953125,4320.7001953125,4321.89990234375,4321.89990234375,396,0.0,0.0
2026-09-16 22:50:00-04:00,4321.60009765625,4322.0,4312.60009765625,4314.39990234375,4314.39990234375,717,0.0,0.0
2026-09-16 22:55:00-04:00,4314.10009765625,4318.89990234375,4312.0,4315.2001953125,4315.2001953125,535,0.0,0.0
2026-09-16 23:00:00-04:00,4315.2001953125,4321.0,4315.2001953125,4320.60009765625,4320.60009765625,480,0.0,0.0
2026-09-16 23:05:00-04:00,4320.5,4324.5,4319.10009765625,4322.89990234375,4322.89990234375,267,0.0,0.0
2026-09-16 23:10:00-04:00,4322.89990234375,4324.0,4320.10009765625,4322.89990234375,4322.89990234375,263,0.0,0.0
2026-09-16 23:15:00-04:00,4323.10009765625,4325.0,4321.39990234375,4324.5,4324.5,178,0.0,0.0
2026-09-16 23:20:00-04:00,4324.60009765625,4324.60009765625,4321.0,4323.60009765625,4323.60009765625,115,0.0,0.0
2026-09-16 23:25:00-04:00,4324.0,4325.0,4323.0,4323.7998046875,4323.7998046875,129,0.0,0.0
2026-09-16 23:30:00-04:00,4323.7998046875,4330.2998046875,4323.7998046875,4328.2001953125,4328.2001953125,475,0.0,0.0
2026-09-16 23:35:00-04:00,4328.60009765625,4331.7998046875,4327.89990234375,4330.2998046875,4330.2998046875,300,0.0,0.0
2026-09-16 23:40:00-04:00,4330.7001953125,4334.60009765625,4329.89990234375,4334.10009765625,4334.10009765625,447,0.0,0.0
2026-09-16 23:45:00-04:00,4334.5,4335.10009765625,4332.2001953125,4334.10009765625,4334.10009765625,405,0.0,0.0
2026-09-16 23:50:00-04:00,4334.0,4335.2001953125,4332.7001953125,4335.0,4335.0,203,0.0,0.0
2026-09-16 23:55:00-04:00,4334.7998046875,4336.0,4334.0,4335.39990234375,4335.39990234375,212,0.0,0.0
2026-09-17 00:00:00-04:00,4334.2001953125,4334.60009765625,4332.39990234375,4332.7998046875,4332.7998046875,113,0.0,0.0
2026-09-17 00:05:00-04:00,4332.60009765625,4335.10009765625,4331.7001953125,4334.7998046875,4334.7998046875,261,0.0,0.0
2026-09-17 00:10:00-04:00,4334.7001953125,4334.7001953125,4331.2001953125,4332.2001953125,4332.2001953125,163,0.0,0.0
2026-09-17 00:15:00-04:00,4332.39990234375,4332.60009765625,4330.89990234375,4331.60009765625,4331.60009765625,125,0.0,0.0
2026-09-17 00:20:00-04:00,4331.5,4334.10009765625,4330.2001953125,4332.10009765625,4332.10009765625,182,0.0,0.0
2026-09-17 00:25:00-04:00,4332.10009765625,4332.60009765625,4329.39990234375,4330.0,4330.0,206,0.0,0.0
2026-09-17 00:30:00-04:00,4329.60009765625,4331.5,4328.7001953125,4330.0,4330.0,161,0.0,0.0
2026-09-17 00:35:00-04:00,4330.2001953125,4335.0,4330.2001953125,4333.5,4333.5,233,0.0,0.0
2026-09-17 00:40:00-04:00,4333.60009765625,4335.0,4331.60009765625,4334.0,4334.0,252,0.0,0.0
2026-09-17 00:45:00-04:00,4333.89990234375,4337.5,4333.89990234375,4335.7001953125,4335.7001953125,324,0.0,0.0
2026-09-17 00:50:00-04:00,4336.0,4337.2998046875,4334.0,4335.89990234375,4335.89990234375,413,0.0,0.0
2026-09-17 00:55:00-04:00,4335.89990234375,4337.10009765625,4334.39990234375,4336.10009765625,4336.10009765625,153,0.0,0.0
2026-09-17 01:00:00-04:00,4335.60009765625,4337.60009765625,4335.2998046875,4336.39990234375,4336.39990234375,162,0.0,0.0
2026-09-17 01:05:00-04:00,4336.10009765625,4336.7001953125,4335.39990234375,4335.89990234375,4335.89990234375,94,0.0,0.0
2026-09-17 01:10:00-04:00,4335.89990234375,4335.89990234375,4332.60009765625,4332.7998046875,4332.7998046875,143,0.0,0.0
2026-09-17 01:15:00-04:00,4332.39990234375,4332.39990234375,4327.0,4327.10009765625,4327.10009765625,376,0.0,0.0
2026-09-17 01:20:00-04:00,4326.60009765625,4326.60009765625,4323.7001953125,4325.5,4325.5,323,0.0,0.0
2026-09-17 01:25:00-04:00,4325.60009765625,4326.5,4324.60009765625,4324.7998046875,4324.7998046875,168,0.0,0.0
2026-09-17 01:30:00-04:00,4324.89990234375,4335.2998046875,4324.60009765625,4333.10009765625,4333.10009765625,537,0.0,0.0
2026-09-17 01:35:00-04:00,4333.5,4335.60009765625,4330.89990234375,4335.2001953125,4335.2001953125,284,0.0,0.0
2026-09-17 01:40:00-04:00,4335.5,4336.5,4332.7998046875,4335.5,4335.5,182,0.0,0.0
2026-09-17 01:45:00-04:00,4335.60009765625,4337.60009765625,4334.2998046875,4336.0,4336.0,246,0.0,0.0
2026-09-17 01:50:00-04:00,4336.60009765625,4341.89990234375,4336.60009765625,4341.39990234375,4341.39990234375,373,0.0,0.0
2026-09-17 01:55:00-04:00,4341.2998046875,4343.7001953125,4340.39990234375,4342.60009765625,4342.60009765625,371,0.0,0.0
2026-09-17 02:00:00-04:00,4342.5,4347.10009765625,4342.2998046875,4344.5,4344.5,810,0.0,0.0
2026-09-17 02:05:00-04:00,4344.89990234375,4349.2001953125,4344.2001953125,4348.7001953125,4348.7001953125,548,0.0,0.0
2026-09-17 02:10:00-04:00,4348.39990234375,4351.0,4347.2998046875,4350.5,4350.5,460,0.0,0.0
2026-09-17 02:15:00-04:00,4350.89990234375,4351.0,4343.2001953125,4346.10009765625,4346.10009765625,479,0.0,0.0
2026-09-17 02:20:00-04:00,4345.60009765625,4347.0,4344.10009765625,4345.7001953125,4345.7001953125,263,0.0,0.0
2026-09-17 02:25:00-04:00,4346.0,4351.60009765625,4345.5,4350.7001953125,4350.7001953125,288,0.0,0.0
2026-09-17 02:30:00-04:00,4350.39990234375,4353.7998046875,4349.7998046875,4351.39990234375,4351.39990234375,482,0.0,0.0
2026-09-17 02:35:00-04:00,4351.2001953125,4351.5,4344.2998046875,4344.89990234375,4344.89990234375,396,0.0,0.0
2026-09-17 02:40:00-04:00,4344.60009765625,4348.2998046875,4344.60009765625,4347.7998046875,4347.7998046875,306,0.0,0.0
2026-09-17 02:45:00-04:00,4348.0,4350.2998046875,4345.7001953125,4349.10009765625,4349.10009765625,458,0.0,0.0
2026-09-17 02:50:00-04:00,4348.7998046875,4349.7998046875,4345.2998046875,4348.60009765625,4348.60009765625,385,0.0,0.0
2026-09-17 02:55:00-04:00,4349.0,4350.10009765625,4347.39990234375,4349.5,4349.5,237,0.0,0.0
2026-09-17 03:00:00-04:00,4349.39990234375,4352.39990234375,4347.7998046875,4350.5,4350.5,465,0.0,0.0
2026-09-17 03:05:00-04:00,4350.5,4354.89990234375,4350.5,4353.60009765625,4353.60009765625,440,0.0,0.0
2026-09-17 03:10:00-04:00,4354.0,4362.10009765625,4354.0,4361.60009765625,4361.60009765625,1326,0.0,0.0
2026-09-17 03:15:00-04:00,4361.7998046875,4368.2998046875,4361.60009765625,4362.7001953125,4362.7001953125,1165,0.0,0.0
2026-09-17 03:20:00-04:00,4363.0,4364.2998046875,4358.0,4363.7998046875,4363.7998046875,726,0.0,0.0
2026-09-17 03:25:00-04:00,4363.89990234375,4368.7998046875,4363.10009765625,4368.2001953125,4368.2001953125,757,0.0,0.0
2026-09-17 03:30:00-04:00,4368.2998046875,4373.60009765625,4368.2998046875,4371.60009765625,4371.60009765625,792,0.0,0.0
2026-09-17 03:35:00-04:00,4371.2998046875,4373.2998046875,4368.5,4373.2998046875,4373.2998046875,613,0.0,0.0
2026-09-17 03:40:00-04:00,4373.2001953125,4373.89990234375,4368.0,4370.39990234375,4370.39990234375,602,0.0,0.0
2026-09-17 03:45:00-04:00,4370.5,4374.39990234375,4368.7998046875,4371.5,4371.5,976,0.0,0.0
2026-09-17 03:50:00-04:00,4371.10009765625,4371.2001953125,4366.39990234375,4366.60009765625,4366.60009765625,759,0.0,0.0
2026-09-17 03:55:00-04:00,4366.5,4367.2001953125,4362.7001953125,4366.10009765625,4366.10009765625,527,0.0,0.0
2026-09-17 04:00:00-04:00,4366.39990234375,4367.2001953125,4364.7001953125,4366.2998046875,4366.2998046875,284,0.0,0.0
2026-09-17 04:05:00-04:00,4366.0,4366.89990234375,4365.2001953125,4365.89990234375,4365.89990234375,271,0.0,0.0
2026-09-17 04:10:00-04:00,4365.60009765625,4366.39990234375,4356.89990234375,4359.10009765625,4359.10009765625,1170,0.0,0.0
2026-09-17 04:15:00-04:00,4359.10009765625,4361.10009765625,4355.10009765625,4355.89990234375,4355.89990234375,473,0.0,0.0
2026-09-17 04:20:00-04:00,4356.10009765625,4357.0,4353.7001953125,4355.39990234375,4355.39990234375,806,0.0,0.0
2026-09-17 04:25:00-04:00,4355.5,4356.60009765625,4354.10009765625,4355.10009765625,4355.10009765625,476,0.0,0.0
2026-09-17 04:30:00-04:00,4355.2001953125,4356.7001953125,4351.2998046875,4356.7001953125,4356.7001953125,593,0.0,0.0
2026-09-17 04:35:00-04:00,4356.89990234375,4359.0,4355.5,4358.10009765625,4358.10009765625,444,0.0,0.0
2026-09-17 04:40:00-04:00,4358.0,4358.5,4352.5,4353.0,4353.0,349,0.0,0.0
2026-09-17 04:45:00-04:00,4352.7998046875,4352.7998046875,4349.2001953125,4351.0,4351.0,387,0.0,0.0
2026-09-17 04:50:00-04:00,4350.89990234375,4353.2001953125,4349.5,4352.2001953125,4352.2001953125,278,0.0,0.0
2026-09-17 04:55:00-04:00,4352.0,4352.60009765625,4349.7001953125,4350.7001953125,4350.7001953125,350,0.0,0.0
2026-09-17 05:00:00-04:00,4351.2998046875,4354.7998046875,4351.2001953125,4353.60009765625,4353.60009765625,397,0.0,0.0
2026-09-17 05:05:00-04:00,4353.89990234375,4356.2998046875,4353.39990234375,4355.89990234375,4355.89990234375,280,0.0,0.0
2026-09-17 05:10:00-04:00,4355.89990234375,4358.5,4354.39990234375,4355.10009765625,4355.10009765625,601,0.0,0.0
2026-09-17 05:15:00-04:00,4354.89990234375,4355.60009765625,4350.60009765625,4350.89990234375,4350.89990234375,493,0.0,0.0
2026-09-17 05:20:00-04:00,4350.5,4352.5,4349.60009765625,4350.7001953125,4350.7001953125,297,0.0,0.0
2026-09-17 05:25:00-04:00,4350.2998046875,4351.39990234375,4344.7998046875,4345.39990234375,4345.39990234375,618,0.0,0.0
2026-09-17 05:30:00-04:00,4345.2998046875,4347.89990234375,4343.89990234375,4346.7001953125,4346.7001953125,672,0.0,0.0
2026-09-17 05:35:00-04:00,4346.0,4349.0,4345.7001953125,4348.10009765625,4348.10009765625,366,0.0,0.0
2026-09-17 05:40:00-04:00,4348.0,4350.2001953125,4347.7001953125,4348.5,4348.5,386,0.0,0.0
2026-09-17 05:45:00-04:00,4348.10009765625,4348.7001953125,4345.7001953125,4348.7001953125,4348.7001953125,200,0.0,0.0
2026-09-17 05:50:00-04:00,4348.7001953125,4350.39990234375,4348.0,4350.0,4350.0,310,0.0,0.0
2026-09-17 05:55:00-04:00,4350.0,4350.10009765625,4344.60009765625,4345.10009765625,4345.10009765625,286,0.0,0.0
2026-09-17 06:00:00-04:00,4345.2998046875,4347.60009765625,4343.7998046875,4346.7998046875,4346.7998046875,240,0.0,0.0
2026-09-17 06:05:00-04:00,4346.7998046875,4350.7001953125,4346.5,4348.0,4348.0,333,0.0,0.0
2026-09-17 06:10:00-04:00,4348.39990234375,4352.7998046875,4348.39990234375,4349.2001953125,4349.2001953125,232,0.0,0.0
2026-09-17 06:15:00-04:00,4349.2001953125,4349.7998046875,4345.89990234375,4345.89990234375,4345.89990234375,207,0.0,0.0
2026-09-17 06:20:00-04:00,4346.2998046875,4352.39990234375,4346.2998046875,4352.2998046875,4352.2998046875,261,0.0,0.0
2026-09-17 06:25:00-04:00,4352.5,4355.10009765625,4352.2001953125,4352.7998046875,4352.7998046875,290,0.0,0.0
2026-09-17 06:30:00-04:00,4353.0,4354.7001953125,4351.60009765625,4354.10009765625,4354.10009765625,332,0.0,0.0
2026-09-17 06:35:00-04:00,4354.2001953125,4358.10009765625,4354.2001953125,4356.0,4356.0,492,0.0,0.0
2026-09-17 06:40:00-04:00,4356.10009765625,4357.0,4354.2001953125,4356.0,4356.0,153,0.0,0.0
2026-09-17 06:45:00-04:00,4355.7001953125,4358.2998046875,4355.60009765625,4357.7001953125,4357.7001953125,133,0.0,0.0
2026-09-17 06:50:00-04:00,4358.2998046875,4363.10009765625,4358.10009765625,4361.39990234375,4361.39990234375,625,0.0,0.0
2026-09-17 06:55:00-04:00,4361.60009765625,4364.7001953125,4360.7998046875,4363.7001953125,4363.7001953125,469,0.0,0.0
2026-09-17 07:00:00-04:00,4363.89990234375,4370.2998046875,4363.2001953125,4370.0,4370.0,1083,0.0,0.0
2026-09-17 07:05:00-04:00,4369.7998046875,4376.5,4368.60009765625,4375.7001953125,4375.7001953125,1499,0.0,0.0
2026-09-17 07:10:00-04:00,4375.7001953125,4379.7001953125,4370.2001953125,4371.89990234375,4371.89990234375,1252,0.0,0.0
2026-09-17 07:15:00-04:00,4371.89990234375,4374.5,4366.39990234375,4366.39990234375,4366.39990234375,785,0.0,0.0
2026-09-17 07:20:00-04:00,4366.5,4372.89990234375,4366.39990234375,4368.7998046875,4368.7998046875,664,0.0,0.0
2026-09-17 07:25:00-04:00,4368.39990234375,4369.0,4366.0,4368.0,4368.0,355,0.0,0.0
2026-09-17 07:30:00-04:00,4368.10009765625,4368.5,4364.7001953125,4365.89990234375,4365.89990234375,503,0.0,0.0
2026-09-17 07:35:00-04:00,4365.7998046875,4367.2001953125,4363.60009765625,4365.5,4365.5,434,0.0,0.0
2026-09-17 07:40:00-04:00,4365.2998046875,4366.7998046875,4362.89990234375,4364.60009765625,4364.60009765625,460,0.0,0.0
2026-09-17 07:45:00-04:00,4364.5,4372.5,4364.2001953125,4372.39990234375,4372.39990234375,671,0.0,0.0
2026-09-17 07:50:00-04:00,4372.2001953125,4381.7001953125,4371.10009765625,4380.2001953125,4380.2001953125,984,0.0,0.0
2026-09-17 07:55:00-04:00,4380.5,4393.5,4379.5,4390.0,4390.0,3079,0.0,0.0
2026-09-17 08:00:00-04:00,4390.0,4393.89990234375,4383.7998046875,4385.89990234375,4385.89990234375,2929,0.0,0.0
2026-09-17 08:05:00-04:00,4386.2998046875,4394.7001953125,4385.2998046875,4393.2001953125,4393.2001953125,1511,0.0,0.0
2026-09-17 08:10:00-04:00,4393.39990234375,4395.60009765625,4391.5,4394.89990234375,4394.89990234375,1181,0.0,0.0
2026-09-17 08:15:00-04:00,4395.10009765625,4406.7001953125,4393.60009765625,4405.89990234375,4405.89990234375,2223,0.0,0.0
2026-09-17 08:20:00-04:00,4406.10009765625,4415.2001953125,4403.5,4409.10009765625,4409.10009765625,3265,0.0,0.0
2026-09-17 08:25:00-04:00,4409.5,4423.2998046875,4407.60009765625,4421.2998046875,4421.2998046875,2529,0.0,0.0
2026-09-17 08:30:00-04:00,4421.0,4421.0,4408.39990234375,4410.7998046875,4410.7998046875,2437,0.0,0.0
2026-09-17 08:35:00-04:00,4410.89990234375,4412.10009765625,4404.2001953125,4410.2998046875,4410.2998046875,1394,0.0,0.0
2026-09-17 08:40:00-04:00,4410.2001953125,4410.89990234375,4400.7001953125,4400.89990234375,4400.89990234375,1309,0.0,0.0
2026-09-17 08:45:00-04:00,4401.10009765625,4407.7001953125,4399.39990234375,4406.89990234375,4406.89990234375,1330,0.0,0.0
2026-09-17 08:50:00-04:00,4407.0,4415.2998046875,4407.0,4414.5,4414.5,1248,0.0,0.0
2026-09-17 08:55:00-04:00,4414.5,4414.7001953125,4410.7998046875,4413.7998046875,4413.7998046875,1035,0.0,0.0
2026-09-17 09:00:00-04:00,4413.7998046875,4415.0,4405.60009765625,4406.5,4406.5,1981,0.0,0.0
2026-09-17 09:05:00-04:00,4406.39990234375,4412.0,4404.5,4406.60009765625,4406.60009765625,911,0.0,0.0
2026-09-17 09:10:00-04:00,4406.7001953125,4406.89990234375,4400.60009765625,4406.5,4406.5,847,0.0,0.0
2026-09-17 09:15:00-04:00,4406.7998046875,4415.60009765625,4406.2001953125,4413.0,4413.0,1104,0.0,0.0
2026-09-17 09:20:00-04:00,4413.2001953125,4415.7998046875,4406.5,4407.5,4407.5,790,0.0,0.0
2026-09-17 09:25:00-04:00,4407.5,4409.0,4405.5,4407.39990234375,4407.39990234375,385,0.0,0.0
2026-09-17 09:30:00-04:00,4407.60009765625,4412.60009765625,4403.60009765625,4412.5,4412.5,1749,0.0,0.0
2026-09-17 09:35:00-04:00,4412.60009765625,4415.0,4401.7998046875,4401.89990234375,4401.89990234375,1627,0.0,0.0
2026-09-17 09:40:00-04:00,4401.89990234375,4403.89990234375,4396.7998046875,4398.89990234375,4398.89990234375,1783,0.0,0.0
2026-09-17 09:45:00-04:00,4398.7998046875,4409.7998046875,4395.89990234375,4408.10009765625,4408.10009765625,1648,0.0,0.0
2026-09-17 09:50:00-04:00,4408.0,4412.5,4406.7001953125,4407.10009765625,4407.10009765625,1423,0.0,0.0
2026-09-17 09:55:00-04:00,4407.10009765625,4410.60009765625,4405.0,4407.39990234375,4407.39990234375,890,0.0,0.0
2026-09-17 10:00:00-04:00,4407.2998046875,4411.0,4405.2001953125,4409.89990234375,4409.89990234375,1033,0.0,0.0
2026-09-17 10:05:00-04:00,4409.89990234375,4420.89990234375,4407.2001953125,4417.89990234375,4417.89990234375,2039,0.0,0.0
2026-09-17 10:10:00-04:00,4417.89990234375,4420.89990234375,4409.5,4412.39990234375,4412.39990234375,1266,0.0,0.0
2026-09-17 10:15:00-04:00,4412.7001953125,4413.0,4406.60009765625,4409.7998046875,4409.7998046875,794,0.0,0.0
2026-09-17 10:20:00-04:00,4410.0,4411.2001953125,4406.10009765625,4410.5,4410.5,650,0.0,0.0
2026-09-17 10:25:00-04:00,4410.5,4413.60009765625,4407.10009765625,4407.5,4407.5,752,0.0,0.0
2026-09-17 10:30:00-04:00,4407.89990234375,4408.5,4402.39990234375,4406.89990234375,4406.89990234375,1159,0.0,0.0
2026-09-17 10:35:00-04:00,4407.7998046875,4408.5,4401.60009765625,4401.89990234375,4401.89990234375,822,0.0,0.0
2026-09-17 10:40:00-04:00,4401.7001953125,4405.2998046875,4400.2001953125,4401.7001953125,4401.7001953125,948,0.0,0.0
2026-09-17 10:45:00-04:00,4401.89990234375,4405.39990234375,4398.7998046875,4401.7998046875,4401.7998046875,1304,0.0,0.0
2026-09-17 10:50:00-04:00,4402.2001953125,4402.7998046875,4396.2998046875,4397.7001953125,4397.7001953125,953,0.0,0.0
2026-09-17 10:55:00-04:00,4397.7001953125,4398.0,4392.2001953125,4394.5,4394.5,991,0.0,0.0
2026-09-17 11:00:00-04:00,4394.60009765625,4397.7998046875,4391.7998046875,4396.10009765625,4396.10009765625,954,0.0,0.0
2026-09-17 11:05:00-04:00,4396.2998046875,4399.60009765625,4395.89990234375,4396.89990234375,4396.89990234375,481,0.0,0.0
2026-09-17 11:10:00-04:00,4396.60009765625,4402.7001953125,4393.89990234375,4402.39990234375,4402.39990234375,772,0.0,0.0
2026-09-17 11:15:00-04:00,4402.2998046875,4405.2001953125,4400.60009765625,4403.7001953125,4403.7001953125,726,0.0,0.0
2026-09-17 11:20:00-04:00,4403.7998046875,4403.89990234375,4399.39990234375,4400.2998046875,4400.2998046875,646,0.0,0.0
2026-09-17 11:25:00-04:00,4400.10009765625,4403.39990234375,4397.0,4398.2998046875,4398.2998046875,599,0.0,0.0
2026-09-17 11:30:00-04:00,4399.10009765625,4400.10009765625,4396.0,4399.5,4399.5,617,0.0,0.0
2026-09-17 11:35:00-04:00,4399.2998046875,4404.10009765625,4398.2998046875,4402.7998046875,4402.7998046875,631,0.0,0.0
2026-09-17 11:40:00-04:00,4402.89990234375,4407.39990234375,4402.60009765625,4405.89990234375,4405.89990234375,655,0.0,0.0
2026-09-17 11:45:00-04:00,4405.89990234375,4407.89990234375,4403.60009765625,4405.7001953125,4405.7001953125,917,0.0,0.0
2026-09-17 11:50:00-04:00,4405.5,4407.7001953125,4404.10009765625,4406.89990234375,4406.89990234375,499,0.0,0.0
2026-09-17 11:55:00-04:00,4406.2998046875,4410.2001953125,4405.2998046875,4409.7998046875,4409.7998046875,513,0.0,0.0
2026-09-17 12:00:00-04:00,4410.10009765625,4412.7001953125,4408.7001953125,4409.7001953125,4409.7001953125,910,0.0,0.0
2026-09-17 12:05:00-04:00,4409.7998046875,4411.39990234375,4407.2998046875,4409.5,4409.5,702,0.0,0.0
2026-09-17 12:10:00-04:00,4410.0,4410.2001953125,4406.7998046875,4407.60009765625,4407.60009765625,725,0.0,0.0
2026-09-17 12:15:00-04:00,4407.7998046875,4408.60009765625,4405.5,4406.89990234375,4406.89990234375,443,0.0,0.0
2026-09-17 12:20:00-04:00,4406.89990234375,4408.10009765625,4405.60009765625,4407.5,4407.5,403,0.0,0.0
2026-09-17 12:25:00-04:00,4407.39990234375,4408.0,4403.2998046875,4407.2998046875,4407.2998046875,623,0.0,0.0
2026-09-17 12:30:00-04:00,4407.2001953125,4407.39990234375,4397.10009765625,4398.2998046875,4398.2998046875,967,0.0,0.0
2026-09-17 12:35:00-04:00,4398.5,4400.7001953125,4397.5,4399.7001953125,4399.7001953125,650,0.0,0.0
2026-09-17 12:40:00-04:00,4399.7998046875,4400.2001953125,4397.2001953125,4399.7001953125,4399.7001953125,429,0.0,0.0
2026-09-17 12:45:00-04:00,4399.60009765625,4401.2998046875,4397.5,4398.0,4398.0,410,0.0,0.0
2026-09-17 12:50:00-04:00,4397.5,4400.7001953125,4395.7001953125,4399.7998046875,4399.7998046875,480,0.0,0.0
2026-09-17 12:55:00-04:00,4399.89990234375,4402.10009765625,4395.2998046875,4401.89990234375,4401.89990234375,1413,0.0,0.0
2026-09-17 13:00:00-04:00,4402.10009765625,4404.39990234375,4398.2001953125,4402.2998046875,4402.2998046875,852,0.0,0.0
2026-09-17 13:05:00-04:00,4402.39990234375,4405.7001953125,4401.7998046875,4403.7001953125,4403.7001953125,466,0.0,0.0
2026-09-17 13:10:00-04:00,4403.5,4404.0,4400.5,4401.7001953125,4401.7001953125,301,0.0,0.0
2026-09-17 13:15:00-04:00,4401.89990234375,4403.0,4399.10009765625,4400.2001953125,4400.2001953125,449,0.0,0.0
2026-09-17 13:20:00-04:00,4400.2001953125,4401.7998046875,4397.60009765625,4399.89990234375,4399.89990234375,523,0.0,0.0
2026-09-17 13:25:00-04:00,4399.89990234375,4402.39990234375,4398.7998046875,4400.2001953125,4400.2001953125,1378,0.0,0.0
2026-09-17 13:30:00-04:00,4400.2998046875,4402.2001953125,4400.10009765625,4402.0,4402.0,311,0.0,0.0
2026-09-17 13:35:00-04:00,4401.89990234375,4403.7001953125,4397.2998046875,4397.7001953125,4397.7001953125,431,0.0,0.0
2026-09-17 13:40:00-04:00,4397.7001953125,4400.7001953125,4397.7001953125,4400.2001953125,4400.2001953125,207,0.0,0.0
2026-09-17 13:45:00-04:00,4400.2001953125,4400.7001953125,4398.60009765625,4399.10009765625,4399.10009765625,163,0.0,0.0
2026-09-17 13:50:00-04:00,4399.2001953125,4401.2998046875,4399.2001953125,4399.89990234375,4399.89990234375,176,0.0,0.0
2026-09-17 13:55:00-04:00,4400.0,4401.39990234375,4399.89990234375,4400.2998046875,4400.2998046875,188,0.0,0.0
2026-09-17 14:00:00-04:00,4401.2001953125,4403.0,4400.10009765625,4403.0,4403.0,164,0.0,0.0
2026-09-17 14:05:00-04:00,4402.89990234375,4404.39990234375,4400.60009765625,4402.10009765625,4402.10009765625,317,0.0,0.0
2026-09-17 14:10:00-04:00,4401.89990234375,4405.5,4401.2001953125,4404.7001953125,4404.7001953125,224,0.0,0.0
2026-09-17 14:15:00-04:00,4404.7998046875,4405.60009765625,4400.39990234375,4400.7998046875,4400.7998046875,267,0.0,0.0
2026-09-17 14:20:00-04:00,4400.7998046875,4401.2998046875,4396.89990234375,4397.7001953125,4397.7001953125,351,0.0,0.0
2026-09-17 14:25:00-04:00,4397.7001953125,4399.0,4395.7998046875,4396.0,4396.0,291,0.0,0.0
2026-09-17 14:30:00-04:00,4396.2998046875,4396.5,4389.2998046875,4389.2998046875,4389.2998046875,822,0.0,0.0
2026-09-17 14:35:00-04:00,4389.39990234375,4391.7001953125,4388.10009765625,4391.2001953125,4391.2001953125,660,0.0,0.0
2026-09-17 14:40:00-04:00,4390.89990234375,4392.7001953125,4390.2998046875,4391.5,4391.5,333,0.0,0.0
2026-09-17 14:45:00-04:00,4391.60009765625,4392.2001953125,4389.7001953125,4391.5,4391.5,472,0.0,0.0
2026-09-17 14:50:00-04:00,4391.39990234375,4391.60009765625,4388.7001953125,4390.0,4390.0,270,0.0,0.0
2026-09-17 14:55:00-04:00,4390.2998046875,4391.39990234375,4389.5,4390.89990234375,4390.89990234375,243,0.0,0.0
2026-09-17 15:00:00-04:00,4391.2001953125,4395.10009765625,4390.7001953125,4393.7001953125,4393.7001953125,348,0.0,0.0
2026-09-17 15:05:00-04:00,4393.7998046875,4395.39990234375,4393.0,4394.10009765625,4394.10009765625,253,0.0,0.0
2026-09-17 15:10:00-04:00,4394.10009765625,4395.2001953125,4392.7998046875,4394.10009765625,4394.10009765625,178,0.0,0.0
2026-09-17 15:15:00-04:00,4394.0,4394.2001953125,4388.2998046875,4391.2001953125,4391.2001953125,398,0.0,0.0
2026-09-17 15:20:00-04:00,4391.39990234375,4391.39990234375,4386.60009765625,4386.7998046875,4386.7998046875,434,0.0,0.0
2026-09-17 15:25:00-04:00,4386.89990234375,4389.10009765625,4382.39990234375,4382.39990234375,4382.39990234375,708,0.0,0.0
2026-09-17 15:30:00-04:00,4382.5,4386.0,4381.60009765625,4383.10009765625,4383.10009765625,362,0.0,0.0
2026-09-17 15:35:00-04:00,4382.89990234375,4384.0,4382.10009765625,4383.60009765625,4383.60009765625,205,0.0,0.0
2026-09-17 15:40:00-04:00,4383.5,4385.0,4383.5,4384.60009765625,4384.60009765625,225,0.0,0.0
2026-09-17 15:45:00-04:00,4384.5,4386.7998046875,4383.2001953125,4384.2001953125,4384.2001953125,478,0.0,0.0
2026-09-17 15:50:00-04:00,4384.7001953125,4388.7998046875,4384.2001953125,4387.39990234375,4387.39990234375,463,0.0,0.0
2026-09-17 15:55:00-04:00,4387.2001953125,4388.2998046875,4385.10009765625,4385.2001953125,4385.2001953125,447,0.0,0.0
2026-09-17 16:00:00-04:00,4385.60009765625,4386.2001953125,4383.39990234375,4383.60009765625,4383.60009765625,313,0.0,0.0
2026-09-17 16:05:00-04:00,4383.60009765625,4385.2001953125,4382.5,4384.2998046875,4384.2998046875,157,0.0,0.0
2026-09-17 16:10:00-04:00,4384.2001953125,4384.2001953125,4381.7001953125,4382.2998046875,4382.2998046875,89,0.0,0.0
2026-09-17 16:15:00-04:00,4382.60009765625,4384.2998046875,4381.39990234375,4382.2001953125,4382.2001953125,160,0.0,0.0
2026-09-17 16:20:00-04:00,4382.7001953125,4384.10009765625,4382.0,4383.39990234375,4383.39990234375,75,0.0,0.0
2026-09-17 16:25:00-04:00,4383.2001953125,4384.7001953125,4381.5,4381.7001953125,4381.7001953125,141,0.0,0.0
2026-09-17 16:30:00-04:00,4381.7998046875,4382.2998046875,4380.5,4381.0,4381.0,181,0.0,0.0
2026-09-17 16:35:00-04:00,4381.0,4382.10009765625,4380.2998046875,4381.7998046875,4381.7998046875,181,0.0,0.0
2026-09-17 16:40:00-04:00,4381.7001953125,4383.39990234375,4380.7001953125,4380.89990234375,4380.89990234375,167,0.0,0.0
2026-09-17 16:45:00-04:00,4380.7001953125,4382.10009765625,4380.39990234375,4381.7998046875,4381.7998046875,151,0.0,0.0
2026-09-17 16:50:00-04:00,4381.60009765625,4382.0,4380.2998046875,4381.10009765625,4381.10009765625,78,0.0,0.0
2026-09-17 16:55:00-04:00,4381.2001953125,4381.89990234375,4380.2998046875,4380.60009765625,4380.60009765625,119,0.0,0.0
2026-09-17 18:00:00-04:00,4381.60009765625,4384.10009765625,4380.89990234375,4382.2001953125,4382.2001953125,92,0.0,0.0
2026-09-17 18:05:00-04:00,4382.10009765625,4382.2998046875,4380.7001953125,4381.7001953125,4381.7001953125,48,0.0,0.0
2026-09-17 18:10:00-04:00,4381.7998046875,4383.89990234375,4380.7998046875,4383.39990234375,4383.39990234375,173,0.0,0.0
2026-09-17 18:15:00-04:00,4383.5,4384.0,4381.0,4381.0,4381.0,244,0.0,0.0
2026-09-17 18:20:00-04:00,4380.7998046875,4382.60009765625,4380.5,4381.60009765625,4381.60009765625,196,0.0,0.0
2026-09-17 18:25:00-04:00,4381.39990234375,4383.7998046875,4380.60009765625,4383.7001953125,4383.7001953125,484,0.0,0.0
2026-09-17 18:30:00-04:00,4383.7998046875,4385.7001953125,4383.39990234375,4385.10009765625,4385.10009765625,122,0.0,0.0
