step,timestamp,candle_index,direction,reason,event
RANGE_to_SWEEP,2024-05-23T02:00:00,34,,Sweep @ 2381.58000 idx=34,STATE_TRANSITION
SWEEP_to_DISPLACEMENT,2024-05-23T04:00:00,42,,Displacement | body_ratio=0.688 wick=6.95000,STATE_TRANSITION
RANGE_to_SWEEP,2024-05-23T04:30:00,44,,Sweep @ 2366.77000 idx=44,STATE_TRANSITION
RANGE_to_SWEEP,2024-05-23T14:30:00,84,,Sweep @ 2369.45000 idx=84,STATE_TRANSITION
SWEEP_to_DISPLACEMENT,2024-05-23T15:30:00,88,,Displacement | body_ratio=0.733 wick=6.00000,STATE_TRANSITION
RANGE_to_SWEEP,2024-05-23T16:15:00,91,,Sweep @ 2369.90000 idx=91,STATE_TRANSITION
RANGE_to_SWEEP,2024-05-23T18:15:00,99,,Sweep @ 2340.43000 idx=99,STATE_TRANSITION
RANGE_to_SWEEP,2024-05-23T23:00:00,118,,Sweep @ 2330.87000 idx=118,STATE_TRANSITION
RANGE_to_SWEEP,2024-05-24T04:00:00,134,,Sweep @ 2326.82000 idx=134,STATE_TRANSITION
SWEEP_to_DISPLACEMENT,2024-05-24T04:15:00,135,,Displacement | body_ratio=0.858 wick=5.36000,STATE_TRANSITION
RANGE_to_SWEEP,2024-05-24T05:30:00,140,,Sweep @ 2325.43000 idx=140,STATE_TRANSITION
RANGE_to_SWEEP,2024-05-24T11:30:00,164,,Sweep @ 2340.76000 idx=164,STATE_TRANSITION
RANGE_to_SWEEP,2024-05-24T15:30:00,180,,Sweep @ 2335.62000 idx=180,STATE_TRANSITION
RANGE_to_SWEEP,2024-05-24T20:45:00,201,,Sweep @ 2332.00000 idx=201,STATE_TRANSITION
RANGE_to_SWEEP,2024-05-27T01:15:00,215,,Sweep @ 2337.54000 idx=215,STATE_TRANSITION
RANGE_to_SWEEP,2024-05-27T05:15:00,231,,Sweep @ 2341.19000 idx=231,STATE_TRANSITION
RANGE_to_SWEEP,2024-05-27T10:30:00,252,,Sweep @ 2338.17000 idx=252,STATE_TRANSITION
SWEEP_to_DISPLACEMENT,2024-05-27T11:00:00,254,,Displacement | body_ratio=0.815 wick=3.46000,STATE_TRANSITION
DISPLACEMENT_to_EXPANSION,2024-05-27T11:15:00,255,,Bullish expansion | close=2342.72000 disp_close=2341.48000,STATE_TRANSITION
RANGE_to_SWEEP,2024-05-28T04:15:00,309,,Sweep @ 2349.23000 idx=309,STATE_TRANSITION
SWEEP_to_DISPLACEMENT,2024-05-28T04:30:00,310,,Displacement | body_ratio=0.749 wick=4.22000,STATE_TRANSITION
RANGE_to_SWEEP,2024-05-28T15:30:00,354,,Sweep @ 2357.12000 idx=354,STATE_TRANSITION
RANGE_to_SWEEP,2024-05-29T01:15:00,389,,Sweep @ 2361.59000 idx=389,STATE_TRANSITION
RANGE_to_SWEEP,2024-05-29T04:45:00,403,,Sweep @ 2355.92000 idx=403,STATE_TRANSITION
RANGE_to_SWEEP,2024-05-29T08:30:00,418,,Sweep @ 2361.37000 idx=418,STATE_TRANSITION
SWEEP_to_DISPLACEMENT,2024-05-29T09:00:00,420,,Displacement | body_ratio=0.939 wick=3.28000,STATE_TRANSITION
RANGE_to_SWEEP,2024-05-29T11:00:00,428,,Sweep @ 2348.86000 idx=428,STATE_TRANSITION
RANGE_to_SWEEP,2024-05-29T14:45:00,443,,Sweep @ 2338.63000 idx=443,STATE_TRANSITION
RANGE_to_SWEEP,2024-05-29T23:00:00,476,,Sweep @ 2336.08000 idx=476,STATE_TRANSITION
RANGE_to_SWEEP,2024-05-30T03:15:00,489,,Sweep @ 2335.70000 idx=489,STATE_TRANSITION
RANGE_to_SWEEP,2024-05-30T06:30:00,502,,Sweep @ 2331.80000 idx=502,STATE_TRANSITION
RANGE_to_SWEEP,2024-05-30T10:15:00,517,,Sweep @ 2337.75000 idx=517,STATE_TRANSITION
RANGE_to_SWEEP,2024-05-30T14:15:00,533,,Sweep @ 2339.65000 idx=533,STATE_TRANSITION
RANGE_to_SWEEP,2024-05-30T22:15:00,565,,Sweep @ 2340.88000 idx=565,STATE_TRANSITION
RANGE_to_SWEEP,2024-05-31T03:45:00,583,,Sweep @ 2347.60000 idx=583,STATE_TRANSITION
SWEEP_to_DISPLACEMENT,2024-05-31T05:30:00,590,,Displacement | body_ratio=0.817 wick=4.38000,STATE_TRANSITION
DISPLACEMENT_to_EXPANSION,2024-05-31T05:45:00,591,,Bearish expansion | close=2342.62000 disp_close=2343.38000,STATE_TRANSITION
RANGE_to_SWEEP,2024-05-31T11:00:00,612,,Sweep @ 2339.73000 idx=612,STATE_TRANSITION
RANGE_to_SWEEP,2024-05-31T15:15:00,629,,Sweep @ 2345.12000 idx=629,STATE_TRANSITION
SWEEP_to_DISPLACEMENT,2024-05-31T17:00:00,636,,Displacement | body_ratio=0.885 wick=11.43000,STATE_TRANSITION
DISPLACEMENT_to_EXPANSION,2024-05-31T17:30:00,638,,Bearish expansion | close=2336.17000 disp_close=2338.08000,STATE_TRANSITION
RANGE_to_SWEEP,2024-06-03T04:15:00,677,,Sweep @ 2331.07000 idx=677,STATE_TRANSITION
SWEEP_to_DISPLACEMENT,2024-06-03T06:15:00,685,,Displacement | body_ratio=0.943 wick=3.53000,STATE_TRANSITION
DISPLACEMENT_to_EXPANSION,2024-06-03T06:30:00,686,,Bearish expansion | close=2323.07000 disp_close=2323.96000,STATE_TRANSITION
EXPANSION_to_RETEST,2024-06-03T14:30:00,718,,Retest | depth_abs=0.69000 ceiling=1.09200,STATE_TRANSITION
RETEST_to_EXECUTION,2024-06-03T14:45:00,719,,Risk approved → entering execution,STATE_TRANSITION
RANGE_to_SWEEP,2024-06-03T15:30:00,722,,Sweep @ 2334.03000 idx=722,STATE_TRANSITION
RANGE_to_SWEEP,2024-06-04T04:45:00,771,,Sweep @ 2343.45000 idx=771,STATE_TRANSITION
RANGE_to_SWEEP,2024-06-04T09:15:00,789,,Sweep @ 2351.89000 idx=789,STATE_TRANSITION
SWEEP_to_DISPLACEMENT,2024-06-04T09:45:00,791,,Displacement | body_ratio=0.738 wick=4.47000,STATE_TRANSITION
DISPLACEMENT_to_EXPANSION,2024-06-04T10:00:00,792,,Bearish expansion | close=2343.74000 disp_close=2344.50000,STATE_TRANSITION
RANGE_to_SWEEP,2024-06-04T14:00:00,808,,Sweep @ 2326.82000 idx=808,STATE_TRANSITION
SWEEP_to_DISPLACEMENT,2024-06-04T15:15:00,813,,Displacement | body_ratio=0.918 wick=5.27000,STATE_TRANSITION
DISPLACEMENT_to_EXPANSION,2024-06-04T15:45:00,815,,Bullish expansion | close=2335.17000 disp_close=2333.12000,STATE_TRANSITION
EXPANSION_to_RETEST,2024-06-04T18:30:00,826,,Retest | depth_abs=1.25000 ceiling=3.75300,STATE_TRANSITION
RETEST_to_EXECUTION,2024-06-04T18:45:00,827,,Risk approved → entering execution,STATE_TRANSITION
TRADE_OPENED,2024-06-04T18:45:00,827,LONG,,TRADE_OPENED
EXECUTION_to_RESOLUTION,2024-06-04T19:00:00,828,,Trade closed: STOPPED,STATE_TRANSITION
RANGE_to_SWEEP,2024-06-05T04:00:00,860,,Sweep @ 2325.91000 idx=860,STATE_TRANSITION
SWEEP_to_DISPLACEMENT,2024-06-05T04:30:00,862,,Displacement | body_ratio=0.749 wick=2.23000,STATE_TRANSITION
DISPLACEMENT_to_EXPANSION,2024-06-05T04:45:00,863,,Bullish expansion | close=2330.54000 disp_close=2329.42000,STATE_TRANSITION
RANGE_to_SWEEP,2024-06-05T05:30:00,866,,Sweep @ 2333.53000 idx=866,STATE_TRANSITION
RANGE_to_SWEEP,2024-06-05T13:30:00,898,,Sweep @ 2335.22000 idx=898,STATE_TRANSITION
RANGE_to_SWEEP,2024-06-06T01:00:00,940,,Sweep @ 2357.79000 idx=940,STATE_TRANSITION
RANGE_to_SWEEP,2024-06-06T10:30:00,978,,Sweep @ 2363.10000 idx=978,STATE_TRANSITION
RANGE_to_SWEEP,2024-06-06T15:15:00,997,,Sweep @ 2357.37000 idx=997,STATE_TRANSITION
SWEEP_to_DISPLACEMENT,2024-06-06T16:15:00,1001,,Displacement | body_ratio=0.859 wick=6.25000,STATE_TRANSITION
RANGE_to_SWEEP,2024-06-06T18:45:00,1011,,Sweep @ 2378.52000 idx=1011,STATE_TRANSITION
RANGE_to_SWEEP,2024-06-07T02:00:00,1036,,Sweep @ 2377.27000 idx=1036,STATE_TRANSITION
RANGE_to_SWEEP,2024-06-07T04:00:00,1044,,Sweep @ 2380.06000 idx=1044,STATE_TRANSITION
RANGE_to_SWEEP,2024-06-07T08:00:00,1060,,Sweep @ 2387.72000 idx=1060,STATE_TRANSITION
SWEEP_to_DISPLACEMENT,2024-06-07T11:00:00,1072,,Displacement | body_ratio=0.970 wick=23.01000,STATE_TRANSITION
RANGE_to_SWEEP,2024-06-10T05:00:00,1140,,Sweep @ 2301.39000 idx=1140,STATE_TRANSITION
RANGE_to_SWEEP,2024-06-10T10:15:00,1161,,Sweep @ 2291.60000 idx=1161,STATE_TRANSITION
RANGE_to_SWEEP,2024-06-11T04:15:00,1229,,Sweep @ 2305.70000 idx=1229,STATE_TRANSITION
RANGE_to_SWEEP,2024-06-11T08:30:00,1246,,Sweep @ 2297.77000 idx=1246,STATE_TRANSITION
RANGE_to_SWEEP,2024-06-11T09:30:00,1250,,Sweep @ 2304.67000 idx=1250,STATE_TRANSITION
RANGE_to_SWEEP,2024-06-11T13:30:00,1266,,Sweep @ 2308.91000 idx=1266,STATE_TRANSITION
RANGE_to_SWEEP,2024-06-11T23:30:00,1306,,Sweep @ 2316.50000 idx=1306,STATE_TRANSITION
RANGE_to_SWEEP,2024-06-12T04:45:00,1323,,Sweep @ 2311.09000 idx=1323,STATE_TRANSITION
RANGE_to_SWEEP,2024-06-12T09:15:00,1341,,Sweep @ 2317.78000 idx=1341,STATE_TRANSITION
SWEEP_to_DISPLACEMENT,2024-06-12T09:45:00,1343,,Displacement | body_ratio=0.667 wick=3.15000,STATE_TRANSITION
RANGE_to_SWEEP,2024-06-12T10:30:00,1346,,Sweep @ 2311.22000 idx=1346,STATE_TRANSITION
RANGE_to_SWEEP,2024-06-12T15:15:00,1365,,Sweep @ 2316.18000 idx=1365,STATE_TRANSITION
RANGE_to_SWEEP,2024-06-12T22:30:00,1394,,Sweep @ 2315.91000 idx=1394,STATE_TRANSITION
RANGE_to_SWEEP,2024-06-13T13:45:00,1451,,Sweep @ 2319.21000 idx=1451,STATE_TRANSITION
SWEEP_to_DISPLACEMENT,2024-06-13T14:30:00,1454,,Displacement | body_ratio=0.882 wick=5.33000,STATE_TRANSITION
SWEEP_to_EXPANSION_shadow,2024-06-13T15:45:00,1459,,Shadow resume: displacement carried from prior HTF window — strength check skipped,STATE_TRANSITION
RANGE_to_SWEEP,2024-06-14T03:30:00,1502,,Sweep @ 2305.05000 idx=1502,STATE_TRANSITION
RANGE_to_SWEEP,2024-06-14T06:15:00,1513,,Sweep @ 2308.71000 idx=1513,STATE_TRANSITION
RANGE_to_SWEEP,2024-06-14T20:30:00,1570,,Sweep @ 2335.62000 idx=1570,STATE_TRANSITION
RANGE_to_SWEEP,2024-06-17T05:30:00,1602,,Sweep @ 2321.83000 idx=1602,STATE_TRANSITION
RANGE_to_SWEEP,2024-06-17T09:45:00,1619,,Sweep @ 2316.56000 idx=1619,STATE_TRANSITION
RANGE_to_SWEEP,2024-06-17T16:30:00,1646,,Sweep @ 2325.83000 idx=1646,STATE_TRANSITION
RANGE_to_SWEEP,2024-06-17T17:30:00,1650,,Sweep @ 2327.65000 idx=1650,STATE_TRANSITION
SWEEP_to_DISPLACEMENT,2024-06-17T18:30:00,1654,,Displacement | body_ratio=0.977 wick=8.33000,STATE_TRANSITION
RANGE_to_SWEEP,2024-06-18T03:00:00,1684,,Sweep @ 2323.22000 idx=1684,STATE_TRANSITION
RANGE_to_SWEEP,2024-06-18T09:45:00,1711,,Sweep @ 2318.82000 idx=1711,STATE_TRANSITION
RANGE_to_SWEEP,2024-06-18T15:45:00,1735,,Sweep @ 2324.25000 idx=1735,STATE_TRANSITION
RANGE_to_SWEEP,2024-06-18T18:45:00,1747,,Sweep @ 2329.00000 idx=1747,STATE_TRANSITION
RANGE_to_SWEEP,2024-06-19T04:15:00,1781,,Sweep @ 2326.71000 idx=1781,STATE_TRANSITION
RANGE_to_SWEEP,2024-06-19T10:00:00,1804,,Sweep @ 2332.72000 idx=1804,STATE_TRANSITION
RANGE_to_SWEEP,2024-06-19T14:15:00,1821,,Sweep @ 2326.45000 idx=1821,STATE_TRANSITION
RANGE_to_SWEEP,2024-06-19T15:30:00,1826,,Sweep @ 2325.32000 idx=1826,STATE_TRANSITION
RANGE_to_SWEEP,2024-06-20T03:15:00,1859,,Sweep @ 2327.75000 idx=1859,STATE_TRANSITION
SWEEP_to_DISPLACEMENT,2024-06-20T03:45:00,1861,,Displacement | body_ratio=0.834 wick=1.81000,STATE_TRANSITION
RANGE_to_SWEEP,2024-06-20T05:30:00,1868,,Sweep @ 2336.11000 idx=1868,STATE_TRANSITION
RANGE_to_SWEEP,2024-06-20T13:30:00,1900,,Sweep @ 2337.15000 idx=1900,STATE_TRANSITION
RANGE_to_SWEEP,2024-06-20T15:15:00,1907,,Sweep @ 2341.95000 idx=1907,STATE_TRANSITION
RANGE_to_SWEEP,2024-06-21T02:15:00,1947,,Sweep @ 2361.14000 idx=1947,STATE_TRANSITION
RANGE_to_SWEEP,2024-06-21T04:30:00,1956,,Sweep @ 2357.16000 idx=1956,STATE_TRANSITION
RANGE_to_SWEEP,2024-06-21T08:00:00,1970,,Sweep @ 2363.36000 idx=1970,STATE_TRANSITION
SWEEP_to_DISPLACEMENT,2024-06-21T09:15:00,1975,,Displacement | body_ratio=0.701 wick=3.41000,STATE_TRANSITION
RANGE_to_SWEEP,2024-06-21T09:45:00,1977,,Sweep @ 2357.99000 idx=1977,STATE_TRANSITION
SWEEP_to_DISPLACEMENT,2024-06-21T10:30:00,1980,,Displacement | body_ratio=0.882 wick=4.25000,STATE_TRANSITION
RANGE_to_SWEEP,2024-06-21T11:30:00,1984,,Sweep @ 2367.92000 idx=1984,STATE_TRANSITION
RANGE_to_SWEEP,2024-06-21T14:30:00,1996,,Sweep @ 2368.77000 idx=1996,STATE_TRANSITION
RANGE_to_SWEEP,2024-06-21T16:00:00,2002,,Sweep @ 2359.29000 idx=2002,STATE_TRANSITION
RANGE_to_SWEEP,2024-06-24T04:00:00,2046,,Sweep @ 2323.76000 idx=2046,STATE_TRANSITION
RANGE_to_SWEEP,2024-06-24T06:15:00,2055,,Sweep @ 2326.70000 idx=2055,STATE_TRANSITION
RANGE_to_SWEEP,2024-06-24T09:15:00,2067,,Sweep @ 2321.43000 idx=2067,STATE_TRANSITION
SWEEP_to_DISPLACEMENT,2024-06-24T10:30:00,2072,,Displacement | body_ratio=0.863 wick=4.74000,STATE_TRANSITION
RANGE_to_SWEEP,2024-06-24T12:30:00,2080,,Sweep @ 2320.80000 idx=2080,STATE_TRANSITION
RANGE_to_SWEEP,2024-06-24T16:30:00,2096,,Sweep @ 2333.92000 idx=2096,STATE_TRANSITION
RANGE_to_SWEEP,2024-06-24T21:15:00,2115,,Sweep @ 2334.06000 idx=2115,STATE_TRANSITION
RANGE_to_SWEEP,2024-06-25T02:30:00,2132,,Sweep @ 2330.82000 idx=2132,STATE_TRANSITION
RANGE_to_SWEEP,2024-06-25T07:00:00,2150,,Sweep @ 2322.75000 idx=2150,STATE_TRANSITION
RANGE_to_SWEEP,2024-06-25T11:45:00,2169,,Sweep @ 2330.58000 idx=2169,STATE_TRANSITION
RANGE_to_SWEEP,2024-06-25T16:00:00,2186,,Sweep @ 2321.75000 idx=2186,STATE_TRANSITION
SWEEP_to_DISPLACEMENT,2024-06-25T16:45:00,2189,,Displacement | body_ratio=0.848 wick=5.28000,STATE_TRANSITION
SWEEP_to_EXPANSION_shadow,2024-06-25T18:45:00,2197,,Shadow resume: displacement carried from prior HTF window — strength check skipped,STATE_TRANSITION
RANGE_to_SWEEP,2024-06-25T19:45:00,2201,,Sweep @ 2315.56000 idx=2201,STATE_TRANSITION
RANGE_to_SWEEP,2024-06-26T03:15:00,2227,,Sweep @ 2324.09000 idx=2227,STATE_TRANSITION
RANGE_to_SWEEP,2024-06-26T09:00:00,2250,,Sweep @ 2309.74000 idx=2250,STATE_TRANSITION
RANGE_to_SWEEP,2024-06-26T12:30:00,2264,,Sweep @ 2318.49000 idx=2264,STATE_TRANSITION
SWEEP_to_DISPLACEMENT,2024-06-26T13:15:00,2267,,Displacement | body_ratio=0.821 wick=6.26000,STATE_TRANSITION
DISPLACEMENT_to_EXPANSION,2024-06-26T14:15:00,2271,,Bearish expansion | close=2304.57000 disp_close=2308.40000,STATE_TRANSITION
RANGE_to_SWEEP,2024-06-27T02:30:00,2316,,Sweep @ 2296.88000 idx=2316,STATE_TRANSITION
SWEEP_to_DISPLACEMENT,2024-06-27T03:00:00,2318,,Displacement | body_ratio=0.782 wick=1.74000,STATE_TRANSITION
SWEEP_to_EXPANSION_shadow,2024-06-27T04:45:00,2325,,Shadow resume: displacement carried from prior HTF window — strength check skipped,STATE_TRANSITION
RANGE_to_SWEEP,2024-06-27T07:15:00,2335,,Sweep @ 2301.01000 idx=2335,STATE_TRANSITION
RANGE_to_SWEEP,2024-06-27T09:00:00,2342,,Sweep @ 2296.56000 idx=2342,STATE_TRANSITION
SWEEP_to_DISPLACEMENT,2024-06-27T09:15:00,2343,,Displacement | body_ratio=0.791 wick=3.16000,STATE_TRANSITION
DISPLACEMENT_to_EXPANSION,2024-06-27T10:45:00,2349,,Bullish expansion | close=2302.39000 disp_close=2301.61000,STATE_TRANSITION
RANGE_to_SWEEP,2024-06-27T17:15:00,2375,,Sweep @ 2328.13000 idx=2375,STATE_TRANSITION
RANGE_to_SWEEP,2024-06-28T09:00:00,2434,,Sweep @ 2327.24000 idx=2434,STATE_TRANSITION
RANGE_to_SWEEP,2024-06-28T16:15:00,2463,,Sweep @ 2337.54000 idx=2463,STATE_TRANSITION
RANGE_to_SWEEP,2024-06-28T18:15:00,2471,,Sweep @ 2324.35000 idx=2471,STATE_TRANSITION
RANGE_to_SWEEP,2024-07-01T01:00:00,2494,,Sweep @ 2322.90000 idx=2494,STATE_TRANSITION
RANGE_to_SWEEP,2024-07-01T03:30:00,2504,,Sweep @ 2322.60000 idx=2504,STATE_TRANSITION
RANGE_to_SWEEP,2024-07-01T07:45:00,2521,,Sweep @ 2321.89000 idx=2521,STATE_TRANSITION
SWEEP_to_DISPLACEMENT,2024-07-01T09:00:00,2526,,Displacement | body_ratio=0.688 wick=3.69000,STATE_TRANSITION
RANGE_to_SWEEP,2024-07-01T09:30:00,2528,,Sweep @ 2329.04000 idx=2528,STATE_TRANSITION
RANGE_to_SWEEP,2024-07-01T12:00:00,2538,,Sweep @ 2329.24000 idx=2538,STATE_TRANSITION
RANGE_to_SWEEP,2024-07-01T15:30:00,2552,,Sweep @ 2335.20000 idx=2552,STATE_TRANSITION
SWEEP_to_DISPLACEMENT,2024-07-01T16:45:00,2557,,Displacement | body_ratio=0.686 wick=8.11000,STATE_TRANSITION
DISPLACEMENT_to_EXPANSION,2024-07-01T17:15:00,2559,,Bearish expansion | close=2323.81000 disp_close=2327.24000,STATE_TRANSITION
RANGE_to_SWEEP,2024-07-05T01:30:00,2854,,Sweep @ 2354.28000 idx=2854,STATE_TRANSITION
SWEEP_to_DISPLACEMENT,2024-07-05T01:45:00,2855,,Displacement | body_ratio=0.930 wick=1.57000,STATE_TRANSITION
DISPLACEMENT_to_EXPANSION,2024-07-05T03:30:00,2862,,Bullish expansion | close=2358.37000 disp_close=2357.48000,STATE_TRANSITION
RANGE_to_SWEEP,2024-07-05T05:00:00,2868,,Sweep @ 2361.06000 idx=2868,STATE_TRANSITION
RANGE_to_SWEEP,2024-07-05T09:15:00,2885,,Sweep @ 2366.09000 idx=2885,STATE_TRANSITION
RANGE_to_SWEEP,2024-07-05T12:45:00,2899,,Sweep @ 2362.07000 idx=2899,STATE_TRANSITION
RANGE_to_SWEEP,2024-07-05T17:00:00,2916,,Sweep @ 2383.61000 idx=2916,STATE_TRANSITION
RANGE_to_SWEEP,2024-07-05T20:30:00,2930,,Sweep @ 2389.91000 idx=2930,STATE_TRANSITION
RANGE_to_SWEEP,2024-07-08T01:00:00,2944,,Sweep @ 2390.19000 idx=2944,STATE_TRANSITION
RANGE_to_SWEEP,2024-07-08T01:45:00,2947,,Sweep @ 2384.95000 idx=2947,STATE_TRANSITION
RANGE_to_SWEEP,2024-07-08T07:30:00,2970,,Sweep @ 2383.27000 idx=2970,STATE_TRANSITION
RANGE_to_SWEEP,2024-07-09T05:00:00,3052,,Sweep @ 2363.47000 idx=3052,STATE_TRANSITION
RANGE_to_SWEEP,2024-07-09T08:00:00,3064,,Sweep @ 2368.40000 idx=3064,STATE_TRANSITION
RANGE_to_SWEEP,2024-07-09T10:45:00,3075,,Sweep @ 2358.41000 idx=3075,STATE_TRANSITION
RANGE_to_SWEEP,2024-07-09T14:45:00,3091,,Sweep @ 2357.60000 idx=3091,STATE_TRANSITION
RANGE_to_SWEEP,2024-07-10T02:30:00,3134,,Sweep @ 2366.10000 idx=3134,STATE_TRANSITION
RANGE_to_SWEEP,2024-07-10T03:30:00,3138,,Sweep @ 2366.52000 idx=3138,STATE_TRANSITION
RANGE_to_SWEEP,2024-07-10T08:30:00,3158,,Sweep @ 2370.40000 idx=3158,STATE_TRANSITION
RANGE_to_SWEEP,2024-07-10T13:30:00,3178,,Sweep @ 2375.36000 idx=3178,STATE_TRANSITION
RANGE_to_SWEEP,2024-07-10T15:30:00,3186,,Sweep @ 2381.89000 idx=3186,STATE_TRANSITION
SWEEP_to_DISPLACEMENT,2024-07-10T15:45:00,3187,,Displacement | body_ratio=0.759 wick=3.52000,STATE_TRANSITION
RANGE_to_SWEEP,2024-07-10T17:15:00,3193,,Sweep @ 2384.56000 idx=3193,STATE_TRANSITION
RANGE_to_SWEEP,2024-07-11T04:30:00,3234,,Sweep @ 2375.82000 idx=3234,STATE_TRANSITION
RANGE_to_SWEEP,2024-07-11T08:45:00,3251,,Sweep @ 2383.05000 idx=3251,STATE_TRANSITION
SWEEP_to_DISPLACEMENT,2024-07-11T10:30:00,3258,,Displacement | body_ratio=0.859 wick=2.91000,STATE_TRANSITION
RANGE_to_SWEEP,2024-07-11T15:30:00,3278,,Sweep @ 2378.29000 idx=3278,STATE_TRANSITION
RANGE_to_SWEEP,2024-07-11T19:45:00,3295,,Sweep @ 2415.53000 idx=3295,STATE_TRANSITION
RANGE_to_SWEEP,2024-07-12T03:45:00,3323,,Sweep @ 2411.08000 idx=3323,STATE_TRANSITION
RANGE_to_SWEEP,2024-07-12T08:30:00,3342,,Sweep @ 2405.46000 idx=3342,STATE_TRANSITION
RANGE_to_SWEEP,2024-07-12T11:15:00,3353,,Sweep @ 2404.11000 idx=3353,STATE_TRANSITION
RANGE_to_SWEEP,2024-07-12T13:45:00,3363,,Sweep @ 2399.87000 idx=3363,STATE_TRANSITION
SWEEP_to_DISPLACEMENT,2024-07-12T16:00:00,3372,,Displacement | body_ratio=0.813 wick=7.60000,STATE_TRANSITION
RANGE_to_SWEEP,2024-07-12T18:30:00,3382,,Sweep @ 2412.06000 idx=3382,STATE_TRANSITION
RANGE_to_SWEEP,2024-07-15T02:30:00,3410,,Sweep @ 2405.67000 idx=3410,STATE_TRANSITION
SWEEP_to_DISPLACEMENT,2024-07-15T04:45:00,3419,,Displacement | body_ratio=0.754 wick=3.58000,STATE_TRANSITION
DISPLACEMENT_to_EXPANSION,2024-07-15T05:00:00,3420,,Bullish expansion | close=2410.76000 disp_close=2410.08000,STATE_TRANSITION
EXPANSION_to_RETEST,2024-07-19T18:00:00,3840,,Retest | depth_abs=1.26000 ceiling=1.66586,STATE_TRANSITION
RETEST_to_EXECUTION,2024-07-19T18:15:00,3841,,Risk approved → entering execution,STATE_TRANSITION
TRADE_OPENED,2024-07-19T18:15:00,3841,LONG,,TRADE_OPENED
EXECUTION_to_RESOLUTION,2024-07-19T18:30:00,3842,,Trade closed: STOPPED,STATE_TRANSITION
RANGE_to_SWEEP,2024-07-22T04:30:00,3878,,Sweep @ 2412.17000 idx=3878,STATE_TRANSITION
SWEEP_to_DISPLACEMENT,2024-07-22T04:45:00,3879,,Displacement | body_ratio=0.980 wick=3.53000,STATE_TRANSITION
DISPLACEMENT_to_EXPANSION,2024-07-22T05:15:00,3881,,Bearish expansion | close=2405.44000 disp_close=2406.45000,STATE_TRANSITION
RANGE_to_SWEEP,2024-07-22T07:45:00,3891,,Sweep @ 2403.28000 idx=3891,STATE_TRANSITION
RANGE_to_SWEEP,2024-07-22T13:45:00,3915,,Sweep @ 2408.43000 idx=3915,STATE_TRANSITION
RANGE_to_SWEEP,2024-07-22T15:45:00,3923,,Sweep @ 2392.06000 idx=3923,STATE_TRANSITION
RANGE_to_SWEEP,2024-07-23T03:45:00,3967,,Sweep @ 2400.30000 idx=3967,STATE_TRANSITION
RANGE_to_SWEEP,2024-07-23T04:30:00,3970,,Sweep @ 2404.02000 idx=3970,STATE_TRANSITION
SWEEP_to_DISPLACEMENT,2024-07-23T04:45:00,3971,,Displacement | body_ratio=0.757 wick=3.01000,STATE_TRANSITION
DISPLACEMENT_to_EXPANSION,2024-07-23T05:45:00,3975,,Bearish expansion | close=2399.68000 disp_close=2401.12000,STATE_TRANSITION
RANGE_to_SWEEP,2024-07-23T08:00:00,3984,,Sweep @ 2394.99000 idx=3984,STATE_TRANSITION
RANGE_to_SWEEP,2024-07-23T10:30:00,3994,,Sweep @ 2391.85000 idx=3994,STATE_TRANSITION
SWEEP_to_DISPLACEMENT,2024-07-23T11:30:00,3998,,Displacement | body_ratio=0.905 wick=5.46000,STATE_TRANSITION
DISPLACEMENT_to_EXPANSION,2024-07-23T12:00:00,4000,,Bullish expansion | close=2406.88000 disp_close=2403.63000,STATE_TRANSITION
RANGE_to_SWEEP,2024-07-29T01:15:00,4325,,Sweep @ 2403.16000 idx=4325,STATE_TRANSITION
RANGE_to_SWEEP,2024-07-29T08:30:00,4354,,Sweep @ 2390.24000 idx=4354,STATE_TRANSITION
RANGE_to_SWEEP,2024-07-29T14:45:00,4379,,Sweep @ 2386.91000 idx=4379,STATE_TRANSITION
RANGE_to_SWEEP,2024-07-30T04:30:00,4430,,Sweep @ 2376.51000 idx=4430,STATE_TRANSITION
RANGE_to_SWEEP,2024-07-30T10:00:00,4452,,Sweep @ 2392.03000 idx=4452,STATE_TRANSITION
RANGE_to_SWEEP,2024-07-30T13:45:00,4467,,Sweep @ 2392.44000 idx=4467,STATE_TRANSITION
RANGE_to_SWEEP,2024-07-30T18:15:00,4485,,Sweep @ 2383.95000 idx=4485,STATE_TRANSITION
SWEEP_to_DISPLACEMENT,2024-07-30T19:45:00,4491,,Displacement | body_ratio=0.938 wick=8.10000,STATE_TRANSITION
DISPLACEMENT_to_EXPANSION,2024-07-30T20:00:00,4492,,Bullish expansion | close=2402.33000 disp_close=2399.91000,STATE_TRANSITION
RANGE_to_SWEEP,2024-08-05T03:30:00,4794,,Sweep @ 2425.11000 idx=4794,STATE_TRANSITION
SWEEP_to_DISPLACEMENT,2024-08-05T04:00:00,4796,,Displacement | body_ratio=0.770 wick=13.38000,STATE_TRANSITION
RANGE_to_SWEEP,2024-08-05T05:45:00,4803,,Sweep @ 2446.16000 idx=4803,STATE_TRANSITION
RANGE_to_SWEEP,2024-08-05T12:30:00,4830,,Sweep @ 2420.79000 idx=4830,STATE_TRANSITION
RANGE_to_SWEEP,2024-08-05T18:00:00,4852,,Sweep @ 2409.63000 idx=4852,STATE_TRANSITION
RANGE_to_SWEEP,2024-08-05T22:45:00,4871,,Sweep @ 2413.08000 idx=4871,STATE_TRANSITION
RANGE_to_SWEEP,2024-08-06T02:45:00,4883,,Sweep @ 2404.45000 idx=4883,STATE_TRANSITION
SWEEP_to_DISPLACEMENT,2024-08-06T03:00:00,4884,,Displacement | body_ratio=0.892 wick=5.29000,STATE_TRANSITION
DISPLACEMENT_to_EXPANSION,2024-08-06T03:15:00,4885,,Bullish expansion | close=2411.68000 disp_close=2409.58000,STATE_TRANSITION
RANGE_to_SWEEP,2024-08-06T04:30:00,4890,,Sweep @ 2417.17000 idx=4890,STATE_TRANSITION
RANGE_to_SWEEP,2024-08-06T09:15:00,4909,,Sweep @ 2394.89000 idx=4909,STATE_TRANSITION
RANGE_to_SWEEP,2024-08-06T11:15:00,4917,,Sweep @ 2413.74000 idx=4917,STATE_TRANSITION
RANGE_to_SWEEP,2024-08-06T15:00:00,4932,,Sweep @ 2407.85000 idx=4932,STATE_TRANSITION
RANGE_to_SWEEP,2024-08-07T02:15:00,4973,,Sweep @ 2385.07000 idx=4973,STATE_TRANSITION
RANGE_to_SWEEP,2024-08-07T04:15:00,4981,,Sweep @ 2379.07000 idx=4981,STATE_TRANSITION
RANGE_to_SWEEP,2024-08-07T07:45:00,4995,,Sweep @ 2394.81000 idx=4995,STATE_TRANSITION
RANGE_to_SWEEP,2024-08-07T13:30:00,5018,,Sweep @ 2397.75000 idx=5018,STATE_TRANSITION
RANGE_to_SWEEP,2024-08-07T15:45:00,5027,,Sweep @ 2407.06000 idx=5027,STATE_TRANSITION
RANGE_to_SWEEP,2024-08-07T20:30:00,5046,,Sweep @ 2390.69000 idx=5046,STATE_TRANSITION
RANGE_to_SWEEP,2024-08-07T23:30:00,5058,,Sweep @ 2382.34000 idx=5058,STATE_TRANSITION
RANGE_to_SWEEP,2024-08-08T10:00:00,5096,,Sweep @ 2400.35000 idx=5096,STATE_TRANSITION
RANGE_to_SWEEP,2024-08-08T16:30:00,5122,,Sweep @ 2415.56000 idx=5122,STATE_TRANSITION
RANGE_to_SWEEP,2024-08-08T20:30:00,5138,,Sweep @ 2424.96000 idx=5138,STATE_TRANSITION
RANGE_to_SWEEP,2024-08-09T04:15:00,5165,,Sweep @ 2420.19000 idx=5165,STATE_TRANSITION
RANGE_to_SWEEP,2024-08-09T06:30:00,5174,,Sweep @ 2419.93000 idx=5174,STATE_TRANSITION
RANGE_to_SWEEP,2024-08-09T10:30:00,5190,,Sweep @ 2425.68000 idx=5190,STATE_TRANSITION
RANGE_to_SWEEP,2024-08-09T14:30:00,5206,,Sweep @ 2429.39000 idx=5206,STATE_TRANSITION
SWEEP_to_DISPLACEMENT,2024-08-09T16:30:00,5214,,Displacement | body_ratio=0.837 wick=10.98000,STATE_TRANSITION
RANGE_to_SWEEP,2024-08-09T17:30:00,5218,,Sweep @ 2435.97000 idx=5218,STATE_TRANSITION
RANGE_to_SWEEP,2024-08-12T03:00:00,5252,,Sweep @ 2427.00000 idx=5252,STATE_TRANSITION
RANGE_to_SWEEP,2024-08-12T07:15:00,5269,,Sweep @ 2430.82000 idx=5269,STATE_TRANSITION
RANGE_to_SWEEP,2024-08-12T15:30:00,5302,,Sweep @ 2445.45000 idx=5302,STATE_TRANSITION
RANGE_to_SWEEP,2024-08-12T22:30:00,5330,,Sweep @ 2472.19000 idx=5330,STATE_TRANSITION
RANGE_to_SWEEP,2024-08-13T03:45:00,5347,,Sweep @ 2468.50000 idx=5347,STATE_TRANSITION
RANGE_to_SWEEP,2024-08-13T07:45:00,5363,,Sweep @ 2460.26000 idx=5363,STATE_TRANSITION
RANGE_to_SWEEP,2024-08-13T14:15:00,5389,,Sweep @ 2466.47000 idx=5389,STATE_TRANSITION
RANGE_to_SWEEP,2024-08-13T16:15:00,5397,,Sweep @ 2469.94000 idx=5397,STATE_TRANSITION
RANGE_to_SWEEP,2024-08-14T09:30:00,5462,,Sweep @ 2467.10000 idx=5462,STATE_TRANSITION
RANGE_to_SWEEP,2024-08-14T15:30:00,5486,,Sweep @ 2480.02000 idx=5486,STATE_TRANSITION
RANGE_to_SWEEP,2024-08-14T16:30:00,5490,,Sweep @ 2449.50000 idx=5490,STATE_TRANSITION
RANGE_to_SWEEP,2024-08-15T06:45:00,5543,,Sweep @ 2454.38000 idx=5543,STATE_TRANSITION
RANGE_to_SWEEP,2024-08-15T14:15:00,5573,,Sweep @ 2460.59000 idx=5573,STATE_TRANSITION
SWEEP_to_DISPLACEMENT,2024-08-15T15:30:00,5578,,Displacement | body_ratio=0.831 wick=17.02000,STATE_TRANSITION
RANGE_to_SWEEP,2024-08-15T16:15:00,5581,,Sweep @ 2437.15000 idx=5581,STATE_TRANSITION
RANGE_to_SWEEP,2024-08-15T22:30:00,5606,,Sweep @ 2460.58000 idx=5606,STATE_TRANSITION
RANGE_to_SWEEP,2024-08-16T05:30:00,5630,,Sweep @ 2453.64000 idx=5630,STATE_TRANSITION
RANGE_to_SWEEP,2024-08-16T10:30:00,5650,,Sweep @ 2451.19000 idx=5650,STATE_TRANSITION
SWEEP_to_DISPLACEMENT,2024-08-16T10:45:00,5651,,Displacement | body_ratio=0.719 wick=9.06000,STATE_TRANSITION
DISPLACEMENT_to_EXPANSION,2024-08-16T12:45:00,5659,,Bullish expansion | close=2463.39000 disp_close=2461.99000,STATE_TRANSITION
RANGE_to_SWEEP,2024-08-16T20:30:00,5690,,Sweep @ 2500.15000 idx=5690,STATE_TRANSITION
RANGE_to_SWEEP,2024-08-19T01:00:00,5704,,Sweep @ 2510.75000 idx=5704,STATE_TRANSITION
RANGE_to_SWEEP,2024-08-19T05:45:00,5723,,Sweep @ 2500.07000 idx=5723,STATE_TRANSITION
RANGE_to_SWEEP,2024-08-19T11:30:00,5746,,Sweep @ 2507.22000 idx=5746,STATE_TRANSITION
SWEEP_to_DISPLACEMENT,2024-08-19T13:00:00,5752,,Displacement | body_ratio=0.888 wick=3.84000,STATE_TRANSITION
DISPLACEMENT_to_EXPANSION,2024-08-19T13:30:00,5754,,Bearish expansion | close=2491.34000 disp_close=2496.54000,STATE_TRANSITION
RANGE_to_SWEEP,2024-08-19T14:00:00,5756,,Sweep @ 2488.26000 idx=5756,STATE_TRANSITION
RANGE_to_SWEEP,2024-08-19T16:30:00,5766,,Sweep @ 2485.67000 idx=5766,STATE_TRANSITION
RANGE_to_SWEEP,2024-08-19T19:45:00,5779,,Sweep @ 2507.42000 idx=5779,STATE_TRANSITION
RANGE_to_SWEEP,2024-08-20T03:45:00,5807,,Sweep @ 2506.39000 idx=5807,STATE_TRANSITION
RANGE_to_SWEEP,2024-08-20T04:45:00,5811,,Sweep @ 2501.39000 idx=5811,STATE_TRANSITION
RANGE_to_SWEEP,2024-08-20T09:15:00,5829,,Sweep @ 2497.61000 idx=5829,STATE_TRANSITION
SWEEP_to_DISPLACEMENT,2024-08-20T10:30:00,5834,,Displacement | body_ratio=0.896 wick=8.45000,STATE_TRANSITION
DISPLACEMENT_to_EXPANSION,2024-08-20T10:45:00,5835,,Bullish expansion | close=2514.98000 disp_close=2513.19000,STATE_TRANSITION
RANGE_to_SWEEP,2024-08-20T14:15:00,5849,,Sweep @ 2526.10000 idx=5849,STATE_TRANSITION
RANGE_to_SWEEP,2024-08-20T16:30:00,5858,,Sweep @ 2531.72000 idx=5858,STATE_TRANSITION
SWEEP_to_DISPLACEMENT,2024-08-20T18:00:00,5864,,Displacement | body_ratio=0.888 wick=15.51000,STATE_TRANSITION
DISPLACEMENT_to_EXPANSION,2024-08-20T19:15:00,5869,,Bearish expansion | close=2505.61000 disp_close=2510.06000,STATE_TRANSITION
RANGE_to_SWEEP,2024-08-26T02:30:00,6170,,Sweep @ 2515.92000 idx=6170,STATE_TRANSITION
RANGE_to_SWEEP,2024-08-26T04:30:00,6178,,Sweep @ 2510.62000 idx=6178,STATE_TRANSITION
RANGE_to_SWEEP,2024-08-26T13:15:00,6213,,Sweep @ 2526.63000 idx=6213,STATE_TRANSITION
SWEEP_to_DISPLACEMENT,2024-08-26T14:15:00,6217,,Displacement | body_ratio=0.815 wick=4.06000,STATE_TRANSITION
RANGE_to_SWEEP,2024-08-26T14:45:00,6219,,Sweep @ 2526.87000 idx=6219,STATE_TRANSITION
RANGE_to_SWEEP,2024-08-26T20:00:00,6240,,Sweep @ 2519.95000 idx=6240,STATE_TRANSITION
RANGE_to_SWEEP,2024-08-27T03:15:00,6265,,Sweep @ 2514.76000 idx=6265,STATE_TRANSITION
RANGE_to_SWEEP,2024-08-27T10:00:00,6292,,Sweep @ 2517.58000 idx=6292,STATE_TRANSITION
SWEEP_to_DISPLACEMENT,2024-08-27T10:15:00,6293,,Displacement | body_ratio=0.678 wick=5.03000,STATE_TRANSITION
DISPLACEMENT_to_EXPANSION,2024-08-27T10:30:00,6294,,Bearish expansion | close=2508.82000 disp_close=2511.35000,STATE_TRANSITION
RANGE_to_SWEEP,2024-08-27T11:00:00,6296,,Sweep @ 2503.58000 idx=6296,STATE_TRANSITION
RANGE_to_SWEEP,2024-08-27T17:00:00,6320,,Sweep @ 2517.64000 idx=6320,STATE_TRANSITION
RANGE_to_SWEEP,2024-08-27T18:15:00,6325,,Sweep @ 2520.29000 idx=6325,STATE_TRANSITION
RANGE_to_SWEEP,2024-08-27T21:30:00,6338,,Sweep @ 2524.95000 idx=6338,STATE_TRANSITION
RANGE_to_SWEEP,2024-08-28T07:15:00,6373,,Sweep @ 2512.92000 idx=6373,STATE_TRANSITION
RANGE_to_SWEEP,2024-08-28T13:45:00,6399,,Sweep @ 2502.65000 idx=6399,STATE_TRANSITION
RANGE_to_SWEEP,2024-08-28T16:00:00,6408,,Sweep @ 2500.10000 idx=6408,STATE_TRANSITION
RANGE_to_SWEEP,2024-08-29T07:30:00,6466,,Sweep @ 2518.21000 idx=6466,STATE_TRANSITION
SWEEP_to_DISPLACEMENT,2024-08-29T09:30:00,6474,,Displacement | body_ratio=0.724 wick=4.75000,STATE_TRANSITION
RANGE_to_SWEEP,2024-08-29T14:45:00,6495,,Sweep @ 2522.29000 idx=6495,STATE_TRANSITION
RANGE_to_SWEEP,2024-08-29T16:45:00,6503,,Sweep @ 2513.32000 idx=6503,STATE_TRANSITION
RANGE_to_SWEEP,2024-08-29T19:45:00,6515,,Sweep @ 2526.73000 idx=6515,STATE_TRANSITION
RANGE_to_SWEEP,2024-08-30T01:00:00,6532,,Sweep @ 2520.20000 idx=6532,STATE_TRANSITION
RANGE_to_SWEEP,2024-08-30T04:45:00,6547,,Sweep @ 2514.50000 idx=6547,STATE_TRANSITION
RANGE_to_SWEEP,2024-08-30T09:45:00,6567,,Sweep @ 2520.53000 idx=6567,STATE_TRANSITION
RANGE_to_SWEEP,2024-08-30T17:00:00,6596,,Sweep @ 2511.49000 idx=6596,STATE_TRANSITION
RANGE_to_SWEEP,2024-09-02T03:45:00,6635,,Sweep @ 2505.03000 idx=6635,STATE_TRANSITION
SWEEP_to_DISPLACEMENT,2024-09-02T04:30:00,6638,,Displacement | body_ratio=0.732 wick=7.40000,STATE_TRANSITION
DISPLACEMENT_to_EXPANSION,2024-09-02T05:00:00,6640,,Bearish expansion | close=2494.12000 disp_close=2497.71000,STATE_TRANSITION
RANGE_to_SWEEP,2024-09-03T01:15:00,6707,,Sweep @ 2498.26000 idx=6707,STATE_TRANSITION
RANGE_to_SWEEP,2024-09-03T09:15:00,6739,,Sweep @ 2497.23000 idx=6739,STATE_TRANSITION
RANGE_to_SWEEP,2024-09-03T13:45:00,6757,,Sweep @ 2494.28000 idx=6757,STATE_TRANSITION
RANGE_to_SWEEP,2024-09-03T17:15:00,6771,,Sweep @ 2473.47000 idx=6771,STATE_TRANSITION
RANGE_to_SWEEP,2024-09-03T22:00:00,6790,,Sweep @ 2492.60000 idx=6790,STATE_TRANSITION
RANGE_to_SWEEP,2024-09-04T02:15:00,6803,,Sweep @ 2494.75000 idx=6803,STATE_TRANSITION
RANGE_to_SWEEP,2024-09-04T10:15:00,6835,,Sweep @ 2483.40000 idx=6835,STATE_TRANSITION
RANGE_to_SWEEP,2024-09-04T14:30:00,6852,,Sweep @ 2491.20000 idx=6852,STATE_TRANSITION
RANGE_to_SWEEP,2024-09-04T22:45:00,6885,,Sweep @ 2491.96000 idx=6885,STATE_TRANSITION
RANGE_to_SWEEP,2024-09-05T04:00:00,6902,,Sweep @ 2497.55000 idx=6902,STATE_TRANSITION
RANGE_to_SWEEP,2024-09-05T07:30:00,6916,,Sweep @ 2494.36000 idx=6916,STATE_TRANSITION
SWEEP_to_DISPLACEMENT,2024-09-05T08:30:00,6920,,Displacement | body_ratio=0.678 wick=3.70000,STATE_TRANSITION
RANGE_to_SWEEP,2024-09-05T15:45:00,6949,,Sweep @ 2521.99000 idx=6949,STATE_TRANSITION
RANGE_to_SWEEP,2024-09-06T01:00:00,6982,,Sweep @ 2516.95000 idx=6982,STATE_TRANSITION
RANGE_to_SWEEP,2024-09-06T04:00:00,6994,,Sweep @ 2514.40000 idx=6994,STATE_TRANSITION
RANGE_to_SWEEP,2024-09-06T09:00:00,7014,,Sweep @ 2520.15000 idx=7014,STATE_TRANSITION
RANGE_to_SWEEP,2024-09-06T14:45:00,7037,,Sweep @ 2514.78000 idx=7037,STATE_TRANSITION
SWEEP_to_DISPLACEMENT,2024-09-06T15:15:00,7039,,Displacement | body_ratio=0.713 wick=5.02000,STATE_TRANSITION
RANGE_to_SWEEP,2024-09-06T16:15:00,7043,,Sweep @ 2506.78000 idx=7043,STATE_TRANSITION
RANGE_to_SWEEP,2024-09-09T01:00:00,7074,,Sweep @ 2498.93000 idx=7074,STATE_TRANSITION
SWEEP_to_DISPLACEMENT,2024-09-09T03:15:00,7083,,Displacement | body_ratio=0.750 wick=2.44000,STATE_TRANSITION
RANGE_to_SWEEP,2024-09-09T05:15:00,7091,,Sweep @ 2498.80000 idx=7091,STATE_TRANSITION
SWEEP_to_DISPLACEMENT,2024-09-09T08:30:00,7104,,Displacement | body_ratio=0.960 wick=6.47000,STATE_TRANSITION
RANGE_to_SWEEP,2024-09-09T09:00:00,7106,,Sweep @ 2487.26000 idx=7106,STATE_TRANSITION
SWEEP_to_DISPLACEMENT,2024-09-09T09:30:00,7108,,Displacement | body_ratio=0.736 wick=8.07000,STATE_TRANSITION
DISPLACEMENT_to_EXPANSION,2024-09-09T10:15:00,7111,,Bullish expansion | close=2493.63000 disp_close=2492.39000,STATE_TRANSITION
RANGE_to_SWEEP,2024-09-09T12:30:00,7120,,Sweep @ 2497.66000 idx=7120,STATE_TRANSITION
RANGE_to_SWEEP,2024-09-09T13:00:00,7122,,Sweep @ 2499.24000 idx=7122,STATE_TRANSITION
RANGE_to_SWEEP,2024-09-09T19:45:00,7149,,Sweep @ 2505.31000 idx=7149,STATE_TRANSITION
RANGE_to_SWEEP,2024-09-09T23:45:00,7165,,Sweep @ 2507.02000 idx=7165,STATE_TRANSITION
RANGE_to_SWEEP,2024-09-10T02:45:00,7173,,Sweep @ 2507.62000 idx=7173,STATE_TRANSITION
RANGE_to_SWEEP,2024-09-10T06:30:00,7188,,Sweep @ 2501.48000 idx=7188,STATE_TRANSITION
SWEEP_to_DISPLACEMENT,2024-09-10T09:00:00,7198,,Displacement | body_ratio=0.916 wick=2.39000,STATE_TRANSITION
RANGE_to_SWEEP,2024-09-10T10:30:00,7204,,Sweep @ 2507.76000 idx=7204,STATE_TRANSITION
SWEEP_to_DISPLACEMENT,2024-09-10T10:45:00,7205,,Displacement | body_ratio=0.676 wick=3.86000,STATE_TRANSITION
DISPLACEMENT_to_EXPANSION,2024-09-10T11:00:00,7206,,Bearish expansion | close=2501.67000 disp_close=2502.82000,STATE_TRANSITION
RANGE_to_SWEEP,2024-09-10T13:30:00,7216,,Sweep @ 2507.94000 idx=7216,STATE_TRANSITION
RANGE_to_SWEEP,2024-09-10T16:45:00,7229,,Sweep @ 2510.56000 idx=7229,STATE_TRANSITION
RANGE_to_SWEEP,2024-09-10T18:45:00,7237,,Sweep @ 2517.16000 idx=7237,STATE_TRANSITION
RANGE_to_SWEEP,2024-09-11T03:00:00,7266,,Sweep @ 2518.99000 idx=7266,STATE_TRANSITION
SWEEP_to_DISPLACEMENT,2024-09-11T03:45:00,7269,,Displacement | body_ratio=0.808 wick=2.97000,STATE_TRANSITION
RANGE_to_SWEEP,2024-09-11T04:45:00,7273,,Sweep @ 2522.58000 idx=7273,STATE_TRANSITION
RANGE_to_SWEEP,2024-09-12T04:45:00,7365,,Sweep @ 2514.84000 idx=7365,STATE_TRANSITION
RANGE_to_SWEEP,2024-09-12T09:45:00,7385,,Sweep @ 2518.87000 idx=7385,STATE_TRANSITION
RANGE_to_SWEEP,2024-09-12T14:00:00,7402,,Sweep @ 2513.04000 idx=7402,STATE_TRANSITION
SWEEP_to_DISPLACEMENT,2024-09-12T14:30:00,7404,,Displacement | body_ratio=0.841 wick=3.91000,STATE_TRANSITION
DISPLACEMENT_to_EXPANSION,2024-09-12T15:00:00,7406,,Bullish expansion | close=2519.88000 disp_close=2519.12000,STATE_TRANSITION
RANGE_to_SWEEP,2024-09-12T21:15:00,7431,,Sweep @ 2555.22000 idx=7431,STATE_TRANSITION
RANGE_to_SWEEP,2024-09-13T06:30:00,7464,,Sweep @ 2570.06000 idx=7464,STATE_TRANSITION
RANGE_to_SWEEP,2024-09-13T10:45:00,7481,,Sweep @ 2571.10000 idx=7481,STATE_TRANSITION
SWEEP_to_DISPLACEMENT,2024-09-13T11:15:00,7483,,Displacement | body_ratio=0.918 wick=4.15000,STATE_TRANSITION
RANGE_to_SWEEP,2024-09-13T12:15:00,7487,,Sweep @ 2572.85000 idx=7487,STATE_TRANSITION
RANGE_to_SWEEP,2024-09-13T14:30:00,7496,,Sweep @ 2563.75000 idx=7496,STATE_TRANSITION
SWEEP_to_DISPLACEMENT,2024-09-13T15:45:00,7501,,Displacement | body_ratio=0.925 wick=4.82000,STATE_TRANSITION
DISPLACEMENT_to_EXPANSION,2024-09-13T16:15:00,7503,,Bullish expansion | close=2577.03000 disp_close=2575.87000,STATE_TRANSITION
RANGE_to_SWEEP,2024-09-16T06:00:00,7554,,Sweep @ 2589.00000 idx=7554,STATE_TRANSITION
RANGE_to_SWEEP,2024-09-16T11:15:00,7575,,Sweep @ 2582.94000 idx=7575,STATE_TRANSITION
RANGE_to_SWEEP,2024-09-16T16:45:00,7597,,Sweep @ 2589.37000 idx=7597,STATE_TRANSITION
SWEEP_to_DISPLACEMENT,2024-09-16T17:00:00,7598,,Displacement | body_ratio=0.880 wick=7.76000,STATE_TRANSITION
DISPLACEMENT_to_EXPANSION,2024-09-16T17:15:00,7599,,Bearish expansion | close=2579.15000 disp_close=2581.45000,STATE_TRANSITION
RANGE_to_SWEEP,2024-09-23T03:45:00,8005,,Sweep @ 2618.20000 idx=8005,STATE_TRANSITION
RANGE_to_SWEEP,2024-09-23T08:45:00,8025,,Sweep @ 2631.38000 idx=8025,STATE_TRANSITION
SWEEP_to_DISPLACEMENT,2024-09-23T10:00:00,8030,,Displacement | body_ratio=0.712 wick=4.20000,STATE_TRANSITION
DISPLACEMENT_to_EXPANSION,2024-09-23T10:15:00,8031,,Bearish expansion | close=2619.38000 disp_close=2621.47000,STATE_TRANSITION
EXPANSION_to_RETEST,2024-09-23T16:00:00,8054,,Retest | depth_abs=1.98000 ceiling=2.25750,STATE_TRANSITION
RETEST_to_EXECUTION,2024-09-23T16:15:00,8055,,Risk approved → entering execution,STATE_TRANSITION
RANGE_to_SWEEP,2024-09-23T17:00:00,8058,,Sweep @ 2633.51000 idx=8058,STATE_TRANSITION
RANGE_to_SWEEP,2024-09-24T03:00:00,8094,,Sweep @ 2624.71000 idx=8094,STATE_TRANSITION
RANGE_to_SWEEP,2024-09-24T04:15:00,8099,,Sweep @ 2630.20000 idx=8099,STATE_TRANSITION
RANGE_to_SWEEP,2024-09-24T08:00:00,8114,,Sweep @ 2638.76000 idx=8114,STATE_TRANSITION
SWEEP_to_DISPLACEMENT,2024-09-24T08:30:00,8116,,Displacement | body_ratio=0.688 wick=6.67000,STATE_TRANSITION
RANGE_to_SWEEP,2024-09-24T09:00:00,8118,,Sweep @ 2624.56000 idx=8118,STATE_TRANSITION
RANGE_to_SWEEP,2024-09-24T16:00:00,8146,,Sweep @ 2636.67000 idx=8146,STATE_TRANSITION
RANGE_to_SWEEP,2024-09-24T21:00:00,8166,,Sweep @ 2655.40000 idx=8166,STATE_TRANSITION
RANGE_to_SWEEP,2024-09-25T05:00:00,8194,,Sweep @ 2663.79000 idx=8194,STATE_TRANSITION
RANGE_to_SWEEP,2024-09-25T09:00:00,8210,,Sweep @ 2653.55000 idx=8210,STATE_TRANSITION
RANGE_to_SWEEP,2024-09-25T15:30:00,8236,,Sweep @ 2660.81000 idx=8236,STATE_TRANSITION
RANGE_to_SWEEP,2024-09-25T17:00:00,8242,,Sweep @ 2667.36000 idx=8242,STATE_TRANSITION
RANGE_to_SWEEP,2024-09-26T02:45:00,8277,,Sweep @ 2656.23000 idx=8277,STATE_TRANSITION
SWEEP_to_DISPLACEMENT,2024-09-26T03:15:00,8279,,Displacement | body_ratio=0.966 wick=2.36000,STATE_TRANSITION
RANGE_to_SWEEP,2024-09-26T03:45:00,8281,,Sweep @ 2660.38000 idx=8281,STATE_TRANSITION
RANGE_to_SWEEP,2024-09-26T06:15:00,8291,,Sweep @ 2661.82000 idx=8291,STATE_TRANSITION
SWEEP_to_DISPLACEMENT,2024-09-26T09:00:00,8302,,Displacement | body_ratio=0.829 wick=3.34000,STATE_TRANSITION
RANGE_to_SWEEP,2024-09-26T10:00:00,8306,,Sweep @ 2664.11000 idx=8306,STATE_TRANSITION
RANGE_to_SWEEP,2024-09-26T15:30:00,8328,,Sweep @ 2679.32000 idx=8328,STATE_TRANSITION
SWEEP_to_DISPLACEMENT,2024-09-26T16:00:00,8330,,Displacement | body_ratio=0.827 wick=16.07000,STATE_TRANSITION
DISPLACEMENT_to_EXPANSION,2024-09-26T16:45:00,8333,,Bearish expansion | close=2660.89000 disp_close=2663.98000,STATE_TRANSITION
RANGE_to_SWEEP,2024-09-30T01:45:00,8457,,Sweep @ 2663.54000 idx=8457,STATE_TRANSITION
RANGE_to_SWEEP,2024-09-30T04:45:00,8469,,Sweep @ 2647.34000 idx=8469,STATE_TRANSITION
RANGE_to_SWEEP,2024-09-30T09:15:00,8487,,Sweep @ 2660.16000 idx=8487,STATE_TRANSITION
SWEEP_to_DISPLACEMENT,2024-09-30T10:45:00,8493,,Displacement | body_ratio=0.958 wick=5.68000,STATE_TRANSITION
RANGE_to_SWEEP,2024-09-30T12:30:00,8500,,Sweep @ 2649.04000 idx=8500,STATE_TRANSITION
RANGE_to_SWEEP,2024-09-30T16:45:00,8517,,Sweep @ 2630.57000 idx=8517,STATE_TRANSITION
RANGE_to_SWEEP,2024-09-30T20:00:00,8530,,Sweep @ 2641.85000 idx=8530,STATE_TRANSITION
SWEEP_to_DISPLACEMENT,2024-09-30T21:00:00,8534,,Displacement | body_ratio=0.815 wick=10.46000,STATE_TRANSITION
DISPLACEMENT_to_EXPANSION,2024-09-30T21:15:00,8535,,Bearish expansion | close=2626.91000 disp_close=2629.35000,STATE_TRANSITION
RANGE_to_SWEEP,2024-10-01T05:00:00,8562,,Sweep @ 2639.97000 idx=8562,STATE_TRANSITION
RANGE_to_SWEEP,2024-10-01T09:00:00,8578,,Sweep @ 2644.67000 idx=8578,STATE_TRANSITION
RANGE_to_SWEEP,2024-10-01T13:15:00,8595,,Sweep @ 2650.58000 idx=8595,STATE_TRANSITION
SWEEP_to_DISPLACEMENT,2024-10-01T14:15:00,8599,,Displacement | body_ratio=0.863 wick=3.88000,STATE_TRANSITION
RANGE_to_SWEEP,2024-10-01T15:45:00,8605,,Sweep @ 2655.12000 idx=8605,STATE_TRANSITION
RANGE_to_SWEEP,2024-10-01T19:45:00,8621,,Sweep @ 2673.11000 idx=8621,STATE_TRANSITION
RANGE_to_SWEEP,2024-10-02T03:30:00,8648,,Sweep @ 2657.90000 idx=8648,STATE_TRANSITION
RANGE_to_SWEEP,2024-10-02T06:30:00,8660,,Sweep @ 2656.35000 idx=8660,STATE_TRANSITION
RANGE_to_SWEEP,2024-10-02T14:00:00,8690,,Sweep @ 2648.04000 idx=8690,STATE_TRANSITION
SWEEP_to_DISPLACEMENT,2024-10-02T16:15:00,8699,,Displacement | body_ratio=0.954 wick=7.16000,STATE_TRANSITION
DISPLACEMENT_to_EXPANSION,2024-10-02T16:45:00,8701,,Bullish expansion | close=2659.57000 disp_close=2657.95000,STATE_TRANSITION
RANGE_to_SWEEP,2024-10-02T18:15:00,8707,,Sweep @ 2641.18000 idx=8707,STATE_TRANSITION
RANGE_to_SWEEP,2024-10-03T03:00:00,8738,,Sweep @ 2662.94000 idx=8738,STATE_TRANSITION
SWEEP_to_DISPLACEMENT,2024-10-03T05:00:00,8746,,Displacement | body_ratio=0.827 wick=2.83000,STATE_TRANSITION
RANGE_to_SWEEP,2024-10-03T06:30:00,8752,,Sweep @ 2654.20000 idx=8752,STATE_TRANSITION
RANGE_to_SWEEP,2024-10-03T09:00:00,8762,,Sweep @ 2651.38000 idx=8762,STATE_TRANSITION
RANGE_to_SWEEP,2024-10-03T11:30:00,8772,,Sweep @ 2642.53000 idx=8772,STATE_TRANSITION
RANGE_to_SWEEP,2024-10-03T15:00:00,8786,,Sweep @ 2649.69000 idx=8786,STATE_TRANSITION
RANGE_to_SWEEP,2024-10-04T04:00:00,8834,,Sweep @ 2657.67000 idx=8834,STATE_TRANSITION
RANGE_to_SWEEP,2024-10-04T09:15:00,8855,,Sweep @ 2666.64000 idx=8855,STATE_TRANSITION
SWEEP_to_DISPLACEMENT,2024-10-04T09:45:00,8857,,Displacement | body_ratio=0.867 wick=4.13000,STATE_TRANSITION
RANGE_to_SWEEP,2024-10-04T13:15:00,8871,,Sweep @ 2658.33000 idx=8871,STATE_TRANSITION
RANGE_to_SWEEP,2024-10-04T18:15:00,8891,,Sweep @ 2670.15000 idx=8891,STATE_TRANSITION
RANGE_to_SWEEP,2024-10-07T09:00:00,8946,,Sweep @ 2639.76000 idx=8946,STATE_TRANSITION
SWEEP_to_DISPLACEMENT,2024-10-07T10:30:00,8952,,Displacement | body_ratio=0.830 wick=4.52000,STATE_TRANSITION
DISPLACEMENT_to_EXPANSION,2024-10-07T10:45:00,8953,,Bullish expansion | close=2652.06000 disp_close=2649.10000,STATE_TRANSITION
EXPANSION_to_RETEST,2024-10-07T17:45:00,8981,,Retest | depth_abs=0.76000 ceiling=1.76679,STATE_TRANSITION
RETEST_to_EXECUTION,2024-10-07T18:00:00,8982,,Risk approved → entering execution,STATE_TRANSITION
RANGE_to_SWEEP,2024-10-08T04:00:00,9018,,Sweep @ 2638.32000 idx=9018,STATE_TRANSITION
SWEEP_to_DISPLACEMENT,2024-10-08T04:45:00,9021,,Displacement | body_ratio=0.809 wick=8.16000,STATE_TRANSITION
RANGE_to_SWEEP,2024-10-08T05:15:00,9023,,Sweep @ 2637.80000 idx=9023,STATE_TRANSITION
RANGE_to_SWEEP,2024-10-08T10:00:00,9042,,Sweep @ 2631.24000 idx=9042,STATE_TRANSITION
RANGE_to_SWEEP,2024-10-08T14:00:00,9058,,Sweep @ 2648.72000 idx=9058,STATE_TRANSITION
RANGE_to_SWEEP,2024-10-09T04:15:00,9111,,Sweep @ 2624.31000 idx=9111,STATE_TRANSITION
RANGE_to_SWEEP,2024-10-09T09:15:00,9131,,Sweep @ 2613.59000 idx=9131,STATE_TRANSITION
RANGE_to_SWEEP,2024-10-09T18:00:00,9166,,Sweep @ 2609.56000 idx=9166,STATE_TRANSITION
RANGE_to_SWEEP,2024-10-09T21:15:00,9179,,Sweep @ 2605.21000 idx=9179,STATE_TRANSITION
RANGE_to_SWEEP,2024-10-10T04:00:00,9202,,Sweep @ 2610.60000 idx=9202,STATE_TRANSITION
RANGE_to_SWEEP,2024-10-10T10:30:00,9228,,Sweep @ 2617.00000 idx=9228,STATE_TRANSITION
RANGE_to_SWEEP,2024-10-10T12:15:00,9235,,Sweep @ 2617.61000 idx=9235,STATE_TRANSITION
SWEEP_to_DISPLACEMENT,2024-10-10T14:15:00,9243,,Displacement | body_ratio=0.743 wick=4.44000,STATE_TRANSITION
DISPLACEMENT_to_EXPANSION,2024-10-10T14:30:00,9244,,Bearish expansion | close=2612.64000 disp_close=2614.19000,STATE_TRANSITION
RANGE_to_SWEEP,2024-10-10T16:00:00,9250,,Sweep @ 2627.76000 idx=9250,STATE_TRANSITION
RANGE_to_SWEEP,2024-10-10T22:45:00,9277,,Sweep @ 2629.96000 idx=9277,STATE_TRANSITION
RANGE_to_SWEEP,2024-10-11T09:15:00,9315,,Sweep @ 2647.19000 idx=9315,STATE_TRANSITION
SWEEP_to_DISPLACEMENT,2024-10-11T09:30:00,9316,,Displacement | body_ratio=0.865 wick=3.55000,STATE_TRANSITION
RANGE_to_SWEEP,2024-10-11T15:00:00,9338,,Sweep @ 2646.58000 idx=9338,STATE_TRANSITION
RANGE_to_SWEEP,2024-10-11T17:15:00,9347,,Sweep @ 2653.51000 idx=9347,STATE_TRANSITION
RANGE_to_SWEEP,2024-10-14T03:00:00,9382,,Sweep @ 2645.16000 idx=9382,STATE_TRANSITION
SWEEP_to_DISPLACEMENT,2024-10-14T05:30:00,9392,,Displacement | body_ratio=0.797 wick=5.61000,STATE_TRANSITION
RANGE_to_SWEEP,2024-10-14T14:00:00,9426,,Sweep @ 2654.58000 idx=9426,STATE_TRANSITION
SWEEP_to_DISPLACEMENT,2024-10-14T16:30:00,9436,,Displacement | body_ratio=0.867 wick=6.55000,STATE_TRANSITION
RANGE_to_SWEEP,2024-10-14T17:15:00,9439,,Sweep @ 2646.27000 idx=9439,STATE_TRANSITION
RANGE_to_SWEEP,2024-10-14T18:45:00,9445,,Sweep @ 2644.06000 idx=9445,STATE_TRANSITION
RANGE_to_SWEEP,2024-10-14T22:00:00,9458,,Sweep @ 2651.18000 idx=9458,STATE_TRANSITION
SWEEP_to_DISPLACEMENT,2024-10-14T23:30:00,9464,,Displacement | body_ratio=0.878 wick=4.82000,STATE_TRANSITION
RANGE_to_SWEEP,2024-10-15T06:15:00,9487,,Sweep @ 2645.46000 idx=9487,STATE_TRANSITION
RANGE_to_SWEEP,2024-10-15T07:00:00,9490,,Sweep @ 2643.52000 idx=9490,STATE_TRANSITION
RANGE_to_SWEEP,2024-10-15T12:00:00,9510,,Sweep @ 2654.14000 idx=9510,STATE_TRANSITION
RANGE_to_SWEEP,2024-10-15T15:15:00,9523,,Sweep @ 2656.80000 idx=9523,STATE_TRANSITION
SWEEP_to_DISPLACEMENT,2024-10-15T15:45:00,9525,,Displacement | body_ratio=0.777 wick=7.07000,STATE_TRANSITION
RANGE_to_SWEEP,2024-10-15T19:30:00,9540,,Sweep @ 2667.40000 idx=9540,STATE_TRANSITION
SWEEP_to_DISPLACEMENT,2024-10-15T22:30:00,9552,,Displacement | body_ratio=0.950 wick=3.97000,STATE_TRANSITION
RANGE_to_SWEEP,2024-10-16T03:00:00,9566,,Sweep @ 2658.80000 idx=9566,STATE_TRANSITION
RANGE_to_SWEEP,2024-10-16T08:45:00,9589,,Sweep @ 2670.56000 idx=9589,STATE_TRANSITION
RANGE_to_SWEEP,2024-10-16T12:00:00,9602,,Sweep @ 2681.95000 idx=9602,STATE_TRANSITION
SWEEP_to_DISPLACEMENT,2024-10-16T13:00:00,9606,,Displacement | body_ratio=0.705 wick=4.27000,STATE_TRANSITION
DISPLACEMENT_to_EXPANSION,2024-10-16T13:15:00,9607,,Bearish expansion | close=2675.65000 disp_close=2677.29000,STATE_TRANSITION
RANGE_to_SWEEP,2024-10-16T14:00:00,9610,,Sweep @ 2673.05000 idx=9610,STATE_TRANSITION
RANGE_to_SWEEP,2024-10-16T16:00:00,9618,,Sweep @ 2684.39000 idx=9618,STATE_TRANSITION
SWEEP_to_DISPLACEMENT,2024-10-16T16:45:00,9621,,Displacement | body_ratio=0.749 wick=11.68000,STATE_TRANSITION
DISPLACEMENT_to_EXPANSION,2024-10-16T17:30:00,9624,,Bearish expansion | close=2672.41000 disp_close=2675.14000,STATE_TRANSITION
RANGE_to_SWEEP,2024-10-17T03:30:00,9660,,Sweep @ 2677.34000 idx=9660,STATE_TRANSITION
RANGE_to_SWEEP,2024-10-17T05:00:00,9666,,Sweep @ 2684.92000 idx=9666,STATE_TRANSITION
RANGE_to_SWEEP,2024-10-17T09:30:00,9684,,Sweep @ 2685.73000 idx=9684,STATE_TRANSITION
RANGE_to_SWEEP,2024-10-17T14:30:00,9704,,Sweep @ 2688.46000 idx=9704,STATE_TRANSITION
RANGE_to_SWEEP,2024-10-17T17:00:00,9714,,Sweep @ 2690.81000 idx=9714,STATE_TRANSITION
RANGE_to_SWEEP,2024-10-18T02:15:00,9747,,Sweep @ 2693.54000 idx=9747,STATE_TRANSITION
RANGE_to_SWEEP,2024-10-18T08:00:00,9770,,Sweep @ 2712.50000 idx=9770,STATE_TRANSITION
SWEEP_to_DISPLACEMENT,2024-10-18T09:00:00,9774,,Displacement | body_ratio=0.917 wick=3.51000,STATE_TRANSITION
RANGE_to_SWEEP,2024-10-18T09:30:00,9776,,Sweep @ 2702.76000 idx=9776,STATE_TRANSITION
RANGE_to_SWEEP,2024-10-18T11:00:00,9782,,Sweep @ 2702.25000 idx=9782,STATE_TRANSITION
RANGE_to_SWEEP,2024-10-18T15:45:00,9801,,Sweep @ 2714.70000 idx=9801,STATE_TRANSITION
RANGE_to_SWEEP,2024-10-21T03:30:00,9844,,Sweep @ 2725.86000 idx=9844,STATE_TRANSITION
RANGE_to_SWEEP,2024-10-21T11:30:00,9876,,Sweep @ 2733.10000 idx=9876,STATE_TRANSITION
SWEEP_to_DISPLACEMENT,2024-10-21T13:00:00,9882,,Displacement | body_ratio=0.848 wick=4.33000,STATE_TRANSITION
RANGE_to_SWEEP,2024-10-21T16:00:00,9894,,Sweep @ 2740.25000 idx=9894,STATE_TRANSITION
SWEEP_to_DISPLACEMENT,2024-10-21T17:30:00,9900,,Displacement | body_ratio=0.661 wick=8.70000,STATE_TRANSITION
DISPLACEMENT_to_EXPANSION,2024-10-21T17:45:00,9901,,Bearish expansion | close=2725.29000 disp_close=2727.67000,STATE_TRANSITION
EXPANSION_to_RETEST,2024-10-23T16:45:00,10081,,Retest | depth_abs=0.55000 ceiling=1.54950,STATE_TRANSITION
RETEST_to_EXECUTION,2024-10-23T17:00:00,10082,,Risk approved → entering execution,STATE_TRANSITION
RANGE_to_SWEEP,2024-10-24T07:45:00,10137,,Sweep @ 2727.11000 idx=10137,STATE_TRANSITION
RANGE_to_SWEEP,2024-10-24T10:15:00,10147,,Sweep @ 2737.11000 idx=10147,STATE_TRANSITION
RANGE_to_SWEEP,2024-10-24T14:30:00,10164,,Sweep @ 2739.29000 idx=10164,STATE_TRANSITION
SWEEP_to_DISPLACEMENT,2024-10-24T16:30:00,10172,,Displacement | body_ratio=0.706 wick=5.44000,STATE_TRANSITION
RANGE_to_SWEEP,2024-10-25T03:00:00,10210,,Sweep @ 2733.52000 idx=10210,STATE_TRANSITION
RANGE_to_SWEEP,2024-10-25T07:15:00,10227,,Sweep @ 2724.12000 idx=10227,STATE_TRANSITION
RANGE_to_SWEEP,2024-10-25T14:15:00,10255,,Sweep @ 2722.46000 idx=10255,STATE_TRANSITION
RANGE_to_SWEEP,2024-10-25T16:00:00,10262,,Sweep @ 2732.13000 idx=10262,STATE_TRANSITION
RANGE_to_SWEEP,2024-10-25T20:15:00,10279,,Sweep @ 2742.41000 idx=10279,STATE_TRANSITION
RANGE_to_SWEEP,2024-10-28T02:15:00,10299,,Sweep @ 2734.78000 idx=10299,STATE_TRANSITION
RANGE_to_SWEEP,2024-10-28T04:45:00,10309,,Sweep @ 2727.80000 idx=10309,STATE_TRANSITION
RANGE_to_SWEEP,2024-10-28T11:30:00,10336,,Sweep @ 2737.68000 idx=10336,STATE_TRANSITION
RANGE_to_SWEEP,2024-10-28T12:00:00,10338,,Sweep @ 2730.99000 idx=10338,STATE_TRANSITION
RANGE_to_SWEEP,2024-10-29T01:15:00,10387,,Sweep @ 2739.93000 idx=10387,STATE_TRANSITION
SWEEP_to_DISPLACEMENT,2024-10-29T02:45:00,10393,,Displacement | body_ratio=0.996 wick=2.59000,STATE_TRANSITION
DISPLACEMENT_to_EXPANSION,2024-10-29T03:30:00,10396,,Bullish expansion | close=2745.36000 disp_close=2744.50000,STATE_TRANSITION
RANGE_to_SWEEP,2024-10-29T06:00:00,10406,,Sweep @ 2753.07000 idx=10406,STATE_TRANSITION
SWEEP_to_DISPLACEMENT,2024-10-29T08:15:00,10415,,Displacement | body_ratio=0.838 wick=4.58000,STATE_TRANSITION
RANGE_to_SWEEP,2024-10-29T11:15:00,10427,,Sweep @ 2746.37000 idx=10427,STATE_TRANSITION
RANGE_to_SWEEP,2024-10-29T14:15:00,10439,,Sweep @ 2746.34000 idx=10439,STATE_TRANSITION
SWEEP_to_DISPLACEMENT,2024-10-29T16:00:00,10446,,Displacement | body_ratio=0.816 wick=7.86000,STATE_TRANSITION
DISPLACEMENT_to_EXPANSION,2024-10-29T16:30:00,10448,,Bullish expansion | close=2760.65000 disp_close=2755.58000,STATE_TRANSITION
EXPANSION_to_RETEST,2024-11-01T17:45:00,10729,,Retest | depth_abs=0.89000 ceiling=1.92750,STATE_TRANSITION
RETEST_to_EXECUTION,2024-11-01T18:00:00,10730,,Risk approved → entering execution,STATE_TRANSITION
TRADE_OPENED,2024-11-01T18:00:00,10730,LONG,,TRADE_OPENED
EXECUTION_to_RESOLUTION,2024-11-01T18:15:00,10731,,Trade closed: TP1,STATE_TRANSITION
RANGE_to_SWEEP,2024-11-01T20:15:00,10739,,Sweep @ 2739.20000 idx=10739,STATE_TRANSITION
RANGE_to_SWEEP,2024-11-04T01:00:00,10754,,Sweep @ 2740.88000 idx=10754,STATE_TRANSITION
RANGE_to_SWEEP,2024-11-04T05:45:00,10773,,Sweep @ 2741.45000 idx=10773,STATE_TRANSITION
SWEEP_to_DISPLACEMENT,2024-11-04T08:00:00,10782,,Displacement | body_ratio=0.878 wick=4.11000,STATE_TRANSITION
SWEEP_to_EXPANSION_shadow,2024-11-04T09:15:00,10787,,Shadow resume: displacement carried from prior HTF window — strength check skipped,STATE_TRANSITION
RANGE_to_SWEEP,2024-11-04T12:00:00,10798,,Sweep @ 2745.35000 idx=10798,STATE_TRANSITION
RANGE_to_SWEEP,2024-11-04T16:15:00,10815,,Sweep @ 2746.20000 idx=10815,STATE_TRANSITION
RANGE_to_SWEEP,2024-11-04T18:15:00,10823,,Sweep @ 2734.86000 idx=10823,STATE_TRANSITION
RANGE_to_SWEEP,2024-11-05T02:15:00,10851,,Sweep @ 2734.10000 idx=10851,STATE_TRANSITION
RANGE_to_SWEEP,2024-11-05T07:30:00,10872,,Sweep @ 2737.24000 idx=10872,STATE_TRANSITION
SWEEP_to_DISPLACEMENT,2024-11-05T09:30:00,10880,,Displacement | body_ratio=0.940 wick=4.66000,STATE_TRANSITION
RANGE_to_SWEEP,2024-11-05T11:45:00,10889,,Sweep @ 2742.23000 idx=10889,STATE_TRANSITION
RANGE_to_SWEEP,2024-11-05T15:45:00,10905,,Sweep @ 2746.78000 idx=10905,STATE_TRANSITION
SWEEP_to_DISPLACEMENT,2024-11-05T17:00:00,10910,,Displacement | body_ratio=0.878 wick=9.98000,STATE_TRANSITION
DISPLACEMENT_to_EXPANSION,2024-11-05T17:15:00,10911,,Bearish expansion | close=2734.18000 disp_close=2737.95000,STATE_TRANSITION
RANGE_to_SWEEP,2024-11-11T12:00:00,11258,,Sweep @ 2666.63000 idx=11258,STATE_TRANSITION
RANGE_to_SWEEP,2024-11-11T14:30:00,11268,,Sweep @ 2657.85000 idx=11268,STATE_TRANSITION
RANGE_to_SWEEP,2024-11-11T18:00:00,11282,,Sweep @ 2612.69000 idx=11282,STATE_TRANSITION
SWEEP_to_DISPLACEMENT,2024-11-11T20:30:00,11292,,Displacement | body_ratio=0.938 wick=7.23000,STATE_TRANSITION
DISPLACEMENT_to_EXPANSION,2024-11-11T21:00:00,11294,,Bullish expansion | close=2619.23000 disp_close=2618.15000,STATE_TRANSITION
EXPANSION_to_RETEST,2024-11-12T15:15:00,11363,,Retest | depth_abs=0.95000 ceiling=7.35000,STATE_TRANSITION
RETEST_to_EXECUTION,2024-11-12T15:30:00,11364,,Risk approved → entering execution,STATE_TRANSITION
TRADE_OPENED,2024-11-12T15:30:00,11364,LONG,,TRADE_OPENED
EXECUTION_to_RESOLUTION,2024-11-12T15:45:00,11365,,Trade closed: STOPPED,STATE_TRANSITION
RANGE_to_SWEEP,2024-11-12T16:30:00,11368,,Sweep @ 2617.11000 idx=11368,STATE_TRANSITION
RANGE_to_SWEEP,2024-11-12T19:45:00,11381,,Sweep @ 2593.78000 idx=11381,STATE_TRANSITION
RANGE_to_SWEEP,2024-11-13T05:00:00,11414,,Sweep @ 2613.32000 idx=11414,STATE_TRANSITION
RANGE_to_SWEEP,2024-11-13T10:15:00,11435,,Sweep @ 2601.08000 idx=11435,STATE_TRANSITION
SWEEP_to_DISPLACEMENT,2024-11-13T10:30:00,11436,,Displacement | body_ratio=0.673 wick=6.09000,STATE_TRANSITION
RANGE_to_SWEEP,2024-11-13T14:00:00,11450,,Sweep @ 2612.73000 idx=11450,STATE_TRANSITION
RANGE_to_SWEEP,2024-11-14T01:00:00,11490,,Sweep @ 2571.64000 idx=11490,STATE_TRANSITION
SWEEP_to_DISPLACEMENT,2024-11-14T01:15:00,11491,,Displacement | body_ratio=0.906 wick=5.98000,STATE_TRANSITION
RANGE_to_SWEEP,2024-11-14T09:15:00,11523,,Sweep @ 2550.62000 idx=11523,STATE_TRANSITION
RANGE_to_SWEEP,2024-11-14T15:30:00,11548,,Sweep @ 2560.35000 idx=11548,STATE_TRANSITION
RANGE_to_SWEEP,2024-11-14T22:00:00,11574,,Sweep @ 2563.96000 idx=11574,STATE_TRANSITION
SWEEP_to_DISPLACEMENT,2024-11-14T22:15:00,11575,,Displacement | body_ratio=0.908 wick=6.93000,STATE_TRANSITION
RANGE_to_SWEEP,2024-11-15T03:30:00,11592,,Sweep @ 2563.88000 idx=11592,STATE_TRANSITION
SWEEP_to_DISPLACEMENT,2024-11-15T04:00:00,11594,,Displacement | body_ratio=0.835 wick=3.82000,STATE_TRANSITION
DISPLACEMENT_to_EXPANSION,2024-11-15T04:45:00,11597,,Bullish expansion | close=2570.22000 disp_close=2568.26000,STATE_TRANSITION
EXPANSION_to_RETEST,2024-11-15T07:30:00,11608,,Retest | depth_abs=1.52000 ceiling=1.94400,STATE_TRANSITION
RETEST_to_EXECUTION,2024-11-15T07:45:00,11609,,Risk approved → entering execution,STATE_TRANSITION
TRADE_OPENED,2024-11-15T07:45:00,11609,LONG,,TRADE_OPENED
EXECUTION_to_RESOLUTION,2024-11-15T08:00:00,11610,,Trade closed: STOPPED,STATE_TRANSITION
RANGE_to_SWEEP,2024-11-15T12:15:00,11627,,Sweep @ 2569.71000 idx=11627,STATE_TRANSITION
RANGE_to_SWEEP,2024-11-15T15:15:00,11639,,Sweep @ 2575.20000 idx=11639,STATE_TRANSITION
RANGE_to_SWEEP,2024-11-15T19:00:00,11654,,Sweep @ 2560.19000 idx=11654,STATE_TRANSITION
RANGE_to_SWEEP,2024-11-18T07:30:00,11700,,Sweep @ 2585.10000 idx=11700,STATE_TRANSITION
RANGE_to_SWEEP,2024-11-18T15:00:00,11730,,Sweep @ 2598.95000 idx=11730,STATE_TRANSITION
RANGE_to_SWEEP,2024-11-19T01:15:00,11767,,Sweep @ 2612.78000 idx=11767,STATE_TRANSITION
RANGE_to_SWEEP,2024-11-19T08:45:00,11797,,Sweep @ 2626.70000 idx=11797,STATE_TRANSITION
SWEEP_to_DISPLACEMENT,2024-11-19T09:00:00,11798,,Displacement | body_ratio=0.895 wick=6.98000,STATE_TRANSITION
RANGE_to_SWEEP,2024-11-19T10:45:00,11805,,Sweep @ 2627.03000 idx=11805,STATE_TRANSITION
RANGE_to_SWEEP,2024-11-19T12:00:00,11810,,Sweep @ 2634.87000 idx=11810,STATE_TRANSITION
SWEEP_to_DISPLACEMENT,2024-11-19T15:15:00,11823,,Displacement | body_ratio=0.871 wick=8.69000,STATE_TRANSITION
RANGE_to_SWEEP,2024-11-19T16:30:00,11828,,Sweep @ 2626.27000 idx=11828,STATE_TRANSITION
RANGE_to_SWEEP,2024-11-19T23:00:00,11854,,Sweep @ 2633.96000 idx=11854,STATE_TRANSITION
RANGE_to_SWEEP,2024-11-20T09:00:00,11890,,Sweep @ 2627.49000 idx=11890,STATE_TRANSITION
RANGE_to_SWEEP,2024-11-20T17:15:00,11923,,Sweep @ 2648.86000 idx=11923,STATE_TRANSITION
RANGE_to_SWEEP,2024-11-21T05:00:00,11966,,Sweep @ 2653.77000 idx=11966,STATE_TRANSITION
RANGE_to_SWEEP,2024-11-21T15:00:00,12006,,Sweep @ 2660.45000 idx=12006,STATE_TRANSITION
RANGE_to_SWEEP,2024-11-21T20:00:00,12026,,Sweep @ 2672.10000 idx=12026,STATE_TRANSITION
RANGE_to_SWEEP,2024-11-22T02:30:00,12048,,Sweep @ 2673.62000 idx=12048,STATE_TRANSITION
RANGE_to_SWEEP,2024-11-22T09:00:00,12074,,Sweep @ 2693.34000 idx=12074,STATE_TRANSITION
RANGE_to_SWEEP,2024-11-22T13:45:00,12093,,Sweep @ 2703.53000 idx=12093,STATE_TRANSITION
RANGE_to_SWEEP,2024-11-22T16:45:00,12105,,Sweep @ 2688.61000 idx=12105,STATE_TRANSITION
RANGE_to_SWEEP,2024-11-22T19:00:00,12114,,Sweep @ 2706.90000 idx=12114,STATE_TRANSITION
RANGE_to_SWEEP,2024-11-25T01:00:00,12134,,Sweep @ 2691.70000 idx=12134,STATE_TRANSITION
RANGE_to_SWEEP,2024-11-25T21:30:00,12216,,Sweep @ 2622.93000 idx=12216,STATE_TRANSITION
RANGE_to_SWEEP,2024-11-26T02:15:00,12231,,Sweep @ 2609.17000 idx=12231,STATE_TRANSITION
RANGE_to_SWEEP,2024-11-26T11:00:00,12266,,Sweep @ 2612.97000 idx=12266,STATE_TRANSITION
RANGE_to_SWEEP,2024-11-26T14:00:00,12278,,Sweep @ 2633.56000 idx=12278,STATE_TRANSITION
SWEEP_to_DISPLACEMENT,2024-11-26T15:15:00,12283,,Displacement | body_ratio=0.901 wick=9.69000,STATE_TRANSITION
RANGE_to_SWEEP,2024-11-26T15:45:00,12285,,Sweep @ 2624.03000 idx=12285,STATE_TRANSITION
RANGE_to_SWEEP,2024-11-26T22:45:00,12313,,Sweep @ 2632.83000 idx=12313,STATE_TRANSITION
RANGE_to_SWEEP,2024-11-27T06:30:00,12340,,Sweep @ 2640.60000 idx=12340,STATE_TRANSITION
RANGE_to_SWEEP,2024-11-27T10:15:00,12355,,Sweep @ 2649.39000 idx=12355,STATE_TRANSITION
RANGE_to_SWEEP,2024-11-27T14:15:00,12371,,Sweep @ 2654.54000 idx=12371,STATE_TRANSITION
SWEEP_to_DISPLACEMENT,2024-11-27T17:00:00,12382,,Displacement | body_ratio=0.967 wick=12.27000,STATE_TRANSITION
RANGE_to_SWEEP,2024-11-27T19:00:00,12390,,Sweep @ 2635.28000 idx=12390,STATE_TRANSITION
RANGE_to_SWEEP,2024-11-28T07:45:00,12437,,Sweep @ 2634.03000 idx=12437,STATE_TRANSITION
RANGE_to_SWEEP,2024-11-28T11:00:00,12450,,Sweep @ 2646.49000 idx=12450,STATE_TRANSITION
RANGE_to_SWEEP,2024-11-28T15:00:00,12466,,Sweep @ 2642.79000 idx=12466,STATE_TRANSITION
RANGE_to_SWEEP,2024-11-29T03:00:00,12500,,Sweep @ 2634.05000 idx=12500,STATE_TRANSITION
SWEEP_to_DISPLACEMENT,2024-11-29T03:15:00,12501,,Displacement | body_ratio=0.841 wick=4.33000,STATE_TRANSITION
DISPLACEMENT_to_EXPANSION,2024-11-29T03:30:00,12502,,Bullish expansion | close=2646.48000 disp_close=2645.00000,STATE_TRANSITION
RANGE_to_SWEEP,2024-11-29T05:00:00,12508,,Sweep @ 2658.71000 idx=12508,STATE_TRANSITION
RANGE_to_SWEEP,2024-11-29T06:30:00,12514,,Sweep @ 2664.19000 idx=12514,STATE_TRANSITION
RANGE_to_SWEEP,2024-11-29T10:45:00,12531,,Sweep @ 2654.63000 idx=12531,STATE_TRANSITION
RANGE_to_SWEEP,2024-11-29T16:15:00,12553,,Sweep @ 2655.67000 idx=12553,STATE_TRANSITION
RANGE_to_SWEEP,2024-12-02T02:15:00,12580,,Sweep @ 2643.12000 idx=12580,STATE_TRANSITION
RANGE_to_SWEEP,2024-12-02T07:15:00,12600,,Sweep @ 2621.94000 idx=12600,STATE_TRANSITION
RANGE_to_SWEEP,2024-12-02T13:45:00,12626,,Sweep @ 2646.29000 idx=12626,STATE_TRANSITION
RANGE_to_SWEEP,2024-12-02T20:45:00,12654,,Sweep @ 2635.82000 idx=12654,STATE_TRANSITION
RANGE_to_SWEEP,2024-12-03T03:00:00,12675,,Sweep @ 2644.71000 idx=12675,STATE_TRANSITION
SWEEP_to_DISPLACEMENT,2024-12-03T03:15:00,12676,,Displacement | body_ratio=0.821 wick=7.39000,STATE_TRANSITION
DISPLACEMENT_to_EXPANSION,2024-12-03T03:45:00,12678,,Bearish expansion | close=2636.58000 disp_close=2638.02000,STATE_TRANSITION
RANGE_to_SWEEP,2024-12-03T09:30:00,12701,,Sweep @ 2646.71000 idx=12701,STATE_TRANSITION
SWEEP_to_DISPLACEMENT,2024-12-03T10:00:00,12703,,Displacement | body_ratio=0.802 wick=4.99000,STATE_TRANSITION
RANGE_to_SWEEP,2024-12-03T15:00:00,12723,,Sweep @ 2637.78000 idx=12723,STATE_TRANSITION
SWEEP_to_DISPLACEMENT,2024-12-03T15:45:00,12726,,Displacement | body_ratio=0.866 wick=7.25000,STATE_TRANSITION
RANGE_to_SWEEP,2024-12-03T17:15:00,12732,,Sweep @ 2635.19000 idx=12732,STATE_TRANSITION
RANGE_to_SWEEP,2024-12-04T02:45:00,12766,,Sweep @ 2639.60000 idx=12766,STATE_TRANSITION
RANGE_to_SWEEP,2024-12-04T04:15:00,12772,,Sweep @ 2645.51000 idx=12772,STATE_TRANSITION
RANGE_to_SWEEP,2024-12-04T08:45:00,12790,,Sweep @ 2651.40000 idx=12790,STATE_TRANSITION
SWEEP_to_DISPLACEMENT,2024-12-04T09:30:00,12793,,Displacement | body_ratio=0.849 wick=4.44000,STATE_TRANSITION
DISPLACEMENT_to_EXPANSION,2024-12-04T10:00:00,12795,,Bearish expansion | close=2639.80000 disp_close=2641.14000,STATE_TRANSITION
EXPANSION_to_RETEST,2024-12-04T18:30:00,12829,,Retest | depth_abs=0.65000 ceiling=1.54029,STATE_TRANSITION
RETEST_to_EXECUTION,2024-12-04T18:45:00,12830,,Risk approved → entering execution,STATE_TRANSITION
RANGE_to_SWEEP,2024-12-05T03:45:00,12862,,Sweep @ 2646.20000 idx=12862,STATE_TRANSITION
RANGE_to_SWEEP,2024-12-05T05:00:00,12867,,Sweep @ 2644.76000 idx=12867,STATE_TRANSITION
SWEEP_to_DISPLACEMENT,2024-12-05T07:30:00,12877,,Displacement | body_ratio=0.666 wick=5.92000,STATE_TRANSITION
RANGE_to_SWEEP,2024-12-05T09:00:00,12883,,Sweep @ 2645.53000 idx=12883,STATE_TRANSITION
RANGE_to_SWEEP,2024-12-05T13:30:00,12901,,Sweep @ 2651.07000 idx=12901,STATE_TRANSITION
SWEEP_to_DISPLACEMENT,2024-12-05T15:15:00,12908,,Displacement | body_ratio=0.797 wick=6.32000,STATE_TRANSITION
RANGE_to_SWEEP,2024-12-06T02:00:00,12947,,Sweep @ 2633.84000 idx=12947,STATE_TRANSITION
SWEEP_to_DISPLACEMENT,2024-12-06T02:45:00,12950,,Displacement | body_ratio=0.843 wick=4.15000,STATE_TRANSITION
RANGE_to_SWEEP,2024-12-06T07:30:00,12969,,Sweep @ 2642.72000 idx=12969,STATE_TRANSITION
RANGE_to_SWEEP,2024-12-06T10:45:00,12982,,Sweep @ 2645.16000 idx=12982,STATE_TRANSITION
RANGE_to_SWEEP,2024-12-06T15:30:00,13001,,Sweep @ 2631.41000 idx=13001,STATE_TRANSITION
RANGE_to_SWEEP,2024-12-06T21:45:00,13026,,Sweep @ 2633.02000 idx=13026,STATE_TRANSITION
RANGE_to_SWEEP,2024-12-09T01:15:00,13036,,Sweep @ 2644.78000 idx=13036,STATE_TRANSITION
SWEEP_to_DISPLACEMENT,2024-12-09T02:15:00,13040,,Displacement | body_ratio=0.955 wick=5.72000,STATE_TRANSITION
RANGE_to_SWEEP,2024-12-09T03:30:00,13045,,Sweep @ 2649.47000 idx=13045,STATE_TRANSITION
RANGE_to_SWEEP,2024-12-09T06:45:00,13058,,Sweep @ 2634.78000 idx=13058,STATE_TRANSITION
RANGE_to_SWEEP,2024-12-10T20:15:00,13204,,Sweep @ 2695.19000 idx=13204,STATE_TRANSITION
RANGE_to_SWEEP,2024-12-11T01:00:00,13219,,Sweep @ 2695.33000 idx=13219,STATE_TRANSITION
RANGE_to_SWEEP,2024-12-11T08:15:00,13248,,Sweep @ 2691.24000 idx=13248,STATE_TRANSITION
RANGE_to_SWEEP,2024-12-12T01:45:00,13314,,Sweep @ 2720.41000 idx=13314,STATE_TRANSITION
SWEEP_to_DISPLACEMENT,2024-12-12T03:00:00,13319,,Displacement | body_ratio=0.731 wick=8.41000,STATE_TRANSITION
RANGE_to_SWEEP,2024-12-12T12:00:00,13355,,Sweep @ 2709.87000 idx=13355,STATE_TRANSITION
RANGE_to_SWEEP,2024-12-12T15:15:00,13368,,Sweep @ 2701.34000 idx=13368,STATE_TRANSITION
RANGE_to_SWEEP,2024-12-12T17:45:00,13378,,Sweep @ 2675.16000 idx=13378,STATE_TRANSITION
RANGE_to_SWEEP,2024-12-13T08:30:00,13433,,Sweep @ 2683.37000 idx=13433,STATE_TRANSITION
RANGE_to_SWEEP,2024-12-13T16:00:00,13463,,Sweep @ 2660.24000 idx=13463,STATE_TRANSITION
SWEEP_to_DISPLACEMENT,2024-12-13T17:30:00,13469,,Displacement | body_ratio=0.823 wick=7.02000,STATE_TRANSITION
RANGE_to_SWEEP,2024-12-13T20:00:00,13479,,Sweep @ 2654.39000 idx=13479,STATE_TRANSITION
RANGE_to_SWEEP,2024-12-13T23:15:00,13492,,Sweep @ 2648.44000 idx=13492,STATE_TRANSITION
RANGE_to_SWEEP,2024-12-16T01:00:00,13495,,Sweep @ 2648.63000 idx=13495,STATE_TRANSITION
RANGE_to_SWEEP,2024-12-16T05:30:00,13513,,Sweep @ 2655.62000 idx=13513,STATE_TRANSITION
RANGE_to_SWEEP,2024-12-16T09:30:00,13529,,Sweep @ 2655.68000 idx=13529,STATE_TRANSITION
RANGE_to_SWEEP,2024-12-16T14:15:00,13548,,Sweep @ 2663.98000 idx=13548,STATE_TRANSITION
RANGE_to_SWEEP,2024-12-16T16:15:00,13556,,Sweep @ 2656.85000 idx=13556,STATE_TRANSITION
RANGE_to_SWEEP,2024-12-17T02:15:00,13592,,Sweep @ 2651.10000 idx=13592,STATE_TRANSITION
SWEEP_to_DISPLACEMENT,2024-12-17T02:45:00,13594,,Displacement | body_ratio=0.862 wick=3.91000,STATE_TRANSITION
DISPLACEMENT_to_EXPANSION,2024-12-17T03:00:00,13595,,Bullish expansion | close=2657.25000 disp_close=2655.20000,STATE_TRANSITION
RANGE_to_SWEEP,2024-12-17T06:45:00,13610,,Sweep @ 2650.92000 idx=13610,STATE_TRANSITION
RANGE_to_SWEEP,2024-12-17T08:45:00,13618,,Sweep @ 2646.38000 idx=13618,STATE_TRANSITION
SWEEP_to_DISPLACEMENT,2024-12-17T09:00:00,13619,,Displacement | body_ratio=0.778 wick=4.37000,STATE_TRANSITION
DISPLACEMENT_to_EXPANSION,2024-12-17T09:15:00,13620,,Bullish expansion | close=2655.76000 disp_close=2652.33000,STATE_TRANSITION
RANGE_to_SWEEP,2024-12-17T10:30:00,13625,,Sweep @ 2645.81000 idx=13625,STATE_TRANSITION
RANGE_to_SWEEP,2024-12-17T13:00:00,13635,,Sweep @ 2636.20000 idx=13635,STATE_TRANSITION
SWEEP_to_DISPLACEMENT,2024-12-17T16:15:00,13648,,Displacement | body_ratio=0.966 wick=6.43000,STATE_TRANSITION
RANGE_to_SWEEP,2024-12-17T19:45:00,13662,,Sweep @ 2647.02000 idx=13662,STATE_TRANSITION
RANGE_to_SWEEP,2024-12-17T20:45:00,13666,,Sweep @ 2649.06000 idx=13666,STATE_TRANSITION
RANGE_to_SWEEP,2024-12-18T02:00:00,13683,,Sweep @ 2648.81000 idx=13683,STATE_TRANSITION
RANGE_to_SWEEP,2024-12-18T05:45:00,13698,,Sweep @ 2645.34000 idx=13698,STATE_TRANSITION
RANGE_to_SWEEP,2024-12-18T10:00:00,13715,,Sweep @ 2642.06000 idx=13715,STATE_TRANSITION
SWEEP_to_DISPLACEMENT,2024-12-18T10:30:00,13717,,Displacement | body_ratio=0.858 wick=4.01000,STATE_TRANSITION
DISPLACEMENT_to_EXPANSION,2024-12-18T11:15:00,13720,,Bullish expansion | close=2648.70000 disp_close=2647.84000,STATE_TRANSITION
RANGE_to_SWEEP,2024-12-23T02:30:00,13961,,Sweep @ 2617.38000 idx=13961,STATE_TRANSITION
SWEEP_to_DISPLACEMENT,2024-12-23T04:00:00,13967,,Displacement | body_ratio=0.820 wick=5.78000,STATE_TRANSITION
RANGE_to_SWEEP,2024-12-23T04:45:00,13970,,Sweep @ 2627.46000 idx=13970,STATE_TRANSITION
RANGE_to_SWEEP,2024-12-23T08:45:00,13986,,Sweep @ 2632.97000 idx=13986,STATE_TRANSITION
RANGE_to_SWEEP,2024-12-23T18:30:00,14025,,Sweep @ 2611.60000 idx=14025,STATE_TRANSITION
RANGE_to_SWEEP,2024-12-24T02:45:00,14054,,Sweep @ 2617.44000 idx=14054,STATE_TRANSITION
RANGE_to_SWEEP,2024-12-24T07:15:00,14072,,Sweep @ 2621.41000 idx=14072,STATE_TRANSITION
RANGE_to_SWEEP,2024-12-24T12:15:00,14092,,Sweep @ 2616.19000 idx=14092,STATE_TRANSITION
RANGE_to_SWEEP,2024-12-24T15:30:00,14105,,Sweep @ 2611.35000 idx=14105,STATE_TRANSITION
RANGE_to_SWEEP,2024-12-24T18:45:00,14118,,Sweep @ 2617.87000 idx=14118,STATE_TRANSITION
RANGE_to_SWEEP,2024-12-26T06:30:00,14148,,Sweep @ 2629.24000 idx=14148,STATE_TRANSITION
SWEEP_to_DISPLACEMENT,2024-12-26T09:15:00,14159,,Displacement | body_ratio=0.722 wick=3.53000,STATE_TRANSITION
RANGE_to_SWEEP,2024-12-26T13:00:00,14174,,Sweep @ 2629.95000 idx=14174,STATE_TRANSITION
RANGE_to_SWEEP,2024-12-26T14:15:00,14179,,Sweep @ 2624.59000 idx=14179,STATE_TRANSITION
SWEEP_to_DISPLACEMENT,2024-12-26T15:00:00,14182,,Displacement | body_ratio=0.793 wick=4.49000,STATE_TRANSITION
RANGE_to_SWEEP,2024-12-26T16:00:00,14186,,Sweep @ 2622.56000 idx=14186,STATE_TRANSITION
SWEEP_to_DISPLACEMENT,2024-12-26T16:45:00,14189,,Displacement | body_ratio=0.954 wick=3.95000,STATE_TRANSITION
RANGE_to_SWEEP,2024-12-26T22:00:00,14210,,Sweep @ 2636.02000 idx=14210,STATE_TRANSITION
RANGE_to_SWEEP,2024-12-27T04:30:00,14232,,Sweep @ 2628.92000 idx=14232,STATE_TRANSITION
SWEEP_to_DISPLACEMENT,2024-12-27T04:45:00,14233,,Displacement | body_ratio=0.800 wick=4.15000,STATE_TRANSITION
DISPLACEMENT_to_EXPANSION,2024-12-27T05:30:00,14236,,Bullish expansion | close=2634.19000 disp_close=2632.93000,STATE_TRANSITION
RANGE_to_SWEEP,2024-12-30T02:45:00,14317,,Sweep @ 2623.90000 idx=14317,STATE_TRANSITION
RANGE_to_SWEEP,2024-12-30T05:45:00,14329,,Sweep @ 2627.35000 idx=14329,STATE_TRANSITION
SWEEP_to_DISPLACEMENT,2024-12-30T06:00:00,14330,,Displacement | body_ratio=0.932 wick=3.22000,STATE_TRANSITION
DISPLACEMENT_to_EXPANSION,2024-12-30T06:30:00,14332,,Bearish expansion | close=2622.76000 disp_close=2623.52000,STATE_TRANSITION
EXPANSION_to_RETEST,2024-12-31T17:45:00,14469,,Retest | depth_abs=0.99000 ceiling=1.62000,STATE_TRANSITION
RETEST_to_EXECUTION,2024-12-31T18:00:00,14470,,Risk approved → entering execution,STATE_TRANSITION
TRADE_OPENED,2024-12-31T18:00:00,14470,SHORT,,TRADE_OPENED
EXECUTION_to_RESOLUTION,2024-12-31T18:15:00,14471,,Trade closed: TP1,STATE_TRANSITION
RANGE_to_SWEEP,2024-12-31T19:15:00,14475,,Sweep @ 2627.50000 idx=14475,STATE_TRANSITION
RANGE_to_SWEEP,2025-01-02T02:00:00,14498,,Sweep @ 2626.10000 idx=14498,STATE_TRANSITION
RANGE_to_SWEEP,2025-01-02T10:00:00,14530,,Sweep @ 2637.07000 idx=14530,STATE_TRANSITION
RANGE_to_SWEEP,2025-01-02T14:45:00,14549,,Sweep @ 2646.43000 idx=14549,STATE_TRANSITION
SWEEP_to_DISPLACEMENT,2025-01-02T15:00:00,14550,,Displacement | body_ratio=0.946 wick=5.02000,STATE_TRANSITION
RANGE_to_SWEEP,2025-01-02T15:45:00,14553,,Sweep @ 2647.26000 idx=14553,STATE_TRANSITION
RANGE_to_SWEEP,2025-01-02T19:30:00,14568,,Sweep @ 2656.44000 idx=14568,STATE_TRANSITION
RANGE_to_SWEEP,2025-01-03T02:15:00,14591,,Sweep @ 2661.08000 idx=14591,STATE_TRANSITION
RANGE_to_SWEEP,2025-01-03T03:00:00,14594,,Sweep @ 2662.58000 idx=14594,STATE_TRANSITION
RANGE_to_SWEEP,2025-01-03T07:45:00,14613,,Sweep @ 2655.93000 idx=14613,STATE_TRANSITION
RANGE_to_SWEEP,2025-01-03T22:00:00,14670,,Sweep @ 2638.54000 idx=14670,STATE_TRANSITION
RANGE_to_SWEEP,2025-01-03T23:30:00,14676,,Sweep @ 2636.70000 idx=14676,STATE_TRANSITION
RANGE_to_SWEEP,2025-01-06T06:15:00,14699,,Sweep @ 2635.24000 idx=14699,STATE_TRANSITION
RANGE_to_SWEEP,2025-01-06T08:30:00,14708,,Sweep @ 2630.28000 idx=14708,STATE_TRANSITION
RANGE_to_SWEEP,2025-01-06T15:30:00,14736,,Sweep @ 2642.55000 idx=14736,STATE_TRANSITION
RANGE_to_SWEEP,2025-01-06T16:15:00,14739,,Sweep @ 2614.79000 idx=14739,STATE_TRANSITION
RANGE_to_SWEEP,2025-01-07T02:15:00,14775,,Sweep @ 2632.91000 idx=14775,STATE_TRANSITION
SWEEP_to_DISPLACEMENT,2025-01-07T02:45:00,14777,,Displacement | body_ratio=0.856 wick=2.01000,STATE_TRANSITION
RANGE_to_SWEEP,2025-01-07T03:15:00,14779,,Sweep @ 2639.12000 idx=14779,STATE_TRANSITION
RANGE_to_SWEEP,2025-01-07T13:00:00,14818,,Sweep @ 2647.02000 idx=14818,STATE_TRANSITION
RANGE_to_SWEEP,2025-01-07T17:00:00,14834,,Sweep @ 2642.24000 idx=14834,STATE_TRANSITION
RANGE_to_SWEEP,2025-01-08T02:45:00,14869,,Sweep @ 2651.58000 idx=14869,STATE_TRANSITION
RANGE_to_SWEEP,2025-01-08T06:45:00,14885,,Sweep @ 2645.30000 idx=14885,STATE_TRANSITION
RANGE_to_SWEEP,2025-01-08T11:00:00,14902,,Sweep @ 2655.02000 idx=14902,STATE_TRANSITION
RANGE_to_SWEEP,2025-01-08T14:15:00,14915,,Sweep @ 2645.87000 idx=14915,STATE_TRANSITION
SWEEP_to_DISPLACEMENT,2025-01-08T14:30:00,14916,,Displacement | body_ratio=0.732 wick=3.66000,STATE_TRANSITION
DISPLACEMENT_to_EXPANSION,2025-01-08T14:45:00,14917,,Bullish expansion | close=2652.04000 disp_close=2650.39000,STATE_TRANSITION
RANGE_to_SWEEP,2025-01-08T15:15:00,14919,,Sweep @ 2659.36000 idx=14919,STATE_TRANSITION
RANGE_to_SWEEP,2025-01-08T18:30:00,14932,,Sweep @ 2668.27000 idx=14932,STATE_TRANSITION
SWEEP_to_DISPLACEMENT,2025-01-08T19:15:00,14935,,Displacement | body_ratio=0.934 wick=6.71000,STATE_TRANSITION
RANGE_to_SWEEP,2025-01-09T03:30:00,14964,,Sweep @ 2657.32000 idx=14964,STATE_TRANSITION
RANGE_to_SWEEP,2025-01-09T10:00:00,14990,,Sweep @ 2662.82000 idx=14990,STATE_TRANSITION
RANGE_to_SWEEP,2025-01-09T15:00:00,15010,,Sweep @ 2675.27000 idx=15010,STATE_TRANSITION
SWEEP_to_DISPLACEMENT,2025-01-09T15:45:00,15013,,Displacement | body_ratio=0.790 wick=5.62000,STATE_TRANSITION
RANGE_to_SWEEP,2025-01-09T20:00:00,15030,,Sweep @ 2665.06000 idx=15030,STATE_TRANSITION
RANGE_to_SWEEP,2025-01-10T04:00:00,15058,,Sweep @ 2672.12000 idx=15058,STATE_TRANSITION
RANGE_to_SWEEP,2025-01-10T09:30:00,15080,,Sweep @ 2678.66000 idx=15080,STATE_TRANSITION
RANGE_to_SWEEP,2025-01-10T12:15:00,15091,,Sweep @ 2682.66000 idx=15091,STATE_TRANSITION
RANGE_to_SWEEP,2025-01-10T16:00:00,15106,,Sweep @ 2686.38000 idx=15106,STATE_TRANSITION
RANGE_to_SWEEP,2025-01-13T02:00:00,15142,,Sweep @ 2693.44000 idx=15142,STATE_TRANSITION
SWEEP_to_DISPLACEMENT,2025-01-13T03:00:00,15146,,Displacement | body_ratio=0.967 wick=8.40000,STATE_TRANSITION
RANGE_to_SWEEP,2025-01-13T11:15:00,15179,,Sweep @ 2683.32000 idx=15179,STATE_TRANSITION
RANGE_to_SWEEP,2025-01-13T18:00:00,15206,,Sweep @ 2660.92000 idx=15206,STATE_TRANSITION
RANGE_to_SWEEP,2025-01-13T21:15:00,15219,,Sweep @ 2656.82000 idx=15219,STATE_TRANSITION
RANGE_to_SWEEP,2025-01-14T07:15:00,15255,,Sweep @ 2673.21000 idx=15255,STATE_TRANSITION
RANGE_to_SWEEP,2025-01-14T16:45:00,15293,,Sweep @ 2660.92000 idx=15293,STATE_TRANSITION
RANGE_to_SWEEP,2025-01-14T23:00:00,15318,,Sweep @ 2676.66000 idx=15318,STATE_TRANSITION
RANGE_to_SWEEP,2025-01-15T03:00:00,15330,,Sweep @ 2671.90000 idx=15330,STATE_TRANSITION
SWEEP_to_DISPLACEMENT,2025-01-15T04:00:00,15334,,Displacement | body_ratio=0.740 wick=4.57000,STATE_TRANSITION
DISPLACEMENT_to_EXPANSION,2025-01-15T05:00:00,15338,,Bullish expansion | close=2674.01000 disp_close=2673.27000,STATE_TRANSITION
RANGE_to_SWEEP,2025-01-15T06:00:00,15342,,Sweep @ 2676.47000 idx=15342,STATE_TRANSITION
RANGE_to_SWEEP,2025-01-15T11:00:00,15362,,Sweep @ 2685.57000 idx=15362,STATE_TRANSITION
RANGE_to_SWEEP,2025-01-15T15:00:00,15378,,Sweep @ 2682.86000 idx=15378,STATE_TRANSITION
SWEEP_to_DISPLACEMENT,2025-01-15T15:45:00,15381,,Displacement | body_ratio=0.836 wick=8.17000,STATE_TRANSITION
RANGE_to_SWEEP,2025-01-15T18:15:00,15391,,Sweep @ 2681.84000 idx=15391,STATE_TRANSITION
RANGE_to_SWEEP,2025-01-15T23:15:00,15411,,Sweep @ 2697.08000 idx=15411,STATE_TRANSITION
RANGE_to_SWEEP,2025-01-16T08:45:00,15445,,Sweep @ 2692.72000 idx=15445,STATE_TRANSITION
SWEEP_to_DISPLACEMENT,2025-01-16T09:00:00,15446,,Displacement | body_ratio=0.880 wick=4.41000,STATE_TRANSITION
DISPLACEMENT_to_EXPANSION,2025-01-16T10:00:00,15450,,Bullish expansion | close=2699.77000 disp_close=2697.86000,STATE_TRANSITION
RANGE_to_SWEEP,2025-01-16T12:30:00,15460,,Sweep @ 2707.63000 idx=15460,STATE_TRANSITION
RANGE_to_SWEEP,2025-01-16T17:00:00,15478,,Sweep @ 2719.28000 idx=15478,STATE_TRANSITION
RANGE_to_SWEEP,2025-01-16T23:15:00,15503,,Sweep @ 2712.52000 idx=15503,STATE_TRANSITION
RANGE_to_SWEEP,2025-01-17T01:30:00,15508,,Sweep @ 2712.37000 idx=15508,STATE_TRANSITION
SWEEP_to_DISPLACEMENT,2025-01-17T03:30:00,15516,,Displacement | body_ratio=0.772 wick=3.16000,STATE_TRANSITION
RANGE_to_SWEEP,2025-01-17T04:15:00,15519,,Sweep @ 2716.78000 idx=15519,STATE_TRANSITION
RANGE_to_SWEEP,2025-01-17T05:00:00,15522,,Sweep @ 2717.39000 idx=15522,STATE_TRANSITION
RANGE_to_SWEEP,2025-01-17T10:00:00,15542,,Sweep @ 2709.65000 idx=15542,STATE_TRANSITION
RANGE_to_SWEEP,2025-01-17T16:30:00,15568,,Sweep @ 2702.74000 idx=15568,STATE_TRANSITION
RANGE_to_SWEEP,2025-01-17T17:00:00,15570,,Sweep @ 2714.89000 idx=15570,STATE_TRANSITION
SWEEP_to_DISPLACEMENT,2025-01-17T20:15:00,15583,,Displacement | body_ratio=0.968 wick=4.32000,STATE_TRANSITION
RANGE_to_SWEEP,2025-01-17T21:00:00,15586,,Sweep @ 2704.55000 idx=15586,STATE_TRANSITION
RANGE_to_SWEEP,2025-01-20T03:15:00,15607,,Sweep @ 2689.95000 idx=15607,STATE_TRANSITION
RANGE_to_SWEEP,2025-01-20T06:00:00,15618,,Sweep @ 2704.14000 idx=15618,STATE_TRANSITION
RANGE_to_SWEEP,2025-01-20T15:30:00,15656,,Sweep @ 2701.57000 idx=15656,STATE_TRANSITION
SWEEP_to_DISPLACEMENT,2025-01-20T16:00:00,15658,,Displacement | body_ratio=0.953 wick=5.75000,STATE_TRANSITION
RANGE_to_SWEEP,2025-01-21T01:45:00,15683,,Sweep @ 2711.24000 idx=15683,STATE_TRANSITION
RANGE_to_SWEEP,2025-01-21T06:30:00,15702,,Sweep @ 2727.28000 idx=15702,STATE_TRANSITION
RANGE_to_SWEEP,2025-01-21T10:00:00,15716,,Sweep @ 2729.83000 idx=15716,STATE_TRANSITION
SWEEP_to_DISPLACEMENT,2025-01-21T11:00:00,15720,,Displacement | body_ratio=0.764 wick=5.68000,STATE_TRANSITION
RANGE_to_SWEEP,2025-01-21T13:00:00,15728,,Sweep @ 2717.90000 idx=15728,STATE_TRANSITION
RANGE_to_SWEEP,2025-01-21T15:15:00,15737,,Sweep @ 2730.06000 idx=15737,STATE_TRANSITION
RANGE_to_SWEEP,2025-01-21T17:45:00,15747,,Sweep @ 2740.48000 idx=15747,STATE_TRANSITION
RANGE_to_SWEEP,2025-01-22T07:00:00,15796,,Sweep @ 2752.23000 idx=15796,STATE_TRANSITION
SWEEP_to_DISPLACEMENT,2025-01-22T08:00:00,15800,,Displacement | body_ratio=0.985 wick=6.09000,STATE_TRANSITION
RANGE_to_SWEEP,2025-01-22T11:45:00,15815,,Sweep @ 2761.05000 idx=15815,STATE_TRANSITION
RANGE_to_SWEEP,2025-01-22T14:30:00,15826,,Sweep @ 2751.81000 idx=15826,STATE_TRANSITION
RANGE_to_SWEEP,2025-01-22T22:30:00,15858,,Sweep @ 2754.90000 idx=15858,STATE_TRANSITION
RANGE_to_SWEEP,2025-01-23T04:00:00,15876,,Sweep @ 2752.29000 idx=15876,STATE_TRANSITION
SWEEP_to_DISPLACEMENT,2025-01-23T06:00:00,15884,,Displacement | body_ratio=0.945 wick=2.53000,STATE_TRANSITION
RANGE_to_SWEEP,2025-01-23T08:15:00,15893,,Sweep @ 2755.58000 idx=15893,STATE_TRANSITION
RANGE_to_SWEEP,2025-01-23T11:30:00,15906,,Sweep @ 2740.96000 idx=15906,STATE_TRANSITION
RANGE_to_SWEEP,2025-01-23T15:30:00,15922,,Sweep @ 2735.98000 idx=15922,STATE_TRANSITION
RANGE_to_SWEEP,2025-01-23T20:00:00,15940,,Sweep @ 2758.05000 idx=15940,STATE_TRANSITION
RANGE_to_SWEEP,2025-01-24T10:15:00,15993,,Sweep @ 2770.28000 idx=15993,STATE_TRANSITION
RANGE_to_SWEEP,2025-01-24T13:30:00,16006,,Sweep @ 2780.04000 idx=16006,STATE_TRANSITION
RANGE_to_SWEEP,2025-01-24T16:30:00,16018,,Sweep @ 2773.90000 idx=16018,STATE_TRANSITION
SWEEP_to_DISPLACEMENT,2025-01-24T17:00:00,16020,,Displacement | body_ratio=0.651 wick=7.42000,STATE_TRANSITION
DISPLACEMENT_to_EXPANSION,2025-01-24T17:15:00,16021,,Bullish expansion | close=2785.07000 disp_close=2783.39000,STATE_TRANSITION
RANGE_to_SWEEP,2025-01-24T18:15:00,16025,,Sweep @ 2773.79000 idx=16025,STATE_TRANSITION
RANGE_to_SWEEP,2025-01-27T08:45:00,16079,,Sweep @ 2751.97000 idx=16079,STATE_TRANSITION
RANGE_to_SWEEP,2025-01-27T09:30:00,16082,,Sweep @ 2747.39000 idx=16082,STATE_TRANSITION
SWEEP_to_DISPLACEMENT,2025-01-27T10:00:00,16084,,Displacement | body_ratio=0.880 wick=5.66000,STATE_TRANSITION
DISPLACEMENT_to_EXPANSION,2025-01-27T10:15:00,16085,,Bullish expansion | close=2756.26000 disp_close=2754.39000,STATE_TRANSITION
RANGE_to_SWEEP,2025-01-27T12:00:00,16092,,Sweep @ 2765.62000 idx=16092,STATE_TRANSITION
RANGE_to_SWEEP,2025-01-27T14:00:00,16100,,Sweep @ 2771.73000 idx=16100,STATE_TRANSITION
SWEEP_to_DISPLACEMENT,2025-01-27T15:30:00,16106,,Displacement | body_ratio=0.700 wick=7.20000,STATE_TRANSITION
RANGE_to_SWEEP,2025-01-27T16:30:00,16110,,Sweep @ 2745.10000 idx=16110,STATE_TRANSITION
RANGE_to_SWEEP,2025-01-27T17:30:00,16114,,Sweep @ 2739.55000 idx=16114,STATE_TRANSITION
RANGE_to_SWEEP,2025-01-27T23:30:00,16138,,Sweep @ 2743.92000 idx=16138,STATE_TRANSITION
RANGE_to_SWEEP,2025-01-28T05:30:00,16158,,Sweep @ 2738.10000 idx=16158,STATE_TRANSITION
RANGE_to_SWEEP,2025-01-28T10:30:00,16178,,Sweep @ 2734.78000 idx=16178,STATE_TRANSITION
RANGE_to_SWEEP,2025-01-28T18:30:00,16210,,Sweep @ 2758.39000 idx=16210,STATE_TRANSITION
RANGE_to_SWEEP,2025-01-29T03:30:00,16242,,Sweep @ 2766.20000 idx=16242,STATE_TRANSITION
RANGE_to_SWEEP,2025-01-29T10:15:00,16269,,Sweep @ 2761.40000 idx=16269,STATE_TRANSITION
RANGE_to_SWEEP,2025-01-29T12:45:00,16279,,Sweep @ 2757.11000 idx=16279,STATE_TRANSITION
RANGE_to_SWEEP,2025-01-29T17:30:00,16298,,Sweep @ 2748.58000 idx=16298,STATE_TRANSITION
RANGE_to_SWEEP,2025-01-29T21:30:00,16314,,Sweep @ 2744.73000 idx=16314,STATE_TRANSITION
RANGE_to_SWEEP,2025-01-30T06:15:00,16345,,Sweep @ 2763.35000 idx=16345,STATE_TRANSITION
RANGE_to_SWEEP,2025-01-30T12:30:00,16370,,Sweep @ 2779.31000 idx=16370,STATE_TRANSITION
RANGE_to_SWEEP,2025-01-30T16:45:00,16387,,Sweep @ 2789.12000 idx=16387,STATE_TRANSITION
RANGE_to_SWEEP,2025-01-31T02:00:00,16420,,Sweep @ 2799.44000 idx=16420,STATE_TRANSITION
RANGE_to_SWEEP,2025-01-31T06:45:00,16439,,Sweep @ 2794.51000 idx=16439,STATE_TRANSITION
SWEEP_to_DISPLACEMENT,2025-01-31T09:00:00,16448,,Displacement | body_ratio=0.869 wick=3.83000,STATE_TRANSITION
RANGE_to_SWEEP,2025-01-31T09:30:00,16450,,Sweep @ 2800.98000 idx=16450,STATE_TRANSITION
SWEEP_to_DISPLACEMENT,2025-01-31T10:15:00,16453,,Displacement | body_ratio=0.891 wick=4.69000,STATE_TRANSITION
DISPLACEMENT_to_EXPANSION,2025-01-31T12:00:00,16460,,Bearish expansion | close=2792.81000 disp_close=2793.76000,STATE_TRANSITION
EXPANSION_to_RETEST,2025-01-31T20:45:00,16495,,Retest | depth_abs=1.07000 ceiling=1.61464,STATE_TRANSITION
RETEST_to_EXECUTION,2025-01-31T21:00:00,16496,,Risk approved → entering execution,STATE_TRANSITION
TRADE_OPENED,2025-01-31T21:00:00,16496,SHORT,,TRADE_OPENED
EXECUTION_to_RESOLUTION,2025-01-31T21:15:00,16497,,Trade closed: STOPPED,STATE_TRANSITION
RANGE_to_SWEEP,2025-01-31T21:45:00,16499,,Sweep @ 2795.46000 idx=16499,STATE_TRANSITION
RANGE_to_SWEEP,2025-02-03T01:00:00,16508,,Sweep @ 2792.88000 idx=16508,STATE_TRANSITION
RANGE_to_SWEEP,2025-02-03T03:00:00,16516,,Sweep @ 2782.64000 idx=16516,STATE_TRANSITION
SWEEP_to_DISPLACEMENT,2025-02-03T06:00:00,16528,,Displacement | body_ratio=0.943 wick=8.75000,STATE_TRANSITION
RANGE_to_SWEEP,2025-02-03T10:30:00,16546,,Sweep @ 2800.47000 idx=16546,STATE_TRANSITION
RANGE_to_SWEEP,2025-02-03T23:15:00,16597,,Sweep @ 2813.48000 idx=16597,STATE_TRANSITION
RANGE_to_SWEEP,2025-02-04T04:15:00,16613,,Sweep @ 2821.89000 idx=16613,STATE_TRANSITION
SWEEP_to_DISPLACEMENT,2025-02-04T05:30:00,16618,,Displacement | body_ratio=0.810 wick=5.06000,STATE_TRANSITION
RANGE_to_SWEEP,2025-02-04T07:00:00,16624,,Sweep @ 2813.51000 idx=16624,STATE_TRANSITION
RANGE_to_SWEEP,2025-02-04T08:00:00,16628,,Sweep @ 2813.15000 idx=16628,STATE_TRANSITION
RANGE_to_SWEEP,2025-02-04T12:00:00,16644,,Sweep @ 2820.53000 idx=16644,STATE_TRANSITION
RANGE_to_SWEEP,2025-02-04T15:30:00,16658,,Sweep @ 2837.11000 idx=16658,STATE_TRANSITION
SWEEP_to_DISPLACEMENT,2025-02-04T17:30:00,16666,,Displacement | body_ratio=0.669 wick=11.73000,STATE_TRANSITION
RANGE_to_SWEEP,2025-02-05T01:30:00,16694,,Sweep @ 2840.88000 idx=16694,STATE_TRANSITION
SWEEP_to_DISPLACEMENT,2025-02-05T02:30:00,16698,,Displacement | body_ratio=0.762 wick=5.47000,STATE_TRANSITION
RANGE_to_SWEEP,2025-02-05T03:45:00,16703,,Sweep @ 2839.80000 idx=16703,STATE_TRANSITION
SWEEP_to_DISPLACEMENT,2025-02-05T04:00:00,16704,,Displacement | body_ratio=0.805 wick=9.72000,STATE_TRANSITION
RANGE_to_SWEEP,2025-02-05T05:15:00,16709,,Sweep @ 2854.14000 idx=16709,STATE_TRANSITION
RANGE_to_SWEEP,2025-02-05T12:30:00,16738,,Sweep @ 2877.04000 idx=16738,STATE_TRANSITION
RANGE_to_SWEEP,2025-02-05T16:45:00,16755,,Sweep @ 2872.67000 idx=16755,STATE_TRANSITION
SWEEP_to_DISPLACEMENT,2025-02-05T18:00:00,16760,,Displacement | body_ratio=0.873 wick=13.14000,STATE_TRANSITION
RANGE_to_SWEEP,2025-02-05T21:00:00,16772,,Sweep @ 2862.86000 idx=16772,STATE_TRANSITION
RANGE_to_SWEEP,2025-02-06T01:45:00,16787,,Sweep @ 2870.86000 idx=16787,STATE_TRANSITION
RANGE_to_SWEEP,2025-02-06T11:00:00,16824,,Sweep @ 2855.91000 idx=16824,STATE_TRANSITION
RANGE_to_SWEEP,2025-02-06T15:00:00,16840,,Sweep @ 2864.55000 idx=16840,STATE_TRANSITION
SWEEP_to_DISPLACEMENT,2025-02-06T16:45:00,16847,,Displacement | body_ratio=0.818 wick=15.42000,STATE_TRANSITION
RANGE_to_SWEEP,2025-02-06T22:15:00,16869,,Sweep @ 2856.76000 idx=16869,STATE_TRANSITION
RANGE_to_SWEEP,2025-02-07T02:30:00,16882,,Sweep @ 2860.59000 idx=16882,STATE_TRANSITION
RANGE_to_SWEEP,2025-02-07T12:00:00,16920,,Sweep @ 2869.22000 idx=16920,STATE_TRANSITION
RANGE_to_SWEEP,2025-02-07T15:15:00,16933,,Sweep @ 2860.32000 idx=16933,STATE_TRANSITION
SWEEP_to_DISPLACEMENT,2025-02-07T16:15:00,16937,,Displacement | body_ratio=0.806 wick=10.70000,STATE_TRANSITION
DISPLACEMENT_to_EXPANSION,2025-02-07T16:30:00,16938,,Bullish expansion | close=2877.23000 disp_close=2873.48000,STATE_TRANSITION
RANGE_to_SWEEP,2025-02-07T17:45:00,16943,,Sweep @ 2886.80000 idx=16943,STATE_TRANSITION
SWEEP_to_DISPLACEMENT,2025-02-07T18:00:00,16944,,Displacement | body_ratio=0.857 wick=10.67000,STATE_TRANSITION
RANGE_to_SWEEP,2025-02-10T13:00:00,17016,,Sweep @ 2904.98000 idx=17016,STATE_TRANSITION
RANGE_to_SWEEP,2025-02-10T16:00:00,17028,,Sweep @ 2896.40000 idx=17028,STATE_TRANSITION
RANGE_to_SWEEP,2025-02-10T23:30:00,17058,,Sweep @ 2908.22000 idx=17058,STATE_TRANSITION
RANGE_to_SWEEP,2025-02-11T04:30:00,17074,,Sweep @ 2905.98000 idx=17074,STATE_TRANSITION
RANGE_to_SWEEP,2025-02-11T09:45:00,17095,,Sweep @ 2908.62000 idx=17095,STATE_TRANSITION
RANGE_to_SWEEP,2025-02-11T18:00:00,17128,,Sweep @ 2906.75000 idx=17128,STATE_TRANSITION
RANGE_to_SWEEP,2025-02-12T04:00:00,17164,,Sweep @ 2892.73000 idx=17164,STATE_TRANSITION
RANGE_to_SWEEP,2025-02-12T13:45:00,17203,,Sweep @ 2879.38000 idx=17203,STATE_TRANSITION
SWEEP_to_DISPLACEMENT,2025-02-12T15:45:00,17211,,Displacement | body_ratio=0.896 wick=14.89000,STATE_TRANSITION
RANGE_to_SWEEP,2025-02-12T16:30:00,17214,,Sweep @ 2898.10000 idx=17214,STATE_TRANSITION
RANGE_to_SWEEP,2025-02-12T21:00:00,17232,,Sweep @ 2901.75000 idx=17232,STATE_TRANSITION
RANGE_to_SWEEP,2025-02-13T02:45:00,17251,,Sweep @ 2909.10000 idx=17251,STATE_TRANSITION
RANGE_to_SWEEP,2025-02-13T06:30:00,17266,,Sweep @ 2918.90000 idx=17266,STATE_TRANSITION
RANGE_to_SWEEP,2025-02-13T10:30:00,17282,,Sweep @ 2909.39000 idx=17282,STATE_TRANSITION
RANGE_to_SWEEP,2025-02-13T14:30:00,17298,,Sweep @ 2921.41000 idx=17298,STATE_TRANSITION
RANGE_to_SWEEP,2025-02-13T22:45:00,17331,,Sweep @ 2928.97000 idx=17331,STATE_TRANSITION
SWEEP_to_DISPLACEMENT,2025-02-14T02:00:00,17340,,Displacement | body_ratio=0.859 wick=3.83000,STATE_TRANSITION
RANGE_to_SWEEP,2025-02-14T04:00:00,17348,,Sweep @ 2926.81000 idx=17348,STATE_TRANSITION
RANGE_to_SWEEP,2025-02-14T11:30:00,17378,,Sweep @ 2938.76000 idx=17378,STATE_TRANSITION
RANGE_to_SWEEP,2025-02-14T16:15:00,17397,,Sweep @ 2921.57000 idx=17397,STATE_TRANSITION
RANGE_to_SWEEP,2025-02-17T01:15:00,17429,,Sweep @ 2893.57000 idx=17429,STATE_TRANSITION
RANGE_to_SWEEP,2025-02-17T07:45:00,17455,,Sweep @ 2902.57000 idx=17455,STATE_TRANSITION
RANGE_to_SWEEP,2025-02-17T11:15:00,17469,,Sweep @ 2906.44000 idx=17469,STATE_TRANSITION
RANGE_to_SWEEP,2025-02-17T16:45:00,17491,,Sweep @ 2903.90000 idx=17491,STATE_TRANSITION
RANGE_to_SWEEP,2025-02-18T03:00:00,17518,,Sweep @ 2894.83000 idx=17518,STATE_TRANSITION
RANGE_to_SWEEP,2025-02-18T12:45:00,17557,,Sweep @ 2907.19000 idx=17557,STATE_TRANSITION
RANGE_to_SWEEP,2025-02-18T16:00:00,17570,,Sweep @ 2922.50000 idx=17570,STATE_TRANSITION
RANGE_to_SWEEP,2025-02-18T21:00:00,17590,,Sweep @ 2933.75000 idx=17590,STATE_TRANSITION
RANGE_to_SWEEP,2025-02-19T03:00:00,17610,,Sweep @ 2928.29000 idx=17610,STATE_TRANSITION
SWEEP_to_DISPLACEMENT,2025-02-19T03:30:00,17612,,Displacement | body_ratio=0.900 wick=4.91000,STATE_TRANSITION
DISPLACEMENT_to_EXPANSION,2025-02-19T03:45:00,17613,,Bullish expansion | close=2938.60000 disp_close=2936.07000,STATE_TRANSITION
RANGE_to_SWEEP,2025-02-19T14:00:00,17654,,Sweep @ 2931.34000 idx=17654,STATE_TRANSITION
SWEEP_to_DISPLACEMENT,2025-02-19T15:00:00,17658,,Displacement | body_ratio=0.755 wick=8.79000,STATE_TRANSITION
RANGE_to_SWEEP,2025-02-19T16:15:00,17663,,Sweep @ 2930.26000 idx=17663,STATE_TRANSITION
RANGE_to_SWEEP,2025-02-20T03:15:00,17703,,Sweep @ 2942.39000 idx=17703,STATE_TRANSITION
RANGE_to_SWEEP,2025-02-20T07:30:00,17720,,Sweep @ 2945.39000 idx=17720,STATE_TRANSITION
RANGE_to_SWEEP,2025-02-20T10:15:00,17731,,Sweep @ 2954.87000 idx=17731,STATE_TRANSITION
RANGE_to_SWEEP,2025-02-20T14:00:00,17746,,Sweep @ 2947.03000 idx=17746,STATE_TRANSITION
RANGE_to_SWEEP,2025-02-21T03:30:00,17796,,Sweep @ 2945.83000 idx=17796,STATE_TRANSITION
SWEEP_to_DISPLACEMENT,2025-02-21T03:45:00,17797,,Displacement | body_ratio=0.746 wick=10.26000,STATE_TRANSITION
RANGE_to_SWEEP,2025-02-21T07:00:00,17810,,Sweep @ 2925.39000 idx=17810,STATE_TRANSITION
RANGE_to_SWEEP,2025-02-21T13:30:00,17836,,Sweep @ 2935.92000 idx=17836,STATE_TRANSITION
RANGE_to_SWEEP,2025-02-21T16:45:00,17849,,Sweep @ 2939.02000 idx=17849,STATE_TRANSITION
SWEEP_to_DISPLACEMENT,2025-02-21T17:00:00,17850,,Displacement | body_ratio=0.734 wick=8.02000,STATE_TRANSITION
DISPLACEMENT_to_EXPANSION,2025-02-21T17:15:00,17851,,Bearish expansion | close=2925.45000 disp_close=2928.00000,STATE_TRANSITION
RANGE_to_SWEEP,2025-02-21T19:15:00,17859,,Sweep @ 2939.76000 idx=17859,STATE_TRANSITION
SWEEP_to_DISPLACEMENT,2025-02-21T21:45:00,17869,,Displacement | body_ratio=0.898 wick=4.70000,STATE_TRANSITION
RANGE_to_SWEEP,2025-02-21T22:15:00,17871,,Sweep @ 2932.46000 idx=17871,STATE_TRANSITION
RANGE_to_SWEEP,2025-02-21T23:00:00,17874,,Sweep @ 2932.02000 idx=17874,STATE_TRANSITION
RANGE_to_SWEEP,2025-02-24T06:30:00,17900,,Sweep @ 2942.99000 idx=17900,STATE_TRANSITION
RANGE_to_SWEEP,2025-02-24T09:45:00,17913,,Sweep @ 2944.94000 idx=17913,STATE_TRANSITION
RANGE_to_SWEEP,2025-02-24T12:45:00,17925,,Sweep @ 2935.02000 idx=17925,STATE_TRANSITION
SWEEP_to_DISPLACEMENT,2025-02-24T15:00:00,17934,,Displacement | body_ratio=0.883 wick=4.52000,STATE_TRANSITION
DISPLACEMENT_to_EXPANSION,2025-02-24T15:30:00,17936,,Bullish expansion | close=2951.78000 disp_close=2950.54000,STATE_TRANSITION
EXPANSION_to_RETEST,2025-02-24T16:45:00,17941,,Retest | depth_abs=1.67000 ceiling=1.78800,STATE_TRANSITION
RANGE_to_SWEEP,2025-02-24T20:00:00,17954,,Sweep @ 2945.24000 idx=17954,STATE_TRANSITION
RANGE_to_SWEEP,2025-02-25T01:00:00,17970,,Sweep @ 2953.79000 idx=17970,STATE_TRANSITION
RANGE_to_SWEEP,2025-02-25T10:15:00,18007,,Sweep @ 2931.92000 idx=18007,STATE_TRANSITION
SWEEP_to_DISPLACEMENT,2025-02-25T10:30:00,18008,,Displacement | body_ratio=0.815 wick=7.12000,STATE_TRANSITION
DISPLACEMENT_to_EXPANSION,2025-02-25T11:30:00,18012,,Bullish expansion | close=2942.06000 disp_close=2940.82000,STATE_TRANSITION
EXPANSION_to_RETEST,2025-02-25T15:30:00,18028,,Retest | depth_abs=0.81000 ceiling=1.80450,STATE_TRANSITION
RETEST_to_EXECUTION,2025-02-25T15:45:00,18029,,Risk approved → entering execution,STATE_TRANSITION
TRADE_OPENED,2025-02-25T15:45:00,18029,LONG,,TRADE_OPENED
EXECUTION_to_RESOLUTION,2025-02-25T16:00:00,18030,,Trade closed: TP1,STATE_TRANSITION
RANGE_to_SWEEP,2025-02-25T21:45:00,18053,,Sweep @ 2913.82000 idx=18053,STATE_TRANSITION
RANGE_to_SWEEP,2025-02-26T03:45:00,18073,,Sweep @ 2925.45000 idx=18073,STATE_TRANSITION
RANGE_to_SWEEP,2025-02-26T06:15:00,18083,,Sweep @ 2912.64000 idx=18083,STATE_TRANSITION
RANGE_to_SWEEP,2025-02-26T15:30:00,18120,,Sweep @ 2909.45000 idx=18120,STATE_TRANSITION
RANGE_to_SWEEP,2025-02-26T18:00:00,18130,,Sweep @ 2916.70000 idx=18130,STATE_TRANSITION
RANGE_to_SWEEP,2025-02-26T23:45:00,18153,,Sweep @ 2917.78000 idx=18153,STATE_TRANSITION
RANGE_to_SWEEP,2025-02-27T03:00:00,18162,,Sweep @ 2913.68000 idx=18162,STATE_TRANSITION
RANGE_to_SWEEP,2025-02-27T08:30:00,18184,,Sweep @ 2895.25000 idx=18184,STATE_TRANSITION
RANGE_to_SWEEP,2025-02-27T11:00:00,18194,,Sweep @ 2877.18000 idx=18194,STATE_TRANSITION
RANGE_to_SWEEP,2025-02-27T15:30:00,18212,,Sweep @ 2881.19000 idx=18212,STATE_TRANSITION
RANGE_to_SWEEP,2025-02-27T23:00:00,18242,,Sweep @ 2871.31000 idx=18242,STATE_TRANSITION
SWEEP_to_DISPLACEMENT,2025-02-28T02:15:00,18251,,Displacement | body_ratio=0.814 wick=4.35000,STATE_TRANSITION
RANGE_to_SWEEP,2025-02-28T03:00:00,18254,,Sweep @ 2885.13000 idx=18254,STATE_TRANSITION
RANGE_to_SWEEP,2025-02-28T04:00:00,18258,,Sweep @ 2870.47000 idx=18258,STATE_TRANSITION
RANGE_to_SWEEP,2025-02-28T10:00:00,18282,,Sweep @ 2856.88000 idx=18282,STATE_TRANSITION
RANGE_to_SWEEP,2025-02-28T17:45:00,18313,,Sweep @ 2840.36000 idx=18313,STATE_TRANSITION
RANGE_to_SWEEP,2025-02-28T22:00:00,18330,,Sweep @ 2854.10000 idx=18330,STATE_TRANSITION
RANGE_to_SWEEP,2025-03-03T05:30:00,18356,,Sweep @ 2861.65000 idx=18356,STATE_TRANSITION
RANGE_to_SWEEP,2025-03-03T09:15:00,18371,,Sweep @ 2860.71000 idx=18371,STATE_TRANSITION
SWEEP_to_DISPLACEMENT,2025-03-03T10:30:00,18376,,Displacement | body_ratio=0.745 wick=6.54000,STATE_TRANSITION
RANGE_to_SWEEP,2025-03-03T11:30:00,18380,,Sweep @ 2869.86000 idx=18380,STATE_TRANSITION
RANGE_to_SWEEP,2025-03-03T13:15:00,18387,,Sweep @ 2874.68000 idx=18387,STATE_TRANSITION
RANGE_to_SWEEP,2025-03-03T22:30:00,18424,,Sweep @ 2883.31000 idx=18424,STATE_TRANSITION
SWEEP_to_DISPLACEMENT,2025-03-03T22:45:00,18425,,Displacement | body_ratio=0.840 wick=6.43000,STATE_TRANSITION
DISPLACEMENT_to_EXPANSION,2025-03-03T23:15:00,18427,,Bullish expansion | close=2894.73000 disp_close=2890.50000,STATE_TRANSITION
EXPANSION_to_RETEST,2025-03-04T03:00:00,18438,,Retest | depth_abs=0.40000 ceiling=1.35150,STATE_TRANSITION
RETEST_to_EXECUTION,2025-03-04T03:15:00,18439,,Risk approved → entering execution,STATE_TRANSITION
TRADE_OPENED,2025-03-04T03:15:00,18439,LONG,,TRADE_OPENED
EXECUTION_to_RESOLUTION,2025-03-04T03:30:00,18440,,Trade closed: STOPPED,STATE_TRANSITION
RANGE_to_SWEEP,2025-03-04T07:15:00,18455,,Sweep @ 2894.38000 idx=18455,STATE_TRANSITION
RANGE_to_SWEEP,2025-03-04T15:30:00,18488,,Sweep @ 2926.24000 idx=18488,STATE_TRANSITION
SWEEP_to_DISPLACEMENT,2025-03-04T16:45:00,18493,,Displacement | body_ratio=0.932 wick=8.79000,STATE_TRANSITION
RANGE_to_SWEEP,2025-03-04T22:30:00,18516,,Sweep @ 2918.65000 idx=18516,STATE_TRANSITION
RANGE_to_SWEEP,2025-03-05T11:00:00,18562,,Sweep @ 2922.53000 idx=18562,STATE_TRANSITION
RANGE_to_SWEEP,2025-03-05T16:30:00,18584,,Sweep @ 2905.01000 idx=18584,STATE_TRANSITION
RANGE_to_SWEEP,2025-03-06T04:00:00,18626,,Sweep @ 2926.55000 idx=18626,STATE_TRANSITION
RANGE_to_SWEEP,2025-03-06T09:30:00,18648,,Sweep @ 2911.60000 idx=18648,STATE_TRANSITION
RANGE_to_SWEEP,2025-03-06T16:00:00,18674,,Sweep @ 2911.36000 idx=18674,STATE_TRANSITION
RANGE_to_SWEEP,2025-03-06T22:45:00,18701,,Sweep @ 2908.48000 idx=18701,STATE_TRANSITION
RANGE_to_SWEEP,2025-03-07T03:30:00,18716,,Sweep @ 2901.56000 idx=18716,STATE_TRANSITION
RANGE_to_SWEEP,2025-03-07T15:15:00,18763,,Sweep @ 2910.34000 idx=18763,STATE_TRANSITION
SWEEP_to_DISPLACEMENT,2025-03-07T15:30:00,18764,,Displacement | body_ratio=0.736 wick=14.31000,STATE_TRANSITION
RANGE_to_SWEEP,2025-03-07T16:00:00,18766,,Sweep @ 2904.17000 idx=18766,STATE_TRANSITION
RANGE_to_SWEEP,2025-03-07T17:00:00,18770,,Sweep @ 2930.54000 idx=18770,STATE_TRANSITION
SWEEP_to_DISPLACEMENT,2025-03-07T17:30:00,18772,,Displacement | body_ratio=0.774 wick=13.56000,STATE_TRANSITION
DISPLACEMENT_to_EXPANSION,2025-03-07T19:00:00,18778,,Bearish expansion | close=2911.02000 disp_close=2914.38000,STATE_TRANSITION
RANGE_to_SWEEP,2025-03-10T03:15:00,18807,,Sweep @ 2917.03000 idx=18807,STATE_TRANSITION
RANGE_to_SWEEP,2025-03-10T06:30:00,18820,,Sweep @ 2908.22000 idx=18820,STATE_TRANSITION
RANGE_to_SWEEP,2025-03-10T10:00:00,18834,,Sweep @ 2915.14000 idx=18834,STATE_TRANSITION
SWEEP_to_DISPLACEMENT,2025-03-10T13:15:00,18847,,Displacement | body_ratio=0.827 wick=7.44000,STATE_TRANSITION
DISPLACEMENT_to_EXPANSION,2025-03-10T13:30:00,18848,,Bearish expansion | close=2900.35000 disp_close=2903.21000,STATE_TRANSITION
RANGE_to_SWEEP,2025-03-17T08:45:00,19289,,Sweep @ 2984.32000 idx=19289,STATE_TRANSITION
SWEEP_to_DISPLACEMENT,2025-03-17T09:15:00,19291,,Displacement | body_ratio=0.838 wick=4.21000,STATE_TRANSITION
RANGE_to_SWEEP,2025-03-17T15:45:00,19317,,Sweep @ 2984.89000 idx=19317,STATE_TRANSITION
RANGE_to_SWEEP,2025-03-18T01:00:00,19350,,Sweep @ 3002.01000 idx=19350,STATE_TRANSITION
SWEEP_to_DISPLACEMENT,2025-03-18T02:45:00,19357,,Displacement | body_ratio=0.944 wick=2.69000,STATE_TRANSITION
RANGE_to_SWEEP,2025-03-18T03:30:00,19360,,Sweep @ 3003.53000 idx=19360,STATE_TRANSITION
RANGE_to_SWEEP,2025-03-18T04:00:00,19362,,Sweep @ 2999.41000 idx=19362,STATE_TRANSITION
SWEEP_to_DISPLACEMENT,2025-03-18T04:15:00,19363,,Displacement | body_ratio=0.700 wick=4.26000,STATE_TRANSITION
DISPLACEMENT_to_EXPANSION,2025-03-18T04:45:00,19365,,Bullish expansion | close=3005.69000 disp_close=3004.35000,STATE_TRANSITION
RANGE_to_SWEEP,2025-03-18T06:30:00,19372,,Sweep @ 3012.71000 idx=19372,STATE_TRANSITION
RANGE_to_SWEEP,2025-03-18T09:00:00,19382,,Sweep @ 3017.41000 idx=19382,STATE_TRANSITION
RANGE_to_SWEEP,2025-03-18T12:00:00,19394,,Sweep @ 3028.55000 idx=19394,STATE_TRANSITION
RANGE_to_SWEEP,2025-03-18T16:00:00,19410,,Sweep @ 3036.61000 idx=19410,STATE_TRANSITION
SWEEP_to_DISPLACEMENT,2025-03-18T17:00:00,19414,,Displacement | body_ratio=0.920 wick=7.98000,STATE_TRANSITION
RANGE_to_SWEEP,2025-03-19T06:00:00,19462,,Sweep @ 3035.45000 idx=19462,STATE_TRANSITION
RANGE_to_SWEEP,2025-03-19T12:30:00,19488,,Sweep @ 3027.71000 idx=19488,STATE_TRANSITION
RANGE_to_SWEEP,2025-03-19T17:00:00,19506,,Sweep @ 3027.12000 idx=19506,STATE_TRANSITION
RANGE_to_SWEEP,2025-03-19T21:15:00,19523,,Sweep @ 3041.07000 idx=19523,STATE_TRANSITION
RANGE_to_SWEEP,2025-03-20T04:45:00,19549,,Sweep @ 3053.87000 idx=19549,STATE_TRANSITION
RANGE_to_SWEEP,2025-03-20T07:45:00,19561,,Sweep @ 3057.58000 idx=19561,STATE_TRANSITION
RANGE_to_SWEEP,2025-03-20T10:15:00,19571,,Sweep @ 3044.38000 idx=19571,STATE_TRANSITION
RANGE_to_SWEEP,2025-03-20T19:15:00,19607,,Sweep @ 3043.15000 idx=19607,STATE_TRANSITION
RANGE_to_SWEEP,2025-03-20T22:15:00,19619,,Sweep @ 3045.66000 idx=19619,STATE_TRANSITION
RANGE_to_SWEEP,2025-03-21T03:00:00,19634,,Sweep @ 3047.47000 idx=19634,STATE_TRANSITION
SWEEP_to_DISPLACEMENT,2025-03-21T04:30:00,19640,,Displacement | body_ratio=0.742 wick=4.92000,STATE_TRANSITION
DISPLACEMENT_to_EXPANSION,2025-03-21T04:45:00,19641,,Bearish expansion | close=3035.79000 disp_close=3038.43000,STATE_TRANSITION
RANGE_to_SWEEP,2025-03-21T07:00:00,19650,,Sweep @ 3029.19000 idx=19650,STATE_TRANSITION
RANGE_to_SWEEP,2025-03-21T11:00:00,19666,,Sweep @ 3034.82000 idx=19666,STATE_TRANSITION
RANGE_to_SWEEP,2025-03-21T15:00:00,19682,,Sweep @ 3038.02000 idx=19682,STATE_TRANSITION
SWEEP_to_DISPLACEMENT,2025-03-21T16:15:00,19687,,Displacement | body_ratio=0.863 wick=7.09000,STATE_TRANSITION
RANGE_to_SWEEP,2025-03-21T17:45:00,19693,,Sweep @ 3009.57000 idx=19693,STATE_TRANSITION
RANGE_to_SWEEP,2025-03-24T03:30:00,19728,,Sweep @ 3023.41000 idx=19728,STATE_TRANSITION
RANGE_to_SWEEP,2025-03-24T05:45:00,19737,,Sweep @ 3013.76000 idx=19737,STATE_TRANSITION
RANGE_to_SWEEP,2025-03-24T09:45:00,19753,,Sweep @ 3025.77000 idx=19753,STATE_TRANSITION
RANGE_to_SWEEP,2025-03-24T12:30:00,19764,,Sweep @ 3029.61000 idx=19764,STATE_TRANSITION
RANGE_to_SWEEP,2025-03-24T16:45:00,19781,,Sweep @ 3019.20000 idx=19781,STATE_TRANSITION
RANGE_to_SWEEP,2025-03-24T21:30:00,19800,,Sweep @ 3004.02000 idx=19800,STATE_TRANSITION
SWEEP_to_DISPLACEMENT,2025-03-24T23:15:00,19807,,Displacement | body_ratio=0.814 wick=5.32000,STATE_TRANSITION
DISPLACEMENT_to_EXPANSION,2025-03-24T23:30:00,19808,,Bullish expansion | close=3012.60000 disp_close=3011.74000,STATE_TRANSITION
RANGE_to_SWEEP,2025-03-31T09:15:00,20211,,Sweep @ 3125.13000 idx=20211,STATE_TRANSITION
RANGE_to_SWEEP,2025-03-31T13:00:00,20226,,Sweep @ 3111.90000 idx=20226,STATE_TRANSITION
RANGE_to_SWEEP,2025-03-31T18:00:00,20246,,Sweep @ 3127.24000 idx=20246,STATE_TRANSITION
RANGE_to_SWEEP,2025-04-01T02:00:00,20274,,Sweep @ 3125.93000 idx=20274,STATE_TRANSITION
SWEEP_to_DISPLACEMENT,2025-04-01T02:45:00,20277,,Displacement | body_ratio=0.851 wick=6.44000,STATE_TRANSITION
RANGE_to_SWEEP,2025-04-01T06:30:00,20292,,Sweep @ 3146.12000 idx=20292,STATE_TRANSITION
SWEEP_to_DISPLACEMENT,2025-04-01T08:45:00,20301,,Displacement | body_ratio=0.847 wick=15.68000,STATE_TRANSITION
RANGE_to_SWEEP,2025-04-01T10:45:00,20309,,Sweep @ 3124.14000 idx=20309,STATE_TRANSITION
SWEEP_to_DISPLACEMENT,2025-04-01T11:00:00,20310,,Displacement | body_ratio=0.853 wick=8.83000,STATE_TRANSITION
RANGE_to_SWEEP,2025-04-01T17:15:00,20335,,Sweep @ 3123.92000 idx=20335,STATE_TRANSITION
RANGE_to_SWEEP,2025-04-02T11:00:00,20402,,Sweep @ 3127.69000 idx=20402,STATE_TRANSITION
SWEEP_to_DISPLACEMENT,2025-04-02T13:30:00,20412,,Displacement | body_ratio=0.877 wick=11.10000,STATE_TRANSITION
DISPLACEMENT_to_EXPANSION,2025-04-02T13:45:00,20413,,Bearish expansion | close=3114.58000 disp_close=3117.22000,STATE_TRANSITION
RANGE_to_SWEEP,2025-04-02T19:45:00,20437,,Sweep @ 3133.78000 idx=20437,STATE_TRANSITION
RANGE_to_SWEEP,2025-04-02T23:15:00,20451,,Sweep @ 3144.30000 idx=20451,STATE_TRANSITION
RANGE_to_SWEEP,2025-04-03T13:00:00,20502,,Sweep @ 3112.29000 idx=20502,STATE_TRANSITION
RANGE_to_SWEEP,2025-04-03T16:15:00,20515,,Sweep @ 3056.34000 idx=20515,STATE_TRANSITION
SWEEP_to_DISPLACEMENT,2025-04-03T16:30:00,20516,,Displacement | body_ratio=0.856 wick=24.73000,STATE_TRANSITION
RANGE_to_SWEEP,2025-04-03T18:00:00,20522,,Sweep @ 3129.50000 idx=20522,STATE_TRANSITION
RANGE_to_SWEEP,2025-04-04T08:15:00,20575,,Sweep @ 3101.55000 idx=20575,STATE_TRANSITION
RANGE_to_SWEEP,2025-04-04T09:00:00,20578,,Sweep @ 3109.89000 idx=20578,STATE_TRANSITION
RANGE_to_SWEEP,2025-04-04T15:00:00,20602,,Sweep @ 3111.93000 idx=20602,STATE_TRANSITION
RANGE_to_SWEEP,2025-04-07T01:00:00,20638,,Sweep @ 2973.05000 idx=20638,STATE_TRANSITION
RANGE_to_SWEEP,2025-04-07T03:00:00,20646,,Sweep @ 2970.60000 idx=20646,STATE_TRANSITION
SWEEP_to_DISPLACEMENT,2025-04-07T04:00:00,20650,,Displacement | body_ratio=0.762 wick=36.50000,STATE_TRANSITION
DISPLACEMENT_to_EXPANSION,2025-04-07T04:15:00,20651,,Bullish expansion | close=3019.21000 disp_close=3006.82000,STATE_TRANSITION
RANGE_to_SWEEP,2025-04-07T04:45:00,20653,,Sweep @ 3054.90000 idx=20653,STATE_TRANSITION
RANGE_to_SWEEP,2025-04-07T10:15:00,20675,,Sweep @ 3013.71000 idx=20675,STATE_TRANSITION
RANGE_to_SWEEP,2025-04-07T14:45:00,20693,,Sweep @ 3040.38000 idx=20693,STATE_TRANSITION
SWEEP_to_DISPLACEMENT,2025-04-07T16:30:00,20700,,Displacement | body_ratio=0.721 wick=24.38000,STATE_TRANSITION
RANGE_to_SWEEP,2025-04-07T17:30:00,20704,,Sweep @ 2997.35000 idx=20704,STATE_TRANSITION
RANGE_to_SWEEP,2025-04-08T03:45:00,20741,,Sweep @ 2991.88000 idx=20741,STATE_TRANSITION
RANGE_to_SWEEP,2025-04-08T08:15:00,20759,,Sweep @ 3005.25000 idx=20759,STATE_TRANSITION
RANGE_to_SWEEP,2025-04-08T15:00:00,20786,,Sweep @ 3019.55000 idx=20786,STATE_TRANSITION
RANGE_to_SWEEP,2025-04-09T02:45:00,20829,,Sweep @ 2970.46000 idx=20829,STATE_TRANSITION
RANGE_to_SWEEP,2025-04-09T04:15:00,20835,,Sweep @ 2991.63000 idx=20835,STATE_TRANSITION
RANGE_to_SWEEP,2025-04-09T15:30:00,20880,,Sweep @ 3055.16000 idx=20880,STATE_TRANSITION
RANGE_to_SWEEP,2025-04-09T16:30:00,20884,,Sweep @ 3077.98000 idx=20884,STATE_TRANSITION
RANGE_to_SWEEP,2025-04-09T20:00:00,20898,,Sweep @ 3095.25000 idx=20898,STATE_TRANSITION
SWEEP_to_DISPLACEMENT,2025-04-09T20:15:00,20899,,Displacement | body_ratio=0.728 wick=40.35000,STATE_TRANSITION
DISPLACEMENT_to_EXPANSION,2025-04-09T21:00:00,20902,,Bearish expansion | close=3052.23000 disp_close=3059.86000,STATE_TRANSITION
RANGE_to_SWEEP,2025-04-09T22:45:00,20909,,Sweep @ 3099.49000 idx=20909,STATE_TRANSITION
RANGE_to_SWEEP,2025-04-10T03:30:00,20924,,Sweep @ 3101.31000 idx=20924,STATE_TRANSITION
SWEEP_to_DISPLACEMENT,2025-04-10T04:00:00,20926,,Displacement | body_ratio=0.702 wick=15.45000,STATE_TRANSITION
RANGE_to_SWEEP,2025-04-10T10:30:00,20952,,Sweep @ 3106.66000 idx=20952,STATE_TRANSITION
RANGE_to_SWEEP,2025-04-10T14:30:00,20968,,Sweep @ 3124.92000 idx=20968,STATE_TRANSITION
SWEEP_to_DISPLACEMENT,2025-04-10T16:30:00,20976,,Displacement | body_ratio=0.787 wick=13.49000,STATE_TRANSITION
RANGE_to_SWEEP,2025-04-10T21:45:00,20997,,Sweep @ 3175.59000 idx=20997,STATE_TRANSITION
RANGE_to_SWEEP,2025-04-11T02:00:00,21010,,Sweep @ 3190.74000 idx=21010,STATE_TRANSITION
RANGE_to_SWEEP,2025-04-11T06:30:00,21028,,Sweep @ 3220.14000 idx=21028,STATE_TRANSITION
SWEEP_to_DISPLACEMENT,2025-04-11T08:30:00,21036,,Displacement | body_ratio=0.919 wick=30.23000,STATE_TRANSITION
RANGE_to_SWEEP,2025-04-11T11:15:00,21047,,Sweep @ 3227.30000 idx=21047,STATE_TRANSITION
SWEEP_to_DISPLACEMENT,2025-04-11T13:30:00,21056,,Displacement | body_ratio=0.909 wick=13.26000,STATE_TRANSITION
RANGE_to_SWEEP,2025-04-11T16:45:00,21069,,Sweep @ 3240.75000 idx=21069,STATE_TRANSITION
RANGE_to_SWEEP,2025-04-11T19:00:00,21078,,Sweep @ 3245.37000 idx=21078,STATE_TRANSITION
RANGE_to_SWEEP,2025-04-14T01:00:00,21098,,Sweep @ 3210.24000 idx=21098,STATE_TRANSITION
RANGE_to_SWEEP,2025-04-14T05:15:00,21115,,Sweep @ 3243.78000 idx=21115,STATE_TRANSITION
RANGE_to_SWEEP,2025-04-14T11:15:00,21139,,Sweep @ 3216.58000 idx=21139,STATE_TRANSITION
RANGE_to_SWEEP,2025-04-14T15:30:00,21156,,Sweep @ 3200.77000 idx=21156,STATE_TRANSITION
RANGE_to_SWEEP,2025-04-14T20:45:00,21177,,Sweep @ 3216.14000 idx=21177,STATE_TRANSITION
RANGE_to_SWEEP,2025-04-15T14:45:00,21245,,Sweep @ 3216.82000 idx=21245,STATE_TRANSITION
RANGE_to_SWEEP,2025-04-15T17:00:00,21254,,Sweep @ 3212.99000 idx=21254,STATE_TRANSITION
RANGE_to_SWEEP,2025-04-15T21:00:00,21270,,Sweep @ 3228.81000 idx=21270,STATE_TRANSITION
SWEEP_to_DISPLACEMENT,2025-04-15T22:15:00,21275,,Displacement | body_ratio=0.950 wick=5.21000,STATE_TRANSITION
RANGE_to_SWEEP,2025-04-15T23:00:00,21278,,Sweep @ 3233.58000 idx=21278,STATE_TRANSITION
RANGE_to_SWEEP,2025-04-16T05:00:00,21298,,Sweep @ 3275.40000 idx=21298,STATE_TRANSITION
SWEEP_to_DISPLACEMENT,2025-04-16T07:15:00,21307,,Displacement | body_ratio=0.932 wick=8.77000,STATE_TRANSITION
RANGE_to_SWEEP,2025-04-16T09:15:00,21315,,Sweep @ 3292.68000 idx=21315,STATE_TRANSITION
RANGE_to_SWEEP,2025-04-16T17:00:00,21346,,Sweep @ 3319.39000 idx=21346,STATE_TRANSITION
RANGE_to_SWEEP,2025-04-17T04:30:00,21388,,Sweep @ 3329.88000 idx=21388,STATE_TRANSITION
SWEEP_to_DISPLACEMENT,2025-04-17T05:00:00,21390,,Displacement | body_ratio=0.785 wick=14.35000,STATE_TRANSITION
RANGE_to_SWEEP,2025-04-17T13:15:00,21423,,Sweep @ 3322.54000 idx=21423,STATE_TRANSITION
RANGE_to_SWEEP,2025-04-17T15:15:00,21431,,Sweep @ 3342.08000 idx=21431,STATE_TRANSITION
SWEEP_to_DISPLACEMENT,2025-04-17T16:45:00,21437,,Displacement | body_ratio=0.807 wick=17.70000,STATE_TRANSITION
DISPLACEMENT_to_EXPANSION,2025-04-17T17:00:00,21438,,Bearish expansion | close=3312.66000 disp_close=3315.32000,STATE_TRANSITION
RANGE_to_SWEEP,2025-04-21T08:00:00,21494,,Sweep @ 3385.82000 idx=21494,STATE_TRANSITION
RANGE_to_SWEEP,2025-04-21T12:00:00,21510,,Sweep @ 3396.54000 idx=21510,STATE_TRANSITION
SWEEP_to_DISPLACEMENT,2025-04-21T14:00:00,21518,,Displacement | body_ratio=0.709 wick=8.58000,STATE_TRANSITION
RANGE_to_SWEEP,2025-04-21T15:00:00,21522,,Sweep @ 3406.73000 idx=21522,STATE_TRANSITION
RANGE_to_SWEEP,2025-04-21T22:00:00,21550,,Sweep @ 3430.57000 idx=21550,STATE_TRANSITION
RANGE_to_SWEEP,2025-04-22T01:30:00,21560,,Sweep @ 3433.74000 idx=21560,STATE_TRANSITION
SWEEP_to_DISPLACEMENT,2025-04-22T03:00:00,21566,,Displacement | body_ratio=0.747 wick=22.95000,STATE_TRANSITION
RANGE_to_SWEEP,2025-04-22T08:45:00,21589,,Sweep @ 3495.52000 idx=21589,STATE_TRANSITION
SWEEP_to_DISPLACEMENT,2025-04-22T10:00:00,21594,,Displacement | body_ratio=0.896 wick=19.68000,STATE_TRANSITION
RANGE_to_SWEEP,2025-04-22T15:30:00,21616,,Sweep @ 3441.66000 idx=21616,STATE_TRANSITION
RANGE_to_SWEEP,2025-04-22T16:00:00,21618,,Sweep @ 3420.55000 idx=21618,STATE_TRANSITION
RANGE_to_SWEEP,2025-04-22T22:30:00,21644,,Sweep @ 3366.88000 idx=21644,STATE_TRANSITION
RANGE_to_SWEEP,2025-04-23T03:45:00,21661,,Sweep @ 3356.33000 idx=21661,STATE_TRANSITION
RANGE_to_SWEEP,2025-04-23T09:00:00,21682,,Sweep @ 3308.07000 idx=21682,STATE_TRANSITION
RANGE_to_SWEEP,2025-04-23T16:30:00,21712,,Sweep @ 3281.50000 idx=21712,STATE_TRANSITION
RANGE_to_SWEEP,2025-04-23T17:15:00,21715,,Sweep @ 3268.90000 idx=21715,STATE_TRANSITION
RANGE_to_SWEEP,2025-04-24T10:15:00,21779,,Sweep @ 3338.38000 idx=21779,STATE_TRANSITION
RANGE_to_SWEEP,2025-04-24T14:30:00,21796,,Sweep @ 3343.94000 idx=21796,STATE_TRANSITION
SWEEP_to_DISPLACEMENT,2025-04-24T16:30:00,21804,,Displacement | body_ratio=0.826 wick=17.12000,STATE_TRANSITION
DISPLACEMENT_to_EXPANSION,2025-04-24T17:00:00,21806,,Bearish expansion | close=3313.71000 disp_close=3316.44000,STATE_TRANSITION
RANGE_to_SWEEP,2025-04-24T23:00:00,21830,,Sweep @ 3342.88000 idx=21830,STATE_TRANSITION
RANGE_to_SWEEP,2025-04-25T07:15:00,21859,,Sweep @ 3321.02000 idx=21859,STATE_TRANSITION
RANGE_to_SWEEP,2025-04-28T01:30:00,21928,,Sweep @ 3317.46000 idx=21928,STATE_TRANSITION
RANGE_to_SWEEP,2025-04-28T08:00:00,21954,,Sweep @ 3299.74000 idx=21954,STATE_TRANSITION
SWEEP_to_DISPLACEMENT,2025-04-28T08:30:00,21956,,Displacement | body_ratio=0.706 wick=12.98000,STATE_TRANSITION
RANGE_to_SWEEP,2025-04-28T12:30:00,21972,,Sweep @ 3276.67000 idx=21972,STATE_TRANSITION
RANGE_to_SWEEP,2025-04-28T20:30:00,22004,,Sweep @ 3340.09000 idx=22004,STATE_TRANSITION
RANGE_to_SWEEP,2025-04-29T01:15:00,22019,,Sweep @ 3332.34000 idx=22019,STATE_TRANSITION
RANGE_to_SWEEP,2025-04-29T13:30:00,22068,,Sweep @ 3307.11000 idx=22068,STATE_TRANSITION
RANGE_to_SWEEP,2025-04-29T17:00:00,22082,,Sweep @ 3299.66000 idx=22082,STATE_TRANSITION
RANGE_to_SWEEP,2025-04-30T02:15:00,22115,,Sweep @ 3311.09000 idx=22115,STATE_TRANSITION
RANGE_to_SWEEP,2025-04-30T06:00:00,22130,,Sweep @ 3305.02000 idx=22130,STATE_TRANSITION
RANGE_to_SWEEP,2025-04-30T14:00:00,22162,,Sweep @ 3268.33000 idx=22162,STATE_TRANSITION
SWEEP_to_DISPLACEMENT,2025-04-30T15:15:00,22167,,Displacement | body_ratio=0.844 wick=17.18000,STATE_TRANSITION
DISPLACEMENT_to_EXPANSION,2025-04-30T15:30:00,22168,,Bullish expansion | close=3295.39000 disp_close=3289.74000,STATE_TRANSITION
RANGE_to_SWEEP,2025-04-30T16:15:00,22171,,Sweep @ 3309.80000 idx=22171,STATE_TRANSITION
RANGE_to_SWEEP,2025-04-30T22:15:00,22195,,Sweep @ 3298.08000 idx=22195,STATE_TRANSITION
RANGE_to_SWEEP,2025-05-01T03:00:00,22210,,Sweep @ 3269.56000 idx=22210,STATE_TRANSITION
RANGE_to_SWEEP,2025-05-01T08:00:00,22230,,Sweep @ 3223.44000 idx=22230,STATE_TRANSITION
RANGE_to_SWEEP,2025-05-01T12:30:00,22248,,Sweep @ 3219.80000 idx=22248,STATE_TRANSITION
RANGE_to_SWEEP,2025-05-01T15:00:00,22258,,Sweep @ 3202.04000 idx=22258,STATE_TRANSITION
SWEEP_to_DISPLACEMENT,2025-05-01T15:15:00,22259,,Displacement | body_ratio=0.763 wick=16.22000,STATE_TRANSITION
DISPLACEMENT_to_EXPANSION,2025-05-01T15:30:00,22260,,Bullish expansion | close=3226.63000 disp_close=3219.24000,STATE_TRANSITION
RANGE_to_SWEEP,2025-05-02T09:15:00,22327,,Sweep @ 3262.38000 idx=22327,STATE_TRANSITION
SWEEP_to_DISPLACEMENT,2025-05-02T09:30:00,22328,,Displacement | body_ratio=0.739 wick=8.81000,STATE_TRANSITION
RANGE_to_SWEEP,2025-05-02T10:30:00,22332,,Sweep @ 3263.37000 idx=22332,STATE_TRANSITION
RANGE_to_SWEEP,2025-05-02T13:00:00,22342,,Sweep @ 3265.75000 idx=22342,STATE_TRANSITION
RANGE_to_SWEEP,2025-05-02T16:15:00,22355,,Sweep @ 3243.14000 idx=22355,STATE_TRANSITION
RANGE_to_SWEEP,2025-05-05T01:00:00,22386,,Sweep @ 3244.54000 idx=22386,STATE_TRANSITION
RANGE_to_SWEEP,2025-05-05T05:45:00,22405,,Sweep @ 3272.33000 idx=22405,STATE_TRANSITION
SWEEP_to_DISPLACEMENT,2025-05-05T06:00:00,22406,,Displacement | body_ratio=0.892 wick=11.17000,STATE_TRANSITION
DISPLACEMENT_to_EXPANSION,2025-05-05T06:30:00,22408,,Bearish expansion | close=3255.39000 disp_close=3260.24000,STATE_TRANSITION
RANGE_to_SWEEP,2025-05-12T02:00:00,22850,,Sweep @ 3265.96000 idx=22850,STATE_TRANSITION
RANGE_to_SWEEP,2025-05-12T17:00:00,22910,,Sweep @ 3241.03000 idx=22910,STATE_TRANSITION
RANGE_to_SWEEP,2025-05-13T03:00:00,22946,,Sweep @ 3243.31000 idx=22946,STATE_TRANSITION
SWEEP_to_DISPLACEMENT,2025-05-13T04:30:00,22952,,Displacement | body_ratio=0.932 wick=14.06000,STATE_TRANSITION
RANGE_to_SWEEP,2025-05-13T18:30:00,23008,,Sweep @ 3245.71000 idx=23008,STATE_TRANSITION
RANGE_to_SWEEP,2025-05-13T19:15:00,23011,,Sweep @ 3257.05000 idx=23011,STATE_TRANSITION
RANGE_to_SWEEP,2025-05-14T02:00:00,23034,,Sweep @ 3257.10000 idx=23034,STATE_TRANSITION
SWEEP_to_DISPLACEMENT,2025-05-14T03:00:00,23038,,Displacement | body_ratio=0.853 wick=10.12000,STATE_TRANSITION
RANGE_to_SWEEP,2025-05-14T04:00:00,23042,,Sweep @ 3238.80000 idx=23042,STATE_TRANSITION
SWEEP_to_DISPLACEMENT,2025-05-14T04:15:00,23043,,Displacement | body_ratio=0.717 wick=10.19000,STATE_TRANSITION
RANGE_to_SWEEP,2025-05-14T04:45:00,23045,,Sweep @ 3237.44000 idx=23045,STATE_TRANSITION
RANGE_to_SWEEP,2025-05-14T08:00:00,23058,,Sweep @ 3221.69000 idx=23058,STATE_TRANSITION
RANGE_to_SWEEP,2025-05-14T16:15:00,23091,,Sweep @ 3175.07000 idx=23091,STATE_TRANSITION
RANGE_to_SWEEP,2025-05-14T22:15:00,23115,,Sweep @ 3169.66000 idx=23115,STATE_TRANSITION
RANGE_to_SWEEP,2025-05-15T02:00:00,23126,,Sweep @ 3185.80000 idx=23126,STATE_TRANSITION
SWEEP_to_DISPLACEMENT,2025-05-15T04:30:00,23136,,Displacement | body_ratio=0.763 wick=11.19000,STATE_TRANSITION
RANGE_to_SWEEP,2025-05-15T05:00:00,23138,,Sweep @ 3169.70000 idx=23138,STATE_TRANSITION
RANGE_to_SWEEP,2025-05-15T09:00:00,23154,,Sweep @ 3120.57000 idx=23154,STATE_TRANSITION
SWEEP_to_DISPLACEMENT,2025-05-15T09:15:00,23155,,Displacement | body_ratio=0.870 wick=15.40000,STATE_TRANSITION
DISPLACEMENT_to_EXPANSION,2025-05-15T09:30:00,23156,,Bullish expansion | close=3147.95000 disp_close=3140.43000,STATE_TRANSITION
RANGE_to_SWEEP,2025-05-16T04:15:00,23227,,Sweep @ 3221.72000 idx=23227,STATE_TRANSITION
RANGE_to_SWEEP,2025-05-16T07:00:00,23238,,Sweep @ 3211.76000 idx=23238,STATE_TRANSITION
SWEEP_to_DISPLACEMENT,2025-05-16T09:00:00,23246,,Displacement | body_ratio=0.742 wick=13.35000,STATE_TRANSITION
RANGE_to_SWEEP,2025-05-16T10:15:00,23251,,Sweep @ 3205.46000 idx=23251,STATE_TRANSITION
RANGE_to_SWEEP,2025-05-16T15:15:00,23271,,Sweep @ 3164.71000 idx=23271,STATE_TRANSITION
RANGE_to_SWEEP,2025-05-16T20:00:00,23290,,Sweep @ 3192.21000 idx=23290,STATE_TRANSITION
RANGE_to_SWEEP,2025-05-16T22:00:00,23298,,Sweep @ 3192.55000 idx=23298,STATE_TRANSITION
RANGE_to_SWEEP,2025-05-19T04:00:00,23318,,Sweep @ 3246.64000 idx=23318,STATE_TRANSITION
RANGE_to_SWEEP,2025-05-19T07:00:00,23330,,Sweep @ 3206.70000 idx=23330,STATE_TRANSITION
RANGE_to_SWEEP,2025-05-19T16:00:00,23366,,Sweep @ 3227.69000 idx=23366,STATE_TRANSITION
RANGE_to_SWEEP,2025-05-20T01:15:00,23399,,Sweep @ 3225.15000 idx=23399,STATE_TRANSITION
RANGE_to_SWEEP,2025-05-20T04:30:00,23412,,Sweep @ 3232.75000 idx=23412,STATE_TRANSITION
SWEEP_to_DISPLACEMENT,2025-05-20T04:45:00,23413,,Displacement | body_ratio=0.890 wick=6.97000,STATE_TRANSITION
DISPLACEMENT_to_EXPANSION,2025-05-20T05:00:00,23414,,Bearish expansion | close=3216.09000 disp_close=3221.20000,STATE_TRANSITION
RANGE_to_SWEEP,2025-05-20T06:00:00,23418,,Sweep @ 3204.84000 idx=23418,STATE_TRANSITION
RANGE_to_SWEEP,2025-05-20T12:00:00,23442,,Sweep @ 3237.74000 idx=23442,STATE_TRANSITION
RANGE_to_SWEEP,2025-05-20T20:30:00,23476,,Sweep @ 3286.68000 idx=23476,STATE_TRANSITION
RANGE_to_SWEEP,2025-05-21T01:30:00,23492,,Sweep @ 3297.70000 idx=23492,STATE_TRANSITION
RANGE_to_SWEEP,2025-05-21T09:30:00,23524,,Sweep @ 3320.28000 idx=23524,STATE_TRANSITION
SWEEP_to_DISPLACEMENT,2025-05-21T10:00:00,23526,,Displacement | body_ratio=0.977 wick=8.77000,STATE_TRANSITION
RANGE_to_SWEEP,2025-05-21T16:00:00,23550,,Sweep @ 3299.97000 idx=23550,STATE_TRANSITION
RANGE_to_SWEEP,2025-05-21T21:00:00,23570,,Sweep @ 3316.43000 idx=23570,STATE_TRANSITION
RANGE_to_SWEEP,2025-05-22T03:00:00,23590,,Sweep @ 3326.17000 idx=23590,STATE_TRANSITION
RANGE_to_SWEEP,2025-05-22T06:15:00,23603,,Sweep @ 3345.43000 idx=23603,STATE_TRANSITION
RANGE_to_SWEEP,2025-05-22T10:00:00,23618,,Sweep @ 3323.97000 idx=23618,STATE_TRANSITION
RANGE_to_SWEEP,2025-05-22T14:00:00,23634,,Sweep @ 3283.03000 idx=23634,STATE_TRANSITION
SWEEP_to_DISPLACEMENT,2025-05-22T14:45:00,23637,,Displacement | body_ratio=0.918 wick=15.88000,STATE_TRANSITION
RANGE_to_SWEEP,2025-05-22T16:15:00,23643,,Sweep @ 3315.80000 idx=23643,STATE_TRANSITION
SWEEP_to_DISPLACEMENT,2025-05-22T16:45:00,23645,,Displacement | body_ratio=0.965 wick=23.07000,STATE_TRANSITION
RANGE_to_SWEEP,2025-05-23T03:45:00,23685,,Sweep @ 3303.94000 idx=23685,STATE_TRANSITION
RANGE_to_SWEEP,2025-05-23T15:00:00,23730,,Sweep @ 3355.44000 idx=23730,STATE_TRANSITION
RANGE_to_SWEEP,2025-05-23T20:30:00,23752,,Sweep @ 3365.81000 idx=23752,STATE_TRANSITION
RANGE_to_SWEEP,2025-05-26T09:15:00,23799,,Sweep @ 3338.81000 idx=23799,STATE_TRANSITION
RANGE_to_SWEEP,2025-05-26T13:00:00,23814,,Sweep @ 3328.77000 idx=23814,STATE_TRANSITION
SWEEP_to_DISPLACEMENT,2025-05-26T15:30:00,23824,,Displacement | body_ratio=0.910 wick=7.80000,STATE_TRANSITION
RANGE_to_SWEEP,2025-05-26T16:00:00,23826,,Sweep @ 3336.88000 idx=23826,STATE_TRANSITION
RANGE_to_SWEEP,2025-05-27T05:15:00,23865,,Sweep @ 3338.88000 idx=23865,STATE_TRANSITION
RANGE_to_SWEEP,2025-05-27T13:15:00,23897,,Sweep @ 3290.75000 idx=23897,STATE_TRANSITION
RANGE_to_SWEEP,2025-05-27T17:00:00,23912,,Sweep @ 3285.38000 idx=23912,STATE_TRANSITION
RANGE_to_SWEEP,2025-05-27T22:00:00,23932,,Sweep @ 3305.21000 idx=23932,STATE_TRANSITION
RANGE_to_SWEEP,2025-05-28T04:00:00,23952,,Sweep @ 3310.79000 idx=23952,STATE_TRANSITION
RANGE_to_SWEEP,2025-05-28T06:30:00,23962,,Sweep @ 3292.50000 idx=23962,STATE_TRANSITION
RANGE_to_SWEEP,2025-05-28T10:00:00,23976,,Sweep @ 3313.45000 idx=23976,STATE_TRANSITION
RANGE_to_SWEEP,2025-05-28T13:00:00,23988,,Sweep @ 3324.67000 idx=23988,STATE_TRANSITION
RANGE_to_SWEEP,2025-05-28T16:45:00,24003,,Sweep @ 3301.10000 idx=24003,STATE_TRANSITION
RANGE_to_SWEEP,2025-05-29T01:00:00,24032,,Sweep @ 3286.31000 idx=24032,STATE_TRANSITION
RANGE_to_SWEEP,2025-05-29T10:30:00,24070,,Sweep @ 3281.76000 idx=24070,STATE_TRANSITION
RANGE_to_SWEEP,2025-05-29T13:45:00,24083,,Sweep @ 3300.79000 idx=24083,STATE_TRANSITION
RANGE_to_SWEEP,2025-05-29T18:45:00,24103,,Sweep @ 3322.01000 idx=24103,STATE_TRANSITION
RANGE_to_SWEEP,2025-05-30T02:30:00,24130,,Sweep @ 3312.95000 idx=24130,STATE_TRANSITION
RANGE_to_SWEEP,2025-05-30T07:45:00,24151,,Sweep @ 3292.30000 idx=24151,STATE_TRANSITION
RANGE_to_SWEEP,2025-05-30T14:45:00,24179,,Sweep @ 3288.69000 idx=24179,STATE_TRANSITION
RANGE_to_SWEEP,2025-05-30T23:00:00,24212,,Sweep @ 3295.79000 idx=24212,STATE_TRANSITION
SWEEP_to_DISPLACEMENT,2025-05-30T23:45:00,24215,,Displacement | body_ratio=0.938 wick=3.56000,STATE_TRANSITION
RANGE_to_SWEEP,2025-06-02T07:45:00,24243,,Sweep @ 3318.18000 idx=24243,STATE_TRANSITION
RANGE_to_SWEEP,2025-06-02T14:30:00,24270,,Sweep @ 3360.10000 idx=24270,STATE_TRANSITION
RANGE_to_SWEEP,2025-06-02T15:30:00,24274,,Sweep @ 3363.65000 idx=24274,STATE_TRANSITION
SWEEP_to_DISPLACEMENT,2025-06-02T15:45:00,24275,,Displacement | body_ratio=0.849 wick=7.40000,STATE_TRANSITION
RANGE_to_SWEEP,2025-06-02T21:45:00,24299,,Sweep @ 3380.05000 idx=24299,STATE_TRANSITION
RANGE_to_SWEEP,2025-06-02T23:45:00,24307,,Sweep @ 3382.78000 idx=24307,STATE_TRANSITION
SWEEP_to_DISPLACEMENT,2025-06-03T03:00:00,24316,,Displacement | body_ratio=0.658 wick=8.06000,STATE_TRANSITION
RANGE_to_SWEEP,2025-06-03T03:30:00,24318,,Sweep @ 3373.86000 idx=24318,STATE_TRANSITION
RANGE_to_SWEEP,2025-06-03T07:00:00,24332,,Sweep @ 3361.16000 idx=24332,STATE_TRANSITION
RANGE_to_SWEEP,2025-06-03T08:30:00,24338,,Sweep @ 3356.40000 idx=24338,STATE_TRANSITION
RANGE_to_SWEEP,2025-06-03T15:00:00,24364,,Sweep @ 3350.33000 idx=24364,STATE_TRANSITION
SWEEP_to_DISPLACEMENT,2025-06-03T15:30:00,24366,,Displacement | body_ratio=0.689 wick=10.06000,STATE_TRANSITION
SWEEP_to_EXPANSION_shadow,2025-06-03T16:45:00,24371,,Shadow resume: displacement carried from prior HTF window — strength check skipped,STATE_TRANSITION
RANGE_to_SWEEP,2025-06-03T20:30:00,24386,,Sweep @ 3354.59000 idx=24386,STATE_TRANSITION
RANGE_to_SWEEP,2025-06-04T01:45:00,24403,,Sweep @ 3358.46000 idx=24403,STATE_TRANSITION
SWEEP_to_DISPLACEMENT,2025-06-04T03:00:00,24408,,Displacement | body_ratio=0.721 wick=8.38000,STATE_TRANSITION
RANGE_to_SWEEP,2025-06-04T03:30:00,24410,,Sweep @ 3351.18000 idx=24410,STATE_TRANSITION
SWEEP_to_DISPLACEMENT,2025-06-04T04:00:00,24412,,Displacement | body_ratio=0.673 wick=11.71000,STATE_TRANSITION
RANGE_to_SWEEP,2025-06-04T15:30:00,24458,,Sweep @ 3349.35000 idx=24458,STATE_TRANSITION
SWEEP_to_DISPLACEMENT,2025-06-04T17:00:00,24464,,Displacement | body_ratio=0.876 wick=16.25000,STATE_TRANSITION
RANGE_to_SWEEP,2025-06-05T03:30:00,24502,,Sweep @ 3381.51000 idx=24502,STATE_TRANSITION
RANGE_to_SWEEP,2025-06-05T07:45:00,24519,,Sweep @ 3366.67000 idx=24519,STATE_TRANSITION
RANGE_to_SWEEP,2025-06-05T17:00:00,24556,,Sweep @ 3367.58000 idx=24556,STATE_TRANSITION
RANGE_to_SWEEP,2025-06-06T01:15:00,24585,,Sweep @ 3363.37000 idx=24585,STATE_TRANSITION
RANGE_to_SWEEP,2025-06-06T04:30:00,24598,,Sweep @ 3368.60000 idx=24598,STATE_TRANSITION
RANGE_to_SWEEP,2025-06-06T08:15:00,24613,,Sweep @ 3373.96000 idx=24613,STATE_TRANSITION
SWEEP_to_DISPLACEMENT,2025-06-06T09:30:00,24618,,Displacement | body_ratio=0.937 wick=6.83000,STATE_TRANSITION
RANGE_to_SWEEP,2025-06-06T15:30:00,24642,,Sweep @ 3343.56000 idx=24642,STATE_TRANSITION
RANGE_to_SWEEP,2025-06-06T21:30:00,24666,,Sweep @ 3314.66000 idx=24666,STATE_TRANSITION
RANGE_to_SWEEP,2025-06-09T03:15:00,24685,,Sweep @ 3304.84000 idx=24685,STATE_TRANSITION
RANGE_to_SWEEP,2025-06-09T05:15:00,24693,,Sweep @ 3296.98000 idx=24693,STATE_TRANSITION
RANGE_to_SWEEP,2025-06-09T13:45:00,24727,,Sweep @ 3312.13000 idx=24727,STATE_TRANSITION
RANGE_to_SWEEP,2025-06-09T17:15:00,24741,,Sweep @ 3326.84000 idx=24741,STATE_TRANSITION
RANGE_to_SWEEP,2025-06-10T01:45:00,24771,,Sweep @ 3321.60000 idx=24771,STATE_TRANSITION
RANGE_to_SWEEP,2025-06-10T05:30:00,24786,,Sweep @ 3301.94000 idx=24786,STATE_TRANSITION
RANGE_to_SWEEP,2025-06-10T09:45:00,24803,,Sweep @ 3331.16000 idx=24803,STATE_TRANSITION
RANGE_to_SWEEP,2025-06-10T14:45:00,24823,,Sweep @ 3338.11000 idx=24823,STATE_TRANSITION
SWEEP_to_DISPLACEMENT,2025-06-10T17:00:00,24832,,Displacement | body_ratio=0.742 wick=10.01000,STATE_TRANSITION
RANGE_to_SWEEP,2025-06-10T17:45:00,24835,,Sweep @ 3325.49000 idx=24835,STATE_TRANSITION
RANGE_to_SWEEP,2025-06-10T21:45:00,24851,,Sweep @ 3319.48000 idx=24851,STATE_TRANSITION
SWEEP_to_DISPLACEMENT,2025-06-10T22:00:00,24852,,Displacement | body_ratio=0.966 wick=4.67000,STATE_TRANSITION
RANGE_to_SWEEP,2025-06-10T22:45:00,24855,,Sweep @ 3334.11000 idx=24855,STATE_TRANSITION
RANGE_to_SWEEP,2025-06-11T03:30:00,24870,,Sweep @ 3335.22000 idx=24870,STATE_TRANSITION
RANGE_to_SWEEP,2025-06-11T06:45:00,24883,,Sweep @ 3341.43000 idx=24883,STATE_TRANSITION
SWEEP_to_DISPLACEMENT,2025-06-11T09:15:00,24893,,Displacement | body_ratio=0.759 wick=6.22000,STATE_TRANSITION
RANGE_to_SWEEP,2025-06-11T12:00:00,24904,,Sweep @ 3344.61000 idx=24904,STATE_TRANSITION
RANGE_to_SWEEP,2025-06-11T15:45:00,24919,,Sweep @ 3355.74000 idx=24919,STATE_TRANSITION
RANGE_to_SWEEP,2025-06-11T21:00:00,24940,,Sweep @ 3323.88000 idx=24940,STATE_TRANSITION
RANGE_to_SWEEP,2025-06-11T22:45:00,24947,,Sweep @ 3348.70000 idx=24947,STATE_TRANSITION
RANGE_to_SWEEP,2025-06-12T04:30:00,24966,,Sweep @ 3375.52000 idx=24966,STATE_TRANSITION
RANGE_to_SWEEP,2025-06-12T15:30:00,25010,,Sweep @ 3390.48000 idx=25010,STATE_TRANSITION
RANGE_to_SWEEP,2025-06-13T04:30:00,25058,,Sweep @ 3430.88000 idx=25058,STATE_TRANSITION
RANGE_to_SWEEP,2025-06-13T08:30:00,25074,,Sweep @ 3418.00000 idx=25074,STATE_TRANSITION
RANGE_to_SWEEP,2025-06-13T16:30:00,25106,,Sweep @ 3446.75000 idx=25106,STATE_TRANSITION
SWEEP_to_DISPLACEMENT,2025-06-13T17:00:00,25108,,Displacement | body_ratio=0.697 wick=11.10000,STATE_TRANSITION
RANGE_to_SWEEP,2025-06-16T10:15:00,25173,,Sweep @ 3410.50000 idx=25173,STATE_TRANSITION
RANGE_to_SWEEP,2025-06-16T14:00:00,25188,,Sweep @ 3422.24000 idx=25188,STATE_TRANSITION
SWEEP_to_DISPLACEMENT,2025-06-16T16:45:00,25199,,Displacement | body_ratio=0.780 wick=27.55000,STATE_TRANSITION
RANGE_to_SWEEP,2025-06-17T01:30:00,25230,,Sweep @ 3386.78000 idx=25230,STATE_TRANSITION
RANGE_to_SWEEP,2025-06-17T02:30:00,25234,,Sweep @ 3400.22000 idx=25234,STATE_TRANSITION
SWEEP_to_DISPLACEMENT,2025-06-17T05:45:00,25247,,Displacement | body_ratio=0.801 wick=11.75000,STATE_TRANSITION
DISPLACEMENT_to_EXPANSION,2025-06-17T06:00:00,25248,,Bearish expansion | close=3384.90000 disp_close=3390.04000,STATE_TRANSITION
RANGE_to_SWEEP,2025-06-20T08:45:00,25525,,Sweep @ 3342.40000 idx=25525,STATE_TRANSITION
SWEEP_to_DISPLACEMENT,2025-06-20T10:00:00,25530,,Displacement | body_ratio=0.714 wick=11.09000,STATE_TRANSITION
RANGE_to_SWEEP,2025-06-20T12:45:00,25541,,Sweep @ 3359.24000 idx=25541,STATE_TRANSITION
RANGE_to_SWEEP,2025-06-23T03:00:00,25594,,Sweep @ 3373.60000 idx=25594,STATE_TRANSITION
SWEEP_to_DISPLACEMENT,2025-06-23T04:15:00,25599,,Displacement | body_ratio=0.871 wick=14.08000,STATE_TRANSITION
RANGE_to_SWEEP,2025-06-23T08:30:00,25616,,Sweep @ 3347.10000 idx=25616,STATE_TRANSITION
RANGE_to_SWEEP,2025-06-23T12:15:00,25631,,Sweep @ 3369.02000 idx=25631,STATE_TRANSITION
RANGE_to_SWEEP,2025-06-23T15:15:00,25643,,Sweep @ 3369.20000 idx=25643,STATE_TRANSITION
RANGE_to_SWEEP,2025-06-23T18:00:00,25654,,Sweep @ 3388.43000 idx=25654,STATE_TRANSITION
SWEEP_to_DISPLACEMENT,2025-06-23T20:15:00,25663,,Displacement | body_ratio=0.661 wick=12.00000,STATE_TRANSITION
RANGE_to_SWEEP,2025-06-23T22:45:00,25673,,Sweep @ 3375.64000 idx=25673,STATE_TRANSITION
RANGE_to_SWEEP,2025-06-24T02:00:00,25682,,Sweep @ 3350.32000 idx=25682,STATE_TRANSITION
RANGE_to_SWEEP,2025-06-24T06:30:00,25700,,Sweep @ 3357.92000 idx=25700,STATE_TRANSITION
SWEEP_to_DISPLACEMENT,2025-06-24T08:00:00,25706,,Displacement | body_ratio=0.912 wick=7.51000,STATE_TRANSITION
DISPLACEMENT_to_EXPANSION,2025-06-24T08:15:00,25707,,Bearish expansion | close=3338.63000 disp_close=3341.78000,STATE_TRANSITION
RANGE_to_SWEEP,2025-06-25T03:30:00,25780,,Sweep @ 3330.06000 idx=25780,STATE_TRANSITION
RANGE_to_SWEEP,2025-06-25T13:00:00,25818,,Sweep @ 3325.04000 idx=25818,STATE_TRANSITION
RANGE_to_SWEEP,2025-06-25T17:15:00,25835,,Sweep @ 3318.81000 idx=25835,STATE_TRANSITION
RANGE_to_SWEEP,2025-06-25T19:00:00,25842,,Sweep @ 3328.37000 idx=25842,STATE_TRANSITION
RANGE_to_SWEEP,2025-06-26T03:00:00,25870,,Sweep @ 3339.32000 idx=25870,STATE_TRANSITION
RANGE_to_SWEEP,2025-06-26T04:15:00,25875,,Sweep @ 3330.07000 idx=25875,STATE_TRANSITION
RANGE_to_SWEEP,2025-06-26T10:00:00,25898,,Sweep @ 3343.93000 idx=25898,STATE_TRANSITION
RANGE_to_SWEEP,2025-06-26T15:30:00,25920,,Sweep @ 3330.45000 idx=25920,STATE_TRANSITION
RANGE_to_SWEEP,2025-06-26T17:00:00,25926,,Sweep @ 3316.73000 idx=25926,STATE_TRANSITION
RANGE_to_SWEEP,2025-06-26T20:00:00,25938,,Sweep @ 3333.59000 idx=25938,STATE_TRANSITION
SWEEP_to_DISPLACEMENT,2025-06-26T22:00:00,25946,,Displacement | body_ratio=0.948 wick=4.42000,STATE_TRANSITION
RANGE_to_SWEEP,2025-06-27T09:45:00,25989,,Sweep @ 3287.67000 idx=25989,STATE_TRANSITION
RANGE_to_SWEEP,2025-06-27T13:45:00,26005,,Sweep @ 3279.74000 idx=26005,STATE_TRANSITION
RANGE_to_SWEEP,2025-06-30T01:30:00,26048,,Sweep @ 3249.38000 idx=26048,STATE_TRANSITION
RANGE_to_SWEEP,2025-06-30T05:00:00,26062,,Sweep @ 3282.46000 idx=26062,STATE_TRANSITION
RANGE_to_SWEEP,2025-06-30T10:00:00,26082,,Sweep @ 3295.65000 idx=26082,STATE_TRANSITION
SWEEP_to_DISPLACEMENT,2025-06-30T12:00:00,26090,,Displacement | body_ratio=0.803 wick=7.83000,STATE_TRANSITION
RANGE_to_SWEEP,2025-06-30T14:30:00,26100,,Sweep @ 3274.59000 idx=26100,STATE_TRANSITION
RANGE_to_SWEEP,2025-06-30T18:00:00,26114,,Sweep @ 3290.10000 idx=26114,STATE_TRANSITION
RANGE_to_SWEEP,2025-07-01T11:00:00,26178,,Sweep @ 3342.17000 idx=26178,STATE_TRANSITION
RANGE_to_SWEEP,2025-07-01T15:15:00,26195,,Sweep @ 3357.12000 idx=26195,STATE_TRANSITION
SWEEP_to_DISPLACEMENT,2025-07-01T16:00:00,26198,,Displacement | body_ratio=0.862 wick=7.89000,STATE_TRANSITION
RANGE_to_SWEEP,2025-07-01T17:45:00,26205,,Sweep @ 3343.65000 idx=26205,STATE_TRANSITION
RANGE_to_SWEEP,2025-07-01T20:15:00,26215,,Sweep @ 3337.00000 idx=26215,STATE_TRANSITION
RANGE_to_SWEEP,2025-07-02T01:00:00,26230,,Sweep @ 3336.70000 idx=26230,STATE_TRANSITION
RANGE_to_SWEEP,2025-07-02T04:15:00,26243,,Sweep @ 3332.27000 idx=26243,STATE_TRANSITION
RANGE_to_SWEEP,2025-07-02T08:30:00,26260,,Sweep @ 3343.76000 idx=26260,STATE_TRANSITION
RANGE_to_SWEEP,2025-07-02T13:00:00,26278,,Sweep @ 3344.59000 idx=26278,STATE_TRANSITION
RANGE_to_SWEEP,2025-07-02T17:15:00,26295,,Sweep @ 3334.01000 idx=26295,STATE_TRANSITION
RANGE_to_SWEEP,2025-07-02T20:00:00,26306,,Sweep @ 3350.44000 idx=26306,STATE_TRANSITION
RANGE_to_SWEEP,2025-07-03T02:00:00,26326,,Sweep @ 3362.26000 idx=26326,STATE_TRANSITION
SWEEP_to_DISPLACEMENT,2025-07-03T02:15:00,26327,,Displacement | body_ratio=0.725 wick=6.80000,STATE_TRANSITION
DISPLACEMENT_to_EXPANSION,2025-07-03T02:45:00,26329,,Bearish expansion | close=3349.38000 disp_close=3350.53000,STATE_TRANSITION
RANGE_to_SWEEP,2025-07-07T02:00:00,26494,,Sweep @ 3330.81000 idx=26494,STATE_TRANSITION
RANGE_to_SWEEP,2025-07-07T03:45:00,26501,,Sweep @ 3323.94000 idx=26501,STATE_TRANSITION
RANGE_to_SWEEP,2025-07-07T07:15:00,26515,,Sweep @ 3305.34000 idx=26515,STATE_TRANSITION
RANGE_to_SWEEP,2025-07-07T13:45:00,26541,,Sweep @ 3296.50000 idx=26541,STATE_TRANSITION
RANGE_to_SWEEP,2025-07-08T01:30:00,26584,,Sweep @ 3342.90000 idx=26584,STATE_TRANSITION
RANGE_to_SWEEP,2025-07-08T04:00:00,26594,,Sweep @ 3329.70000 idx=26594,STATE_TRANSITION
RANGE_to_SWEEP,2025-07-08T10:00:00,26618,,Sweep @ 3339.54000 idx=26618,STATE_TRANSITION
SWEEP_to_DISPLACEMENT,2025-07-08T10:15:00,26619,,Displacement | body_ratio=0.866 wick=5.67000,STATE_TRANSITION
RANGE_to_SWEEP,2025-07-08T11:15:00,26623,,Sweep @ 3324.52000 idx=26623,STATE_TRANSITION
RANGE_to_SWEEP,2025-07-08T12:00:00,26626,,Sweep @ 3322.94000 idx=26626,STATE_TRANSITION
RANGE_to_SWEEP,2025-07-08T16:15:00,26643,,Sweep @ 3319.06000 idx=26643,STATE_TRANSITION
RANGE_to_SWEEP,2025-07-09T02:45:00,26681,,Sweep @ 3297.37000 idx=26681,STATE_TRANSITION
RANGE_to_SWEEP,2025-07-09T11:15:00,26715,,Sweep @ 3284.50000 idx=26715,STATE_TRANSITION
RANGE_to_SWEEP,2025-07-09T14:00:00,26726,,Sweep @ 3296.02000 idx=26726,STATE_TRANSITION
SWEEP_to_DISPLACEMENT,2025-07-09T14:15:00,26727,,Displacement | body_ratio=0.954 wick=5.65000,STATE_TRANSITION
DISPLACEMENT_to_EXPANSION,2025-07-09T14:30:00,26728,,Bearish expansion | close=3286.48000 disp_close=3287.82000,STATE_TRANSITION
RANGE_to_SWEEP,2025-07-09T16:15:00,26735,,Sweep @ 3299.50000 idx=26735,STATE_TRANSITION
RANGE_to_SWEEP,2025-07-09T22:15:00,26759,,Sweep @ 3316.89000 idx=26759,STATE_TRANSITION
RANGE_to_SWEEP,2025-07-10T03:45:00,26777,,Sweep @ 3321.80000 idx=26777,STATE_TRANSITION
RANGE_to_SWEEP,2025-07-10T07:00:00,26790,,Sweep @ 3314.85000 idx=26790,STATE_TRANSITION
SWEEP_to_DISPLACEMENT,2025-07-10T07:45:00,26793,,Displacement | body_ratio=0.905 wick=4.02000,STATE_TRANSITION
DISPLACEMENT_to_EXPANSION,2025-07-10T08:00:00,26794,,Bullish expansion | close=3324.07000 disp_close=3322.20000,STATE_TRANSITION
EXPANSION_to_RETEST,2025-07-10T20:00:00,26842,,Retest | depth_abs=0.51000 ceiling=1.52850,STATE_TRANSITION
RETEST_to_EXECUTION,2025-07-10T20:15:00,26843,,Risk approved → entering execution,STATE_TRANSITION
RANGE_to_SWEEP,2025-07-11T04:00:00,26870,,Sweep @ 3331.57000 idx=26870,STATE_TRANSITION
RANGE_to_SWEEP,2025-07-11T08:30:00,26888,,Sweep @ 3340.31000 idx=26888,STATE_TRANSITION
SWEEP_to_DISPLACEMENT,2025-07-11T09:45:00,26893,,Displacement | body_ratio=0.942 wick=7.06000,STATE_TRANSITION
RANGE_to_SWEEP,2025-07-14T16:00:00,27010,,Sweep @ 3347.23000 idx=27010,STATE_TRANSITION
RANGE_to_SWEEP,2025-07-15T05:15:00,27059,,Sweep @ 3352.09000 idx=27059,STATE_TRANSITION
RANGE_to_SWEEP,2025-07-15T11:00:00,27082,,Sweep @ 3365.62000 idx=27082,STATE_TRANSITION
SWEEP_to_DISPLACEMENT,2025-07-15T11:15:00,27083,,Displacement | body_ratio=0.823 wick=6.56000,STATE_TRANSITION
RANGE_to_SWEEP,2025-07-15T13:00:00,27090,,Sweep @ 3366.00000 idx=27090,STATE_TRANSITION
RANGE_to_SWEEP,2025-07-16T03:30:00,27144,,Sweep @ 3332.62000 idx=27144,STATE_TRANSITION
RANGE_to_SWEEP,2025-07-16T11:00:00,27174,,Sweep @ 3342.39000 idx=27174,STATE_TRANSITION
RANGE_to_SWEEP,2025-07-16T14:15:00,27187,,Sweep @ 3333.85000 idx=27187,STATE_TRANSITION
RANGE_to_SWEEP,2025-07-17T08:45:00,27257,,Sweep @ 3335.84000 idx=27257,STATE_TRANSITION
RANGE_to_SWEEP,2025-07-17T12:45:00,27273,,Sweep @ 3324.76000 idx=27273,STATE_TRANSITION
RANGE_to_SWEEP,2025-07-17T15:00:00,27282,,Sweep @ 3322.28000 idx=27282,STATE_TRANSITION
RANGE_to_SWEEP,2025-07-17T20:30:00,27304,,Sweep @ 3340.85000 idx=27304,STATE_TRANSITION
RANGE_to_SWEEP,2025-07-18T01:00:00,27318,,Sweep @ 3341.87000 idx=27318,STATE_TRANSITION
RANGE_to_SWEEP,2025-07-18T04:00:00,27330,,Sweep @ 3337.16000 idx=27330,STATE_TRANSITION
SWEEP_to_DISPLACEMENT,2025-07-18T05:00:00,27334,,Displacement | body_ratio=0.809 wick=6.98000,STATE_TRANSITION
RANGE_to_SWEEP,2025-07-18T06:30:00,27340,,Sweep @ 3334.13000 idx=27340,STATE_TRANSITION
RANGE_to_SWEEP,2025-07-18T09:00:00,27350,,Sweep @ 3331.80000 idx=27350,STATE_TRANSITION
RANGE_to_SWEEP,2025-07-18T20:15:00,27395,,Sweep @ 3350.59000 idx=27395,STATE_TRANSITION
RANGE_to_SWEEP,2025-07-21T01:15:00,27411,,Sweep @ 3345.02000 idx=27411,STATE_TRANSITION
SWEEP_to_DISPLACEMENT,2025-07-21T04:00:00,27422,,Displacement | body_ratio=0.844 wick=5.63000,STATE_TRANSITION
DISPLACEMENT_to_EXPANSION,2025-07-21T04:15:00,27423,,Bullish expansion | close=3358.14000 disp_close=3357.05000,STATE_TRANSITION
RANGE_to_SWEEP,2025-07-28T06:15:00,27891,,Sweep @ 3339.00000 idx=27891,STATE_TRANSITION
RANGE_to_SWEEP,2025-07-28T10:30:00,27908,,Sweep @ 3335.04000 idx=27908,STATE_TRANSITION
RANGE_to_SWEEP,2025-07-28T22:45:00,27957,,Sweep @ 3318.88000 idx=27957,STATE_TRANSITION
RANGE_to_SWEEP,2025-07-29T03:00:00,27970,,Sweep @ 3309.13000 idx=27970,STATE_TRANSITION
SWEEP_to_DISPLACEMENT,2025-07-29T04:30:00,27976,,Displacement | body_ratio=0.845 wick=6.92000,STATE_TRANSITION
RANGE_to_SWEEP,2025-07-29T09:30:00,27996,,Sweep @ 3321.45000 idx=27996,STATE_TRANSITION
RANGE_to_SWEEP,2025-07-29T13:45:00,28013,,Sweep @ 3325.82000 idx=28013,STATE_TRANSITION
RANGE_to_SWEEP,2025-07-29T16:30:00,28024,,Sweep @ 3312.84000 idx=28024,STATE_TRANSITION
SWEEP_to_DISPLACEMENT,2025-07-29T17:15:00,28027,,Displacement | body_ratio=0.856 wick=7.85000,STATE_TRANSITION
DISPLACEMENT_to_EXPANSION,2025-07-29T17:30:00,28028,,Bullish expansion | close=3327.42000 disp_close=3324.41000,STATE_TRANSITION
RANGE_to_SWEEP,2025-08-04T03:45:00,28341,,Sweep @ 3350.29000 idx=28341,STATE_TRANSITION
RANGE_to_SWEEP,2025-08-04T07:30:00,28356,,Sweep @ 3362.14000 idx=28356,STATE_TRANSITION
SWEEP_to_DISPLACEMENT,2025-08-04T09:15:00,28363,,Displacement | body_ratio=0.958 wick=5.71000,STATE_TRANSITION
RANGE_to_SWEEP,2025-08-04T10:00:00,28366,,Sweep @ 3362.60000 idx=28366,STATE_TRANSITION
SWEEP_to_DISPLACEMENT,2025-08-04T10:15:00,28367,,Displacement | body_ratio=0.895 wick=8.31000,STATE_TRANSITION
RANGE_to_SWEEP,2025-08-04T15:00:00,28386,,Sweep @ 3371.54000 idx=28386,STATE_TRANSITION
RANGE_to_SWEEP,2025-08-05T03:00:00,28430,,Sweep @ 3378.98000 idx=28430,STATE_TRANSITION
RANGE_to_SWEEP,2025-08-05T04:00:00,28434,,Sweep @ 3382.48000 idx=28434,STATE_TRANSITION
SWEEP_to_DISPLACEMENT,2025-08-05T05:15:00,28439,,Displacement | body_ratio=0.803 wick=5.75000,STATE_TRANSITION
DISPLACEMENT_to_EXPANSION,2025-08-05T05:45:00,28441,,Bearish expansion | close=3373.72000 disp_close=3375.97000,STATE_TRANSITION
RANGE_to_SWEEP,2025-08-05T08:45:00,28453,,Sweep @ 3370.21000 idx=28453,STATE_TRANSITION
SWEEP_to_DISPLACEMENT,2025-08-05T10:15:00,28459,,Displacement | body_ratio=0.863 wick=5.54000,STATE_TRANSITION
RANGE_to_SWEEP,2025-08-06T01:30:00,28516,,Sweep @ 3378.11000 idx=28516,STATE_TRANSITION
RANGE_to_SWEEP,2025-08-06T09:30:00,28548,,Sweep @ 3378.64000 idx=28548,STATE_TRANSITION
SWEEP_to_DISPLACEMENT,2025-08-06T10:00:00,28550,,Displacement | body_ratio=0.768 wick=4.06000,STATE_TRANSITION
DISPLACEMENT_to_EXPANSION,2025-08-06T10:15:00,28551,,Bearish expansion | close=3370.26000 disp_close=3372.09000,STATE_TRANSITION
RANGE_to_SWEEP,2025-08-06T11:00:00,28554,,Sweep @ 3368.55000 idx=28554,STATE_TRANSITION
RANGE_to_SWEEP,2025-08-06T17:00:00,28578,,Sweep @ 3373.92000 idx=28578,STATE_TRANSITION
RANGE_to_SWEEP,2025-08-06T21:30:00,28596,,Sweep @ 3369.64000 idx=28596,STATE_TRANSITION
RANGE_to_SWEEP,2025-08-07T03:00:00,28614,,Sweep @ 3365.39000 idx=28614,STATE_TRANSITION
RANGE_to_SWEEP,2025-08-07T11:00:00,28646,,Sweep @ 3396.52000 idx=28646,STATE_TRANSITION
SWEEP_to_DISPLACEMENT,2025-08-07T11:15:00,28647,,Displacement | body_ratio=0.843 wick=8.61000,STATE_TRANSITION
RANGE_to_SWEEP,2025-08-07T21:00:00,28686,,Sweep @ 3394.00000 idx=28686,STATE_TRANSITION
RANGE_to_SWEEP,2025-08-08T01:15:00,28699,,Sweep @ 3394.89000 idx=28699,STATE_TRANSITION
RANGE_to_SWEEP,2025-08-08T03:45:00,28709,,Sweep @ 3387.40000 idx=28709,STATE_TRANSITION
SWEEP_to_DISPLACEMENT,2025-08-08T06:30:00,28720,,Displacement | body_ratio=0.765 wick=9.36000,STATE_TRANSITION
RANGE_to_SWEEP,2025-08-08T07:30:00,28724,,Sweep @ 3398.85000 idx=28724,STATE_TRANSITION
RANGE_to_SWEEP,2025-08-08T15:30:00,28756,,Sweep @ 3401.80000 idx=28756,STATE_TRANSITION
SWEEP_to_DISPLACEMENT,2025-08-08T17:00:00,28762,,Displacement | body_ratio=0.720 wick=16.95000,STATE_TRANSITION
DISPLACEMENT_to_EXPANSION,2025-08-08T17:15:00,28763,,Bearish expansion | close=3383.19000 disp_close=3388.03000,STATE_TRANSITION
RANGE_to_SWEEP,2025-08-11T12:15:00,28835,,Sweep @ 3354.40000 idx=28835,STATE_TRANSITION
RANGE_to_SWEEP,2025-08-11T17:30:00,28856,,Sweep @ 3341.53000 idx=28856,STATE_TRANSITION
RANGE_to_SWEEP,2025-08-11T20:30:00,28868,,Sweep @ 3341.19000 idx=28868,STATE_TRANSITION
RANGE_to_SWEEP,2025-08-12T09:00:00,28914,,Sweep @ 3347.15000 idx=28914,STATE_TRANSITION
RANGE_to_SWEEP,2025-08-12T14:00:00,28934,,Sweep @ 3341.87000 idx=28934,STATE_TRANSITION
SWEEP_to_DISPLACEMENT,2025-08-12T15:30:00,28940,,Displacement | body_ratio=0.668 wick=14.99000,STATE_TRANSITION
RANGE_to_SWEEP,2025-08-12T17:30:00,28948,,Sweep @ 3333.54000 idx=28948,STATE_TRANSITION
RANGE_to_SWEEP,2025-08-13T03:15:00,28983,,Sweep @ 3343.82000 idx=28983,STATE_TRANSITION
SWEEP_to_DISPLACEMENT,2025-08-13T04:00:00,28986,,Displacement | body_ratio=0.920 wick=5.28000,STATE_TRANSITION
RANGE_to_SWEEP,2025-08-13T10:30:00,29012,,Sweep @ 3360.95000 idx=29012,STATE_TRANSITION
RANGE_to_SWEEP,2025-08-13T14:00:00,29026,,Sweep @ 3367.16000 idx=29026,STATE_TRANSITION
SWEEP_to_DISPLACEMENT,2025-08-13T15:00:00,29030,,Displacement | body_ratio=0.677 wick=7.31000,STATE_TRANSITION
RANGE_to_SWEEP,2025-08-13T17:00:00,29038,,Sweep @ 3370.80000 idx=29038,STATE_TRANSITION
RANGE_to_SWEEP,2025-08-13T20:30:00,29052,,Sweep @ 3353.36000 idx=29052,STATE_TRANSITION
RANGE_to_SWEEP,2025-08-14T02:00:00,29070,,Sweep @ 3361.32000 idx=29070,STATE_TRANSITION
RANGE_to_SWEEP,2025-08-14T05:45:00,29085,,Sweep @ 3367.89000 idx=29085,STATE_TRANSITION
RANGE_to_SWEEP,2025-08-14T11:00:00,29106,,Sweep @ 3341.50000 idx=29106,STATE_TRANSITION
SWEEP_to_DISPLACEMENT,2025-08-14T12:00:00,29110,,Displacement | body_ratio=0.849 wick=10.21000,STATE_TRANSITION
DISPLACEMENT_to_EXPANSION,2025-08-14T13:00:00,29114,,Bullish expansion | close=3358.21000 disp_close=3354.91000,STATE_TRANSITION
EXPANSION_to_RETEST,2025-08-14T17:15:00,29131,,Retest | depth_abs=1.11000 ceiling=3.40950,STATE_TRANSITION
RETEST_to_EXECUTION,2025-08-14T17:30:00,29132,,Risk approved → entering execution,STATE_TRANSITION
TRADE_OPENED,2025-08-14T17:30:00,29132,LONG,,TRADE_OPENED
EXECUTION_to_RESOLUTION,2025-08-14T17:45:00,29133,,Trade closed: STOPPED,STATE_TRANSITION
RANGE_to_SWEEP,2025-08-14T19:45:00,29141,,Sweep @ 3332.90000 idx=29141,STATE_TRANSITION
RANGE_to_SWEEP,2025-08-15T04:30:00,29172,,Sweep @ 3338.99000 idx=29172,STATE_TRANSITION
RANGE_to_SWEEP,2025-08-15T08:00:00,29186,,Sweep @ 3348.79000 idx=29186,STATE_TRANSITION
SWEEP_to_DISPLACEMENT,2025-08-15T11:00:00,29198,,Displacement | body_ratio=0.699 wick=6.55000,STATE_TRANSITION
DISPLACEMENT_to_EXPANSION,2025-08-15T11:15:00,29199,,Bearish expansion | close=3339.44000 disp_close=3341.69000,STATE_TRANSITION
RANGE_to_SWEEP,2025-08-18T03:00:00,29258,,Sweep @ 3326.74000 idx=29258,STATE_TRANSITION
SWEEP_to_DISPLACEMENT,2025-08-18T03:15:00,29259,,Displacement | body_ratio=0.676 wick=7.99000,STATE_TRANSITION
DISPLACEMENT_to_EXPANSION,2025-08-18T04:00:00,29262,,Bullish expansion | close=3342.80000 disp_close=3340.28000,STATE_TRANSITION
RANGE_to_SWEEP,2025-08-25T10:00:00,29746,,Sweep @ 3369.90000 idx=29746,STATE_TRANSITION
RANGE_to_SWEEP,2025-08-25T15:00:00,29766,,Sweep @ 3371.24000 idx=29766,STATE_TRANSITION
SWEEP_to_DISPLACEMENT,2025-08-25T15:30:00,29768,,Displacement | body_ratio=0.864 wick=3.67000,STATE_TRANSITION
DISPLACEMENT_to_EXPANSION,2025-08-25T15:45:00,29769,,Bearish expansion | close=3364.53000 disp_close=3365.74000,STATE_TRANSITION
RANGE_to_SWEEP,2025-08-25T17:15:00,29775,,Sweep @ 3374.19000 idx=29775,STATE_TRANSITION
RANGE_to_SWEEP,2025-08-25T18:00:00,29778,,Sweep @ 3376.08000 idx=29778,STATE_TRANSITION
RANGE_to_SWEEP,2025-08-26T03:00:00,29810,,Sweep @ 3370.88000 idx=29810,STATE_TRANSITION
RANGE_to_SWEEP,2025-08-26T10:15:00,29839,,Sweep @ 3367.30000 idx=29839,STATE_TRANSITION
SWEEP_to_DISPLACEMENT,2025-08-26T10:30:00,29840,,Displacement | body_ratio=0.930 wick=7.29000,STATE_TRANSITION
RANGE_to_SWEEP,2025-08-26T11:00:00,29842,,Sweep @ 3379.54000 idx=29842,STATE_TRANSITION
RANGE_to_SWEEP,2025-08-26T22:15:00,29887,,Sweep @ 3389.42000 idx=29887,STATE_TRANSITION
RANGE_to_SWEEP,2025-08-26T23:00:00,29890,,Sweep @ 3391.06000 idx=29890,STATE_TRANSITION
SWEEP_to_DISPLACEMENT,2025-08-27T01:00:00,29894,,Displacement | body_ratio=0.858 wick=4.73000,STATE_TRANSITION
RANGE_to_SWEEP,2025-08-27T10:15:00,29931,,Sweep @ 3373.81000 idx=29931,STATE_TRANSITION
RANGE_to_SWEEP,2025-08-27T12:00:00,29938,,Sweep @ 3385.47000 idx=29938,STATE_TRANSITION
RANGE_to_SWEEP,2025-08-27T16:00:00,29954,,Sweep @ 3384.14000 idx=29954,STATE_TRANSITION
SWEEP_to_DISPLACEMENT,2025-08-27T16:30:00,29956,,Displacement | body_ratio=0.854 wick=4.59000,STATE_TRANSITION
RANGE_to_SWEEP,2025-08-28T01:00:00,29986,,Sweep @ 3399.00000 idx=29986,STATE_TRANSITION
SWEEP_to_DISPLACEMENT,2025-08-28T02:45:00,29993,,Displacement | body_ratio=0.720 wick=4.18000,STATE_TRANSITION
DISPLACEMENT_to_EXPANSION,2025-08-28T03:00:00,29994,,Bearish expansion | close=3394.75000 disp_close=3395.77000,STATE_TRANSITION
RANGE_to_SWEEP,2025-08-28T05:00:00,30002,,Sweep @ 3384.70000 idx=30002,STATE_TRANSITION
RANGE_to_SWEEP,2025-08-28T09:00:00,30018,,Sweep @ 3392.67000 idx=30018,STATE_TRANSITION
RANGE_to_SWEEP,2025-08-28T15:45:00,30045,,Sweep @ 3403.07000 idx=30045,STATE_TRANSITION
RANGE_to_SWEEP,2025-08-28T18:15:00,30055,,Sweep @ 3411.76000 idx=30055,STATE_TRANSITION
RANGE_to_SWEEP,2025-08-28T21:15:00,30067,,Sweep @ 3418.88000 idx=30067,STATE_TRANSITION
RANGE_to_SWEEP,2025-08-29T02:15:00,30083,,Sweep @ 3415.71000 idx=30083,STATE_TRANSITION
SWEEP_to_DISPLACEMENT,2025-08-29T03:00:00,30086,,Displacement | body_ratio=0.875 wick=2.81000,STATE_TRANSITION
RANGE_to_SWEEP,2025-08-29T03:45:00,30089,,Sweep @ 3413.06000 idx=30089,STATE_TRANSITION
RANGE_to_SWEEP,2025-08-29T07:15:00,30103,,Sweep @ 3407.54000 idx=30103,STATE_TRANSITION
RANGE_to_SWEEP,2025-08-29T10:15:00,30115,,Sweep @ 3406.76000 idx=30115,STATE_TRANSITION
RANGE_to_SWEEP,2025-08-29T14:00:00,30130,,Sweep @ 3404.29000 idx=30130,STATE_TRANSITION
SWEEP_to_DISPLACEMENT,2025-08-29T15:30:00,30136,,Displacement | body_ratio=0.734 wick=6.12000,STATE_TRANSITION
DISPLACEMENT_to_EXPANSION,2025-08-29T15:45:00,30137,,Bullish expansion | close=3416.50000 disp_close=3412.75000,STATE_TRANSITION
RANGE_to_SWEEP,2025-08-29T16:15:00,30139,,Sweep @ 3420.28000 idx=30139,STATE_TRANSITION
RANGE_to_SWEEP,2025-08-29T23:00:00,30166,,Sweep @ 3452.67000 idx=30166,STATE_TRANSITION
RANGE_to_SWEEP,2025-09-01T01:30:00,30172,,Sweep @ 3452.58000 idx=30172,STATE_TRANSITION
RANGE_to_SWEEP,2025-09-01T04:30:00,30184,,Sweep @ 3438.40000 idx=30184,STATE_TRANSITION
SWEEP_to_DISPLACEMENT,2025-09-01T04:45:00,30185,,Displacement | body_ratio=0.780 wick=13.04000,STATE_TRANSITION
DISPLACEMENT_to_EXPANSION,2025-09-01T05:15:00,30187,,Bullish expansion | close=3466.38000 disp_close=3457.27000,STATE_TRANSITION
RANGE_to_SWEEP,2025-09-01T06:00:00,30190,,Sweep @ 3486.18000 idx=30190,STATE_TRANSITION
RANGE_to_SWEEP,2025-09-01T09:15:00,30203,,Sweep @ 3486.24000 idx=30203,STATE_TRANSITION
SWEEP_to_DISPLACEMENT,2025-09-01T09:45:00,30205,,Displacement | body_ratio=0.891 wick=9.84000,STATE_TRANSITION
DISPLACEMENT_to_EXPANSION,2025-09-01T10:00:00,30206,,Bearish expansion | close=3475.80000 disp_close=3479.24000,STATE_TRANSITION
RANGE_to_SWEEP,2025-09-01T10:30:00,30208,,Sweep @ 3467.82000 idx=30208,STATE_TRANSITION
RANGE_to_SWEEP,2025-09-01T12:45:00,30217,,Sweep @ 3467.32000 idx=30217,STATE_TRANSITION
RANGE_to_SWEEP,2025-09-01T17:15:00,30235,,Sweep @ 3481.43000 idx=30235,STATE_TRANSITION
RANGE_to_SWEEP,2025-09-02T03:00:00,30260,,Sweep @ 3483.01000 idx=30260,STATE_TRANSITION
RANGE_to_SWEEP,2025-09-02T13:00:00,30300,,Sweep @ 3475.77000 idx=30300,STATE_TRANSITION
RANGE_to_SWEEP,2025-09-02T15:15:00,30309,,Sweep @ 3490.62000 idx=30309,STATE_TRANSITION
RANGE_to_SWEEP,2025-09-02T22:45:00,30339,,Sweep @ 3540.08000 idx=30339,STATE_TRANSITION
RANGE_to_SWEEP,2025-09-03T08:45:00,30375,,Sweep @ 3526.99000 idx=30375,STATE_TRANSITION
RANGE_to_SWEEP,2025-09-03T12:00:00,30388,,Sweep @ 3541.89000 idx=30388,STATE_TRANSITION
RANGE_to_SWEEP,2025-09-03T22:15:00,30429,,Sweep @ 3570.03000 idx=30429,STATE_TRANSITION
RANGE_to_SWEEP,2025-09-03T23:30:00,30434,,Sweep @ 3560.98000 idx=30434,STATE_TRANSITION
RANGE_to_SWEEP,2025-09-04T13:00:00,30484,,Sweep @ 3547.01000 idx=30484,STATE_TRANSITION
RANGE_to_SWEEP,2025-09-04T16:30:00,30498,,Sweep @ 3558.83000 idx=30498,STATE_TRANSITION
RANGE_to_SWEEP,2025-09-05T01:45:00,30531,,Sweep @ 3540.10000 idx=30531,STATE_TRANSITION
SWEEP_to_DISPLACEMENT,2025-09-05T02:30:00,30534,,Displacement | body_ratio=0.868 wick=9.42000,STATE_TRANSITION
DISPLACEMENT_to_EXPANSION,2025-09-05T02:45:00,30535,,Bullish expansion | close=3552.66000 disp_close=3551.02000,STATE_TRANSITION
RANGE_to_SWEEP,2025-09-08T04:00:00,30632,,Sweep @ 3597.12000 idx=30632,STATE_TRANSITION
RANGE_to_SWEEP,2025-09-08T08:30:00,30650,,Sweep @ 3581.56000 idx=30650,STATE_TRANSITION
SWEEP_to_DISPLACEMENT,2025-09-08T10:00:00,30656,,Displacement | body_ratio=0.772 wick=8.52000,STATE_TRANSITION
RANGE_to_SWEEP,2025-09-08T10:45:00,30659,,Sweep @ 3613.22000 idx=30659,STATE_TRANSITION
RANGE_to_SWEEP,2025-09-09T01:15:00,30713,,Sweep @ 3630.55000 idx=30713,STATE_TRANSITION
SWEEP_to_DISPLACEMENT,2025-09-09T02:45:00,30719,,Displacement | body_ratio=0.756 wick=5.37000,STATE_TRANSITION
DISPLACEMENT_to_EXPANSION,2025-09-09T03:00:00,30720,,Bullish expansion | close=3637.05000 disp_close=3634.87000,STATE_TRANSITION
EXPANSION_to_RETEST,2025-09-09T22:30:00,30798,,Retest | depth_abs=1.04000 ceiling=1.48650,STATE_TRANSITION
RETEST_to_EXECUTION,2025-09-09T22:45:00,30799,,Risk approved → entering execution,STATE_TRANSITION
TRADE_OPENED,2025-09-09T22:45:00,30799,LONG,,TRADE_OPENED
EXECUTION_to_RESOLUTION,2025-09-09T23:00:00,30800,,Trade closed: STOPPED,STATE_TRANSITION
RANGE_to_SWEEP,2025-09-09T23:30:00,30802,,Sweep @ 3628.24000 idx=30802,STATE_TRANSITION
SWEEP_to_DISPLACEMENT,2025-09-10T01:00:00,30804,,Displacement | body_ratio=0.908 wick=11.62000,STATE_TRANSITION
RANGE_to_SWEEP,2025-09-10T08:30:00,30834,,Sweep @ 3645.34000 idx=30834,STATE_TRANSITION
RANGE_to_SWEEP,2025-09-10T15:00:00,30860,,Sweep @ 3650.13000 idx=30860,STATE_TRANSITION
RANGE_to_SWEEP,2025-09-10T18:15:00,30873,,Sweep @ 3638.68000 idx=30873,STATE_TRANSITION
RANGE_to_SWEEP,2025-09-10T22:45:00,30891,,Sweep @ 3636.37000 idx=30891,STATE_TRANSITION
RANGE_to_SWEEP,2025-09-11T09:45:00,30931,,Sweep @ 3638.06000 idx=30931,STATE_TRANSITION
SWEEP_to_DISPLACEMENT,2025-09-11T10:00:00,30932,,Displacement | body_ratio=0.725 wick=7.74000,STATE_TRANSITION
DISPLACEMENT_to_EXPANSION,2025-09-11T10:15:00,30933,,Bearish expansion | close=3626.07000 disp_close=3627.68000,STATE_TRANSITION
RANGE_to_SWEEP,2025-09-11T12:30:00,30942,,Sweep @ 3616.90000 idx=30942,STATE_TRANSITION
RANGE_to_SWEEP,2025-09-11T15:30:00,30954,,Sweep @ 3613.13000 idx=30954,STATE_TRANSITION
RANGE_to_SWEEP,2025-09-12T03:00:00,30996,,Sweep @ 3631.68000 idx=30996,STATE_TRANSITION
SWEEP_to_DISPLACEMENT,2025-09-12T04:00:00,31000,,Displacement | body_ratio=0.837 wick=7.44000,STATE_TRANSITION
DISPLACEMENT_to_EXPANSION,2025-09-12T04:30:00,31002,,Bullish expansion | close=3645.72000 disp_close=3642.88000,STATE_TRANSITION
RANGE_to_SWEEP,2025-09-12T05:30:00,31006,,Sweep @ 3650.53000 idx=31006,STATE_TRANSITION
RANGE_to_SWEEP,2025-09-12T09:15:00,31021,,Sweep @ 3654.17000 idx=31021,STATE_TRANSITION
RANGE_to_SWEEP,2025-09-12T10:30:00,31026,,Sweep @ 3648.16000 idx=31026,STATE_TRANSITION
RANGE_to_SWEEP,2025-09-12T16:30:00,31050,,Sweep @ 3652.52000 idx=31050,STATE_TRANSITION
RANGE_to_SWEEP,2025-09-12T23:15:00,31077,,Sweep @ 3641.74000 idx=31077,STATE_TRANSITION
RANGE_to_SWEEP,2025-09-15T01:15:00,31081,,Sweep @ 3639.88000 idx=31081,STATE_TRANSITION
RANGE_to_SWEEP,2025-09-15T05:00:00,31096,,Sweep @ 3634.38000 idx=31096,STATE_TRANSITION
RANGE_to_SWEEP,2025-09-15T13:15:00,31129,,Sweep @ 3646.38000 idx=31129,STATE_TRANSITION
RANGE_to_SWEEP,2025-09-15T19:30:00,31154,,Sweep @ 3685.63000 idx=31154,STATE_TRANSITION
RANGE_to_SWEEP,2025-09-16T04:00:00,31184,,Sweep @ 3689.58000 idx=31184,STATE_TRANSITION
RANGE_to_SWEEP,2025-09-16T05:45:00,31191,,Sweep @ 3674.62000 idx=31191,STATE_TRANSITION
RANGE_to_SWEEP,2025-09-16T13:00:00,31220,,Sweep @ 3698.79000 idx=31220,STATE_TRANSITION
RANGE_to_SWEEP,2025-09-16T17:15:00,31237,,Sweep @ 3703.06000 idx=31237,STATE_TRANSITION
RANGE_to_SWEEP,2025-09-17T02:30:00,31270,,Sweep @ 3694.76000 idx=31270,STATE_TRANSITION
SWEEP_to_DISPLACEMENT,2025-09-17T04:15:00,31277,,Displacement | body_ratio=0.983 wick=5.21000,STATE_TRANSITION
RANGE_to_SWEEP,2025-09-17T04:45:00,31279,,Sweep @ 3676.08000 idx=31279,STATE_TRANSITION
RANGE_to_SWEEP,2025-09-17T05:30:00,31282,,Sweep @ 3674.40000 idx=31282,STATE_TRANSITION
RANGE_to_SWEEP,2025-09-17T09:45:00,31299,,Sweep @ 3671.08000 idx=31299,STATE_TRANSITION
RANGE_to_SWEEP,2025-09-17T13:45:00,31315,,Sweep @ 3660.45000 idx=31315,STATE_TRANSITION
RANGE_to_SWEEP,2025-09-17T17:45:00,31331,,Sweep @ 3686.13000 idx=31331,STATE_TRANSITION
RANGE_to_SWEEP,2025-09-17T22:15:00,31349,,Sweep @ 3648.54000 idx=31349,STATE_TRANSITION
RANGE_to_SWEEP,2025-09-18T10:45:00,31395,,Sweep @ 3659.87000 idx=31395,STATE_TRANSITION
RANGE_to_SWEEP,2025-09-18T16:15:00,31417,,Sweep @ 3651.79000 idx=31417,STATE_TRANSITION
RANGE_to_SWEEP,2025-09-19T02:00:00,31452,,Sweep @ 3640.06000 idx=31452,STATE_TRANSITION
RANGE_to_SWEEP,2025-09-19T03:30:00,31458,,Sweep @ 3636.27000 idx=31458,STATE_TRANSITION
SWEEP_to_DISPLACEMENT,2025-09-19T04:00:00,31460,,Displacement | body_ratio=0.706 wick=11.62000,STATE_TRANSITION
RANGE_to_SWEEP,2025-09-19T08:00:00,31476,,Sweep @ 3661.20000 idx=31476,STATE_TRANSITION
RANGE_to_SWEEP,2025-09-19T15:45:00,31507,,Sweep @ 3644.55000 idx=31507,STATE_TRANSITION
SWEEP_to_DISPLACEMENT,2025-09-19T16:45:00,31511,,Displacement | body_ratio=0.654 wick=9.91000,STATE_TRANSITION
DISPLACEMENT_to_EXPANSION,2025-09-19T17:45:00,31515,,Bullish expansion | close=3666.95000 disp_close=3663.39000,STATE_TRANSITION
RANGE_to_SWEEP,2025-09-22T02:00:00,31544,,Sweep @ 3689.26000 idx=31544,STATE_TRANSITION
RANGE_to_SWEEP,2025-09-22T06:45:00,31563,,Sweep @ 3697.49000 idx=31563,STATE_TRANSITION
RANGE_to_SWEEP,2025-09-22T08:45:00,31571,,Sweep @ 3700.28000 idx=31571,STATE_TRANSITION
RANGE_to_SWEEP,2025-09-22T13:15:00,31589,,Sweep @ 3727.25000 idx=31589,STATE_TRANSITION
SWEEP_to_DISPLACEMENT,2025-09-22T14:30:00,31594,,Displacement | body_ratio=0.825 wick=5.70000,STATE_TRANSITION
RANGE_to_SWEEP,2025-09-22T15:45:00,31599,,Sweep @ 3715.17000 idx=31599,STATE_TRANSITION
RANGE_to_SWEEP,2025-09-23T02:00:00,31636,,Sweep @ 3739.10000 idx=31636,STATE_TRANSITION
SWEEP_to_DISPLACEMENT,2025-09-23T04:00:00,31644,,Displacement | body_ratio=0.754 wick=9.77000,STATE_TRANSITION
RANGE_to_SWEEP,2025-09-23T04:30:00,31646,,Sweep @ 3758.76000 idx=31646,STATE_TRANSITION
SWEEP_to_DISPLACEMENT,2025-09-23T05:00:00,31648,,Displacement | body_ratio=0.768 wick=14.34000,STATE_TRANSITION
RANGE_to_SWEEP,2025-09-23T05:45:00,31651,,Sweep @ 3736.68000 idx=31651,STATE_TRANSITION
SWEEP_to_DISPLACEMENT,2025-09-23T08:30:00,31662,,Displacement | body_ratio=0.942 wick=7.82000,STATE_TRANSITION
RANGE_to_SWEEP,2025-09-23T19:30:00,31706,,Sweep @ 3765.08000 idx=31706,STATE_TRANSITION
RANGE_to_SWEEP,2025-09-23T22:30:00,31718,,Sweep @ 3758.68000 idx=31718,STATE_TRANSITION
RANGE_to_SWEEP,2025-09-24T04:00:00,31736,,Sweep @ 3771.84000 idx=31736,STATE_TRANSITION
RANGE_to_SWEEP,2025-09-24T09:15:00,31757,,Sweep @ 3775.24000 idx=31757,STATE_TRANSITION
RANGE_to_SWEEP,2025-09-24T11:00:00,31764,,Sweep @ 3777.84000 idx=31764,STATE_TRANSITION
RANGE_to_SWEEP,2025-09-24T16:45:00,31787,,Sweep @ 3759.07000 idx=31787,STATE_TRANSITION
RANGE_to_SWEEP,2025-09-25T02:45:00,31823,,Sweep @ 3745.36000 idx=31823,STATE_TRANSITION
RANGE_to_SWEEP,2025-09-25T03:30:00,31826,,Sweep @ 3751.56000 idx=31826,STATE_TRANSITION
SWEEP_to_DISPLACEMENT,2025-09-25T04:00:00,31828,,Displacement | body_ratio=0.763 wick=9.86000,STATE_TRANSITION
DISPLACEMENT_to_EXPANSION,2025-09-25T04:30:00,31830,,Bearish expansion | close=3738.38000 disp_close=3741.32000,STATE_TRANSITION
RANGE_to_SWEEP,2025-09-25T15:30:00,31874,,Sweep @ 3735.44000 idx=31874,STATE_TRANSITION
RANGE_to_SWEEP,2025-09-26T04:45:00,31923,,Sweep @ 3737.89000 idx=31923,STATE_TRANSITION
SWEEP_to_DISPLACEMENT,2025-09-26T06:15:00,31929,,Displacement | body_ratio=0.887 wick=8.25000,STATE_TRANSITION
DISPLACEMENT_to_EXPANSION,2025-09-26T06:30:00,31930,,Bullish expansion | close=3745.23000 disp_close=3742.65000,STATE_TRANSITION
RANGE_to_SWEEP,2025-09-26T08:45:00,31939,,Sweep @ 3748.84000 idx=31939,STATE_TRANSITION
SWEEP_to_DISPLACEMENT,2025-09-26T09:30:00,31942,,Displacement | body_ratio=0.833 wick=8.15000,STATE_TRANSITION
DISPLACEMENT_to_EXPANSION,2025-09-26T09:45:00,31943,,Bearish expansion | close=3743.61000 disp_close=3744.96000,STATE_TRANSITION
RANGE_to_SWEEP,2025-09-26T11:30:00,31950,,Sweep @ 3755.18000 idx=31950,STATE_TRANSITION
RANGE_to_SWEEP,2025-09-26T15:30:00,31966,,Sweep @ 3757.40000 idx=31966,STATE_TRANSITION
RANGE_to_SWEEP,2025-09-29T01:00:00,32000,,Sweep @ 3756.37000 idx=32000,STATE_TRANSITION
RANGE_to_SWEEP,2025-09-29T03:30:00,32010,,Sweep @ 3783.73000 idx=32010,STATE_TRANSITION
SWEEP_to_DISPLACEMENT,2025-09-29T04:00:00,32012,,Displacement | body_ratio=0.757 wick=14.19000,STATE_TRANSITION
DISPLACEMENT_to_EXPANSION,2025-09-29T04:15:00,32013,,Bearish expansion | close=3772.68000 disp_close=3776.38000,STATE_TRANSITION
RANGE_to_SWEEP,2025-09-29T06:00:00,32020,,Sweep @ 3799.40000 idx=32020,STATE_TRANSITION
RANGE_to_SWEEP,2025-09-29T09:45:00,32035,,Sweep @ 3819.14000 idx=32035,STATE_TRANSITION
RANGE_to_SWEEP,2025-09-29T15:15:00,32057,,Sweep @ 3825.41000 idx=32057,STATE_TRANSITION
RANGE_to_SWEEP,2025-09-29T18:00:00,32068,,Sweep @ 3832.70000 idx=32068,STATE_TRANSITION
RANGE_to_SWEEP,2025-09-30T09:45:00,32127,,Sweep @ 3869.71000 idx=32127,STATE_TRANSITION
RANGE_to_SWEEP,2025-09-30T17:15:00,32157,,Sweep @ 3852.45000 idx=32157,STATE_TRANSITION
SWEEP_to_DISPLACEMENT,2025-09-30T18:00:00,32160,,Displacement | body_ratio=0.869 wick=21.48000,STATE_TRANSITION
RANGE_to_SWEEP,2025-09-30T23:00:00,32180,,Sweep @ 3859.06000 idx=32180,STATE_TRANSITION
RANGE_to_SWEEP,2025-10-01T05:45:00,32203,,Sweep @ 3867.00000 idx=32203,STATE_TRANSITION
RANGE_to_SWEEP,2025-10-01T09:15:00,32217,,Sweep @ 3853.30000 idx=32217,STATE_TRANSITION
SWEEP_to_DISPLACEMENT,2025-10-01T10:00:00,32220,,Displacement | body_ratio=0.934 wick=8.21000,STATE_TRANSITION
DISPLACEMENT_to_EXPANSION,2025-10-01T10:15:00,32221,,Bullish expansion | close=3870.75000 disp_close=3866.89000,STATE_TRANSITION
RANGE_to_SWEEP,2025-10-01T17:30:00,32250,,Sweep @ 3874.63000 idx=32250,STATE_TRANSITION
RANGE_to_SWEEP,2025-10-01T21:00:00,32264,,Sweep @ 3855.12000 idx=32264,STATE_TRANSITION
RANGE_to_SWEEP,2025-10-02T04:00:00,32288,,Sweep @ 3852.90000 idx=32288,STATE_TRANSITION
RANGE_to_SWEEP,2025-10-02T09:30:00,32310,,Sweep @ 3874.25000 idx=32310,STATE_TRANSITION
SWEEP_to_DISPLACEMENT,2025-10-02T09:45:00,32311,,Displacement | body_ratio=0.749 wick=8.37000,STATE_TRANSITION
RANGE_to_SWEEP,2025-10-02T10:15:00,32313,,Sweep @ 3874.86000 idx=32313,STATE_TRANSITION
RANGE_to_SWEEP,2025-10-02T12:30:00,32322,,Sweep @ 3879.09000 idx=32322,STATE_TRANSITION
RANGE_to_SWEEP,2025-10-02T16:30:00,32338,,Sweep @ 3896.82000 idx=32338,STATE_TRANSITION
SWEEP_to_DISPLACEMENT,2025-10-02T17:30:00,32342,,Displacement | body_ratio=0.892 wick=29.66000,STATE_TRANSITION
DISPLACEMENT_to_EXPANSION,2025-10-02T18:45:00,32347,,Bearish expansion | close=3828.44000 disp_close=3837.69000,STATE_TRANSITION
RANGE_to_SWEEP,2025-10-06T09:00:00,32492,,Sweep @ 3932.63000 idx=32492,STATE_TRANSITION
RANGE_to_SWEEP,2025-10-06T11:15:00,32501,,Sweep @ 3949.21000 idx=32501,STATE_TRANSITION
RANGE_to_SWEEP,2025-10-06T14:45:00,32515,,Sweep @ 3931.24000 idx=32515,STATE_TRANSITION
RANGE_to_SWEEP,2025-10-06T19:00:00,32532,,Sweep @ 3970.04000 idx=32532,STATE_TRANSITION
RANGE_to_SWEEP,2025-10-07T01:30:00,32554,,Sweep @ 3973.24000 idx=32554,STATE_TRANSITION
RANGE_to_SWEEP,2025-10-07T03:30:00,32562,,Sweep @ 3977.39000 idx=32562,STATE_TRANSITION
RANGE_to_SWEEP,2025-10-07T07:30:00,32578,,Sweep @ 3975.64000 idx=32578,STATE_TRANSITION
RANGE_to_SWEEP,2025-10-07T17:00:00,32616,,Sweep @ 3980.49000 idx=32616,STATE_TRANSITION
SWEEP_to_DISPLACEMENT,2025-10-07T18:30:00,32622,,Displacement | body_ratio=0.907 wick=14.44000,STATE_TRANSITION
RANGE_to_SWEEP,2025-10-08T08:30:00,32674,,Sweep @ 4037.11000 idx=32674,STATE_TRANSITION
RANGE_to_SWEEP,2025-10-08T13:15:00,32693,,Sweep @ 4046.74000 idx=32693,STATE_TRANSITION
RANGE_to_SWEEP,2025-10-08T16:45:00,32707,,Sweep @ 4027.81000 idx=32707,STATE_TRANSITION
RANGE_to_SWEEP,2025-10-08T22:00:00,32728,,Sweep @ 4032.04000 idx=32728,STATE_TRANSITION
RANGE_to_SWEEP,2025-10-09T02:00:00,32740,,Sweep @ 4011.94000 idx=32740,STATE_TRANSITION
RANGE_to_SWEEP,2025-10-09T14:00:00,32788,,Sweep @ 4046.63000 idx=32788,STATE_TRANSITION
SWEEP_to_DISPLACEMENT,2025-10-09T16:30:00,32798,,Displacement | body_ratio=0.955 wick=25.52000,STATE_TRANSITION
RANGE_to_SWEEP,2025-10-09T17:00:00,32800,,Sweep @ 4013.09000 idx=32800,STATE_TRANSITION
RANGE_to_SWEEP,2025-10-09T17:30:00,32802,,Sweep @ 4004.44000 idx=32802,STATE_TRANSITION
RANGE_to_SWEEP,2025-10-10T04:00:00,32840,,Sweep @ 3992.36000 idx=32840,STATE_TRANSITION
RANGE_to_SWEEP,2025-10-10T06:45:00,32851,,Sweep @ 3960.86000 idx=32851,STATE_TRANSITION
RANGE_to_SWEEP,2025-10-10T18:30:00,32898,,Sweep @ 4022.94000 idx=32898,STATE_TRANSITION
RANGE_to_SWEEP,2025-10-10T23:00:00,32916,,Sweep @ 4015.62000 idx=32916,STATE_TRANSITION
RANGE_to_SWEEP,2025-10-13T07:45:00,32947,,Sweep @ 4057.59000 idx=32947,STATE_TRANSITION
RANGE_to_SWEEP,2025-10-13T11:45:00,32963,,Sweep @ 4079.13000 idx=32963,STATE_TRANSITION
RANGE_to_SWEEP,2025-10-13T15:30:00,32978,,Sweep @ 4086.03000 idx=32978,STATE_TRANSITION
RANGE_to_SWEEP,2025-10-14T01:45:00,33015,,Sweep @ 4115.72000 idx=33015,STATE_TRANSITION
RANGE_to_SWEEP,2025-10-14T05:30:00,33030,,Sweep @ 4149.92000 idx=33030,STATE_TRANSITION
RANGE_to_SWEEP,2025-10-14T08:30:00,33042,,Sweep @ 4179.72000 idx=33042,STATE_TRANSITION
RANGE_to_SWEEP,2025-10-14T19:45:00,33087,,Sweep @ 4155.15000 idx=33087,STATE_TRANSITION
RANGE_to_SWEEP,2025-10-15T02:15:00,33109,,Sweep @ 4164.03000 idx=33109,STATE_TRANSITION
SWEEP_to_DISPLACEMENT,2025-10-15T03:15:00,33113,,Displacement | body_ratio=0.800 wick=15.52000,STATE_TRANSITION
RANGE_to_SWEEP,2025-10-15T07:00:00,33128,,Sweep @ 4187.62000 idx=33128,STATE_TRANSITION
RANGE_to_SWEEP,2025-10-15T12:15:00,33149,,Sweep @ 4203.50000 idx=33149,STATE_TRANSITION
RANGE_to_SWEEP,2025-10-16T03:45:00,33207,,Sweep @ 4223.29000 idx=33207,STATE_TRANSITION
RANGE_to_SWEEP,2025-10-16T09:00:00,33228,,Sweep @ 4203.61000 idx=33228,STATE_TRANSITION
RANGE_to_SWEEP,2025-10-16T13:00:00,33244,,Sweep @ 4243.20000 idx=33244,STATE_TRANSITION
RANGE_to_SWEEP,2025-10-16T14:30:00,33250,,Sweep @ 4247.58000 idx=33250,STATE_TRANSITION
RANGE_to_SWEEP,2025-10-16T19:30:00,33270,,Sweep @ 4291.74000 idx=33270,STATE_TRANSITION
RANGE_to_SWEEP,2025-10-17T04:45:00,33303,,Sweep @ 4279.86000 idx=33303,STATE_TRANSITION
RANGE_to_SWEEP,2025-10-17T07:45:00,33315,,Sweep @ 4377.10000 idx=33315,STATE_TRANSITION
RANGE_to_SWEEP,2025-10-17T15:00:00,33344,,Sweep @ 4283.66000 idx=33344,STATE_TRANSITION
RANGE_to_SWEEP,2025-10-17T16:30:00,33350,,Sweep @ 4258.58000 idx=33350,STATE_TRANSITION
RANGE_to_SWEEP,2025-10-17T20:30:00,33366,,Sweep @ 4196.67000 idx=33366,STATE_TRANSITION
RANGE_to_SWEEP,2025-10-20T02:00:00,33384,,Sweep @ 4256.16000 idx=33384,STATE_TRANSITION
RANGE_to_SWEEP,2025-10-20T10:00:00,33416,,Sweep @ 4234.90000 idx=33416,STATE_TRANSITION
RANGE_to_SWEEP,2025-10-20T17:15:00,33445,,Sweep @ 4334.50000 idx=33445,STATE_TRANSITION
RANGE_to_SWEEP,2025-10-20T23:15:00,33469,,Sweep @ 4361.24000 idx=33469,STATE_TRANSITION
RANGE_to_SWEEP,2025-10-21T04:30:00,33486,,Sweep @ 4332.92000 idx=33486,STATE_TRANSITION
RANGE_to_SWEEP,2025-10-21T08:00:00,33500,,Sweep @ 4331.56000 idx=33500,STATE_TRANSITION
RANGE_to_SWEEP,2025-10-21T17:45:00,33539,,Sweep @ 4082.24000 idx=33539,STATE_TRANSITION
RANGE_to_SWEEP,2025-10-22T04:00:00,33576,,Sweep @ 4064.36000 idx=33576,STATE_TRANSITION
RANGE_to_SWEEP,2025-10-22T14:30:00,33618,,Sweep @ 4015.21000 idx=33618,STATE_TRANSITION
SWEEP_to_DISPLACEMENT,2025-10-22T16:00:00,33624,,Displacement | body_ratio=0.882 wick=34.63000,STATE_TRANSITION
DISPLACEMENT_to_EXPANSION,2025-10-22T16:45:00,33627,,Bullish expansion | close=4075.81000 disp_close=4064.51000,STATE_TRANSITION
RANGE_to_SWEEP,2025-10-22T18:00:00,33632,,Sweep @ 4014.86000 idx=33632,STATE_TRANSITION
RANGE_to_SWEEP,2025-10-22T22:30:00,33650,,Sweep @ 4113.44000 idx=33650,STATE_TRANSITION
RANGE_to_SWEEP,2025-10-23T10:45:00,33695,,Sweep @ 4104.93000 idx=33695,STATE_TRANSITION
RANGE_to_SWEEP,2025-10-23T15:30:00,33714,,Sweep @ 4127.86000 idx=33714,STATE_TRANSITION
RANGE_to_SWEEP,2025-10-23T19:45:00,33731,,Sweep @ 4125.68000 idx=33731,STATE_TRANSITION
RANGE_to_SWEEP,2025-10-23T23:30:00,33746,,Sweep @ 4107.27000 idx=33746,STATE_TRANSITION
SWEEP_to_DISPLACEMENT,2025-10-23T23:45:00,33747,,Displacement | body_ratio=0.959 wick=11.51000,STATE_TRANSITION
RANGE_to_SWEEP,2025-10-24T02:30:00,33754,,Sweep @ 4105.70000 idx=33754,STATE_TRANSITION
RANGE_to_SWEEP,2025-10-24T07:15:00,33773,,Sweep @ 4105.07000 idx=33773,STATE_TRANSITION
RANGE_to_SWEEP,2025-10-24T14:00:00,33800,,Sweep @ 4044.33000 idx=33800,STATE_TRANSITION
SWEEP_to_DISPLACEMENT,2025-10-24T15:30:00,33806,,Displacement | body_ratio=0.680 wick=32.01000,STATE_TRANSITION
RANGE_to_SWEEP,2025-10-24T17:45:00,33815,,Sweep @ 4131.18000 idx=33815,STATE_TRANSITION
RANGE_to_SWEEP,2025-10-24T21:00:00,33828,,Sweep @ 4101.87000 idx=33828,STATE_TRANSITION
RANGE_to_SWEEP,2025-10-27T01:00:00,33840,,Sweep @ 4063.76000 idx=33840,STATE_TRANSITION
RANGE_to_SWEEP,2025-10-27T02:45:00,33847,,Sweep @ 4061.82000 idx=33847,STATE_TRANSITION
RANGE_to_SWEEP,2025-10-27T07:15:00,33865,,Sweep @ 4054.39000 idx=33865,STATE_TRANSITION
RANGE_to_SWEEP,2025-10-27T14:00:00,33892,,Sweep @ 4021.59000 idx=33892,STATE_TRANSITION
RANGE_to_SWEEP,2025-10-27T17:30:00,33906,,Sweep @ 3983.14000 idx=33906,STATE_TRANSITION
RANGE_to_SWEEP,2025-10-28T03:15:00,33941,,Sweep @ 3973.54000 idx=33941,STATE_TRANSITION
SWEEP_to_DISPLACEMENT,2025-10-28T03:30:00,33942,,Displacement | body_ratio=0.857 wick=17.49000,STATE_TRANSITION
DISPLACEMENT_to_EXPANSION,2025-10-28T03:45:00,33943,,Bullish expansion | close=4006.88000 disp_close=3999.67000,STATE_TRANSITION
RANGE_to_SWEEP,2025-10-28T04:15:00,33945,,Sweep @ 4019.70000 idx=33945,STATE_TRANSITION
RANGE_to_SWEEP,2025-10-28T07:30:00,33958,,Sweep @ 3967.32000 idx=33958,STATE_TRANSITION
RANGE_to_SWEEP,2025-10-28T10:30:00,33970,,Sweep @ 3922.04000 idx=33970,STATE_TRANSITION
RANGE_to_SWEEP,2025-10-28T19:30:00,34006,,Sweep @ 3964.78000 idx=34006,STATE_TRANSITION
RANGE_to_SWEEP,2025-10-29T01:15:00,34025,,Sweep @ 3926.48000 idx=34025,STATE_TRANSITION
RANGE_to_SWEEP,2025-10-29T04:30:00,34038,,Sweep @ 3974.77000 idx=34038,STATE_TRANSITION
RANGE_to_SWEEP,2025-10-29T09:45:00,34059,,Sweep @ 3984.65000 idx=34059,STATE_TRANSITION
RANGE_to_SWEEP,2025-10-29T11:30:00,34066,,Sweep @ 4013.94000 idx=34066,STATE_TRANSITION
RANGE_to_SWEEP,2025-10-29T16:15:00,34085,,Sweep @ 4012.59000 idx=34085,STATE_TRANSITION
RANGE_to_SWEEP,2025-10-29T20:00:00,34100,,Sweep @ 3989.43000 idx=34100,STATE_TRANSITION
RANGE_to_SWEEP,2025-10-29T23:45:00,34115,,Sweep @ 3927.83000 idx=34115,STATE_TRANSITION
RANGE_to_SWEEP,2025-10-30T06:00:00,34136,,Sweep @ 3915.44000 idx=34136,STATE_TRANSITION
SWEEP_to_DISPLACEMENT,2025-10-30T07:15:00,34141,,Displacement | body_ratio=0.890 wick=17.85000,STATE_TRANSITION
DISPLACEMENT_to_EXPANSION,2025-10-30T07:30:00,34142,,Bullish expansion | close=3978.96000 disp_close=3959.36000,STATE_TRANSITION
RANGE_to_SWEEP,2025-11-03T04:15:00,34313,,Sweep @ 4006.52000 idx=34313,STATE_TRANSITION
RANGE_to_SWEEP,2025-11-03T07:30:00,34326,,Sweep @ 4018.52000 idx=34326,STATE_TRANSITION
RANGE_to_SWEEP,2025-11-03T11:45:00,34343,,Sweep @ 3993.33000 idx=34343,STATE_TRANSITION
RANGE_to_SWEEP,2025-11-03T17:15:00,34365,,Sweep @ 4028.91000 idx=34365,STATE_TRANSITION
RANGE_to_SWEEP,2025-11-03T21:00:00,34380,,Sweep @ 3995.40000 idx=34380,STATE_TRANSITION
RANGE_to_SWEEP,2025-11-04T01:15:00,34393,,Sweep @ 3987.93000 idx=34393,STATE_TRANSITION
RANGE_to_SWEEP,2025-11-04T04:15:00,34405,,Sweep @ 3977.16000 idx=34405,STATE_TRANSITION
RANGE_to_SWEEP,2025-11-04T07:30:00,34418,,Sweep @ 3975.52000 idx=34418,STATE_TRANSITION
RANGE_to_SWEEP,2025-11-04T23:30:00,34482,,Sweep @ 3930.62000 idx=34482,STATE_TRANSITION
SWEEP_to_DISPLACEMENT,2025-11-05T02:45:00,34491,,Displacement | body_ratio=0.773 wick=10.76000,STATE_TRANSITION
DISPLACEMENT_to_EXPANSION,2025-11-05T03:00:00,34492,,Bullish expansion | close=3943.05000 disp_close=3940.00000,STATE_TRANSITION
RANGE_to_SWEEP,2025-11-05T03:30:00,34494,,Sweep @ 3949.43000 idx=34494,STATE_TRANSITION
RANGE_to_SWEEP,2025-11-05T04:45:00,34499,,Sweep @ 3951.05000 idx=34499,STATE_TRANSITION
RANGE_to_SWEEP,2025-11-05T11:00:00,34524,,Sweep @ 3981.32000 idx=34524,STATE_TRANSITION
SWEEP_to_DISPLACEMENT,2025-11-05T11:15:00,34525,,Displacement | body_ratio=0.841 wick=12.00000,STATE_TRANSITION
RANGE_to_SWEEP,2025-11-05T12:00:00,34528,,Sweep @ 3956.07000 idx=34528,STATE_TRANSITION
RANGE_to_SWEEP,2025-11-05T16:30:00,34546,,Sweep @ 3985.59000 idx=34546,STATE_TRANSITION
RANGE_to_SWEEP,2025-11-06T03:00:00,34584,,Sweep @ 3964.56000 idx=34584,STATE_TRANSITION
RANGE_to_SWEEP,2025-11-06T06:00:00,34596,,Sweep @ 3988.07000 idx=34596,STATE_TRANSITION
RANGE_to_SWEEP,2025-11-06T09:30:00,34610,,Sweep @ 4009.47000 idx=34610,STATE_TRANSITION
RANGE_to_SWEEP,2025-11-06T13:30:00,34626,,Sweep @ 4017.02000 idx=34626,STATE_TRANSITION
SWEEP_to_DISPLACEMENT,2025-11-06T16:15:00,34637,,Displacement | body_ratio=0.859 wick=19.19000,STATE_TRANSITION
DISPLACEMENT_to_EXPANSION,2025-11-06T17:00:00,34640,,Bearish expansion | close=3982.63000 disp_close=3991.83000,STATE_TRANSITION
RANGE_to_SWEEP,2025-11-10T03:30:00,34770,,Sweep @ 4053.32000 idx=34770,STATE_TRANSITION
RANGE_to_SWEEP,2025-11-10T11:30:00,34802,,Sweep @ 4086.44000 idx=34802,STATE_TRANSITION
RANGE_to_SWEEP,2025-11-10T16:30:00,34822,,Sweep @ 4074.43000 idx=34822,STATE_TRANSITION
RANGE_to_SWEEP,2025-11-10T23:45:00,34851,,Sweep @ 4116.43000 idx=34851,STATE_TRANSITION
RANGE_to_SWEEP,2025-11-11T07:00:00,34876,,Sweep @ 4144.39000 idx=34876,STATE_TRANSITION
RANGE_to_SWEEP,2025-11-11T15:30:00,34910,,Sweep @ 4146.70000 idx=34910,STATE_TRANSITION
RANGE_to_SWEEP,2025-11-11T16:30:00,34914,,Sweep @ 4123.37000 idx=34914,STATE_TRANSITION
RANGE_to_SWEEP,2025-11-11T21:45:00,34935,,Sweep @ 4126.14000 idx=34935,STATE_TRANSITION
RANGE_to_SWEEP,2025-11-12T02:45:00,34951,,Sweep @ 4142.85000 idx=34951,STATE_TRANSITION
RANGE_to_SWEEP,2025-11-12T08:30:00,34974,,Sweep @ 4112.07000 idx=34974,STATE_TRANSITION
RANGE_to_SWEEP,2025-11-12T11:45:00,34987,,Sweep @ 4126.83000 idx=34987,STATE_TRANSITION
RANGE_to_SWEEP,2025-11-12T14:45:00,34999,,Sweep @ 4137.25000 idx=34999,STATE_TRANSITION
RANGE_to_SWEEP,2025-11-13T02:45:00,35043,,Sweep @ 4208.82000 idx=35043,STATE_TRANSITION
SWEEP_to_DISPLACEMENT,2025-11-13T03:00:00,35044,,Displacement | body_ratio=0.791 wick=18.82000,STATE_TRANSITION
DISPLACEMENT_to_EXPANSION,2025-11-13T03:15:00,35045,,Bearish expansion | close=4188.02000 disp_close=4191.05000,STATE_TRANSITION
RANGE_to_SWEEP,2025-11-13T10:30:00,35074,,Sweep @ 4239.50000 idx=35074,STATE_TRANSITION
RANGE_to_SWEEP,2025-11-13T15:00:00,35092,,Sweep @ 4243.86000 idx=35092,STATE_TRANSITION
RANGE_to_SWEEP,2025-11-14T07:00:00,35152,,Sweep @ 4203.69000 idx=35152,STATE_TRANSITION
RANGE_to_SWEEP,2025-11-14T15:30:00,35186,,Sweep @ 4046.38000 idx=35186,STATE_TRANSITION
RANGE_to_SWEEP,2025-11-17T01:00:00,35220,,Sweep @ 4104.63000 idx=35220,STATE_TRANSITION
RANGE_to_SWEEP,2025-11-17T05:00:00,35236,,Sweep @ 4070.04000 idx=35236,STATE_TRANSITION
RANGE_to_SWEEP,2025-11-17T10:15:00,35257,,Sweep @ 4090.78000 idx=35257,STATE_TRANSITION
RANGE_to_SWEEP,2025-11-17T13:00:00,35268,,Sweep @ 4061.10000 idx=35268,STATE_TRANSITION
SWEEP_to_DISPLACEMENT,2025-11-17T13:30:00,35270,,Displacement | body_ratio=0.795 wick=18.40000,STATE_TRANSITION
DISPLACEMENT_to_EXPANSION,2025-11-17T15:00:00,35276,,Bullish expansion | close=4083.28000 disp_close=4080.38000,STATE_TRANSITION
RANGE_to_SWEEP,2025-11-17T16:00:00,35280,,Sweep @ 4060.76000 idx=35280,STATE_TRANSITION
RANGE_to_SWEEP,2025-11-17T17:15:00,35285,,Sweep @ 4060.71000 idx=35285,STATE_TRANSITION
RANGE_to_SWEEP,2025-11-18T06:15:00,35333,,Sweep @ 4004.90000 idx=35333,STATE_TRANSITION
RANGE_to_SWEEP,2025-11-18T09:30:00,35346,,Sweep @ 3998.08000 idx=35346,STATE_TRANSITION
SWEEP_to_DISPLACEMENT,2025-11-18T10:00:00,35348,,Displacement | body_ratio=0.694 wick=16.19000,STATE_TRANSITION
DISPLACEMENT_to_EXPANSION,2025-11-18T10:30:00,35350,,Bullish expansion | close=4037.20000 disp_close=4025.20000,STATE_TRANSITION
RANGE_to_SWEEP,2025-11-18T12:45:00,35359,,Sweep @ 4050.50000 idx=35359,STATE_TRANSITION
RANGE_to_SWEEP,2025-11-18T15:15:00,35369,,Sweep @ 4053.02000 idx=35369,STATE_TRANSITION
RANGE_to_SWEEP,2025-11-18T21:30:00,35394,,Sweep @ 4081.11000 idx=35394,STATE_TRANSITION
RANGE_to_SWEEP,2025-11-19T03:45:00,35415,,Sweep @ 4056.51000 idx=35415,STATE_TRANSITION
SWEEP_to_DISPLACEMENT,2025-11-19T04:30:00,35418,,Displacement | body_ratio=0.963 wick=14.43000,STATE_TRANSITION
RANGE_to_SWEEP,2025-11-19T11:30:00,35446,,Sweep @ 4098.79000 idx=35446,STATE_TRANSITION
RANGE_to_SWEEP,2025-11-19T14:30:00,35458,,Sweep @ 4119.84000 idx=35458,STATE_TRANSITION
SWEEP_to_DISPLACEMENT,2025-11-19T15:00:00,35460,,Displacement | body_ratio=0.817 wick=13.84000,STATE_TRANSITION
RANGE_to_SWEEP,2025-11-19T17:15:00,35469,,Sweep @ 4132.83000 idx=35469,STATE_TRANSITION
RANGE_to_SWEEP,2025-11-19T18:30:00,35474,,Sweep @ 4067.90000 idx=35474,STATE_TRANSITION
RANGE_to_SWEEP,2025-11-20T01:15:00,35497,,Sweep @ 4091.36000 idx=35497,STATE_TRANSITION
RANGE_to_SWEEP,2025-11-20T04:45:00,35511,,Sweep @ 4060.32000 idx=35511,STATE_TRANSITION
RANGE_to_SWEEP,2025-11-20T10:15:00,35533,,Sweep @ 4038.97000 idx=35533,STATE_TRANSITION
RANGE_to_SWEEP,2025-11-20T14:15:00,35549,,Sweep @ 4079.33000 idx=35549,STATE_TRANSITION
RANGE_to_SWEEP,2025-11-20T15:30:00,35554,,Sweep @ 4096.32000 idx=35554,STATE_TRANSITION
RANGE_to_SWEEP,2025-11-21T01:30:00,35590,,Sweep @ 4088.71000 idx=35590,STATE_TRANSITION
RANGE_to_SWEEP,2025-11-21T08:30:00,35618,,Sweep @ 4029.34000 idx=35618,STATE_TRANSITION
SWEEP_to_DISPLACEMENT,2025-11-21T11:00:00,35628,,Displacement | body_ratio=0.905 wick=19.33000,STATE_TRANSITION
RANGE_to_SWEEP,2025-11-21T15:00:00,35644,,Sweep @ 4067.18000 idx=35644,STATE_TRANSITION
RANGE_to_SWEEP,2025-11-21T19:15:00,35661,,Sweep @ 4087.31000 idx=35661,STATE_TRANSITION
RANGE_to_SWEEP,2025-11-21T23:00:00,35676,,Sweep @ 4054.60000 idx=35676,STATE_TRANSITION
RANGE_to_SWEEP,2025-11-24T03:00:00,35688,,Sweep @ 4051.53000 idx=35688,STATE_TRANSITION
RANGE_to_SWEEP,2025-11-24T07:15:00,35705,,Sweep @ 4040.29000 idx=35705,STATE_TRANSITION
RANGE_to_SWEEP,2025-11-24T09:45:00,35715,,Sweep @ 4067.65000 idx=35715,STATE_TRANSITION
RANGE_to_SWEEP,2025-11-24T16:15:00,35741,,Sweep @ 4081.02000 idx=35741,STATE_TRANSITION
RANGE_to_SWEEP,2025-11-24T18:15:00,35749,,Sweep @ 4095.31000 idx=35749,STATE_TRANSITION
RANGE_to_SWEEP,2025-11-25T05:45:00,35791,,Sweep @ 4145.59000 idx=35791,STATE_TRANSITION
RANGE_to_SWEEP,2025-11-25T12:00:00,35816,,Sweep @ 4127.50000 idx=35816,STATE_TRANSITION
RANGE_to_SWEEP,2025-11-25T15:00:00,35828,,Sweep @ 4140.06000 idx=35828,STATE_TRANSITION
SWEEP_to_DISPLACEMENT,2025-11-25T16:30:00,35834,,Displacement | body_ratio=0.730 wick=20.10000,STATE_TRANSITION
RANGE_to_SWEEP,2025-11-25T19:00:00,35844,,Sweep @ 4153.37000 idx=35844,STATE_TRANSITION
RANGE_to_SWEEP,2025-11-25T23:00:00,35860,,Sweep @ 4127.53000 idx=35860,STATE_TRANSITION
RANGE_to_SWEEP,2025-11-26T08:30:00,35894,,Sweep @ 4146.83000 idx=35894,STATE_TRANSITION
SWEEP_to_DISPLACEMENT,2025-11-26T10:00:00,35900,,Displacement | body_ratio=0.774 wick=10.45000,STATE_TRANSITION
RANGE_to_SWEEP,2025-11-26T14:15:00,35917,,Sweep @ 4171.18000 idx=35917,STATE_TRANSITION
RANGE_to_SWEEP,2025-11-26T16:30:00,35926,,Sweep @ 4141.79000 idx=35926,STATE_TRANSITION
RANGE_to_SWEEP,2025-11-26T20:15:00,35941,,Sweep @ 4171.28000 idx=35941,STATE_TRANSITION
SWEEP_to_DISPLACEMENT,2025-11-26T20:30:00,35942,,Displacement | body_ratio=0.833 wick=10.21000,STATE_TRANSITION
RANGE_to_SWEEP,2025-11-27T06:15:00,35977,,Sweep @ 4146.42000 idx=35977,STATE_TRANSITION
SWEEP_to_DISPLACEMENT,2025-11-27T08:00:00,35984,,Displacement | body_ratio=0.808 wick=7.67000,STATE_TRANSITION
RANGE_to_SWEEP,2025-11-27T08:30:00,35986,,Sweep @ 4158.23000 idx=35986,STATE_TRANSITION
SWEEP_to_DISPLACEMENT,2025-11-27T11:00:00,35996,,Displacement | body_ratio=0.932 wick=11.47000,STATE_TRANSITION
RANGE_to_SWEEP,2025-11-28T09:45:00,36073,,Sweep @ 4173.75000 idx=36073,STATE_TRANSITION
RANGE_to_SWEEP,2025-11-28T20:00:00,36114,,Sweep @ 4217.28000 idx=36114,STATE_TRANSITION
RANGE_to_SWEEP,2025-12-01T01:00:00,36121,,Sweep @ 4231.05000 idx=36121,STATE_TRANSITION
RANGE_to_SWEEP,2025-12-01T07:45:00,36148,,Sweep @ 4223.59000 idx=36148,STATE_TRANSITION
RANGE_to_SWEEP,2025-12-01T13:00:00,36169,,Sweep @ 4256.71000 idx=36169,STATE_TRANSITION
RANGE_to_SWEEP,2025-12-01T15:30:00,36179,,Sweep @ 4264.55000 idx=36179,STATE_TRANSITION
SWEEP_to_DISPLACEMENT,2025-12-01T15:45:00,36180,,Displacement | body_ratio=0.912 wick=16.09000,STATE_TRANSITION
RANGE_to_SWEEP,2025-12-02T01:00:00,36213,,Sweep @ 4229.07000 idx=36213,STATE_TRANSITION
RANGE_to_SWEEP,2025-12-02T09:15:00,36246,,Sweep @ 4213.77000 idx=36246,STATE_TRANSITION
RANGE_to_SWEEP,2025-12-02T16:30:00,36275,,Sweep @ 4229.48000 idx=36275,STATE_TRANSITION
SWEEP_to_DISPLACEMENT,2025-12-02T17:00:00,36277,,Displacement | body_ratio=0.833 wick=15.22000,STATE_TRANSITION
RANGE_to_SWEEP,2025-12-02T17:30:00,36279,,Sweep @ 4180.20000 idx=36279,STATE_TRANSITION
RANGE_to_SWEEP,2025-12-03T01:45:00,36308,,Sweep @ 4216.14000 idx=36308,STATE_TRANSITION
RANGE_to_SWEEP,2025-12-03T07:45:00,36332,,Sweep @ 4203.58000 idx=36332,STATE_TRANSITION
RANGE_to_SWEEP,2025-12-03T09:30:00,36339,,Sweep @ 4200.16000 idx=36339,STATE_TRANSITION
SWEEP_to_DISPLACEMENT,2025-12-03T12:15:00,36350,,Displacement | body_ratio=0.761 wick=10.32000,STATE_TRANSITION
RANGE_to_SWEEP,2025-12-03T14:00:00,36357,,Sweep @ 4210.55000 idx=36357,STATE_TRANSITION
RANGE_to_SWEEP,2025-12-03T19:00:00,36377,,Sweep @ 4200.31000 idx=36377,STATE_TRANSITION
RANGE_to_SWEEP,2025-12-04T02:15:00,36402,,Sweep @ 4212.80000 idx=36402,STATE_TRANSITION
RANGE_to_SWEEP,2025-12-04T08:30:00,36427,,Sweep @ 4182.52000 idx=36427,STATE_TRANSITION
RANGE_to_SWEEP,2025-12-04T12:45:00,36444,,Sweep @ 4201.96000 idx=36444,STATE_TRANSITION
RANGE_to_SWEEP,2025-12-04T16:30:00,36459,,Sweep @ 4213.36000 idx=36459,STATE_TRANSITION
RANGE_to_SWEEP,2025-12-04T18:30:00,36467,,Sweep @ 4216.63000 idx=36467,STATE_TRANSITION
RANGE_to_SWEEP,2025-12-05T05:45:00,36508,,Sweep @ 4210.99000 idx=36508,STATE_TRANSITION
RANGE_to_SWEEP,2025-12-05T11:15:00,36530,,Sweep @ 4216.06000 idx=36530,STATE_TRANSITION
RANGE_to_SWEEP,2025-12-05T15:15:00,36546,,Sweep @ 4234.98000 idx=36546,STATE_TRANSITION
SWEEP_to_DISPLACEMENT,2025-12-05T18:00:00,36557,,Displacement | body_ratio=0.957 wick=42.60000,STATE_TRANSITION
RANGE_to_SWEEP,2025-12-08T01:15:00,36582,,Sweep @ 4196.50000 idx=36582,STATE_TRANSITION
RANGE_to_SWEEP,2025-12-08T04:45:00,36596,,Sweep @ 4212.47000 idx=36596,STATE_TRANSITION
RANGE_to_SWEEP,2025-12-08T08:30:00,36611,,Sweep @ 4218.94000 idx=36611,STATE_TRANSITION
RANGE_to_SWEEP,2025-12-08T12:30:00,36627,,Sweep @ 4201.17000 idx=36627,STATE_TRANSITION
RANGE_to_SWEEP,2025-12-09T02:00:00,36677,,Sweep @ 4195.67000 idx=36677,STATE_TRANSITION
SWEEP_to_DISPLACEMENT,2025-12-09T04:00:00,36685,,Displacement | body_ratio=0.849 wick=6.42000,STATE_TRANSITION
DISPLACEMENT_to_EXPANSION,2025-12-09T04:30:00,36687,,Bearish expansion | close=4189.24000 disp_close=4190.84000,STATE_TRANSITION
EXPANSION_to_RETEST,2025-12-09T05:00:00,36689,,Retest | depth_abs=1.63000 ceiling=1.70550,STATE_TRANSITION
RETEST_to_EXECUTION,2025-12-09T05:15:00,36690,,Risk approved → entering execution,STATE_TRANSITION
TRADE_OPENED,2025-12-09T05:15:00,36690,SHORT,,TRADE_OPENED
EXECUTION_to_RESOLUTION,2025-12-09T05:30:00,36691,,Trade closed: STOPPED,STATE_TRANSITION
RANGE_to_SWEEP,2025-12-09T06:45:00,36696,,Sweep @ 4184.72000 idx=36696,STATE_TRANSITION
RANGE_to_SWEEP,2025-12-09T19:15:00,36746,,Sweep @ 4211.69000 idx=36746,STATE_TRANSITION
RANGE_to_SWEEP,2025-12-10T02:30:00,36771,,Sweep @ 4207.08000 idx=36771,STATE_TRANSITION
SWEEP_to_DISPLACEMENT,2025-12-10T03:00:00,36773,,Displacement | body_ratio=0.771 wick=8.27000,STATE_TRANSITION
DISPLACEMENT_to_EXPANSION,2025-12-10T03:15:00,36774,,Bullish expansion | close=4216.86000 disp_close=4214.87000,STATE_TRANSITION
RANGE_to_SWEEP,2025-12-10T05:30:00,36783,,Sweep @ 4206.53000 idx=36783,STATE_TRANSITION
RANGE_to_SWEEP,2025-12-10T07:15:00,36790,,Sweep @ 4201.88000 idx=36790,STATE_TRANSITION
SWEEP_to_DISPLACEMENT,2025-12-10T07:30:00,36791,,Displacement | body_ratio=0.906 wick=7.09000,STATE_TRANSITION
RANGE_to_SWEEP,2025-12-10T14:15:00,36818,,Sweep @ 4202.18000 idx=36818,STATE_TRANSITION
SWEEP_to_DISPLACEMENT,2025-12-10T16:15:00,36826,,Displacement | body_ratio=0.754 wick=11.23000,STATE_TRANSITION
RANGE_to_SWEEP,2025-12-10T17:15:00,36830,,Sweep @ 4188.95000 idx=36830,STATE_TRANSITION
RANGE_to_SWEEP,2025-12-10T21:15:00,36846,,Sweep @ 4216.72000 idx=36846,STATE_TRANSITION
RANGE_to_SWEEP,2025-12-10T22:15:00,36850,,Sweep @ 4238.81000 idx=36850,STATE_TRANSITION
RANGE_to_SWEEP,2025-12-11T04:30:00,36871,,Sweep @ 4220.60000 idx=36871,STATE_TRANSITION
RANGE_to_SWEEP,2025-12-11T07:30:00,36883,,Sweep @ 4206.98000 idx=36883,STATE_TRANSITION
RANGE_to_SWEEP,2025-12-11T11:45:00,36900,,Sweep @ 4221.55000 idx=36900,STATE_TRANSITION
RANGE_to_SWEEP,2025-12-11T15:15:00,36914,,Sweep @ 4205.24000 idx=36914,STATE_TRANSITION
SWEEP_to_DISPLACEMENT,2025-12-11T16:30:00,36919,,Displacement | body_ratio=0.935 wick=13.52000,STATE_TRANSITION
RANGE_to_SWEEP,2025-12-11T19:15:00,36930,,Sweep @ 4281.82000 idx=36930,STATE_TRANSITION
SWEEP_to_DISPLACEMENT,2025-12-11T20:45:00,36936,,Displacement | body_ratio=0.908 wick=15.93000,STATE_TRANSITION
RANGE_to_SWEEP,2025-12-12T12:15:00,36994,,Sweep @ 4322.04000 idx=36994,STATE_TRANSITION
RANGE_to_SWEEP,2025-12-12T17:00:00,37013,,Sweep @ 4351.58000 idx=37013,STATE_TRANSITION
SWEEP_to_DISPLACEMENT,2025-12-12T17:15:00,37014,,Displacement | body_ratio=0.919 wick=46.68000,STATE_TRANSITION
DISPLACEMENT_to_EXPANSION,2025-12-12T17:45:00,37016,,Bearish expansion | close=4290.46000 disp_close=4300.66000,STATE_TRANSITION
RANGE_to_SWEEP,2025-12-15T01:30:00,37043,,Sweep @ 4308.56000 idx=37043,STATE_TRANSITION
RANGE_to_SWEEP,2025-12-15T06:15:00,37062,,Sweep @ 4330.09000 idx=37062,STATE_TRANSITION
RANGE_to_SWEEP,2025-12-15T10:45:00,37080,,Sweep @ 4349.03000 idx=37080,STATE_TRANSITION
RANGE_to_SWEEP,2025-12-15T15:00:00,37097,,Sweep @ 4333.61000 idx=37097,STATE_TRANSITION
RANGE_to_SWEEP,2025-12-15T17:15:00,37106,,Sweep @ 4311.63000 idx=37106,STATE_TRANSITION
RANGE_to_SWEEP,2025-12-16T03:00:00,37141,,Sweep @ 4299.18000 idx=37141,STATE_TRANSITION
SWEEP_to_DISPLACEMENT,2025-12-16T03:15:00,37142,,Displacement | body_ratio=0.938 wick=7.85000,STATE_TRANSITION
DISPLACEMENT_to_EXPANSION,2025-12-16T03:30:00,37143,,Bullish expansion | close=4314.73000 disp_close=4311.55000,STATE_TRANSITION
RANGE_to_SWEEP,2025-12-16T05:15:00,37150,,Sweep @ 4280.75000 idx=37150,STATE_TRANSITION
RANGE_to_SWEEP,2025-12-16T07:15:00,37158,,Sweep @ 4280.08000 idx=37158,STATE_TRANSITION
RANGE_to_SWEEP,2025-12-17T04:30:00,37239,,Sweep @ 4323.02000 idx=37239,STATE_TRANSITION
RANGE_to_SWEEP,2025-12-17T07:15:00,37250,,Sweep @ 4337.96000 idx=37250,STATE_TRANSITION
RANGE_to_SWEEP,2025-12-17T12:30:00,37271,,Sweep @ 4306.72000 idx=37271,STATE_TRANSITION
RANGE_to_SWEEP,2025-12-17T15:15:00,37282,,Sweep @ 4331.59000 idx=37282,STATE_TRANSITION
SWEEP_to_DISPLACEMENT,2025-12-17T16:00:00,37285,,Displacement | body_ratio=0.780 wick=18.81000,STATE_TRANSITION
RANGE_to_SWEEP,2025-12-17T17:30:00,37291,,Sweep @ 4348.90000 idx=37291,STATE_TRANSITION
RANGE_to_SWEEP,2025-12-18T03:00:00,37325,,Sweep @ 4328.66000 idx=37325,STATE_TRANSITION
RANGE_to_SWEEP,2025-12-18T09:30:00,37351,,Sweep @ 4337.76000 idx=37351,STATE_TRANSITION
RANGE_to_SWEEP,2025-12-18T14:30:00,37371,,Sweep @ 4318.48000 idx=37371,STATE_TRANSITION
SWEEP_to_DISPLACEMENT,2025-12-18T15:30:00,37375,,Displacement | body_ratio=0.908 wick=17.20000,STATE_TRANSITION
SWEEP_to_EXPANSION_shadow,2025-12-18T17:00:00,37381,,Shadow resume: displacement carried from prior HTF window — strength check skipped,STATE_TRANSITION
RANGE_to_SWEEP,2025-12-18T18:15:00,37386,,Sweep @ 4374.60000 idx=37386,STATE_TRANSITION
SWEEP_to_DISPLACEMENT,2025-12-18T19:00:00,37389,,Displacement | body_ratio=0.779 wick=40.86000,STATE_TRANSITION
RANGE_to_SWEEP,2025-12-19T03:00:00,37417,,Sweep @ 4320.53000 idx=37417,STATE_TRANSITION
RANGE_to_SWEEP,2025-12-19T09:30:00,37443,,Sweep @ 4329.67000 idx=37443,STATE_TRANSITION
RANGE_to_SWEEP,2025-12-19T14:00:00,37461,,Sweep @ 4320.70000 idx=37461,STATE_TRANSITION
RANGE_to_SWEEP,2025-12-19T17:15:00,37474,,Sweep @ 4346.54000 idx=37474,STATE_TRANSITION
SWEEP_to_DISPLACEMENT,2025-12-19T20:30:00,37487,,Displacement | body_ratio=0.949 wick=9.93000,STATE_TRANSITION
RANGE_to_SWEEP,2025-12-19T22:30:00,37495,,Sweep @ 4339.00000 idx=37495,STATE_TRANSITION
RANGE_to_SWEEP,2025-12-22T01:00:00,37501,,Sweep @ 4338.11000 idx=37501,STATE_TRANSITION
SWEEP_to_DISPLACEMENT,2025-12-22T01:45:00,37504,,Displacement | body_ratio=0.840 wick=8.01000,STATE_TRANSITION
RANGE_to_SWEEP,2025-12-22T02:15:00,37506,,Sweep @ 4365.28000 idx=37506,STATE_TRANSITION
RANGE_to_SWEEP,2025-12-22T06:15:00,37522,,Sweep @ 4397.34000 idx=37522,STATE_TRANSITION
RANGE_to_SWEEP,2025-12-22T14:45:00,37556,,Sweep @ 4415.98000 idx=37556,STATE_TRANSITION
RANGE_to_SWEEP,2025-12-22T18:15:00,37570,,Sweep @ 4440.49000 idx=37570,STATE_TRANSITION
RANGE_to_SWEEP,2025-12-23T04:00:00,37605,,Sweep @ 4488.83000 idx=37605,STATE_TRANSITION
RANGE_to_SWEEP,2025-12-23T07:15:00,37618,,Sweep @ 4476.65000 idx=37618,STATE_TRANSITION
RANGE_to_SWEEP,2025-12-23T14:00:00,37645,,Sweep @ 4493.71000 idx=37645,STATE_TRANSITION
RANGE_to_SWEEP,2025-12-23T15:15:00,37650,,Sweep @ 4497.38000 idx=37650,STATE_TRANSITION
SWEEP_to_DISPLACEMENT,2025-12-23T16:30:00,37655,,Displacement | body_ratio=0.700 wick=17.25000,STATE_TRANSITION
DISPLACEMENT_to_EXPANSION,2025-12-23T16:45:00,37656,,Bearish expansion | close=4446.53000 disp_close=4452.86000,STATE_TRANSITION
RANGE_to_SWEEP,2025-12-23T21:15:00,37674,,Sweep @ 4493.83000 idx=37674,STATE_TRANSITION
RANGE_to_SWEEP,2025-12-24T05:00:00,37701,,Sweep @ 4471.34000 idx=37701,STATE_TRANSITION
RANGE_to_SWEEP,2025-12-24T15:15:00,37742,,Sweep @ 4474.48000 idx=37742,STATE_TRANSITION
RANGE_to_SWEEP,2025-12-24T16:30:00,37747,,Sweep @ 4469.46000 idx=37747,STATE_TRANSITION
RANGE_to_SWEEP,2025-12-26T08:30:00,37794,,Sweep @ 4519.50000 idx=37794,STATE_TRANSITION
RANGE_to_SWEEP,2025-12-26T13:00:00,37812,,Sweep @ 4503.68000 idx=37812,STATE_TRANSITION
RANGE_to_SWEEP,2025-12-26T16:30:00,37826,,Sweep @ 4533.56000 idx=37826,STATE_TRANSITION
RANGE_to_SWEEP,2025-12-29T02:00:00,37860,,Sweep @ 4514.50000 idx=37860,STATE_TRANSITION
RANGE_to_SWEEP,2025-12-29T08:45:00,37887,,Sweep @ 4471.13000 idx=37887,STATE_TRANSITION
RANGE_to_SWEEP,2025-12-29T13:30:00,37906,,Sweep @ 4434.20000 idx=37906,STATE_TRANSITION
RANGE_to_SWEEP,2025-12-30T02:00:00,37952,,Sweep @ 4347.64000 idx=37952,STATE_TRANSITION
RANGE_to_SWEEP,2025-12-30T06:30:00,37970,,Sweep @ 4369.70000 idx=37970,STATE_TRANSITION
RANGE_to_SWEEP,2025-12-30T10:30:00,37986,,Sweep @ 4350.22000 idx=37986,STATE_TRANSITION
SWEEP_to_DISPLACEMENT,2025-12-30T14:00:00,38000,,Displacement | body_ratio=0.865 wick=13.92000,STATE_TRANSITION
RANGE_to_SWEEP,2025-12-30T15:15:00,38005,,Sweep @ 4399.47000 idx=38005,STATE_TRANSITION
SWEEP_to_DISPLACEMENT,2025-12-30T15:30:00,38006,,Displacement | body_ratio=0.820 wick=17.16000,STATE_TRANSITION
RANGE_to_SWEEP,2025-12-30T23:45:00,38039,,Sweep @ 4334.68000 idx=38039,STATE_TRANSITION
RANGE_to_SWEEP,2025-12-31T04:45:00,38055,,Sweep @ 4370.70000 idx=38055,STATE_TRANSITION
RANGE_to_SWEEP,2025-12-31T09:00:00,38072,,Sweep @ 4323.76000 idx=38072,STATE_TRANSITION
RANGE_to_SWEEP,2025-12-31T11:45:00,38083,,Sweep @ 4337.30000 idx=38083,STATE_TRANSITION
SWEEP_to_DISPLACEMENT,2025-12-31T12:30:00,38086,,Displacement | body_ratio=0.859 wick=14.43000,STATE_TRANSITION
RANGE_to_SWEEP,2025-12-31T14:15:00,38093,,Sweep @ 4303.22000 idx=38093,STATE_TRANSITION
RANGE_to_SWEEP,2025-12-31T17:30:00,38106,,Sweep @ 4341.64000 idx=38106,STATE_TRANSITION
RANGE_to_SWEEP,2025-12-31T20:45:00,38119,,Sweep @ 4315.86000 idx=38119,STATE_TRANSITION
RANGE_to_SWEEP,2026-01-02T01:00:00,38132,,Sweep @ 4335.51000 idx=38132,STATE_TRANSITION
RANGE_to_SWEEP,2026-01-02T12:45:00,38179,,Sweep @ 4398.55000 idx=38179,STATE_TRANSITION
SWEEP_to_DISPLACEMENT,2026-01-02T15:15:00,38189,,Displacement | body_ratio=0.868 wick=29.18000,STATE_TRANSITION
DISPLACEMENT_to_EXPANSION,2026-01-02T15:45:00,38191,,Bearish expansion | close=4365.95000 disp_close=4374.58000,STATE_TRANSITION
RANGE_to_SWEEP,2026-01-05T01:45:00,38227,,Sweep @ 4375.90000 idx=38227,STATE_TRANSITION
RANGE_to_SWEEP,2026-01-05T08:30:00,38254,,Sweep @ 4426.40000 idx=38254,STATE_TRANSITION
RANGE_to_SWEEP,2026-01-05T15:30:00,38282,,Sweep @ 4396.38000 idx=38282,STATE_TRANSITION
RANGE_to_SWEEP,2026-01-06T01:00:00,38316,,Sweep @ 4460.09000 idx=38316,STATE_TRANSITION
RANGE_to_SWEEP,2026-01-06T03:00:00,38324,,Sweep @ 4428.06000 idx=38324,STATE_TRANSITION
SWEEP_to_DISPLACEMENT,2026-01-06T03:45:00,38327,,Displacement | body_ratio=0.826 wick=13.88000,STATE_TRANSITION
DISPLACEMENT_to_EXPANSION,2026-01-06T04:00:00,38328,,Bullish expansion | close=4459.31000 disp_close=4450.74000,STATE_TRANSITION
RANGE_to_SWEEP,2026-01-06T05:45:00,38335,,Sweep @ 4468.12000 idx=38335,STATE_TRANSITION
RANGE_to_SWEEP,2026-01-06T06:45:00,38339,,Sweep @ 4468.61000 idx=38339,STATE_TRANSITION
SWEEP_to_DISPLACEMENT,2026-01-06T07:45:00,38343,,Displacement | body_ratio=0.750 wick=15.22000,STATE_TRANSITION
RANGE_to_SWEEP,2026-01-06T12:00:00,38360,,Sweep @ 4442.54000 idx=38360,STATE_TRANSITION
RANGE_to_SWEEP,2026-01-06T15:15:00,38373,,Sweep @ 4470.45000 idx=38373,STATE_TRANSITION
RANGE_to_SWEEP,2026-01-06T19:45:00,38391,,Sweep @ 4491.52000 idx=38391,STATE_TRANSITION
RANGE_to_SWEEP,2026-01-06T22:45:00,38403,,Sweep @ 4496.94000 idx=38403,STATE_TRANSITION
SWEEP_to_DISPLACEMENT,2026-01-07T03:00:00,38416,,Displacement | body_ratio=0.789 wick=26.54000,STATE_TRANSITION
RANGE_to_SWEEP,2026-01-07T04:00:00,38420,,Sweep @ 4459.71000 idx=38420,STATE_TRANSITION
RANGE_to_SWEEP,2026-01-07T09:45:00,38443,,Sweep @ 4458.60000 idx=38443,STATE_TRANSITION
RANGE_to_SWEEP,2026-01-07T14:15:00,38461,,Sweep @ 4439.37000 idx=38461,STATE_TRANSITION
RANGE_to_SWEEP,2026-01-07T17:15:00,38473,,Sweep @ 4423.50000 idx=38473,STATE_TRANSITION
RANGE_to_SWEEP,2026-01-08T01:00:00,38500,,Sweep @ 4462.75000 idx=38500,STATE_TRANSITION
SWEEP_to_DISPLACEMENT,2026-01-08T02:15:00,38505,,Displacement | body_ratio=0.716 wick=12.30000,STATE_TRANSITION
RANGE_to_SWEEP,2026-01-08T02:45:00,38507,,Sweep @ 4446.79000 idx=38507,STATE_TRANSITION
RANGE_to_SWEEP,2026-01-08T04:30:00,38514,,Sweep @ 4433.65000 idx=38514,STATE_TRANSITION
RANGE_to_SWEEP,2026-01-08T14:15:00,38553,,Sweep @ 4407.76000 idx=38553,STATE_TRANSITION
SWEEP_to_DISPLACEMENT,2026-01-08T14:30:00,38554,,Displacement | body_ratio=0.752 wick=11.23000,STATE_TRANSITION
RANGE_to_SWEEP,2026-01-08T15:15:00,38557,,Sweep @ 4436.63000 idx=38557,STATE_TRANSITION
RANGE_to_SWEEP,2026-01-08T16:45:00,38563,,Sweep @ 4439.32000 idx=38563,STATE_TRANSITION
RANGE_to_SWEEP,2026-01-09T08:45:00,38623,,Sweep @ 4477.36000 idx=38623,STATE_TRANSITION
RANGE_to_SWEEP,2026-01-09T11:15:00,38633,,Sweep @ 4477.63000 idx=38633,STATE_TRANSITION
RANGE_to_SWEEP,2026-01-09T14:00:00,38644,,Sweep @ 4480.44000 idx=38644,STATE_TRANSITION
SWEEP_to_DISPLACEMENT,2026-01-09T14:15:00,38645,,Displacement | body_ratio=0.818 wick=7.63000,STATE_TRANSITION
DISPLACEMENT_to_EXPANSION,2026-01-09T14:30:00,38646,,Bearish expansion | close=4466.13000 disp_close=4467.85000,STATE_TRANSITION
RANGE_to_SWEEP,2026-01-09T15:30:00,38650,,Sweep @ 4457.94000 idx=38650,STATE_TRANSITION
RANGE_to_SWEEP,2026-01-09T18:00:00,38660,,Sweep @ 4514.28000 idx=38660,STATE_TRANSITION
SWEEP_to_DISPLACEMENT,2026-01-09T19:45:00,38667,,Displacement | body_ratio=0.802 wick=21.62000,STATE_TRANSITION
RANGE_to_SWEEP,2026-01-12T11:45:00,38727,,Sweep @ 4595.68000 idx=38727,STATE_TRANSITION
RANGE_to_SWEEP,2026-01-12T16:00:00,38744,,Sweep @ 4617.34000 idx=38744,STATE_TRANSITION
RANGE_to_SWEEP,2026-01-13T03:30:00,38786,,Sweep @ 4575.74000 idx=38786,STATE_TRANSITION
RANGE_to_SWEEP,2026-01-13T07:30:00,38802,,Sweep @ 4602.14000 idx=38802,STATE_TRANSITION
SWEEP_to_DISPLACEMENT,2026-01-13T08:30:00,38806,,Displacement | body_ratio=0.722 wick=12.32000,STATE_TRANSITION
RANGE_to_SWEEP,2026-01-13T18:15:00,38845,,Sweep @ 4612.93000 idx=38845,STATE_TRANSITION
RANGE_to_SWEEP,2026-01-13T20:00:00,38852,,Sweep @ 4586.50000 idx=38852,STATE_TRANSITION
RANGE_to_SWEEP,2026-01-14T04:45:00,38883,,Sweep @ 4623.74000 idx=38883,STATE_TRANSITION
SWEEP_to_DISPLACEMENT,2026-01-14T07:45:00,38895,,Displacement | body_ratio=0.770 wick=21.41000,STATE_TRANSITION
RANGE_to_SWEEP,2026-01-14T14:45:00,38923,,Sweep @ 4641.88000 idx=38923,STATE_TRANSITION
SWEEP_to_DISPLACEMENT,2026-01-14T15:00:00,38924,,Displacement | body_ratio=0.731 wick=14.12000,STATE_TRANSITION
RANGE_to_SWEEP,2026-01-14T22:30:00,38954,,Sweep @ 4635.54000 idx=38954,STATE_TRANSITION
SWEEP_to_DISPLACEMENT,2026-01-15T01:00:00,38960,,Displacement | body_ratio=0.682 wick=20.24000,STATE_TRANSITION
RANGE_to_SWEEP,2026-01-15T01:30:00,38962,,Sweep @ 4603.04000 idx=38962,STATE_TRANSITION
SWEEP_to_DISPLACEMENT,2026-01-15T04:00:00,38972,,Displacement | body_ratio=0.821 wick=16.98000,STATE_TRANSITION
RANGE_to_SWEEP,2026-01-15T05:30:00,38978,,Sweep @ 4581.19000 idx=38978,STATE_TRANSITION
RANGE_to_SWEEP,2026-01-15T12:00:00,39004,,Sweep @ 4614.04000 idx=39004,STATE_TRANSITION
RANGE_to_SWEEP,2026-01-15T13:30:00,39010,,Sweep @ 4622.90000 idx=39010,STATE_TRANSITION
SWEEP_to_DISPLACEMENT,2026-01-15T15:30:00,39018,,Displacement | body_ratio=0.896 wick=17.36000,STATE_TRANSITION
RANGE_to_SWEEP,2026-01-15T18:15:00,39029,,Sweep @ 4624.60000 idx=39029,STATE_TRANSITION
RANGE_to_SWEEP,2026-01-15T22:15:00,39045,,Sweep @ 4600.81000 idx=39045,STATE_TRANSITION
RANGE_to_SWEEP,2026-01-16T03:00:00,39060,,Sweep @ 4593.94000 idx=39060,STATE_TRANSITION
RANGE_to_SWEEP,2026-01-16T08:00:00,39080,,Sweep @ 4612.36000 idx=39080,STATE_TRANSITION
SWEEP_to_DISPLACEMENT,2026-01-16T08:30:00,39082,,Displacement | body_ratio=0.690 wick=12.42000,STATE_TRANSITION
RANGE_to_SWEEP,2026-01-16T13:45:00,39103,,Sweep @ 4616.17000 idx=39103,STATE_TRANSITION
RANGE_to_SWEEP,2026-01-16T14:45:00,39107,,Sweep @ 4597.32000 idx=39107,STATE_TRANSITION
SWEEP_to_DISPLACEMENT,2026-01-16T15:30:00,39110,,Displacement | body_ratio=0.797 wick=15.95000,STATE_TRANSITION
RANGE_to_SWEEP,2026-01-16T17:00:00,39116,,Sweep @ 4620.40000 idx=39116,STATE_TRANSITION
SWEEP_to_DISPLACEMENT,2026-01-16T17:15:00,39117,,Displacement | body_ratio=0.961 wick=52.89000,STATE_TRANSITION
DISPLACEMENT_to_EXPANSION,2026-01-16T17:30:00,39118,,Bearish expansion | close=4555.31000 disp_close=4565.36000,STATE_TRANSITION
RANGE_to_SWEEP,2026-01-16T23:15:00,39141,,Sweep @ 4598.32000 idx=39141,STATE_TRANSITION
RANGE_to_SWEEP,2026-01-19T07:30:00,39170,,Sweep @ 4674.25000 idx=39170,STATE_TRANSITION
SWEEP_to_DISPLACEMENT,2026-01-19T09:00:00,39176,,Displacement | body_ratio=0.794 wick=10.34000,STATE_TRANSITION
DISPLACEMENT_to_EXPANSION,2026-01-19T09:15:00,39177,,Bearish expansion | close=4667.53000 disp_close=4669.79000,STATE_TRANSITION
RANGE_to_SWEEP,2026-01-19T12:45:00,39191,,Sweep @ 4661.61000 idx=39191,STATE_TRANSITION
RANGE_to_SWEEP,2026-01-19T15:30:00,39202,,Sweep @ 4673.77000 idx=39202,STATE_TRANSITION
RANGE_to_SWEEP,2026-01-19T20:00:00,39220,,Sweep @ 4676.30000 idx=39220,STATE_TRANSITION
SWEEP_to_DISPLACEMENT,2026-01-19T21:00:00,39224,,Displacement | body_ratio=0.977 wick=4.74000,STATE_TRANSITION
DISPLACEMENT_to_EXPANSION,2026-01-19T21:15:00,39225,,Bearish expansion | close=4670.86000 disp_close=4672.13000,STATE_TRANSITION
RANGE_to_SWEEP,2026-01-20T01:00:00,39226,,Sweep @ 4676.96000 idx=39226,STATE_TRANSITION
SWEEP_to_DISPLACEMENT,2026-01-20T02:15:00,39231,,Displacement | body_ratio=0.981 wick=8.51000,STATE_TRANSITION
RANGE_to_SWEEP,2026-01-20T05:45:00,39245,,Sweep @ 4681.48000 idx=39245,STATE_TRANSITION
RANGE_to_SWEEP,2026-01-20T07:15:00,39251,,Sweep @ 4700.62000 idx=39251,STATE_TRANSITION
RANGE_to_SWEEP,2026-01-20T12:00:00,39270,,Sweep @ 4734.99000 idx=39270,STATE_TRANSITION
RANGE_to_SWEEP,2026-01-20T15:30:00,39284,,Sweep @ 4715.43000 idx=39284,STATE_TRANSITION
SWEEP_to_DISPLACEMENT,2026-01-20T16:15:00,39287,,Displacement | body_ratio=0.958 wick=10.46000,STATE_TRANSITION
RANGE_to_SWEEP,2026-01-20T19:30:00,39300,,Sweep @ 4757.62000 idx=39300,STATE_TRANSITION
SWEEP_to_DISPLACEMENT,2026-01-20T22:15:00,39311,,Displacement | body_ratio=0.732 wick=13.36000,STATE_TRANSITION
RANGE_to_SWEEP,2026-01-21T05:00:00,39334,,Sweep @ 4849.76000 idx=39334,STATE_TRANSITION
RANGE_to_SWEEP,2026-01-21T08:30:00,39348,,Sweep @ 4887.33000 idx=39348,STATE_TRANSITION
RANGE_to_SWEEP,2026-01-21T16:00:00,39378,,Sweep @ 4880.96000 idx=39378,STATE_TRANSITION
RANGE_to_SWEEP,2026-01-21T22:30:00,39404,,Sweep @ 4796.43000 idx=39404,STATE_TRANSITION
RANGE_to_SWEEP,2026-01-22T10:00:00,39446,,Sweep @ 4835.59000 idx=39446,STATE_TRANSITION
SWEEP_to_DISPLACEMENT,2026-01-22T11:30:00,39452,,Displacement | body_ratio=0.777 wick=17.05000,STATE_TRANSITION
RANGE_to_SWEEP,2026-01-22T15:45:00,39469,,Sweep @ 4810.71000 idx=39469,STATE_TRANSITION
SWEEP_to_DISPLACEMENT,2026-01-22T16:30:00,39472,,Displacement | body_ratio=0.824 wick=19.72000,STATE_TRANSITION
RANGE_to_SWEEP,2026-01-22T21:15:00,39491,,Sweep @ 4924.25000 idx=39491,STATE_TRANSITION
RANGE_to_SWEEP,2026-01-23T02:00:00,39506,,Sweep @ 4963.40000 idx=39506,STATE_TRANSITION
RANGE_to_SWEEP,2026-01-23T15:15:00,39559,,Sweep @ 4940.71000 idx=39559,STATE_TRANSITION
RANGE_to_SWEEP,2026-01-26T07:00:00,39618,,Sweep @ 5055.22000 idx=39618,STATE_TRANSITION
SWEEP_to_DISPLACEMENT,2026-01-26T07:45:00,39621,,Displacement | body_ratio=0.805 wick=18.21000,STATE_TRANSITION
RANGE_to_SWEEP,2026-01-26T08:45:00,39625,,Sweep @ 5111.04000 idx=39625,STATE_TRANSITION
RANGE_to_SWEEP,2026-01-26T15:00:00,39650,,Sweep @ 5066.23000 idx=39650,STATE_TRANSITION
RANGE_to_SWEEP,2026-01-26T21:00:00,39674,,Sweep @ 5036.29000 idx=39674,STATE_TRANSITION
RANGE_to_SWEEP,2026-01-27T04:45:00,39701,,Sweep @ 5079.77000 idx=39701,STATE_TRANSITION
RANGE_to_SWEEP,2026-01-27T08:00:00,39714,,Sweep @ 5086.95000 idx=39714,STATE_TRANSITION
RANGE_to_SWEEP,2026-01-27T13:45:00,39737,,Sweep @ 5067.09000 idx=39737,STATE_TRANSITION
RANGE_to_SWEEP,2026-01-27T16:30:00,39748,,Sweep @ 5058.88000 idx=39748,STATE_TRANSITION
RANGE_to_SWEEP,2026-01-28T05:30:00,39796,,Sweep @ 5240.02000 idx=39796,STATE_TRANSITION
RANGE_to_SWEEP,2026-01-28T11:30:00,39820,,Sweep @ 5280.22000 idx=39820,STATE_TRANSITION
RANGE_to_SWEEP,2026-01-28T14:30:00,39832,,Sweep @ 5261.23000 idx=39832,STATE_TRANSITION
RANGE_to_SWEEP,2026-01-28T17:00:00,39842,,Sweep @ 5298.29000 idx=39842,STATE_TRANSITION
SWEEP_to_DISPLACEMENT,2026-01-28T20:30:00,39856,,Displacement | body_ratio=0.801 wick=39.38000,STATE_TRANSITION
RANGE_to_SWEEP,2026-01-28T21:45:00,39861,,Sweep @ 5332.04000 idx=39861,STATE_TRANSITION
RANGE_to_SWEEP,2026-01-29T06:00:00,39890,,Sweep @ 5552.54000 idx=39890,STATE_TRANSITION
RANGE_to_SWEEP,2026-01-29T11:15:00,39911,,Sweep @ 5500.40000 idx=39911,STATE_TRANSITION
RANGE_to_SWEEP,2026-01-29T14:30:00,39924,,Sweep @ 5542.42000 idx=39924,STATE_TRANSITION
SWEEP_to_DISPLACEMENT,2026-01-29T17:00:00,39934,,Displacement | body_ratio=0.878 wick=129.78000,STATE_TRANSITION
RANGE_to_SWEEP,2026-01-29T23:45:00,39961,,Sweep @ 5398.40000 idx=39961,STATE_TRANSITION
RANGE_to_SWEEP,2026-01-30T03:00:00,39970,,Sweep @ 5306.34000 idx=39970,STATE_TRANSITION
RANGE_to_SWEEP,2026-01-30T12:15:00,40007,,Sweep @ 5031.93000 idx=40007,STATE_TRANSITION
RANGE_to_SWEEP,2026-02-02T03:15:00,40063,,Sweep @ 4642.42000 idx=40063,STATE_TRANSITION
RANGE_to_SWEEP,2026-02-02T08:45:00,40085,,Sweep @ 4430.71000 idx=40085,STATE_TRANSITION
RANGE_to_SWEEP,2026-02-02T12:00:00,40098,,Sweep @ 4733.71000 idx=40098,STATE_TRANSITION
SWEEP_to_DISPLACEMENT,2026-02-02T15:30:00,40112,,Displacement | body_ratio=0.744 wick=72.26000,STATE_TRANSITION
RANGE_to_SWEEP,2026-02-02T17:30:00,40120,,Sweep @ 4649.34000 idx=40120,STATE_TRANSITION
SWEEP_to_DISPLACEMENT,2026-02-02T18:00:00,40122,,Displacement | body_ratio=0.716 wick=107.84000,STATE_TRANSITION
RANGE_to_SWEEP,2026-02-03T11:15:00,40187,,Sweep @ 4916.37000 idx=40187,STATE_TRANSITION
RANGE_to_SWEEP,2026-02-03T13:15:00,40195,,Sweep @ 4884.22000 idx=40195,STATE_TRANSITION
RANGE_to_SWEEP,2026-02-03T19:00:00,40218,,Sweep @ 4962.32000 idx=40218,STATE_TRANSITION
RANGE_to_SWEEP,2026-02-03T21:00:00,40226,,Sweep @ 4880.96000 idx=40226,STATE_TRANSITION
RANGE_to_SWEEP,2026-02-04T06:00:00,40258,,Sweep @ 5073.88000 idx=40258,STATE_TRANSITION
SWEEP_to_DISPLACEMENT,2026-02-04T08:00:00,40266,,Displacement | body_ratio=0.745 wick=26.72000,STATE_TRANSITION
DISPLACEMENT_to_EXPANSION,2026-02-04T08:15:00,40267,,Bearish expansion | close=5054.45000 disp_close=5059.61000,STATE_TRANSITION
RANGE_to_SWEEP,2026-02-04T09:30:00,40272,,Sweep @ 5090.41000 idx=40272,STATE_TRANSITION
RANGE_to_SWEEP,2026-02-04T10:00:00,40274,,Sweep @ 5091.92000 idx=40274,STATE_TRANSITION
RANGE_to_SWEEP,2026-02-04T18:45:00,40309,,Sweep @ 4849.98000 idx=40309,STATE_TRANSITION
RANGE_to_SWEEP,2026-02-05T04:00:00,40342,,Sweep @ 4904.24000 idx=40342,STATE_TRANSITION
RANGE_to_SWEEP,2026-02-05T14:15:00,40383,,Sweep @ 4810.58000 idx=40383,STATE_TRANSITION
RANGE_to_SWEEP,2026-02-05T15:00:00,40386,,Sweep @ 4801.98000 idx=40386,STATE_TRANSITION
RANGE_to_SWEEP,2026-02-06T08:00:00,40450,,Sweep @ 4903.10000 idx=40450,STATE_TRANSITION
RANGE_to_SWEEP,2026-02-06T14:15:00,40475,,Sweep @ 4896.44000 idx=40475,STATE_TRANSITION
RANGE_to_SWEEP,2026-02-06T16:30:00,40484,,Sweep @ 4947.96000 idx=40484,STATE_TRANSITION
RANGE_to_SWEEP,2026-02-06T20:00:00,40498,,Sweep @ 4971.43000 idx=40498,STATE_TRANSITION
RANGE_to_SWEEP,2026-02-09T09:15:00,40547,,Sweep @ 4997.62000 idx=40547,STATE_TRANSITION
RANGE_to_SWEEP,2026-02-09T17:00:00,40578,,Sweep @ 5042.20000 idx=40578,STATE_TRANSITION
RANGE_to_SWEEP,2026-02-09T22:00:00,40598,,Sweep @ 5080.78000 idx=40598,STATE_TRANSITION
SWEEP_to_DISPLACEMENT,2026-02-09T23:00:00,40602,,Displacement | body_ratio=0.786 wick=21.34000,STATE_TRANSITION
DISPLACEMENT_to_EXPANSION,2026-02-09T23:15:00,40603,,Bearish expansion | close=5055.26000 disp_close=5063.20000,STATE_TRANSITION
RANGE_to_SWEEP,2026-02-10T10:45:00,40645,,Sweep @ 5055.10000 idx=40645,STATE_TRANSITION
RANGE_to_SWEEP,2026-02-10T15:00:00,40662,,Sweep @ 5026.21000 idx=40662,STATE_TRANSITION
RANGE_to_SWEEP,2026-02-10T22:45:00,40693,,Sweep @ 5045.50000 idx=40693,STATE_TRANSITION
RANGE_to_SWEEP,2026-02-11T04:00:00,40710,,Sweep @ 5056.84000 idx=40710,STATE_TRANSITION
RANGE_to_SWEEP,2026-02-11T07:45:00,40725,,Sweep @ 5062.88000 idx=40725,STATE_TRANSITION
RANGE_to_SWEEP,2026-02-11T11:45:00,40741,,Sweep @ 5072.04000 idx=40741,STATE_TRANSITION
RANGE_to_SWEEP,2026-02-11T15:30:00,40756,,Sweep @ 5018.75000 idx=40756,STATE_TRANSITION
RANGE_to_SWEEP,2026-02-11T20:00:00,40774,,Sweep @ 5092.99000 idx=40774,STATE_TRANSITION
RANGE_to_SWEEP,2026-02-12T01:00:00,40790,,Sweep @ 5099.90000 idx=40790,STATE_TRANSITION
RANGE_to_SWEEP,2026-02-12T08:30:00,40820,,Sweep @ 5047.35000 idx=40820,STATE_TRANSITION
RANGE_to_SWEEP,2026-02-12T17:00:00,40854,,Sweep @ 5039.30000 idx=40854,STATE_TRANSITION
RANGE_to_SWEEP,2026-02-13T01:15:00,40883,,Sweep @ 4910.90000 idx=40883,STATE_TRANSITION
SWEEP_to_DISPLACEMENT,2026-02-13T03:00:00,40890,,Displacement | body_ratio=0.924 wick=40.25000,STATE_TRANSITION
DISPLACEMENT_to_EXPANSION,2026-02-13T03:30:00,40892,,Bullish expansion | close=4979.93000 disp_close=4965.46000,STATE_TRANSITION
RANGE_to_SWEEP,2026-02-16T02:00:00,40978,,Sweep @ 4999.04000 idx=40978,STATE_TRANSITION
RANGE_to_SWEEP,2026-02-16T07:00:00,40998,,Sweep @ 4965.72000 idx=40998,STATE_TRANSITION
RANGE_to_SWEEP,2026-02-16T10:00:00,41010,,Sweep @ 5013.38000 idx=41010,STATE_TRANSITION
RANGE_to_SWEEP,2026-02-16T14:30:00,41028,,Sweep @ 4995.06000 idx=41028,STATE_TRANSITION
RANGE_to_SWEEP,2026-02-17T14:30:00,41110,,Sweep @ 4943.94000 idx=41110,STATE_TRANSITION
SWEEP_to_DISPLACEMENT,2026-02-17T15:45:00,41115,,Displacement | body_ratio=0.942 wick=54.14000,STATE_TRANSITION
RANGE_to_SWEEP,2026-02-18T03:30:00,41158,,Sweep @ 4892.60000 idx=41158,STATE_TRANSITION
RANGE_to_SWEEP,2026-02-18T06:30:00,41170,,Sweep @ 4936.96000 idx=41170,STATE_TRANSITION
RANGE_to_SWEEP,2026-02-18T14:30:00,41202,,Sweep @ 4931.22000 idx=41202,STATE_TRANSITION
RANGE_to_SWEEP,2026-02-18T18:45:00,41219,,Sweep @ 5010.98000 idx=41219,STATE_TRANSITION
SWEEP_to_DISPLACEMENT,2026-02-18T20:15:00,41225,,Displacement | body_ratio=0.781 wick=12.64000,STATE_TRANSITION
DISPLACEMENT_to_EXPANSION,2026-02-18T20:30:00,41226,,Bearish expansion | close=4983.82000 disp_close=4988.13000,STATE_TRANSITION
EXPANSION_to_RETEST,2026-02-19T11:15:00,41281,,Retest | depth_abs=8.38000 ceiling=9.90000,STATE_TRANSITION
RETEST_to_EXECUTION,2026-02-19T11:30:00,41282,,Risk approved → entering execution,STATE_TRANSITION
TRADE_OPENED,2026-02-19T11:30:00,41282,SHORT,,TRADE_OPENED
EXECUTION_to_RESOLUTION,2026-02-19T11:45:00,41283,,Trade closed: STOPPED,STATE_TRANSITION
RANGE_to_SWEEP,2026-02-19T12:30:00,41286,,Sweep @ 4981.64000 idx=41286,STATE_TRANSITION
RANGE_to_SWEEP,2026-02-19T15:30:00,41298,,Sweep @ 4997.14000 idx=41298,STATE_TRANSITION
SWEEP_to_DISPLACEMENT,2026-02-19T16:00:00,41300,,Displacement | body_ratio=0.989 wick=24.66000,STATE_TRANSITION
RANGE_to_SWEEP,2026-02-19T18:15:00,41309,,Sweep @ 5006.54000 idx=41309,STATE_TRANSITION
RANGE_to_SWEEP,2026-02-20T01:00:00,41332,,Sweep @ 5008.17000 idx=41332,STATE_TRANSITION
SWEEP_to_DISPLACEMENT,2026-02-20T03:15:00,41341,,Displacement | body_ratio=0.793 wick=17.47000,STATE_TRANSITION
RANGE_to_SWEEP,2026-02-20T05:30:00,41350,,Sweep @ 4981.80000 idx=41350,STATE_TRANSITION
SWEEP_to_DISPLACEMENT,2026-02-20T07:45:00,41359,,Displacement | body_ratio=0.923 wick=13.63000,STATE_TRANSITION
DISPLACEMENT_to_EXPANSION,2026-02-20T08:00:00,41360,,Bullish expansion | close=5016.61000 disp_close=5011.96000,STATE_TRANSITION
RANGE_to_SWEEP,2026-02-23T02:00:00,41428,,Sweep @ 5166.68000 idx=41428,STATE_TRANSITION
RANGE_to_SWEEP,2026-02-23T09:30:00,41458,,Sweep @ 5124.99000 idx=41458,STATE_TRANSITION
RANGE_to_SWEEP,2026-02-23T15:00:00,41480,,Sweep @ 5165.16000 idx=41480,STATE_TRANSITION
RANGE_to_SWEEP,2026-02-23T17:45:00,41491,,Sweep @ 5205.06000 idx=41491,STATE_TRANSITION
RANGE_to_SWEEP,2026-02-24T14:45:00,41571,,Sweep @ 5145.36000 idx=41571,STATE_TRANSITION
RANGE_to_SWEEP,2026-02-24T19:15:00,41589,,Sweep @ 5163.56000 idx=41589,STATE_TRANSITION
RANGE_to_SWEEP,2026-02-24T22:45:00,41603,,Sweep @ 5172.38000 idx=41603,STATE_TRANSITION
RANGE_to_SWEEP,2026-02-25T03:30:00,41618,,Sweep @ 5190.00000 idx=41618,STATE_TRANSITION
RANGE_to_SWEEP,2026-02-25T08:00:00,41636,,Sweep @ 5201.85000 idx=41636,STATE_TRANSITION
RANGE_to_SWEEP,2026-02-25T12:30:00,41654,,Sweep @ 5170.15000 idx=41654,STATE_TRANSITION
RANGE_to_SWEEP,2026-02-25T17:00:00,41672,,Sweep @ 5202.64000 idx=41672,STATE_TRANSITION
RANGE_to_SWEEP,2026-02-25T23:00:00,41696,,Sweep @ 5150.45000 idx=41696,STATE_TRANSITION
RANGE_to_SWEEP,2026-02-26T06:00:00,41720,,Sweep @ 5199.02000 idx=41720,STATE_TRANSITION
RANGE_to_SWEEP,2026-02-26T09:00:00,41732,,Sweep @ 5182.40000 idx=41732,STATE_TRANSITION
RANGE_to_SWEEP,2026-02-26T12:45:00,41747,,Sweep @ 5165.92000 idx=41747,STATE_TRANSITION
RANGE_to_SWEEP,2026-02-26T16:30:00,41762,,Sweep @ 5140.30000 idx=41762,STATE_TRANSITION
SWEEP_to_DISPLACEMENT,2026-02-26T17:30:00,41766,,Displacement | body_ratio=0.955 wick=35.92000,STATE_TRANSITION
DISPLACEMENT_to_EXPANSION,2026-02-26T17:45:00,41767,,Bullish expansion | close=5185.97000 disp_close=5175.96000,STATE_TRANSITION
RANGE_to_SWEEP,2026-03-02T02:00:00,41888,,Sweep @ 5388.06000 idx=41888,STATE_TRANSITION
RANGE_to_SWEEP,2026-03-02T15:00:00,41940,,Sweep @ 5410.20000 idx=41940,STATE_TRANSITION
RANGE_to_SWEEP,2026-03-03T01:00:00,41976,,Sweep @ 5347.23000 idx=41976,STATE_TRANSITION
RANGE_to_SWEEP,2026-03-03T17:45:00,42043,,Sweep @ 5054.68000 idx=42043,STATE_TRANSITION
RANGE_to_SWEEP,2026-03-04T03:15:00,42077,,Sweep @ 5164.42000 idx=42077,STATE_TRANSITION
RANGE_to_SWEEP,2026-03-04T10:45:00,42107,,Sweep @ 5182.08000 idx=42107,STATE_TRANSITION
RANGE_to_SWEEP,2026-03-04T14:00:00,42120,,Sweep @ 5206.10000 idx=42120,STATE_TRANSITION
SWEEP_to_DISPLACEMENT,2026-03-04T14:15:00,42121,,Displacement | body_ratio=0.820 wick=23.55000,STATE_TRANSITION
DISPLACEMENT_to_EXPANSION,2026-03-04T14:30:00,42122,,Bearish expansion | close=5166.90000 disp_close=5178.32000,STATE_TRANSITION
RANGE_to_SWEEP,2026-03-04T17:15:00,42133,,Sweep @ 5132.66000 idx=42133,STATE_TRANSITION
RANGE_to_SWEEP,2026-03-04T20:30:00,42146,,Sweep @ 5109.58000 idx=42146,STATE_TRANSITION
RANGE_to_SWEEP,2026-03-05T08:45:00,42191,,Sweep @ 5149.04000 idx=42191,STATE_TRANSITION
RANGE_to_SWEEP,2026-03-05T18:30:00,42230,,Sweep @ 5054.28000 idx=42230,STATE_TRANSITION
RANGE_to_SWEEP,2026-03-06T10:30:00,42290,,Sweep @ 5096.38000 idx=42290,STATE_TRANSITION
RANGE_to_SWEEP,2026-03-06T15:45:00,42311,,Sweep @ 5122.29000 idx=42311,STATE_TRANSITION
RANGE_to_SWEEP,2026-03-06T21:15:00,42333,,Sweep @ 5174.56000 idx=42333,STATE_TRANSITION
RANGE_to_SWEEP,2026-03-09T01:00:00,42344,,Sweep @ 5197.91000 idx=42344,STATE_TRANSITION
SWEEP_to_DISPLACEMENT,2026-03-09T02:00:00,42348,,Displacement | body_ratio=0.685 wick=41.30000,STATE_TRANSITION
DISPLACEMENT_to_EXPANSION,2026-03-09T02:30:00,42350,,Bearish expansion | close=5072.80000 disp_close=5101.95000,STATE_TRANSITION
RANGE_to_SWEEP,2026-03-09T04:00:00,42356,,Sweep @ 5014.99000 idx=42356,STATE_TRANSITION
RANGE_to_SWEEP,2026-03-09T08:15:00,42373,,Sweep @ 5104.65000 idx=42373,STATE_TRANSITION
RANGE_to_SWEEP,2026-03-09T14:15:00,42397,,Sweep @ 5080.13000 idx=42397,STATE_TRANSITION
RANGE_to_SWEEP,2026-03-09T17:15:00,42409,,Sweep @ 5064.79000 idx=42409,STATE_TRANSITION
SWEEP_to_DISPLACEMENT,2026-03-09T17:30:00,42410,,Displacement | body_ratio=0.900 wick=34.56000,STATE_TRANSITION
RANGE_to_SWEEP,2026-03-10T01:00:00,42436,,Sweep @ 5150.26000 idx=42436,STATE_TRANSITION
RANGE_to_SWEEP,2026-03-10T04:30:00,42450,,Sweep @ 5168.88000 idx=42450,STATE_TRANSITION
RANGE_to_SWEEP,2026-03-10T11:45:00,42479,,Sweep @ 5195.18000 idx=42479,STATE_TRANSITION
RANGE_to_SWEEP,2026-03-10T13:30:00,42486,,Sweep @ 5156.62000 idx=42486,STATE_TRANSITION
SWEEP_to_DISPLACEMENT,2026-03-10T16:00:00,42496,,Displacement | body_ratio=0.832 wick=16.48000,STATE_TRANSITION
RANGE_to_SWEEP,2026-03-10T18:45:00,42507,,Sweep @ 5238.59000 idx=42507,STATE_TRANSITION
RANGE_to_SWEEP,2026-03-10T21:15:00,42517,,Sweep @ 5160.94000 idx=42517,STATE_TRANSITION
RANGE_to_SWEEP,2026-03-11T10:30:00,42566,,Sweep @ 5184.68000 idx=42566,STATE_TRANSITION
RANGE_to_SWEEP,2026-03-11T15:30:00,42586,,Sweep @ 5172.94000 idx=42586,STATE_TRANSITION
RANGE_to_SWEEP,2026-03-12T01:30:00,42622,,Sweep @ 5153.58000 idx=42622,STATE_TRANSITION
RANGE_to_SWEEP,2026-03-12T03:00:00,42628,,Sweep @ 5125.56000 idx=42628,STATE_TRANSITION
RANGE_to_SWEEP,2026-03-12T15:30:00,42678,,Sweep @ 5168.66000 idx=42678,STATE_TRANSITION
RANGE_to_SWEEP,2026-03-12T20:30:00,42698,,Sweep @ 5105.58000 idx=42698,STATE_TRANSITION
RANGE_to_SWEEP,2026-03-13T01:00:00,42712,,Sweep @ 5073.16000 idx=42712,STATE_TRANSITION
RANGE_to_SWEEP,2026-03-13T03:30:00,42722,,Sweep @ 5110.50000 idx=42722,STATE_TRANSITION
RANGE_to_SWEEP,2026-03-13T07:30:00,42738,,Sweep @ 5102.75000 idx=42738,STATE_TRANSITION
RANGE_to_SWEEP,2026-03-13T15:00:00,42768,,Sweep @ 5118.94000 idx=42768,STATE_TRANSITION
RANGE_to_SWEEP,2026-03-13T15:45:00,42771,,Sweep @ 5121.90000 idx=42771,STATE_TRANSITION
SWEEP_to_DISPLACEMENT,2026-03-13T17:45:00,42779,,Displacement | body_ratio=0.854 wick=43.86000,STATE_TRANSITION
RANGE_to_SWEEP,2026-03-16T01:00:00,42804,,Sweep @ 4998.86000 idx=42804,STATE_TRANSITION
SWEEP_to_DISPLACEMENT,2026-03-16T03:00:00,42812,,Displacement | body_ratio=0.787 wick=31.83000,STATE_TRANSITION
RANGE_to_SWEEP,2026-03-16T09:30:00,42838,,Sweep @ 5029.62000 idx=42838,STATE_TRANSITION
RANGE_to_SWEEP,2026-03-16T13:15:00,42853,,Sweep @ 4976.65000 idx=42853,STATE_TRANSITION
SWEEP_to_DISPLACEMENT,2026-03-16T14:15:00,42857,,Displacement | body_ratio=0.835 wick=20.20000,STATE_TRANSITION
RANGE_to_SWEEP,2026-03-16T15:30:00,42862,,Sweep @ 5024.93000 idx=42862,STATE_TRANSITION
RANGE_to_SWEEP,2026-03-16T17:00:00,42868,,Sweep @ 5037.98000 idx=42868,STATE_TRANSITION
RANGE_to_SWEEP,2026-03-17T05:00:00,42912,,Sweep @ 5029.58000 idx=42912,STATE_TRANSITION
RANGE_to_SWEEP,2026-03-17T06:30:00,42918,,Sweep @ 5033.60000 idx=42918,STATE_TRANSITION
SWEEP_to_DISPLACEMENT,2026-03-17T08:45:00,42927,,Displacement | body_ratio=0.872 wick=13.03000,STATE_TRANSITION
RANGE_to_SWEEP,2026-03-17T14:00:00,42948,,Sweep @ 4996.84000 idx=42948,STATE_TRANSITION
SWEEP_to_DISPLACEMENT,2026-03-17T15:15:00,42953,,Displacement | body_ratio=0.958 wick=12.26000,STATE_TRANSITION
RANGE_to_SWEEP,2026-03-17T16:45:00,42959,,Sweep @ 5027.72000 idx=42959,STATE_TRANSITION
RANGE_to_SWEEP,2026-03-17T18:45:00,42967,,Sweep @ 4984.12000 idx=42967,STATE_TRANSITION
RANGE_to_SWEEP,2026-03-18T03:15:00,42997,,Sweep @ 5012.00000 idx=42997,STATE_TRANSITION
RANGE_to_SWEEP,2026-03-18T07:45:00,43015,,Sweep @ 4982.47000 idx=43015,STATE_TRANSITION
SWEEP_to_DISPLACEMENT,2026-03-18T09:00:00,43020,,Displacement | body_ratio=0.915 wick=12.78000,STATE_TRANSITION
DISPLACEMENT_to_EXPANSION,2026-03-18T09:30:00,43022,,Bullish expansion | close=5011.29000 disp_close=5009.21000,STATE_TRANSITION
EXPANSION_to_RETEST,2026-03-18T11:15:00,43029,,Retest | depth_abs=2.88000 ceiling=4.44000,STATE_TRANSITION
RETEST_to_EXECUTION,2026-03-18T11:30:00,43030,,Risk approved → entering execution,STATE_TRANSITION
RANGE_to_SWEEP,2026-03-18T13:30:00,43038,,Sweep @ 4960.40000 idx=43038,STATE_TRANSITION
RANGE_to_SWEEP,2026-03-19T03:30:00,43090,,Sweep @ 4848.71000 idx=43090,STATE_TRANSITION
RANGE_to_SWEEP,2026-03-19T08:30:00,43110,,Sweep @ 4832.60000 idx=43110,STATE_TRANSITION
RANGE_to_SWEEP,2026-03-19T11:45:00,43123,,Sweep @ 4686.93000 idx=43123,STATE_TRANSITION
RANGE_to_SWEEP,2026-03-19T16:45:00,43143,,Sweep @ 4538.11000 idx=43143,STATE_TRANSITION
RANGE_to_SWEEP,2026-03-19T22:15:00,43165,,Sweep @ 4661.80000 idx=43165,STATE_TRANSITION
RANGE_to_SWEEP,2026-03-20T01:30:00,43174,,Sweep @ 4666.52000 idx=43174,STATE_TRANSITION
RANGE_to_SWEEP,2026-03-20T04:45:00,43187,,Sweep @ 4699.50000 idx=43187,STATE_TRANSITION
RANGE_to_SWEEP,2026-03-20T10:00:00,43208,,Sweep @ 4668.11000 idx=43208,STATE_TRANSITION
RANGE_to_SWEEP,2026-03-20T12:45:00,43219,,Sweep @ 4659.55000 idx=43219,STATE_TRANSITION
RANGE_to_SWEEP,2026-03-20T16:30:00,43234,,Sweep @ 4636.72000 idx=43234,STATE_TRANSITION
RANGE_to_SWEEP,2026-03-20T21:15:00,43253,,Sweep @ 4536.83000 idx=43253,STATE_TRANSITION
RANGE_to_SWEEP,2026-03-23T08:30:00,43294,,Sweep @ 4320.27000 idx=43294,STATE_TRANSITION
RANGE_to_SWEEP,2026-03-23T11:00:00,43304,,Sweep @ 4203.66000 idx=43304,STATE_TRANSITION
RANGE_to_SWEEP,2026-03-24T03:45:00,43367,,Sweep @ 4343.28000 idx=43367,STATE_TRANSITION
RANGE_to_SWEEP,2026-03-24T10:45:00,43395,,Sweep @ 4433.22000 idx=43395,STATE_TRANSITION
RANGE_to_SWEEP,2026-03-24T15:45:00,43415,,Sweep @ 4369.02000 idx=43415,STATE_TRANSITION
RANGE_to_SWEEP,2026-03-25T08:30:00,43478,,Sweep @ 4548.82000 idx=43478,STATE_TRANSITION
SWEEP_to_DISPLACEMENT,2026-03-25T09:15:00,43481,,Displacement | body_ratio=0.864 wick=18.26000,STATE_TRANSITION
RANGE_to_SWEEP,2026-03-25T12:45:00,43495,,Sweep @ 4528.06000 idx=43495,STATE_TRANSITION
RANGE_to_SWEEP,2026-03-25T15:30:00,43506,,Sweep @ 4521.81000 idx=43506,STATE_TRANSITION
RANGE_to_SWEEP,2026-03-25T22:45:00,43531,,Sweep @ 4513.80000 idx=43531,STATE_TRANSITION
RANGE_to_SWEEP,2026-03-26T11:30:00,43578,,Sweep @ 4413.08000 idx=43578,STATE_TRANSITION
RANGE_to_SWEEP,2026-03-26T17:30:00,43602,,Sweep @ 4479.24000 idx=43602,STATE_TRANSITION
SWEEP_to_DISPLACEMENT,2026-03-26T19:15:00,43609,,Displacement | body_ratio=0.822 wick=52.61000,STATE_TRANSITION
DISPLACEMENT_to_EXPANSION,2026-03-26T19:30:00,43610,,Bearish expansion | close=4381.39000 disp_close=4396.68000,STATE_TRANSITION
RANGE_to_SWEEP,2026-03-30T17:00:00,43784,,Sweep @ 4518.04000 idx=43784,STATE_TRANSITION
RANGE_to_SWEEP,2026-03-30T20:45:00,43799,,Sweep @ 4511.68000 idx=43799,STATE_TRANSITION
RANGE_to_SWEEP,2026-03-31T02:00:00,43816,,Sweep @ 4492.62000 idx=43816,STATE_TRANSITION
SWEEP_to_DISPLACEMENT,2026-03-31T03:30:00,43822,,Displacement | body_ratio=0.768 wick=30.76000,STATE_TRANSITION
DISPLACEMENT_to_EXPANSION,2026-03-31T03:45:00,43823,,Bullish expansion | close=4547.80000 disp_close=4536.12000,STATE_TRANSITION
RANGE_to_SWEEP,2026-04-06T01:45:00,44088,,Sweep @ 4608.40000 idx=44088,STATE_TRANSITION
RANGE_to_SWEEP,2026-04-06T08:15:00,44114,,Sweep @ 4678.78000 idx=44114,STATE_TRANSITION
RANGE_to_SWEEP,2026-04-06T12:15:00,44130,,Sweep @ 4703.80000 idx=44130,STATE_TRANSITION
RANGE_to_SWEEP,2026-04-06T18:15:00,44154,,Sweep @ 4655.48000 idx=44154,STATE_TRANSITION
RANGE_to_SWEEP,2026-04-06T22:15:00,44170,,Sweep @ 4645.68000 idx=44170,STATE_TRANSITION
RANGE_to_SWEEP,2026-04-07T04:15:00,44190,,Sweep @ 4637.62000 idx=44190,STATE_TRANSITION
RANGE_to_SWEEP,2026-04-07T11:00:00,44217,,Sweep @ 4665.43000 idx=44217,STATE_TRANSITION
RANGE_to_SWEEP,2026-04-07T14:15:00,44230,,Sweep @ 4633.16000 idx=44230,STATE_TRANSITION
RANGE_to_SWEEP,2026-04-07T20:00:00,44253,,Sweep @ 4673.15000 idx=44253,STATE_TRANSITION
RANGE_to_SWEEP,2026-04-08T02:15:00,44274,,Sweep @ 4829.12000 idx=44274,STATE_TRANSITION
RANGE_to_SWEEP,2026-04-08T13:30:00,44319,,Sweep @ 4780.28000 idx=44319,STATE_TRANSITION
RANGE_to_SWEEP,2026-04-08T15:15:00,44326,,Sweep @ 4767.89000 idx=44326,STATE_TRANSITION
RANGE_to_SWEEP,2026-04-08T20:45:00,44348,,Sweep @ 4731.00000 idx=44348,STATE_TRANSITION
RANGE_to_SWEEP,2026-04-09T05:45:00,44380,,Sweep @ 4732.98000 idx=44380,STATE_TRANSITION
RANGE_to_SWEEP,2026-04-09T11:30:00,44403,,Sweep @ 4732.86000 idx=44403,STATE_TRANSITION
RANGE_to_SWEEP,2026-04-09T17:30:00,44427,,Sweep @ 4767.68000 idx=44427,STATE_TRANSITION
RANGE_to_SWEEP,2026-04-09T20:30:00,44439,,Sweep @ 4801.21000 idx=44439,STATE_TRANSITION
SWEEP_to_DISPLACEMENT,2026-04-09T21:00:00,44441,,Displacement | body_ratio=0.808 wick=17.46000,STATE_TRANSITION
RANGE_to_SWEEP,2026-04-09T21:45:00,44444,,Sweep @ 4768.02000 idx=44444,STATE_TRANSITION
RANGE_to_SWEEP,2026-04-09T23:15:00,44450,,Sweep @ 4766.36000 idx=44450,STATE_TRANSITION
RANGE_to_SWEEP,2026-04-10T05:00:00,44469,,Sweep @ 4748.56000 idx=44469,STATE_TRANSITION
RANGE_to_SWEEP,2026-04-10T11:45:00,44496,,Sweep @ 4730.89000 idx=44496,STATE_TRANSITION
RANGE_to_SWEEP,2026-04-10T15:00:00,44509,,Sweep @ 4770.00000 idx=44509,STATE_TRANSITION
RANGE_to_SWEEP,2026-04-10T17:30:00,44519,,Sweep @ 4795.10000 idx=44519,STATE_TRANSITION
RANGE_to_SWEEP,2026-04-10T23:30:00,44543,,Sweep @ 4745.01000 idx=44543,STATE_TRANSITION
RANGE_to_SWEEP,2026-04-13T02:45:00,44552,,Sweep @ 4655.68000 idx=44552,STATE_TRANSITION
RANGE_to_SWEEP,2026-04-13T09:30:00,44579,,Sweep @ 4732.75000 idx=44579,STATE_TRANSITION
SWEEP_to_DISPLACEMENT,2026-04-13T11:30:00,44587,,Displacement | body_ratio=0.695 wick=15.25000,STATE_TRANSITION
DISPLACEMENT_to_EXPANSION,2026-04-13T12:15:00,44590,,Bearish expansion | close=4715.34000 disp_close=4721.56000,STATE_TRANSITION
RANGE_to_SWEEP,2026-04-13T13:15:00,44594,,Sweep @ 4708.59000 idx=44594,STATE_TRANSITION
RANGE_to_SWEEP,2026-04-13T18:00:00,44613,,Sweep @ 4700.32000 idx=44613,STATE_TRANSITION
RANGE_to_SWEEP,2026-04-14T01:00:00,44637,,Sweep @ 4756.57000 idx=44637,STATE_TRANSITION
RANGE_to_SWEEP,2026-04-14T03:15:00,44646,,Sweep @ 4767.73000 idx=44646,STATE_TRANSITION
RANGE_to_SWEEP,2026-04-14T13:30:00,44687,,Sweep @ 4751.94000 idx=44687,STATE_TRANSITION
RANGE_to_SWEEP,2026-04-14T16:15:00,44698,,Sweep @ 4792.60000 idx=44698,STATE_TRANSITION
RANGE_to_SWEEP,2026-04-14T19:15:00,44710,,Sweep @ 4819.45000 idx=44710,STATE_TRANSITION
RANGE_to_SWEEP,2026-04-14T22:30:00,44723,,Sweep @ 4843.68000 idx=44723,STATE_TRANSITION
RANGE_to_SWEEP,2026-04-15T03:15:00,44738,,Sweep @ 4828.90000 idx=44738,STATE_TRANSITION
RANGE_to_SWEEP,2026-04-15T08:45:00,44760,,Sweep @ 4814.44000 idx=44760,STATE_TRANSITION
RANGE_to_SWEEP,2026-04-15T12:00:00,44773,,Sweep @ 4792.53000 idx=44773,STATE_TRANSITION
RANGE_to_SWEEP,2026-04-15T16:30:00,44791,,Sweep @ 4825.53000 idx=44791,STATE_TRANSITION
SWEEP_to_DISPLACEMENT,2026-04-15T18:15:00,44798,,Displacement | body_ratio=0.911 wick=13.08000,STATE_TRANSITION
RANGE_to_SWEEP,2026-04-15T23:30:00,44819,,Sweep @ 4790.20000 idx=44819,STATE_TRANSITION
SWEEP_to_DISPLACEMENT,2026-04-16T01:15:00,44822,,Displacement | body_ratio=0.890 wick=10.09000,STATE_TRANSITION
DISPLACEMENT_to_EXPANSION,2026-04-16T01:45:00,44824,,Bullish expansion | close=4807.72000 disp_close=4801.25000,STATE_TRANSITION
RANGE_to_SWEEP,2026-04-16T11:45:00,44864,,Sweep @ 4808.42000 idx=44864,STATE_TRANSITION
RANGE_to_SWEEP,2026-04-16T13:15:00,44870,,Sweep @ 4805.26000 idx=44870,STATE_TRANSITION
RANGE_to_SWEEP,2026-04-16T16:30:00,44883,,Sweep @ 4824.08000 idx=44883,STATE_TRANSITION
RANGE_to_SWEEP,2026-04-17T03:45:00,44924,,Sweep @ 4801.18000 idx=44924,STATE_TRANSITION
RANGE_to_SWEEP,2026-04-17T07:30:00,44939,,Sweep @ 4801.44000 idx=44939,STATE_TRANSITION
SWEEP_to_DISPLACEMENT,2026-04-17T08:30:00,44943,,Displacement | body_ratio=0.729 wick=9.80000,STATE_TRANSITION
DISPLACEMENT_to_EXPANSION,2026-04-17T08:45:00,44944,,Bearish expansion | close=4794.23000 disp_close=4796.48000,STATE_TRANSITION
EXPANSION_to_RETEST,2026-04-17T11:30:00,44955,,Retest | depth_abs=4.24000 ceiling=5.02200,STATE_TRANSITION
RETEST_to_EXECUTION,2026-04-17T11:45:00,44956,,Risk approved → entering execution,STATE_TRANSITION
TRADE_OPENED,2026-04-17T11:45:00,44956,SHORT,,TRADE_OPENED
EXECUTION_to_RESOLUTION,2026-04-17T13:30:00,44963,,Trade closed: TP1,STATE_TRANSITION
RANGE_to_SWEEP,2026-04-17T14:45:00,44968,,Sweep @ 4811.78000 idx=44968,STATE_TRANSITION
RANGE_to_SWEEP,2026-04-17T22:00:00,44997,,Sweep @ 4853.78000 idx=44997,STATE_TRANSITION
RANGE_to_SWEEP,2026-04-20T03:15:00,45014,,Sweep @ 4751.90000 idx=45014,STATE_TRANSITION
SWEEP_to_DISPLACEMENT,2026-04-20T04:00:00,45017,,Displacement | body_ratio=0.909 wick=23.59000,STATE_TRANSITION
DISPLACEMENT_to_EXPANSION,2026-04-20T04:15:00,45018,,Bullish expansion | close=4802.95000 disp_close=4793.80000,STATE_TRANSITION
EXPANSION_to_RETEST,2026-04-21T17:15:00,45162,,Retest | depth_abs=15.42000 ceiling=15.65700,STATE_TRANSITION
RETEST_to_EXECUTION,2026-04-21T17:30:00,45163,,Risk approved → entering execution,STATE_TRANSITION
TRADE_OPENED,2026-04-21T17:30:00,45163,LONG,,TRADE_OPENED
EXECUTION_to_RESOLUTION,2026-04-21T17:45:00,45164,,Trade closed: STOPPED,STATE_TRANSITION
RANGE_to_SWEEP,2026-04-22T01:00:00,45189,,Sweep @ 4729.61000 idx=45189,STATE_TRANSITION
RANGE_to_SWEEP,2026-04-22T04:15:00,45202,,Sweep @ 4749.12000 idx=45202,STATE_TRANSITION
RANGE_to_SWEEP,2026-04-22T09:00:00,45221,,Sweep @ 4767.85000 idx=45221,STATE_TRANSITION
RANGE_to_SWEEP,2026-04-22T13:15:00,45238,,Sweep @ 4748.41000 idx=45238,STATE_TRANSITION
RANGE_to_SWEEP,2026-04-22T16:15:00,45250,,Sweep @ 4736.48000 idx=45250,STATE_TRANSITION
RANGE_to_SWEEP,2026-04-23T01:30:00,45283,,Sweep @ 4729.83000 idx=45283,STATE_TRANSITION
SWEEP_to_DISPLACEMENT,2026-04-23T03:15:00,45290,,Displacement | body_ratio=0.871 wick=48.44000,STATE_TRANSITION
DISPLACEMENT_to_EXPANSION,2026-04-23T03:30:00,45291,,Bullish expansion | close=4744.83000 disp_close=4741.63000,STATE_TRANSITION
RANGE_to_SWEEP,2026-04-27T02:00:00,45469,,Sweep @ 4677.64000 idx=45469,STATE_TRANSITION
RANGE_to_SWEEP,2026-04-27T05:45:00,45484,,Sweep @ 4723.44000 idx=45484,STATE_TRANSITION
RANGE_to_SWEEP,2026-04-27T07:30:00,45491,,Sweep @ 4730.10000 idx=45491,STATE_TRANSITION
RANGE_to_SWEEP,2026-04-27T11:30:00,45507,,Sweep @ 4705.41000 idx=45507,STATE_TRANSITION
RANGE_to_SWEEP,2026-04-27T16:15:00,45526,,Sweep @ 4695.57000 idx=45526,STATE_TRANSITION
RANGE_to_SWEEP,2026-04-28T12:15:00,45602,,Sweep @ 4613.16000 idx=45602,STATE_TRANSITION
RANGE_to_SWEEP,2026-04-28T20:15:00,45634,,Sweep @ 4597.32000 idx=45634,STATE_TRANSITION
RANGE_to_SWEEP,2026-04-29T02:15:00,45654,,Sweep @ 4590.33000 idx=45654,STATE_TRANSITION
SWEEP_to_DISPLACEMENT,2026-04-29T02:45:00,45656,,Displacement | body_ratio=0.793 wick=7.28000,STATE_TRANSITION
RANGE_to_SWEEP,2026-04-29T04:30:00,45663,,Sweep @ 4578.44000 idx=45663,STATE_TRANSITION
RANGE_to_SWEEP,2026-04-29T15:30:00,45707,,Sweep @ 4551.12000 idx=45707,STATE_TRANSITION
RANGE_to_SWEEP,2026-04-29T21:15:00,45730,,Sweep @ 4525.15000 idx=45730,STATE_TRANSITION
SWEEP_to_DISPLACEMENT,2026-04-29T21:45:00,45732,,Displacement | body_ratio=0.763 wick=23.06000,STATE_TRANSITION
RANGE_to_SWEEP,2026-04-30T02:15:00,45746,,Sweep @ 4555.18000 idx=45746,STATE_TRANSITION
RANGE_to_SWEEP,2026-04-30T07:00:00,45765,,Sweep @ 4550.93000 idx=45765,STATE_TRANSITION
SWEEP_to_DISPLACEMENT,2026-04-30T08:00:00,45769,,Displacement | body_ratio=0.961 wick=11.65000,STATE_TRANSITION
RANGE_to_SWEEP,2026-04-30T20:00:00,45817,,Sweep @ 4607.68000 idx=45817,STATE_TRANSITION
RANGE_to_SWEEP,2026-05-01T02:45:00,45840,,Sweep @ 4633.26000 idx=45840,STATE_TRANSITION
RANGE_to_SWEEP,2026-05-01T04:15:00,45846,,Sweep @ 4613.73000 idx=45846,STATE_TRANSITION
SWEEP_to_DISPLACEMENT,2026-05-01T05:00:00,45849,,Displacement | body_ratio=0.677 wick=14.77000,STATE_TRANSITION
RANGE_to_SWEEP,2026-05-01T08:00:00,45861,,Sweep @ 4607.64000 idx=45861,STATE_TRANSITION
RANGE_to_SWEEP,2026-05-01T14:30:00,45887,,Sweep @ 4570.36000 idx=45887,STATE_TRANSITION
RANGE_to_SWEEP,2026-05-01T16:15:00,45894,,Sweep @ 4593.16000 idx=45894,STATE_TRANSITION
RANGE_to_SWEEP,2026-05-04T03:00:00,45933,,Sweep @ 4604.54000 idx=45933,STATE_TRANSITION
RANGE_to_SWEEP,2026-05-04T04:30:00,45939,,Sweep @ 4592.60000 idx=45939,STATE_TRANSITION
SWEEP_to_DISPLACEMENT,2026-05-04T04:45:00,45940,,Displacement | body_ratio=0.904 wick=12.77000,STATE_TRANSITION
RANGE_to_SWEEP,2026-05-04T05:30:00,45943,,Sweep @ 4591.04000 idx=45943,STATE_TRANSITION
RANGE_to_SWEEP,2026-05-04T09:00:00,45957,,Sweep @ 4587.91000 idx=45957,STATE_TRANSITION
RANGE_to_SWEEP,2026-05-04T12:45:00,45972,,Sweep @ 4572.05000 idx=45972,STATE_TRANSITION
RANGE_to_SWEEP,2026-05-04T17:15:00,45990,,Sweep @ 4582.46000 idx=45990,STATE_TRANSITION
RANGE_to_SWEEP,2026-05-05T03:15:00,46026,,Sweep @ 4527.94000 idx=46026,STATE_TRANSITION
RANGE_to_SWEEP,2026-05-05T05:45:00,46036,,Sweep @ 4546.69000 idx=46036,STATE_TRANSITION
RANGE_to_SWEEP,2026-05-05T10:15:00,46054,,Sweep @ 4555.66000 idx=46054,STATE_TRANSITION
RANGE_to_SWEEP,2026-05-05T13:45:00,46068,,Sweep @ 4540.30000 idx=46068,STATE_TRANSITION
SWEEP_to_DISPLACEMENT,2026-05-05T16:00:00,46077,,Displacement | body_ratio=0.851 wick=16.74000,STATE_TRANSITION
RANGE_to_SWEEP,2026-05-05T17:15:00,46082,,Sweep @ 4586.68000 idx=46082,STATE_TRANSITION
RANGE_to_SWEEP,2026-05-05T22:45:00,46104,,Sweep @ 4551.59000 idx=46104,STATE_TRANSITION
SWEEP_to_DISPLACEMENT,2026-05-06T01:45:00,46112,,Displacement | body_ratio=0.805 wick=30.16000,STATE_TRANSITION
RANGE_to_SWEEP,2026-05-06T06:15:00,46130,,Sweep @ 4651.16000 idx=46130,STATE_TRANSITION
RANGE_to_SWEEP,2026-05-06T15:15:00,46166,,Sweep @ 4660.00000 idx=46166,STATE_TRANSITION
RANGE_to_SWEEP,2026-05-06T22:30:00,46195,,Sweep @ 4699.06000 idx=46195,STATE_TRANSITION
RANGE_to_SWEEP,2026-05-07T03:15:00,46210,,Sweep @ 4701.20000 idx=46210,STATE_TRANSITION
RANGE_to_SWEEP,2026-05-07T15:15:00,46258,,Sweep @ 4747.19000 idx=46258,STATE_TRANSITION
SWEEP_to_DISPLACEMENT,2026-05-07T16:00:00,46261,,Displacement | body_ratio=0.873 wick=19.00000,STATE_TRANSITION
RANGE_to_SWEEP,2026-05-07T16:30:00,46263,,Sweep @ 4758.24000 idx=46263,STATE_TRANSITION
RANGE_to_SWEEP,2026-05-07T19:15:00,46274,,Sweep @ 4704.23000 idx=46274,STATE_TRANSITION
RANGE_to_SWEEP,2026-05-08T01:00:00,46293,,Sweep @ 4677.53000 idx=46293,STATE_TRANSITION
RANGE_to_SWEEP,2026-05-08T05:30:00,46311,,Sweep @ 4723.59000 idx=46311,STATE_TRANSITION
RANGE_to_SWEEP,2026-05-08T09:30:00,46327,,Sweep @ 4734.42000 idx=46327,STATE_TRANSITION
RANGE_to_SWEEP,2026-05-08T17:00:00,46357,,Sweep @ 4749.39000 idx=46357,STATE_TRANSITION
RANGE_to_SWEEP,2026-05-11T03:45:00,46396,,Sweep @ 4670.12000 idx=46396,STATE_TRANSITION
RANGE_to_SWEEP,2026-05-11T07:30:00,46411,,Sweep @ 4668.53000 idx=46411,STATE_TRANSITION
RANGE_to_SWEEP,2026-05-11T23:30:00,46475,,Sweep @ 4738.69000 idx=46475,STATE_TRANSITION
RANGE_to_SWEEP,2026-05-12T02:30:00,46483,,Sweep @ 4759.38000 idx=46483,STATE_TRANSITION
RANGE_to_SWEEP,2026-05-12T07:00:00,46501,,Sweep @ 4719.76000 idx=46501,STATE_TRANSITION
RANGE_to_SWEEP,2026-05-12T13:30:00,46527,,Sweep @ 4685.22000 idx=46527,STATE_TRANSITION
RANGE_to_SWEEP,2026-05-12T14:45:00,46532,,Sweep @ 4709.26000 idx=46532,STATE_TRANSITION
SWEEP_to_DISPLACEMENT,2026-05-12T16:00:00,46537,,Displacement | body_ratio=0.778 wick=21.44000,STATE_TRANSITION
RANGE_to_SWEEP,2026-05-12T17:00:00,46541,,Sweep @ 4676.02000 idx=46541,STATE_TRANSITION
RANGE_to_SWEEP,2026-05-12T18:30:00,46547,,Sweep @ 4654.02000 idx=46547,STATE_TRANSITION
RANGE_to_SWEEP,2026-05-13T04:00:00,46581,,Sweep @ 4707.55000 idx=46581,STATE_TRANSITION
RANGE_to_SWEEP,2026-05-13T12:00:00,46613,,Sweep @ 4693.67000 idx=46613,STATE_TRANSITION
RANGE_to_SWEEP,2026-05-13T16:00:00,46629,,Sweep @ 4683.56000 idx=46629,STATE_TRANSITION
RANGE_to_SWEEP,2026-05-13T19:30:00,46643,,Sweep @ 4707.74000 idx=46643,STATE_TRANSITION
RANGE_to_SWEEP,2026-05-14T02:00:00,46665,,Sweep @ 4702.26000 idx=46665,STATE_TRANSITION
RANGE_to_SWEEP,2026-05-14T04:30:00,46675,,Sweep @ 4683.66000 idx=46675,STATE_TRANSITION
SWEEP_to_DISPLACEMENT,2026-05-14T07:15:00,46686,,Displacement | body_ratio=0.790 wick=25.58000,STATE_TRANSITION
RANGE_to_SWEEP,2026-05-14T10:30:00,46699,,Sweep @ 4718.80000 idx=46699,STATE_TRANSITION
SWEEP_to_DISPLACEMENT,2026-05-14T10:45:00,46700,,Displacement | body_ratio=0.849 wick=18.87000,STATE_TRANSITION
RANGE_to_SWEEP,2026-05-14T17:15:00,46726,,Sweep @ 4687.04000 idx=46726,STATE_TRANSITION
RANGE_to_SWEEP,2026-05-14T21:00:00,46741,,Sweep @ 4668.78000 idx=46741,STATE_TRANSITION
RANGE_to_SWEEP,2026-05-15T03:00:00,46761,,Sweep @ 4642.64000 idx=46761,STATE_TRANSITION
RANGE_to_SWEEP,2026-05-15T11:15:00,46794,,Sweep @ 4552.88000 idx=46794,STATE_TRANSITION
RANGE_to_SWEEP,2026-05-15T16:45:00,46816,,Sweep @ 4511.37000 idx=46816,STATE_TRANSITION
RANGE_to_SWEEP,2026-05-18T01:00:00,46845,,Sweep @ 4528.37000 idx=46845,STATE_TRANSITION
RANGE_to_SWEEP,2026-05-18T05:00:00,46861,,Sweep @ 4522.09000 idx=46861,STATE_TRANSITION
RANGE_to_SWEEP,2026-05-18T06:45:00,46868,,Sweep @ 4547.78000 idx=46868,STATE_TRANSITION
RANGE_to_SWEEP,2026-05-18T10:30:00,46883,,Sweep @ 4560.08000 idx=46883,STATE_TRANSITION
RANGE_to_SWEEP,2026-05-18T14:45:00,46900,,Sweep @ 4564.60000 idx=46900,STATE_TRANSITION
RANGE_to_SWEEP,2026-05-18T23:15:00,46934,,Sweep @ 4566.68000 idx=46934,STATE_TRANSITION
RANGE_to_SWEEP,2026-05-19T04:15:00,46950,,Sweep @ 4554.19000 idx=46950,STATE_TRANSITION
RANGE_to_SWEEP,2026-05-19T07:15:00,46962,,Sweep @ 4538.28000 idx=46962,STATE_TRANSITION
SWEEP_to_DISPLACEMENT,2026-05-19T10:45:00,46976,,Displacement | body_ratio=0.872 wick=17.29000,STATE_TRANSITION
RANGE_to_SWEEP,2026-05-19T13:45:00,46988,,Sweep @ 4527.76000 idx=46988,STATE_TRANSITION
RANGE_to_SWEEP,2026-05-20T01:00:00,47029,,Sweep @ 4480.39000 idx=47029,STATE_TRANSITION
RANGE_to_SWEEP,2026-05-20T04:45:00,47044,,Sweep @ 4463.24000 idx=47044,STATE_TRANSITION
RANGE_to_SWEEP,2026-05-20T11:30:00,47071,,Sweep @ 4489.58000 idx=47071,STATE_TRANSITION
RANGE_to_SWEEP,2026-05-20T12:45:00,47076,,Sweep @ 4491.27000 idx=47076,STATE_TRANSITION
RANGE_to_SWEEP,2026-05-20T17:15:00,47094,,Sweep @ 4476.52000 idx=47094,STATE_TRANSITION
RANGE_to_SWEEP,2026-05-21T03:15:00,47130,,Sweep @ 4553.31000 idx=47130,STATE_TRANSITION
RANGE_to_SWEEP,2026-05-21T05:30:00,47139,,Sweep @ 4534.06000 idx=47139,STATE_TRANSITION
RANGE_to_SWEEP,2026-05-21T10:00:00,47157,,Sweep @ 4518.14000 idx=47157,STATE_TRANSITION
SWEEP_to_DISPLACEMENT,2026-05-21T11:00:00,47161,,Displacement | body_ratio=0.833 wick=17.47000,STATE_TRANSITION
DISPLACEMENT_to_EXPANSION,2026-05-21T12:00:00,47165,,Bullish expansion | close=4537.89000 disp_close=4534.31000,STATE_TRANSITION
EXPANSION_to_RETEST,2026-05-21T19:45:00,47196,,Retest | depth_abs=1.09000 ceiling=3.32850,STATE_TRANSITION
RETEST_to_EXECUTION,2026-05-21T20:00:00,47197,,Risk approved → entering execution,STATE_TRANSITION
TRADE_OPENED,2026-05-21T20:00:00,47197,LONG,,TRADE_OPENED
EXECUTION_to_RESOLUTION,2026-05-21T20:15:00,47198,,Trade closed: TP1,STATE_TRANSITION
